﻿Fund Holdings as of,"Jul 4, 2019"
 
Issuer Ticker,Name,Asset Class,Weight (%),Price,Shares,Market Value,Notional Value,Sector,ISIN,Coupon (%),Maturity,Exchange,Country,Market Currency,Duration
"URUGUA","URUGUAY (ORIENTAL REPUBLIC OF)","Fixed Income","0.88","115.38","75,236,540.00","86,985,352.69","86,985,352.69","Sovereign","US760942BA98","5.10","Jun 18, 2050","-","Uruguay","USD","16.05"
"RUSSIA","RUSSIAN FEDERATION RegS","Fixed Income","0.72","112.16","63,400,000.00","71,218,012.50","71,218,012.50","Sovereign","RU000A0JXU14","5.25","Jun 23, 2047","-","Russian Federation","USD","15.18"
"PERU","PERU (REPUBLIC OF)","Fixed Income","0.70","139.35","49,272,000.00","69,014,674.50","69,014,674.50","Sovereign","US715638BM30","5.63","Nov 18, 2050","-","Peru","USD","16.79"
"PERU","PERU (REPUBLIC OF)","Fixed Income","0.68","163.09","41,028,000.00","67,342,903.33","67,342,903.33","Sovereign","US715638AP79","8.75","Nov 21, 2033","-","Peru","USD","9.59"
"COLOM","COLOMBIA REPUBLIC OF (GOVERNMENT)","Fixed Income","0.64","112.15","56,143,000.00","63,112,529.64","63,112,529.64","Sovereign","US195325CU73","5.00","Jun 15, 2045","-","Colombia","USD","14.91"
"POLAND","POLAND (REPUBLIC OF)","Fixed Income","0.63","107.56","57,286,000.00","62,421,849.03","62,421,849.03","Sovereign","US857524AB80","5.00","Mar 23, 2022","-","Poland","USD","2.53"
"KUWIB","KUWAIT STATE OF (GOVERNMENT) MTN RegS","Fixed Income","0.60","106.85","55,200,000.00","59,544,700.00","59,544,700.00","Sovereign","XS1582346968","3.50","Mar 20, 2027","-","Kuwait","USD","6.74"
"OGIMK","1MDB GLOBAL INVESTMENTS LTD RegS","Fixed Income","0.56","95.69","57,300,000.00","55,634,320.83","55,634,320.83","Owned No Guarantee","XS0906085179","4.40","Mar 9, 2023","-","Malaysia","USD","3.35"
"UKRAIN","UKRAINE REPUBLIC OF (GOVERNMENT) RegS","Fixed Income","0.55","98.25","54,297,000.00","54,459,136.88","54,459,136.88","Sovereign","XS1577952952","7.38","Sep 25, 2032","-","Ukraine","USD","8.05"
"ECUA","ECUADOR REPUBLIC OF (GOVERNMENT) RegS","Fixed Income","0.53","112.47","45,750,000.00","52,779,614.58","52,779,614.58","Sovereign","XS1458514673","10.75","Mar 28, 2022","-","Ecuador","USD","2.38"
"KAZAKS","KAZAKHSTAN (REPUBLIC OF) MTN RegS","Fixed Income","0.53","113.30","45,595,000.00","52,723,651.60","52,723,651.60","Sovereign","XS1263054519","5.13","Jul 21, 2025","-","Kazakhstan","USD","5.18"
"PANAMA","PANAMA (REPUBLIC OF)","Fixed Income","0.53","137.63","37,449,000.00","52,647,364.58","52,647,364.58","Sovereign","US698299AW45","6.70","Jan 26, 2036","-","Panama","USD","10.41"
"IRAQ","IRAQ (REPUBLIC OF) RegS","Fixed Income","0.53","99.34","51,277,000.00","52,344,914.74","52,344,914.74","Sovereign","XS0240295575","5.80","Jan 15, 2028","-","Iraq","USD","1.75"
"ECUA","ECUADOR REPUBLIC OF (GOVERNMENT) RegS","Fixed Income","0.52","100.03","50,216,000.00","52,011,222.00","52,011,222.00","Sovereign","XS1755429732","7.88","Jan 23, 2028","-","Ecuador","USD","6.11"
"QATAR","QATAR (STATE OF) RegS","Fixed Income","0.50","121.38","40,169,000.00","49,165,088.56","49,165,088.56","Sovereign","XS1807174559","5.10","Apr 23, 2048","-","Qatar","USD","15.99"
"EGYPT","EGYPT (ARAB REPUBLIC OF) MTN RegS","Fixed Income","0.47","108.09","41,726,000.00","46,620,401.85","46,620,401.85","Sovereign","XS1558078496","8.50","Jan 31, 2047","-","Egypt","USD","10.81"
"BRAZIL","BRAZIL FEDERATIVE REPUBLIC OF (GO","Fixed Income","0.47","105.50","43,321,000.00","46,608,883.40","46,608,883.40","Sovereign","US105756BV13","4.25","Jan 7, 2025","-","Brazil","USD","4.85"
"PERU","PERU (REPUBLIC OF)","Fixed Income","0.47","128.00","35,490,000.00","46,608,277.62","46,608,277.62","Sovereign","US715638AS19","7.35","Jul 21, 2025","-","Peru","USD","4.96"
"ARGENT","ARGENTINA REPUBLIC OF GOVERNMENT MTN","Fixed Income","0.47","86.41","52,724,000.00","46,358,675.42","46,358,675.42","Sovereign","US040114GX20","7.50","Apr 22, 2026","-","Argentina","USD","5.19"
"SGCAZE","SOUTHERN GAS CORRIDOR CJSC RegS","Fixed Income","0.46","117.10","38,420,000.00","45,730,872.43","45,730,872.43","Owned No Guarantee","XS1319820897","6.88","Mar 24, 2026","-","Azerbaijan","USD","5.46"
"REPHUN","HUNGARY (REPUBLIC OF)","Fixed Income","0.46","113.53","39,570,000.00","45,196,084.58","45,196,084.58","Sovereign","US445545AJ57","5.75","Nov 22, 2023","-","Hungary","USD","3.92"
"REPHUN","HUNGARY REPUBLIC OF (GOVERNMENT)","Fixed Income","0.45","112.91","39,156,000.00","44,794,192.08","44,794,192.08","Sovereign","US445545AL04","5.38","Mar 25, 2024","-","Hungary","USD","4.18"
"ROMANI","ROMANIA (REPUBLIC OF) MTN RegS","Fixed Income","0.44","109.88","38,810,000.00","43,719,465.00","43,719,465.00","Sovereign","US77586TAA43","6.75","Feb 7, 2022","-","Romania","USD","2.36"
"DOMREP","DOMINICAN REPUBLIC (GOVERNMENT) RegS","Fixed Income","0.44","109.88","38,586,000.00","43,556,412.72","43,556,412.72","Sovereign","USP3579EBE60","6.85","Jan 27, 2045","-","Dominican Republic","USD","12.26"
"ECUA","ECUADOR REPUBLIC OF (GOVERNMENT) RegS","Fixed Income","0.44","104.75","40,715,000.00","43,371,653.75","43,371,653.75","Sovereign","XS1707041262","8.88","Oct 23, 2027","-","Ecuador","USD","5.95"
"EGYPT","EGYPT (ARAB REPUBLIC OF) MTN RegS","Fixed Income","0.43","103.75","40,026,000.00","42,575,711.79","42,575,711.79","Sovereign","XS1558077845","6.13","Jan 31, 2022","-","Egypt","USD","2.35"
"QATAR","QATAR (STATE OF) RegS","Fixed Income","0.43","116.38","35,989,000.00","42,416,722.37","42,416,722.37","Sovereign","XS1959337749","4.82","Mar 14, 2049","-","Qatar","USD","16.34"
"JAMAN","JAMAICA (GOVERNMENT)","Fixed Income","0.43","116.38","36,022,000.00","42,366,374.75","42,366,374.75","Sovereign","US470160CA80","6.75","Apr 28, 2028","-","Jamaica","USD","6.21"
"ADGB","ABU DHABI (EMIRATE OF) RegS","Fixed Income","0.42","104.38","39,850,000.00","41,880,551.22","41,880,551.22","Sovereign","XS1696892295","3.13","Oct 11, 2027","-","United Arab Emirates","USD","7.26"
"REPHUN","HUNGARY REPUBLIC OF (GOVERNMENT)","Fixed Income","0.42","110.34","37,122,000.00","41,704,504.67","41,704,504.67","Sovereign","US445545AH91","5.38","Feb 21, 2023","-","Hungary","USD","3.28"
"POLAND","POLAND (REPUBLIC OF)","Fixed Income","0.42","107.59","37,901,000.00","41,460,661.92","41,460,661.92","Sovereign","US857524AC63","4.00","Jan 22, 2024","-","Poland","USD","4.12"
"KENINT","KENYA (REPUBLIC OF) RegS","Fixed Income","0.41","107.25","38,162,000.00","41,001,623.82","41,001,623.82","Sovereign","XS1028952403","6.88","Jun 24, 2024","-","Kenya","USD","4.28"
"POLAND","POLAND REPUBLIC OF (GOVERNMENT)","Fixed Income","0.41","103.00","38,723,000.00","40,233,197.00","40,233,197.00","Sovereign","US731011AT95","3.00","Mar 17, 2023","-","Poland","USD","3.48"
"URUGUA","REPUBLICA ORIENT URUGUAY","Fixed Income","0.40","109.16","36,516,578.00","40,161,896.12","40,161,896.12","Sovereign","US760942BB71","4.38","Oct 27, 2027","-","Uruguay","USD","6.28"
"CROATI","CROATIA (REPUBLIC OF) RegS","Fixed Income","0.40","114.97","33,967,000.00","39,945,899.65","39,945,899.65","Sovereign","XS0997000251","6.00","Jan 26, 2024","-","Croatia (Hrvatska)","USD","3.98"
"KAZAKS","KAZAKHSTAN (REPUBLIC OF) MTN RegS","Fixed Income","0.40","139.25","28,031,000.00","39,858,135.40","39,858,135.40","Sovereign","XS1263139856","6.50","Jul 21, 2045","-","Kazakhstan","USD","14.13"
"CHILE","CHILE (REPUBLIC OF)","Fixed Income","0.40","105.00","37,310,000.00","39,672,469.20","39,672,469.20","Sovereign","US168863CF36","3.24","Feb 6, 2028","-","Chile","USD","7.33"
"COLOM","COLOMBIA (REPUBLIC OF)","Fixed Income","0.40","125.31","30,918,000.00","39,617,337.54","39,617,337.54","Sovereign","US195325BM66","6.13","Jan 18, 2041","-","Colombia","USD","12.69"
"PHILIP","PHILIPPINES (REPUBLIC OF)","Fixed Income","0.40","160.72","24,020,000.00","39,568,112.64","39,568,112.64","Sovereign","US718286AY36","9.50","Feb 2, 2030","-","Philippines","USD","7.46"
"OMAN","OMAN SULTANATE OF (GOVERNMENT) RegS","Fixed Income","0.39","91.25","41,057,000.00","38,757,808.00","38,757,808.00","Sovereign","XS1750114396","6.75","Jan 17, 2048","-","Oman","USD","11.53"
"REPHUN","REPUBLIC OF HUNGARY","Fixed Income","0.39","161.41","23,698,000.00","38,726,893.09","38,726,893.09","Sovereign","US445545AF36","7.63","Mar 29, 2041","-","Hungary","USD","12.75"
"BRAZIL","BRAZIL (FEDERATIVE REPUBLIC OF)","Fixed Income","0.39","99.60","37,812,000.00","38,485,263.67","38,485,263.67","Sovereign","US105756BW95","5.00","Jan 27, 2045","-","Brazil","USD","13.97"
"PANAMA","PANAMA REPUBLIC OF (GOVERNMENT)","Fixed Income","0.38","113.63","33,153,000.00","37,997,482.12","37,997,482.12","Sovereign","US698299BH68","4.50","Apr 16, 2050","-","Panama","USD","16.79"
"URUGUA","URUGUAY (ORIENTAL REPUBLIC OF)","Fixed Income","0.38","113.63","33,030,000.00","37,868,115.12","37,868,115.12","Sovereign","US760942BD38","4.97","Apr 20, 2055","-","Uruguay","USD","17.06"
"RUSSIA","RUSSIAN (FEDERATION OF) RegS","Fixed Income","0.38","165.50","22,829,000.00","37,862,847.71","37,862,847.71","Sovereign","XS0088543193","12.75","Jun 24, 2028","-","Russian Federation","USD","6.30"
"ANGOL","ANGOLA (REPUBLIC OF) RegS","Fixed Income","0.38","111.53","33,750,000.00","37,817,578.12","37,817,578.12","Sovereign","XS1819680528","9.38","May 8, 2048","-","Angola","USD","10.70"
"COLOM","COLOMBIA REPUBLIC OF (GOVERNMENT)","Fixed Income","0.38","120.06","30,793,000.00","37,591,517.03","37,591,517.03","Sovereign","US195325BR53","5.63","Feb 26, 2044","-","Colombia","USD","13.91"
"ECUA","ECUADOR REPUBLIC OF (GOVERNMENT) RegS","Fixed Income","0.37","113.59","31,225,000.00","36,914,888.89","36,914,888.89","Sovereign","XS1929376710","10.75","Jan 31, 2029","-","Ecuador","USD","6.12"
"POLAND","POLAND (REPUBLIC OF)","Fixed Income","0.37","105.85","34,239,000.00","36,516,739.96","36,516,739.96","Sovereign","US731011AU68","3.25","Apr 6, 2026","-","Poland","USD","6.04"
"ANGOL","ANGOLA (REPUBLIC OF) RegS","Fixed Income","0.37","107.00","33,884,000.00","36,403,416.58","36,403,416.58","Sovereign","XS1819680288","8.25","May 9, 2028","-","Angola","USD","6.45"
"EGYPT","EGYPT (ARAB REPUBLIC OF) MTN RegS","Fixed Income","0.36","107.75","32,438,000.00","35,992,664.17","35,992,664.17","Sovereign","XS1558078736","7.50","Jan 31, 2027","-","Egypt","USD","5.76"
"DOMREP","DOMINICAN REPUBLIC (GOVERNMENT) RegS","Fixed Income","0.36","108.13","32,201,000.00","35,668,868.81","35,668,868.81","Sovereign","USP3579EBV85","5.95","Jan 25, 2027","-","Dominican Republic","USD","6.05"
"OMAN","OMAN SULTANATE OF (GOVERNMENT) RegS","Fixed Income","0.36","94.00","37,394,000.00","35,244,104.68","35,244,104.68","Sovereign","XS1405777589","4.75","Jun 15, 2026","-","Oman","USD","5.89"
"OMAN","OMAN SULTANATE OF (GOVERNMENT) MTN RegS","Fixed Income","0.35","97.25","35,027,000.00","34,977,743.28","34,977,743.28","Sovereign","XS1750113661","5.63","Jan 17, 2028","-","Oman","USD","6.63"
"DOMREP","DOMINICAN REPUBLIC (GOVERNMENT) RegS","Fixed Income","0.35","116.25","29,240,000.00","34,384,818.61","34,384,818.61","Sovereign","USP3579EAY34","7.45","Apr 30, 2044","-","Dominican Republic","USD","12.06"
"ANGOL","ANGOLA (REPUBLIC OF) RegS","Fixed Income","0.34","115.50","29,142,000.00","34,058,903.00","34,058,903.00","Sovereign","XS1318576086","9.50","Nov 12, 2025","-","Angola","USD","4.93"
"BRAZIL","BRAZIL FEDERATIVE REPUBLIC OF (GOV","Fixed Income","0.34","105.53","31,464,000.00","33,899,619.50","33,899,619.50","Sovereign","US105756BZ27","4.63","Jan 13, 2028","-","Brazil","USD","6.88"
"RUSSIA","RUSSIAN (FEDERATION OF) RegS","Fixed Income","0.34","113.19","29,426,675.00","33,889,721.00","33,889,721.00","Sovereign","XS0114288789","7.50","Mar 31, 2030","-","Russian Federation","USD","2.88"
"PERU","PERU (REPUBLIC OF)","Fixed Income","0.34","142.69","23,351,000.00","33,790,551.03","33,790,551.03","Sovereign","US715638AU64","6.55","Mar 14, 2037","-","Peru","USD","11.15"
"ECUA","ECUADOR (REPUBLIC OF) RegS","Fixed Income","0.34","105.09","31,970,000.00","33,697,312.46","33,697,312.46","Sovereign","XS1080330704","7.95","Jun 20, 2024","-","Ecuador","USD","4.17"
"UKRAIN","UKRAINE REPUBLIC OF (GOVERNMENT) RegS","Fixed Income","0.34","112.81","29,422,000.00","33,693,706.62","33,693,706.62","Sovereign","XS1902171757","9.75","Nov 1, 2028","-","Ukraine","USD","6.36"
"SERBIA","SERBIA REPUBLIC OF (GOVERNMENT) RegS","Fixed Income","0.34","109.50","29,856,000.00","33,269,536.00","33,269,536.00","Sovereign","XS0680231908","7.25","Sep 28, 2021","-","Serbia","USD","2.06"
"ADGB","ABU DHABI (EMIRATE OF) RegS","Fixed Income","0.33","111.13","29,600,000.00","33,177,900.00","33,177,900.00","Sovereign","XS1696899035","4.13","Oct 11, 2047","-","United Arab Emirates","USD","16.91"
"RUSSIA","RUSSIAN FEDERATION RegS","Fixed Income","0.33","118.60","27,600,000.00","33,121,725.00","33,121,725.00","Sovereign","XS0767473852","5.63","Apr 4, 2042","-","Russian Federation","USD","13.44"
"PETMK","PETRONAS CAPITAL LTD. MTN RegS","Fixed Income","0.33","117.03","27,933,000.00","33,060,451.31","33,060,451.31","Owned No Guarantee","USY68856AQ98","4.50","Mar 18, 2045","-","Malaysia","USD","15.71"
"PHILIP","PHILIPPINES (REPUBLIC OF)","Fixed Income","0.33","140.47","23,278,000.00","32,990,987.98","32,990,987.98","Sovereign","US718286BG11","6.38","Oct 23, 2034","-","Philippines","USD","10.64"
"BRAZIL","BRAZIL FEDERATIVE REPUBLIC OF (GOV","Fixed Income","0.33","107.66","30,018,000.00","32,940,064.69","32,940,064.69","Sovereign","US105756BY51","5.63","Feb 21, 2047","-","Brazil","USD","14.07"
"SOAF","SOUTH AFRICA (REPUBLIC OF)","Fixed Income","0.33","109.94","29,313,000.00","32,742,621.00","32,742,621.00","Sovereign","US836205AR58","5.88","Sep 16, 2025","-","South Africa","USD","5.21"
"DOMREP","DOMINICAN REPUBLIC (GOVERNMENT) RegS","Fixed Income","0.33","112.88","28,164,000.00","32,623,788.96","32,623,788.96","Sovereign","USP3579EBK21","6.88","Jan 29, 2026","-","Dominican Republic","USD","5.29"
"IVYCST","IVORY COAST RegS","Fixed Income","0.33","97.97","33,264,000.00","32,614,890.00","32,614,890.00","Sovereign","XS0496488395","5.75","Dec 31, 2032","-","Cote D'Ivoire (Ivory Coast)","USD","3.55"
"NGERIA","NIGERIA (FEDERAL REPUBLIC OF) RegS","Fixed Income","0.33","106.28","29,801,000.00","32,579,011.97","32,579,011.97","Sovereign","XS1566179039","7.88","Feb 16, 2032","-","Nigeria","USD","8.03"
"ADGB","ABU DHABI (EMIRATE OF) MTN RegS","Fixed Income","0.33","100.85","32,100,000.00","32,560,100.00","32,560,100.00","Sovereign","XS1696908471","2.50","Oct 11, 2022","-","United Arab Emirates","USD","3.12"
"COLOM","REPUBLIC OF COLOMBIA","Fixed Income","0.33","104.95","30,639,000.00","32,383,188.91","32,383,188.91","Sovereign","US195325DL65","3.88","Apr 25, 2027","-","Colombia","USD","6.62"
"KZOKZ","NK KAZMUNAYGAZ AO RegS","Fixed Income","0.33","119.77","26,715,000.00","32,326,540.07","32,326,540.07","Owned No Guarantee","XS1807299331","6.38","Oct 24, 2048","-","Kazakhstan","USD","14.23"
"QATAR","QATAR (STATE OF) RegS","Fixed Income","0.32","108.91","29,275,000.00","32,240,110.24","32,240,110.24","Sovereign","XS1959337582","4.00","Mar 14, 2029","-","Qatar","USD","8.03"
"CROATI","CROATIA (REPUBLIC OF) RegS","Fixed Income","0.32","110.50","28,795,000.00","32,218,805.49","32,218,805.49","Sovereign","XS0908769887","5.50","Apr 4, 2023","-","Croatia (Hrvatska)","USD","3.39"
"LITHUN","LITHUANIA (REPUBLIC OF) RegS","Fixed Income","0.32","110.27","28,298,000.00","31,999,555.26","31,999,555.26","Sovereign","XS0739988086","6.63","Feb 1, 2022","-","Lithuania","USD","2.34"
"ECUA","ECUADOR REPUBLIC OF (GOVERNMENT) RegS","Fixed Income","0.32","109.06","29,052,000.00","31,848,376.05","31,848,376.05","Sovereign","XS1535071986","9.65","Dec 13, 2026","-","Ecuador","USD","5.49"
"PHILIP","PHILIPPINES (REPUBLIC OF)","Fixed Income","0.32","148.13","20,918,000.00","31,750,328.19","31,750,328.19","Sovereign","US718286BB24","7.75","Jan 14, 2031","-","Philippines","USD","8.25"
"CHILE","CHILE (REPUBLIC OF)","Fixed Income","0.32","109.06","29,071,000.00","31,746,081.12","31,746,081.12","Sovereign","US168863CE60","3.86","Jun 21, 2047","-","Chile","USD","17.31"
"ROMANI","ROMANIA (REPUBLIC OF) MTN RegS","Fixed Income","0.32","106.06","29,202,000.00","31,444,368.85","31,444,368.85","Sovereign","US77586TAC09","4.38","Aug 22, 2023","-","Romania","USD","3.75"
"EGYPT","EGYPT (ARAB REPUBLIC OF) MTN RegS","Fixed Income","0.32","106.75","28,725,000.00","31,440,181.47","31,440,181.47","Sovereign","XS1953057061","7.60","Mar 1, 2029","-","Egypt","USD","6.86"
"RUSSIA","RUSSIAN FEDERATION RegS","Fixed Income","0.32","109.60","28,200,000.00","31,294,715.00","31,294,715.00","Sovereign","RU000A1006S9","5.10","Mar 28, 2035","-","Russian Federation","USD","10.94"
"DOMREP","DOMINICAN REPUBLIC (GOVERNMENT) RegS","Fixed Income","0.31","106.25","28,682,000.00","31,162,594.64","31,162,594.64","Sovereign","USP3579EBD87","5.50","Jan 27, 2025","-","Dominican Republic","USD","4.75"
"ARGENT","ARGENTINA REPUBLIC OF","Fixed Income","0.31","85.84","35,963,026.00","30,905,096.28","30,905,096.28","Sovereign","US040114GL81","8.28","Dec 31, 2033","-","Argentina","USD","6.30"
"SOAF","SOUTH AFRICA (REPUBLIC OF)","Fixed Income","0.31","98.69","30,784,000.00","30,685,149.16","30,685,149.16","Sovereign","US836205AU87","4.30","Oct 12, 2028","-","South Africa","USD","7.58"
"MOROC","MOROCCO (KINGDOM OF) RegS","Fixed Income","0.31","104.50","29,239,000.00","30,636,240.74","30,636,240.74","Sovereign","XS0850020586","4.25","Dec 11, 2022","-","Morocco","USD","3.21"
"DOMREP","DOMINICAN REPUBLIC (GOVERNMENT) RegS","Fixed Income","0.31","105.50","28,800,000.00","30,532,480.00","30,532,480.00","Sovereign","USP3579ECE51","6.40","Jun 5, 2049","-","Dominican Republic","USD","13.50"
"RUSSIA","RUSSIAN FEDERATION RegS","Fixed Income","0.31","107.40","28,000,000.00","30,485,291.67","30,485,291.67","Sovereign","XS0971721450","4.88","Sep 16, 2023","-","Russian Federation","USD","3.79"
"COLOM","COLOMBIA (REPUBLIC OF)","Fixed Income","0.31","137.63","21,780,000.00","30,447,683.75","30,447,683.75","Sovereign","US195325BK01","7.38","Sep 18, 2037","-","Colombia","USD","11.11"
"RUSSIA","RUSSIAN FEDERATION RegS","Fixed Income","0.31","107.25","28,200,000.00","30,385,891.67","30,385,891.67","Sovereign","RU000A0JWHA4","4.75","May 27, 2026","-","Russian Federation","USD","5.92"
"PKSTAN","PAKISTAN (ISLAMIC REPUBLIC OF) RegS","Fixed Income","0.31","103.25","29,178,000.00","30,293,450.62","30,293,450.62","Sovereign","XS1729875598","6.88","Dec 5, 2027","-","Pakistan","USD","6.47"
"PETMK","PETRONAS CAPITAL LTD. MTN RegS","Fixed Income","0.30","104.78","28,543,000.00","30,201,863.66","30,201,863.66","Owned No Guarantee","USY68856AN67","3.50","Mar 18, 2025","-","Malaysia","USD","5.14"
"JAMAN","JAMAICA (GOVERNMENT OF)","Fixed Income","0.30","123.31","23,835,000.00","29,974,167.71","29,974,167.71","Sovereign","US470160AV46","8.00","Mar 15, 2039","-","Jamaica","USD","10.52"
"NGERIA","NIGERIA (FEDERAL REPUBLIC OF) MTN RegS","Fixed Income","0.30","101.28","29,354,000.00","29,960,139.72","29,960,139.72","Sovereign","XS1717013095","7.63","Nov 28, 2047","-","Nigeria","USD","11.57"
"KSA","SAUDI ARABIA (KINGDOM OF) MTN RegS","Fixed Income","0.30","104.50","28,428,000.00","29,952,451.50","29,952,451.50","Sovereign","XS1508675508","4.50","Oct 26, 2046","-","Saudi Arabia","USD","15.64"
"URUGUA","URUGUAY (REPUBLIC OF)","Fixed Income","0.30","144.56","20,265,754.00","29,738,797.75","29,738,797.75","Sovereign","US760942AS16","7.63","Mar 21, 2036","-","Uruguay","USD","10.21"
"NGERIA","NIGERIA (FEDERAL REPUBLIC OF) MTN RegS","Fixed Income","0.30","101.41","29,043,000.00","29,645,440.56","29,645,440.56","Sovereign","XS1717011982","6.50","Nov 28, 2027","-","Nigeria","USD","6.52"
"SLOVAK","SLOVAKIA (REPUBLIC OF) RegS","Fixed Income","0.30","105.59","27,909,000.00","29,616,003.59","29,616,003.59","Sovereign","XS0782720402","4.38","May 21, 2022","-","Slovak Republic","USD","2.71"
"SRILAN","SRI LANKA (DEMOCRATIC SOCIALIST RE RegS","Fixed Income","0.30","104.41","27,700,000.00","29,590,986.67","29,590,986.67","Sovereign","USY8137FAP37","7.85","Mar 14, 2029","-","Sri Lanka","USD","6.80"
"KAZAKS","KAZAKHSTAN (REPUBLIC OF) RegS","Fixed Income","0.30","106.00","27,543,000.00","29,435,720.53","29,435,720.53","Sovereign","XS1120709669","3.88","Oct 14, 2024","-","Kazakhstan","USD","4.76"
"PHILIP","REPUBLIC OF PHILIPPINES","Fixed Income","0.30","110.03","26,343,000.00","29,399,775.86","29,399,775.86","Sovereign","US718286CB15","3.70","Feb 2, 2042","-","Philippines","USD","15.33"
"PERU","PERU (REPUBLIC OF)","Fixed Income","0.29","111.94","25,800,000.00","29,264,187.50","29,264,187.50","Sovereign","US715638BU55","4.13","Aug 25, 2027","-","Peru","USD","6.92"
"PHILIP","PHILIPPINES (REPUBLIC OF)","Fixed Income","0.29","109.94","26,217,000.00","29,156,435.48","29,156,435.48","Sovereign","US718286CA32","3.70","Mar 1, 2041","-","Philippines","USD","14.95"
"PEMEX","PETROLEOS MEXICANOS","Fixed Income","0.29","99.11","28,804,000.00","29,125,826.13","29,125,826.13","Owned No Guarantee","US71654QCG55","6.50","Mar 13, 2027","-","Mexico","USD","5.99"
"CDEL","CORPORACION NACIONAL DEL COBRE DE RegS","Fixed Income","0.29","104.22","27,492,000.00","29,075,367.38","29,075,367.38","Owned No Guarantee","USP3143NAY06","3.63","Aug 1, 2027","-","Chile","USD","6.83"
"DOMREP","DOMINICAN REPUBLIC (GOVERNMENT) RegS","Fixed Income","0.29","108.66","26,035,000.00","29,004,617.19","29,004,617.19","Sovereign","USP3579ECB13","6.00","Jul 19, 2028","-","Dominican Republic","USD","6.95"
"PEMEX","PETROLEOS MEXICANOS MTN","Fixed Income","0.29","90.05","31,532,000.00","29,002,540.80","29,002,540.80","Owned No Guarantee","US71654QCC42","6.75","Sep 21, 2047","-","Mexico","USD","11.56"
"COLOM","COLOMBIA (REPUBLIC OF)","Fixed Income","0.29","110.22","25,779,000.00","28,764,530.44","28,764,530.44","Sovereign","US195325DP79","4.50","Mar 15, 2029","-","Colombia","USD","7.77"
"GABON","GABONESE REPUBLIC RegS","Fixed Income","0.29","99.25","28,780,829.00","28,677,098.10","28,677,098.10","Sovereign","XS1003557870","6.38","Dec 12, 2024","-","Gabon","USD","3.87"
"BRAZIL","BRAZIL (FEDERATIVE REPUBLIC OF)","Fixed Income","0.29","124.78","22,273,000.00","28,519,880.47","28,519,880.47","Sovereign","US105756BK57","7.13","Jan 20, 2037","-","Brazil","USD","10.60"
"OMANGS","OMAN SOVEREIGN SUKUK SAOC RegS","Fixed Income","0.29","98.38","28,840,000.00","28,491,114.51","28,491,114.51","Sovereign","XS1620176831","4.40","Jun 1, 2024","-","Oman","USD","4.42"
"PHILIP","PHILIPPINES (REPUBLIC OF)","Fixed Income","0.29","112.72","24,856,000.00","28,464,642.41","28,464,642.41","Sovereign","US718286BZ91","3.95","Jan 20, 2040","-","Philippines","USD","14.17"
"KSA","SAUDI ARABIA (KINGDOM OF) MTN RegS","Fixed Income","0.29","102.65","27,464,000.00","28,362,873.83","28,362,873.83","Sovereign","XS1508675417","3.25","Oct 26, 2026","-","Saudi Arabia","USD","6.48"
"COLOM","COLOMBIA (REPUBLIC OF)","Fixed Income","0.29","105.20","26,590,000.00","28,353,803.33","28,353,803.33","Sovereign","US195325BQ70","4.00","Feb 26, 2024","-","Colombia","USD","4.05"
"ARGENT","ARGENTINA REPUBLIC OF GOVERNMENT","Fixed Income","0.28","78.19","34,866,000.00","28,250,902.88","28,250,902.88","Sovereign","US040114HQ69","5.88","Jan 11, 2028","-","Argentina","USD","6.27"
"EGYPT","EGYPT (ARAB REPUBLIC OF) MTN RegS","Fixed Income","0.28","109.00","25,180,000.00","28,231,204.55","28,231,204.55","Sovereign","XS1953057491","8.70","Mar 1, 2049","-","Egypt","USD","10.93"
"SRILAN","SRI LANKA (DEMOCRATIC SOCIALIST RE RegS","Fixed Income","0.28","101.53","27,459,000.00","28,198,181.02","28,198,181.02","Sovereign","USY8137FAE89","6.85","Nov 3, 2025","-","Sri Lanka","USD","5.15"
"URUGUA","URUGUAY (ORIENTAL REPUBLIC OF)","Fixed Income","0.28","109.44","25,139,593.00","28,007,077.83","28,007,077.83","Sovereign","US917288BK78","4.38","Jan 23, 2031","-","Uruguay","USD","8.96"
"KZOKZ","JSC NATIONAL KAZMUNAYGAS RegS","Fixed Income","0.28","113.73","24,362,000.00","28,002,630.21","28,002,630.21","Owned No Guarantee","XS1595714087","5.75","Apr 19, 2047","-","Kazakhstan","USD","14.40"
"BRAZIL","BRAZIL FEDERATIVE REPUBLIC OF (GO","Fixed Income","0.28","115.40","23,923,000.00","27,958,012.67","27,958,012.67","Sovereign","US105756BX78","6.00","Apr 7, 2026","-","Brazil","USD","5.62"
"PANAMA","PANAMA REPUBLIC OF (GOVERNMENT)","Fixed Income","0.28","114.31","24,087,000.00","27,681,984.75","27,681,984.75","Sovereign","US698299BG85","4.50","May 15, 2047","-","Panama","USD","16.02"
"AZERBJ","AZERBAIJAN (REPUBLIC OF) RegS","Fixed Income","0.28","105.65","25,746,000.00","27,560,735.42","27,560,735.42","Sovereign","XS1044540547","4.75","Mar 18, 2024","-","Azerbaijan","USD","4.20"
"BRAZIL","BRAZIL (FEDERATIVE REPUBLIC OF)","Fixed Income","0.28","108.06","24,815,000.00","27,501,999.22","27,501,999.22","Sovereign","US105756BR01","5.63","Jan 7, 2041","-","Brazil","USD","12.48"
"PANAMA","PANAMA REPUBLIC OF (GOVERNMENT)","Fixed Income","0.27","106.03","25,442,000.00","27,262,693.12","27,262,693.12","Sovereign","US698299BE38","3.75","Mar 16, 2025","-","Panama","USD","4.96"
"SRILAN","SRI LANKA (DEMOCRATIC SOCIALIST RE RegS","Fixed Income","0.27","96.06","28,066,000.00","27,217,081.46","27,217,081.46","Sovereign","USY8137FAH11","6.20","May 11, 2027","-","Sri Lanka","USD","6.18"
"UKRAIN","UKRAINE (GOVERNMENT OF) RegS","Fixed Income","0.27","106.00","25,047,000.00","27,213,043.69","27,213,043.69","Sovereign","XS1303921487","7.75","Sep 1, 2023","-","Ukraine","USD","3.54"
"ROMANI","ROMANIA (REPUBLIC OF) MTN RegS","Fixed Income","0.27","112.63","24,034,000.00","27,133,301.13","27,133,301.13","Sovereign","XS1837994794","5.13","Jun 15, 2048","-","Romania","USD","15.62"
"PANAMA","PANAMA (REPUBLIC OF)","Fixed Income","0.27","106.72","25,111,000.00","27,085,526.76","27,085,526.76","Sovereign","US698299BD54","4.00","Sep 22, 2024","-","Panama","USD","4.54"
"OMAN","OMAN SULTANATE OF (GOVERNMENT) RegS","Fixed Income","0.27","96.00","27,644,000.00","27,017,018.72","27,017,018.72","Sovereign","XS1575967218","5.38","Mar 8, 2027","-","Oman","USD","6.19"
"PHILIP","PHILIPPINES (REPUBLIC OF)","Fixed Income","0.27","143.72","18,312,000.00","26,901,472.50","26,901,472.50","Sovereign","US718286AP29","10.63","Mar 16, 2025","-","Philippines","USD","4.52"
"UKRAIN","UKRAINE (GOVERNMENT OF) RegS","Fixed Income","0.27","102.66","25,340,000.00","26,689,530.97","26,689,530.97","Sovereign","XS1303927179","7.75","Sep 1, 2027","-","Ukraine","USD","6.01"
"KZOKZ","NK KAZMUNAYGAZ AO RegS","Fixed Income","0.27","111.44","23,711,000.00","26,670,758.51","26,670,758.51","Owned No Guarantee","XS1807300105","5.38","Apr 24, 2030","-","Kazakhstan","USD","8.32"
"UKRAIN","UKRAINE (GOVERNMENT OF) RegS","Fixed Income","0.27","105.75","24,440,000.00","26,497,712.22","26,497,712.22","Sovereign","XS1303921214","7.75","Sep 1, 2022","-","Ukraine","USD","2.78"
"PHILIP","PHILIPPINES (REPUBLIC OF)","Fixed Income","0.27","103.50","25,266,000.00","26,474,557.00","26,474,557.00","Sovereign","US718286CC97","3.00","Feb 1, 2028","-","Philippines","USD","7.48"
"ADGB","ABU DHABI (EMIRATE OF) RegS","Fixed Income","0.27","104.63","25,130,000.00","26,427,510.76","26,427,510.76","Sovereign","XS1402929746","3.13","May 3, 2026","-","United Arab Emirates","USD","6.14"
"EGYPT","EGYPT (ARAB REPUBLIC OF) MTN RegS","Fixed Income","0.27","103.00","24,886,000.00","26,359,181.38","26,359,181.38","Sovereign","XS1775617464","7.90","Feb 21, 2048","-","Egypt","USD","11.20"
"ARGENT","ARGENTINA REPUBLIC OF GOVERNMENT MTN","Fixed Income","0.26","82.60","30,651,000.00","26,248,430.84","26,248,430.84","Sovereign","US040114HL72","6.88","Jan 26, 2027","-","Argentina","USD","5.58"
"MEX","MEXICO (UNITED MEXICAN STATES) MTN","Fixed Income","0.26","105.81","24,026,000.00","25,790,242.53","25,790,242.53","Sovereign","US91086QBB32","4.75","Mar 8, 2044","-","Mexico","USD","14.48"
"OMAN","OMAN SULTANATE OF (GOVERNMENT) RegS","Fixed Income","0.26","89.38","28,181,000.00","25,777,004.14","25,777,004.14","Sovereign","XS1575968026","6.50","Mar 8, 2047","-","Oman","USD","11.72"
"KTZKZ","KAZAKHSTAN TEMIR ZHOLY FINANCE BV RegS","Fixed Income","0.26","125.50","19,965,000.00","25,726,732.62","25,726,732.62","Owned No Guarantee","XS0799658637","6.95","Jul 10, 2042","-","Kazakhstan","USD","12.33"
"UKRAIN","UKRAINE (GOVERNMENT OF) RegS","Fixed Income","0.26","104.50","23,996,000.00","25,711,214.08","25,711,214.08","Sovereign","XS1303920083","7.75","Sep 1, 2021","-","Ukraine","USD","1.97"
"LEBAN","LEBANON REPUBLIC OF (GOVERNMENT) MTN RegS","Fixed Income","0.26","86.63","29,376,000.00","25,710,772.80","25,710,772.80","Sovereign","XS0559237796","6.10","Oct 4, 2022","-","Lebanon","USD","2.92"
"EGYPT","EGYPT (ARAB REPUBLIC OF) MTN RegS","Fixed Income","0.26","103.13","24,820,000.00","25,692,836.67","25,692,836.67","Sovereign","XS1245432742","5.88","Jun 11, 2025","-","Egypt","USD","5.05"
"UKRAIN","UKRAINE (GOVERNMENT OF) RegS","Fixed Income","0.26","104.65","23,932,000.00","25,683,689.44","25,683,689.44","Sovereign","XS1303925041","7.75","Sep 1, 2024","-","Ukraine","USD","4.24"
"UKRAIN","UKRAINE (GOVERNMENT OF) RegS","Fixed Income","0.26","102.70","24,348,000.00","25,650,110.75","25,650,110.75","Sovereign","XS1303926528","7.75","Sep 1, 2026","-","Ukraine","USD","5.46"
"LEBAN","LEBANON (REPUBLIC OF) MTN RegS","Fixed Income","0.26","80.84","31,445,000.00","25,634,619.10","25,634,619.10","Sovereign","XS0707820659","6.60","Nov 27, 2026","-","Lebanon","USD","5.68"
"NGERIA","NIGERIA (FEDERAL REPUBLIC OF) MTN RegS","Fixed Income","0.26","103.03","24,185,000.00","25,595,406.05","25,595,406.05","Sovereign","XS1777972941","7.70","Feb 23, 2038","-","Nigeria","USD","9.85"
"ARGENT","ARGENTINA REPUBLIC OF GOVERNMENT","Fixed Income","0.26","59.10","42,593,407.00","25,594,200.79","25,594,200.79","Sovereign","US040114GK09","3.75","Dec 31, 2038","-","Argentina","USD","9.77"
"CDEL","CORPORACION NACIONAL DEL COBRE DE RegS","Fixed Income","0.26","107.36","23,441,000.00","25,591,138.36","25,591,138.36","Owned No Guarantee","USP3143NBB93","4.38","Feb 5, 2049","-","Chile","USD","16.43"
"CDEL","CORPORACION NACIONAL DEL COBRE DE RegS","Fixed Income","0.26","109.53","22,960,000.00","25,587,485.00","25,587,485.00","Owned No Guarantee","USP3143NAZ70","4.50","Aug 1, 2047","-","Chile","USD","15.91"
"PANAMA","PANAMA REPUBLIC OF (GOVERNMENT)","Fixed Income","0.26","107.44","23,417,000.00","25,428,341.42","25,428,341.42","Sovereign","US698299BF03","3.88","Mar 17, 2028","-","Panama","USD","7.26"
"TURKEY","TURKEY (REPUBLIC OF)","Fixed Income","0.25","104.22","23,544,000.00","25,255,926.75","25,255,926.75","Sovereign","US900123AW05","7.38","Feb 5, 2025","-","Turkey","USD","4.53"
"KENINT","KENYA (REPUBLIC OF) RegS","Fixed Income","0.25","106.88","23,250,000.00","25,065,437.50","25,065,437.50","Sovereign","XS1843435766","8.00","May 22, 2032","-","Kenya","USD","7.85"
"UKRAIN","UKRAINE (GOVERNMENT OF) RegS","Fixed Income","0.25","103.40","23,484,000.00","24,904,292.75","24,904,292.75","Sovereign","XS1303925470","7.75","Sep 1, 2025","-","Ukraine","USD","4.87"
"SOAF","SOUTH AFRICA (REPUBLIC OF)","Fixed Income","0.25","103.22","23,542,000.00","24,661,847.16","24,661,847.16","Sovereign","US836205AX27","5.65","Sep 27, 2047","-","South Africa","USD","13.95"
"SOAF","SOUTH AFRICA (REPUBLIC OF)","Fixed Income","0.25","104.75","22,892,000.00","24,477,728.84","24,477,728.84","Sovereign","US836205AQ75","4.67","Jan 17, 2024","-","South Africa","USD","4.04"
"NGERIA","NIGERIA (FEDERAL REPUBLIC OF) MTN RegS","Fixed Income","0.24","102.63","23,075,000.00","24,280,497.61","24,280,497.61","Sovereign","XS1777972511","7.14","Feb 23, 2030","-","Nigeria","USD","7.40"
"URUGUA","URUGUAY (ORIENTAL REPUBLIC OF)","Fixed Income","0.24","107.50","22,214,453.00","24,269,289.90","24,269,289.90","Sovereign","US760942AZ58","4.50","Aug 14, 2024","-","Uruguay","USD","3.72"
"SRILAN","SRI LANKA (DEMOCRATIC SOCIALIST RE RegS","Fixed Income","0.24","97.88","24,363,000.00","24,192,459.00","24,192,459.00","Sovereign","USY8137FAL23","6.75","Apr 18, 2028","-","Sri Lanka","USD","6.59"
"ROMANI","ROMANIA (REPUBLIC OF) MTN RegS","Fixed Income","0.24","127.50","18,436,000.00","24,014,042.25","24,014,042.25","Sovereign","US77586TAE64","6.13","Jan 22, 2044","-","Romania","USD","13.66"
"JAMAN","JAMAICA (GOVERNMENT)","Fixed Income","0.24","123.59","18,854,000.00","23,945,758.38","23,945,758.38","Sovereign","US470160CB63","7.88","Jul 28, 2045","-","Jamaica","USD","12.05"
"TURKEY","TURKEY (REPUBLIC OF)","Fixed Income","0.24","96.22","24,382,000.00","23,866,422.29","23,866,422.29","Sovereign","US900123CL22","6.00","Mar 25, 2027","-","Turkey","USD","6.10"
"IVYCST","COTE D IVOIRE (REPUBLIC OF) RegS","Fixed Income","0.24","94.47","25,067,000.00","23,765,778.99","23,765,778.99","Sovereign","XS1631415400","6.13","Jun 15, 2033","-","Cote D'Ivoire (Ivory Coast)","USD","8.84"
"PARGUY","PARAGUAY (REPUBLIC OF) RegS","Fixed Income","0.24","120.59","19,220,000.00","23,643,830.03","23,643,830.03","Sovereign","USP75744AB11","6.10","Aug 11, 2044","-","Paraguay","USD","13.56"
"QATAR","QATAR (STATE OF) RegS","Fixed Income","0.24","103.38","22,795,000.00","23,632,241.35","23,632,241.35","Sovereign","XS1405782159","3.25","Jun 2, 2026","-","Qatar","USD","6.19"
"NGERIA","NIGERIA (FEDERAL REPUBLIC OF) RegS","Fixed Income","0.24","112.81","20,150,000.00","23,529,748.87","23,529,748.87","Sovereign","XS1910827887","8.75","Jan 21, 2031","-","Nigeria","USD","7.40"
"GHANA","GHANA (REPUBLIC OF) MTN RegS","Fixed Income","0.24","103.13","22,320,000.00","23,511,175.00","23,511,175.00","Sovereign","XS1968714540","8.13","Mar 26, 2032","-","Ghana","USD","7.60"
"CDEL","CORPORACION NACIONAL DEL COBRE DE RegS","Fixed Income","0.24","109.03","21,268,000.00","23,478,542.75","23,478,542.75","Owned No Guarantee","USP3143NAW40","4.50","Sep 16, 2025","-","Chile","USD","5.40"
"TURKEY","TURKEY (REPUBLIC OF)","Fixed Income","0.24","104.00","21,750,000.00","23,398,544.27","23,398,544.27","Sovereign","US900123CT57","7.63","Apr 26, 2029","-","Turkey","USD","6.84"
"SRILAN","SRI LANKA (DEMOCRATIC SOCIALIST RE RegS","Fixed Income","0.24","99.66","23,150,000.00","23,351,437.15","23,351,437.15","Sovereign","USY8137FAK40","5.75","Apr 18, 2023","-","Sri Lanka","USD","3.39"
"ADNOUH","ABU DHABI CRUDE OIL PIPELINE LLC RegS","Fixed Income","0.23","111.63","20,850,000.00","23,284,469.17","23,284,469.17","Owned No Guarantee","XS1709535097","4.60","Nov 2, 2047","-","United Arab Emirates","USD","13.49"
"BRAZIL","BRAZIL (FEDERATIVE REPUBLIC OF)","Fixed Income","0.23","134.44","16,613,000.00","22,958,473.79","22,958,473.79","Sovereign","US105756BB58","8.25","Jan 20, 2034","-","Brazil","USD","9.17"
"SOAF","SOUTH AFRICA (REPUBLIC OF)","Fixed Income","0.23","109.00","21,019,000.00","22,955,302.39","22,955,302.39","Sovereign","US836205AY00","5.88","Jun 22, 2030","-","South Africa","USD","8.26"
"QATAR","QATAR (STATE OF) RegS","Fixed Income","0.23","105.15","21,550,000.00","22,826,837.50","22,826,837.50","Sovereign","XS1806502453","3.88","Apr 23, 2023","-","Qatar","USD","3.53"
"NGERIA","NIGERIA (FEDERAL REPUBLIC OF) RegS","Fixed Income","0.23","110.25","20,500,000.00","22,787,956.60","22,787,956.60","Sovereign","XS1910826996","7.63","Nov 21, 2025","-","Nigeria","USD","5.15"
"OMANGS","OMAN SOVEREIGN SUKUK SAOC RegS","Fixed Income","0.23","102.16","22,061,000.00","22,769,340.72","22,769,340.72","Sovereign","XS1799523276","5.93","Oct 31, 2025","-","Oman","USD","5.28"
"MEX","MEXICO (UNITED MEXICAN STATES) MTN","Fixed Income","0.23","120.50","18,422,000.00","22,737,199.98","22,737,199.98","Sovereign","US91086QAV05","6.05","Jan 11, 2040","-","Mexico","USD","12.25"
"ROMANI","ROMANIAN MINISTRY OF FINANCE MTN RegS","Fixed Income","0.23","108.13","20,562,000.00","22,686,525.81","22,686,525.81","Sovereign","US77586TAD81","4.88","Jan 22, 2024","-","Romania","USD","4.04"
"RUSSIA","RUSSIAN FEDERATION RegS","Fixed Income","0.23","103.75","21,800,000.00","22,645,809.72","22,645,809.72","Sovereign","RU000A0JXTS9","4.25","Jun 23, 2027","-","Russian Federation","USD","6.79"
"PETMK","PETRONAS CAPITAL LTD. RegS","Fixed Income","0.23","114.50","19,576,000.00","22,598,656.75","22,598,656.75","Owned No Guarantee","USY68856AB20","7.88","May 22, 2022","-","Malaysia","USD","2.61"
"BRAZIL","BRAZIL FEDERATIVE REPUBLIC OF (GO","Fixed Income","0.23","99.69","22,593,000.00","22,522,396.88","22,522,396.88","Sovereign","US105756BU30","2.63","Jan 5, 2023","-","Brazil","USD","3.30"
"PHILIP","PHILIPPINES (REPUBLIC OF)","Fixed Income","0.22","110.00","19,798,000.00","22,130,451.88","22,130,451.88","Sovereign","US718286CG02","3.75","Jan 14, 2029","-","Philippines","USD","7.97"
"LEBAN","LEBANON REPUBLIC OF (GOVERNMENT) RegS","Fixed Income","0.22","79.06","26,945,000.00","21,945,467.52","21,945,467.52","Sovereign","XS1196419854","6.65","Feb 26, 2030","-","Lebanon","USD","7.10"
"ARGENT","ARGENTINA REPUBLIC OF GOVERNMENT MTN","Fixed Income","0.22","85.75","24,859,000.00","21,934,183.28","21,934,183.28","Sovereign","US040114HK99","5.63","Jan 26, 2022","-","Argentina","USD","2.32"
"EGYPT","EGYPT (ARAB REPUBLIC OF) MTN RegS","Fixed Income","0.22","102.13","20,874,000.00","21,829,444.73","21,829,444.73","Sovereign","XS1775618439","6.59","Feb 21, 2028","-","Egypt","USD","6.53"
"QATAR","QATAR (STATE OF) RegS","Fixed Income","0.22","112.88","19,150,000.00","21,785,518.75","21,785,518.75","Sovereign","XS1807174393","4.50","Apr 23, 2028","-","Qatar","USD","7.34"
"PETRPE","PETROLEOS DEL PERU - PETROPERU SA RegS","Fixed Income","0.22","114.25","18,998,000.00","21,752,710.00","21,752,710.00","Owned No Guarantee","USP7808BAB38","5.63","Jun 19, 2047","-","Peru","USD","14.75"
"GHANA","GHANA (REPUBLIC OF) MTN RegS","Fixed Income","0.22","105.44","20,100,000.00","21,682,651.67","21,682,651.67","Sovereign","XS1968714623","8.95","Mar 26, 2051","-","Ghana","USD","10.61"
"COLOM","COLOMBIA (REPUBLIC OF)","Fixed Income","0.22","115.41","18,600,000.00","21,597,209.17","21,597,209.17","Sovereign","US195325DQ52","5.20","May 15, 2049","-","Colombia","USD","15.74"
"GHANA","GHANA (REPUBLIC OF) RegS","Fixed Income","0.22","108.25","19,983,000.00","21,568,456.77","21,568,456.77","Sovereign","XS1108847531","8.13","Jan 18, 2026","-","Ghana","USD","4.58"
"DOMREP","DOMINICAN REPUBLIC (GOVERNMENT) RegS","Fixed Income","0.22","106.06","19,855,000.00","21,557,014.72","21,557,014.72","Sovereign","USP3579EBY25","6.50","Feb 15, 2048","-","Dominican Republic","USD","12.98"
"MALAYS","MALAYSIA SOVEREIGN SUKUK BHD RegS","Fixed Income","0.22","103.16","20,703,000.00","21,484,186.87","21,484,186.87","Sovereign","USY5749LAA99","3.04","Apr 22, 2025","-","Malaysia","USD","5.29"
"KZOKZ","JSC NATIONAL KAZMUNAYGAS RegS","Fixed Income","0.22","107.50","19,769,000.00","21,449,914.14","21,449,914.14","Owned No Guarantee","XS1595713782","4.75","Apr 19, 2027","-","Kazakhstan","USD","6.53"
"BHRAIN","BAHRAIN (KINGDOM OF) RegS","Fixed Income","0.22","109.41","19,305,000.00","21,432,437.81","21,432,437.81","Sovereign","XS1405766541","7.00","Oct 12, 2028","-","Bahrain","USD","6.92"
"COLOM","COLOMBIA (REPUBLIC OF)","Fixed Income","0.22","108.60","19,369,000.00","21,414,850.62","21,414,850.62","Sovereign","US195325CX13","4.50","Jan 28, 2026","-","Colombia","USD","5.51"
"TURKEY","TURKEY (REPUBLIC OF)","Fixed Income","0.22","85.44","24,784,000.00","21,384,633.44","21,384,633.44","Sovereign","US900123CM05","5.75","May 11, 2047","-","Turkey","USD","12.58"
"PKSTAN","PAKISTAN (ISLAMIC REPUBLIC OF) RegS","Fixed Income","0.22","111.31","18,901,000.00","21,381,362.48","21,381,362.48","Sovereign","XS1056560920","8.25","Apr 15, 2024","-","Pakistan","USD","4.00"
"KAZAKS","KAZAKHSTAN (REPUBLIC OF) RegS","Fixed Income","0.21","115.75","18,156,000.00","21,212,260.00","21,212,260.00","Sovereign","XS1120709826","4.88","Oct 14, 2044","-","Kazakhstan","USD","15.03"
"KSA","KSA SUKUK LTD MTN RegS","Fixed Income","0.21","101.50","20,750,000.00","21,184,687.14","21,184,687.14","Sovereign","XS1599284111","2.89","Apr 20, 2022","-","Saudi Arabia","USD","2.67"
"ECUA","ECUADOR REPUBLIC OF (GOVERNMENT) RegS","Fixed Income","0.21","109.30","19,214,000.00","21,155,014.29","21,155,014.29","Sovereign","XS1626768730","8.75","Jun 2, 2023","-","Ecuador","USD","3.37"
"PETRPE","PETROLEOS DEL PERU - PETROPERU SA RegS","Fixed Income","0.21","109.88","19,210,000.00","21,145,007.29","21,145,007.29","Owned No Guarantee","USP7808BAA54","4.75","Jun 19, 2032","-","Peru","USD","9.85"
"DOMREP","DOMINICAN REPUBLIC RegS","Fixed Income","0.21","107.72","19,402,000.00","21,143,396.87","21,143,396.87","Sovereign","USP3579EAS65","5.88","Apr 18, 2024","-","Dominican Republic","USD","3.40"
"KENINT","KENYA (REPUBLIC OF) RegS","Fixed Income","0.21","105.56","19,455,000.00","21,103,405.94","21,103,405.94","Sovereign","XS1781710626","8.25","Feb 28, 2048","-","Kenya","USD","11.05"
"KSA","SAUDI ARABIA (KINGDOM OF) MTN RegS","Fixed Income","0.21","104.00","20,000,000.00","21,041,666.67","21,041,666.67","Sovereign","XS1694217495","3.63","Mar 4, 2028","-","Saudi Arabia","USD","7.39"
"EGYPT","EGYPT (ARAB REPUBLIC OF) MTN RegS","Fixed Income","0.21","102.38","20,096,000.00","20,987,336.31","20,987,336.31","Sovereign","XS1775617209","5.58","Feb 21, 2023","-","Egypt","USD","3.25"
"ETHOPI","ETHIOPIA FEDERAL DEMOCRATIC REPUB RegS","Fixed Income","0.21","104.88","19,917,000.00","20,975,920.50","20,975,920.50","Sovereign","XS1151974877","6.63","Dec 11, 2024","-","Ethiopia","USD","4.62"
"KENINT","KENYA (REPUBLIC OF) RegS","Fixed Income","0.21","104.75","19,525,000.00","20,951,816.49","20,951,816.49","Sovereign","XS1781710543","7.25","Feb 28, 2028","-","Kenya","USD","6.41"
"GHANA","GHANA (REPUBLIC OF) RegS","Fixed Income","0.21","102.63","20,203,000.00","20,943,005.02","20,943,005.02","Sovereign","XS1821416234","7.63","May 16, 2029","-","Ghana","USD","6.49"
"KSA","SAUDI ARABIA (KINGDOM OF) MTN RegS","Fixed Income","0.21","106.20","19,500,000.00","20,936,973.96","20,936,973.96","Sovereign","XS1694218469","4.63","Oct 4, 2047","-","Saudi Arabia","USD","15.75"
"SENEGL","SENEGAL (REPUBLIC OF) RegS","Fixed Income","0.21","98.25","21,115,000.00","20,895,785.24","20,895,785.24","Sovereign","XS1619155564","6.25","May 23, 2033","-","Senegal","USD","8.81"
"GHANA","GHANA (REPUBLIC OF) RegS","Fixed Income","0.21","103.09","20,120,000.00","20,834,071.65","20,834,071.65","Sovereign","XS1821416408","8.63","Jun 16, 2049","-","Ghana","USD","10.81"
"DBKAZ","DEVELOPMENT BANK OF KAZAKHSTAN JSC RegS","Fixed Income","0.21","101.85","20,393,000.00","20,826,351.25","20,826,351.25","Owned No Guarantee","XS0860582435","4.13","Dec 10, 2022","-","Kazakhstan","USD","3.21"
"COSTAR","COSTA RICA (REPUBLIC OF) RegS","Fixed Income","0.21","100.00","20,214,000.00","20,593,433.62","20,593,433.62","Sovereign","USP3699PGB78","4.25","Jan 26, 2023","-","Costa Rica","USD","3.26"
"JORDAN","JORDAN (HASHEMITE KINGDOM OF) RegS","Fixed Income","0.21","104.50","19,364,000.00","20,572,569.10","20,572,569.10","Sovereign","XS1577950311","7.38","Oct 10, 2047","-","Jordan","USD","11.93"
"PHILIP","PHILIPPINES (REPUBLIC OF)","Fixed Income","0.21","107.88","18,723,000.00","20,555,669.65","20,555,669.65","Sovereign","US718286BY27","4.20","Jan 21, 2024","-","Philippines","USD","4.10"
"COSTAR","COSTA RICA REPUBLIC OF (GOVERNMEN RegS","Fixed Income","0.21","103.25","19,471,000.00","20,541,285.17","20,541,285.17","Sovereign","USP3699PGJ05","7.16","Mar 12, 2045","-","Costa Rica","USD","11.67"
"JORDAN","JORDAN (HASHEMITE KINGDOM OF) RegS","Fixed Income","0.21","101.88","19,657,000.00","20,509,076.35","20,509,076.35","Sovereign","XS1405770220","5.75","Jan 31, 2027","-","Jordan","USD","6.06"
"PHILIP","PHILIPPINES (REPUBLIC OF)","Fixed Income","0.21","126.06","15,939,000.00","20,471,653.12","20,471,653.12","Sovereign","US718286BW60","5.00","Jan 13, 2037","-","Philippines","USD","12.13"
"CHGRID","STATE GRID OVERSEAS INVESTMENT (20 MTN RegS","Fixed Income","0.21","104.00","19,572,000.00","20,469,879.85","20,469,879.85","Owned No Guarantee","USG8450LAJ38","3.50","May 4, 2027","-","China","USD","6.84"
"PKSTAN","THIRD PAKISTAN INTERNATIONAL SUKUK RegS","Fixed Income","0.21","101.75","19,990,000.00","20,433,528.12","20,433,528.12","Sovereign","XS1729876059","5.63","Dec 5, 2022","-","Pakistan","USD","3.12"
"IRAQ","IRAQ (REPUBLIC OF) RegS","Fixed Income","0.21","103.25","19,372,000.00","20,419,422.52","20,419,422.52","Sovereign","XS1662407862","6.75","Mar 9, 2023","-","Iraq","USD","3.23"
"TURKEY","TURKEY REPUBLIC OF (GOVERNMENT)","Fixed Income","0.21","93.56","21,243,000.00","20,414,965.56","20,414,965.56","Sovereign","US900123CG37","6.63","Feb 17, 2045","-","Turkey","USD","11.57"
"SOAF","SOUTH AFRICA (REPUBLIC OF)","Fixed Income","0.21","104.13","19,381,000.00","20,390,427.08","20,390,427.08","Sovereign","US836205AT15","4.88","Apr 14, 2026","-","South Africa","USD","5.76"
"ESKOM","ESKOM HOLDINGS SOC LTD MTN RegS","Fixed Income","0.21","106.38","18,643,000.00","20,359,126.99","20,359,126.99","Owned No Guarantee","XS1187065443","7.13","Feb 11, 2025","-","South Africa","USD","4.59"
"KSA","SAUDI ARABIA (KINGDOM OF) MTN RegS","Fixed Income","0.20","107.10","18,800,000.00","20,297,733.33","20,297,733.33","Sovereign","XS1791937441","4.00","Apr 17, 2025","-","Saudi Arabia","USD","5.16"
"ELSALV","EL SALVADOR REPUBLIC RegS","Fixed Income","0.20","105.13","19,220,000.00","20,282,625.75","20,282,625.75","Sovereign","USP01012AN67","7.65","Jun 15, 2035","-","El Salvador","USD","9.44"
"MALAYS","MALAYSIA SUKUK GLOBAL BERHAD RegS","Fixed Income","0.20","103.19","19,528,000.00","20,265,991.87","20,265,991.87","Sovereign","USY54788AA57","3.18","Apr 27, 2026","-","Malaysia","USD","6.10"
"COSTAR","COSTA RICA REPUBLIC OF (GOVERNMEN RegS","Fixed Income","0.20","103.50","19,205,000.00","20,213,262.50","20,213,262.50","Sovereign","USP3699PGH49","7.00","Apr 4, 2044","-","Costa Rica","USD","11.75"
"JORDAN","JORDAN (HASHEMITE KINGDOM OF) RegS","Fixed Income","0.20","104.50","18,785,000.00","20,125,714.15","20,125,714.15","Sovereign","XS1117279882","6.13","Jan 29, 2026","-","Jordan","USD","5.35"
"EXIMBK","EXPORT-IMPORT BANK OF INDIA MTN RegS","Fixed Income","0.20","103.53","19,135,000.00","20,125,834.22","20,125,834.22","Owned No Guarantee","US30216KAC62","3.88","Feb 1, 2028","-","India","USD","7.22"
"LEBAN","LEBANON (REPUBLIC OF) RegS","Fixed Income","0.20","81.06","24,202,000.00","20,083,861.63","20,083,861.63","Sovereign","XS1586230051","6.85","Mar 23, 2027","-","Lebanon","USD","5.72"
"VIETNM","VIETNAM (SOCIALIST REPUBLIC OF) RegS","Fixed Income","0.20","106.46","18,709,000.00","20,030,510.21","20,030,510.21","Sovereign","USY9384RAA87","4.80","Nov 19, 2024","-","Vietnam","USD","4.76"
"SRILAN","SRI LANKA (DEMOCRATIC SOCIALIST RE RegS","Fixed Income","0.20","100.97","19,229,000.00","20,020,433.59","20,020,433.59","Sovereign","USY8137FAF54","6.83","Jul 18, 2026","-","Sri Lanka","USD","5.49"
"SOIAZ","STATE OIL CO OF AZERBAIJAN REPUBLI RegS","Fixed Income","0.20","104.34","18,793,000.00","19,887,039.72","19,887,039.72","Owned No Guarantee","XS0903465127","4.75","Mar 13, 2023","-","Azerbaijan","USD","3.36"
"TRITOB","TRINIDAD AND TOBAGO (REPUBLIC OF) RegS","Fixed Income","0.20","99.88","19,412,000.00","19,751,710.00","19,751,710.00","Sovereign","USP93960AG08","4.50","Aug 4, 2026","-","Trinidad and Tobago","USD","5.98"
"SRILAN","SRI LANKA DEMOCRATIC SOCIALIST (RE RegS","Fixed Income","0.20","100.50","19,095,000.00","19,685,950.47","19,685,950.47","Sovereign","USY2029SAH77","5.88","Jul 25, 2022","-","Sri Lanka","USD","2.75"
"BHRAIN","BAHRAIN (KINGDOM OF) RegS","Fixed Income","0.20","106.25","18,075,000.00","19,678,277.60","19,678,277.60","Sovereign","XS0956406135","6.13","Aug 1, 2023","-","Bahrain","USD","3.57"
"SRILAN","SRI LANKA (DEMOCRATIC SOCIALIST RE RegS","Fixed Income","0.20","102.50","18,775,000.00","19,640,918.65","19,640,918.65","Sovereign","USY8137FAN88","6.85","Mar 14, 2024","-","Sri Lanka","USD","3.99"
"TURKEY","TURKEY (REPUBLIC OF)","Fixed Income","0.20","97.44","19,707,000.00","19,604,701.51","19,604,701.51","Sovereign","US900123AY60","6.88","Mar 17, 2036","-","Turkey","USD","9.71"
"MONGOL","MONGOLIA (GOVERNMENT) RegS","Fixed Income","0.20","100.88","19,136,000.00","19,385,166.67","19,385,166.67","Sovereign","US60937GAB23","5.13","Dec 5, 2022","-","Mongolia","USD","3.15"
"SENEGL","SENEGAL (REPUBLIC OF) RegS","Fixed Income","0.20","95.81","19,782,000.00","19,369,050.75","19,369,050.75","Sovereign","XS1790134362","6.75","Mar 13, 2048","-","Senegal","USD","11.91"
"EXIMBK","EXPORT-IMPORT BANK OF INDIA RegS","Fixed Income","0.19","100.56","18,925,000.00","19,297,585.94","19,297,585.94","Owned No Guarantee","US30216KAA07","3.38","Aug 5, 2026","-","India","USD","6.22"
"ARGENT","ARGENTINA REPUBLIC OF GOVERNMENT","Fixed Income","0.19","75.88","24,315,000.00","19,252,329.95","19,252,329.95","Sovereign","US040114HR43","6.88","Jan 11, 2048","-","Argentina","USD","10.05"
"AZERBJ","AZERBAIJAN (REPUBLIC OF) RegS","Fixed Income","0.19","95.06","19,937,000.00","19,191,023.92","19,191,023.92","Sovereign","XS1678623734","3.50","Sep 1, 2032","-","Azerbaijan","USD","9.70"
"KSA","KSA SUKUK LTD MTN RegS","Fixed Income","0.19","104.10","18,300,000.00","19,186,773.27","19,186,773.27","Sovereign","XS1599284202","3.63","Apr 20, 2027","-","Saudi Arabia","USD","6.77"
"TURKEY","TURKEY (REPUBLIC OF)","Fixed Income","0.19","88.31","21,034,000.00","19,171,614.58","19,171,614.58","Sovereign","US900123BJ84","6.00","Jan 14, 2041","-","Turkey","USD","11.12"
"TURKEY","TURKEY (REPUBLIC OF)","Fixed Income","0.19","90.63","20,812,000.00","19,100,429.79","19,100,429.79","Sovereign","US900123CK49","4.88","Oct 9, 2026","-","Turkey","USD","6.01"
"MEX","MEXICO (UNITED MEXICAN STATES) (GO","Fixed Income","0.19","105.45","17,837,000.00","19,006,512.63","19,006,512.63","Sovereign","US91087BAC46","4.15","Mar 28, 2027","-","Mexico","USD","6.60"
"BHRAIN","BAHRAIN (KINGDOM OF) RegS","Fixed Income","0.19","105.50","17,280,000.00","18,756,660.00","18,756,660.00","Sovereign","XS0794901727","6.13","Jul 5, 2022","-","Bahrain","USD","2.69"
"BTUN","BANQUE CENTRALE DE TUNISIE RegS","Fixed Income","0.19","92.88","19,598,000.00","18,686,829.10","18,686,829.10","Sovereign","XS1175223699","5.75","Jan 30, 2025","-","Tunisia","USD","4.65"
"BOLIVI","BOLIVIA PLURINATIONAL STATE OF RegS","Fixed Income","0.19","98.31","18,570,000.00","18,498,041.25","18,498,041.25","Sovereign","USP37878AC26","4.50","Mar 20, 2028","-","Bolivia","USD","6.43"
"LEBAN","LEBANON REPUBLIC OF (GOVERNMENT) MTN RegS","Fixed Income","0.19","85.41","21,008,000.00","18,491,854.33","18,491,854.33","Sovereign","XS0859367194","6.00","Jan 27, 2023","-","Lebanon","USD","3.11"
"MEX","MEXICO (UNITED MEXICAN STATES) (GO MTN","Fixed Income","0.19","104.69","17,482,000.00","18,482,116.08","18,482,116.08","Sovereign","US91086QBC15","4.00","Oct 2, 2023","-","Mexico","USD","3.89"
"MEX","MEXICO (UNITED MEXICAN STATES) MTN","Fixed Income","0.19","117.91","15,277,000.00","18,396,436.09","18,396,436.09","Sovereign","US91086QBE70","5.55","Jan 21, 2045","-","Mexico","USD","14.17"
"RUSSIA","RUSSIAN FEDERATION RegS","Fixed Income","0.18","104.20","17,400,000.00","18,326,550.00","18,326,550.00","Sovereign","XS0767472458","4.50","Apr 4, 2022","-","Russian Federation","USD","2.57"
"KSA","SAUDI ARABIA (KINGDOM OF) MTN RegS","Fixed Income","0.18","112.75","16,081,000.00","18,303,304.86","18,303,304.86","Sovereign","XS1791939736","5.00","Apr 17, 2049","-","Saudi Arabia","USD","15.91"
"TURKEY","TURKEY (REPUBLIC OF)","Fixed Income","0.18","101.53","17,730,000.00","18,303,146.88","18,303,146.88","Sovereign","US900123BZ27","6.25","Sep 26, 2022","-","Turkey","USD","2.91"
"ECUA","ECUADOR REPUBLIC OF (GOVERNMENT) RegS","Fixed Income","0.18","108.60","16,700,000.00","18,279,077.78","18,279,077.78","Sovereign","XS1626530320","9.63","Jun 2, 2027","-","Ecuador","USD","5.71"
"ARGENT","ARGENTINA REPUBLIC OF GOVERNMENT","Fixed Income","0.18","81.59","21,989,000.00","18,276,981.94","18,276,981.94","Sovereign","US040114GY03","7.63","Apr 22, 2046","-","Argentina","USD","9.89"
"KSA","SAUDI ARABIA (KINGDOM OF) RegS","Fixed Income","0.18","109.80","16,475,000.00","18,245,719.27","18,245,719.27","Sovereign","XS1936302865","4.38","Apr 16, 2029","-","Saudi Arabia","USD","8.00"
"IVYCST","COTE D IVOIRE (REPUBLIC OF) RegS","Fixed Income","0.18","99.88","17,885,000.00","18,245,867.14","18,245,867.14","Sovereign","XS1196517434","6.38","Mar 3, 2028","-","Cote D'Ivoire (Ivory Coast)","USD","5.98"
"PKSTAN","THE THIRD PAKISTAN INTERNATIONAL S RegS","Fixed Income","0.18","101.44","17,431,000.00","17,897,279.25","17,897,279.25","Sovereign","XS1501659384","5.50","Oct 13, 2021","-","Pakistan","USD","2.13"
"MEX","MEXICO (UNITED MEXICAN STATES) (GO","Fixed Income","0.18","103.63","16,890,000.00","17,849,727.33","17,849,727.33","Sovereign","US91086QBF46","4.60","Jan 23, 2046","-","Mexico","USD","15.05"
"OMAN","OMAN SULTANATE OF (GOVERNMENT) MTN RegS","Fixed Income","0.18","98.13","17,842,000.00","17,848,876.60","17,848,876.60","Sovereign","XS1750113406","4.13","Jan 17, 2023","-","Oman","USD","3.24"
"KSA","SAUDI ARABIA (KINGDOM OF) RegS","Fixed Income","0.18","116.97","14,900,000.00","17,795,566.67","17,795,566.67","Sovereign","XS1936302949","5.25","Jan 16, 2050","-","Saudi Arabia","USD","15.74"
"INDON","INDONESIA (REPUBLIC OF) RegS","Fixed Income","0.18","145.50","11,811,000.00","17,609,626.85","17,609,626.85","Sovereign","USY20721AL30","7.75","Jan 17, 2038","-","Indonesia","USD","11.10"
"BRAZIL","BRAZIL FEDERATIVE REPUBLIC OF (GOV","Fixed Income","0.18","103.28","16,700,000.00","17,448,368.75","17,448,368.75","Sovereign","US105756CA66","4.50","May 30, 2029","-","Brazil","USD","7.88"
"RUSSIA","RUSSIAN FEDERATION RegS","Fixed Income","0.18","122.85","14,000,000.00","17,445,750.00","17,445,750.00","Sovereign","XS0971721963","5.88","Sep 16, 2043","-","Russian Federation","USD","13.74"
"TURKEY","TURKEY (REPUBLIC OF)","Fixed Income","0.18","98.34","17,370,000.00","17,368,070.00","17,368,070.00","Sovereign","US900123CF53","5.75","Mar 22, 2024","-","Turkey","USD","4.09"
"PSALM","POWER SECTOR ASSETS AND LIABILITIE RegS","Fixed Income","0.17","123.00","13,956,000.00","17,257,555.41","17,257,555.41","Government Guaranteed","USY7083VAD11","7.39","Dec 2, 2024","-","Philippines","USD","4.59"
"PHILIP","PHILIPPINES (REPUBLIC OF)","Fixed Income","0.17","135.97","12,407,000.00","17,240,948.14","17,240,948.14","Sovereign","US718286BD89","6.38","Jan 15, 2032","-","Philippines","USD","9.09"
"BHRAIN","BAHRAIN (KINGDOM OF) RegS","Fixed Income","0.17","107.13","15,789,000.00","17,224,812.19","17,224,812.19","Sovereign","XS1675862012","6.75","Sep 20, 2029","-","Bahrain","USD","7.43"
"ARGENT","ARGENTINA REPUBLIC OF GOVERNMENT","Fixed Income","0.17","77.16","22,193,000.00","17,149,640.75","17,149,640.75","Sovereign","US040114HN39","7.13","Jun 28, 2117","-","Argentina","USD","10.64"
"ZAMBIN","ZAMBIA (REPUBLIC OF) RegS","Fixed Income","0.17","66.50","24,376,000.00","17,145,387.75","17,145,387.75","Sovereign","XS1267081575","8.97","Jul 30, 2027","-","Zambia","USD","4.60"
"USD","USD CASH","Cash","0.17","100.00","16,949,395.00","16,949,395.17","16,949,395.17","Cash and/or Derivatives","-","0.00","-","-","United States","USD","0.00"
"INDON","INDONESIA (REPUBLIC OF) MTN RegS","Fixed Income","0.17","137.28","12,028,000.00","16,895,581.25","16,895,581.25","Sovereign","USY20721BK48","6.75","Jan 15, 2044","-","Indonesia","USD","13.39"
"INDON","INDONESIA (REPUBLIC OF) RegS","Fixed Income","0.17","114.81","14,383,000.00","16,863,767.85","16,863,767.85","Sovereign","USY20721BB49","5.25","Jan 17, 2042","-","Indonesia","USD","13.50"
"KSA","SAUDI ARABIA (KINGDOM OF) MTN RegS","Fixed Income","0.17","111.05","15,000,000.00","16,803,750.00","16,803,750.00","Sovereign","XS1791939066","4.50","Apr 17, 2030","-","Saudi Arabia","USD","8.62"
"TURKEY","TURKEY REPUBLIC OF (GOVERNMENT)","Fixed Income","0.17","79.06","20,971,000.00","16,801,703.06","16,801,703.06","Sovereign","US900123CB40","4.88","Apr 16, 2043","-","Turkey","USD","12.58"
"PEMEX","PETROLEOS MEXICANOS MTN","Fixed Income","0.17","101.80","15,923,000.00","16,665,741.60","16,665,741.60","Owned No Guarantee","US71654QCB68","6.88","Aug 4, 2026","-","Mexico","USD","5.53"
"INDON","INDONESIA (REPUBLIC OF) MTN RegS","Fixed Income","0.17","109.38","14,841,000.00","16,578,942.94","16,578,942.94","Sovereign","USY20721BN86","4.75","Jan 8, 2026","-","Indonesia","USD","5.55"
"HAOHUA","CNAC HK FINBRIDGE CO LTD RegS","Fixed Income","0.16","111.28","14,500,000.00","16,362,847.22","16,362,847.22","Owned No Guarantee","XS1788513734","5.13","Mar 14, 2028","-","China","USD","7.05"
"ESKOM","ESKOM HOLDINGS SOC LTD MTN RegS","Fixed Income","0.16","105.75","14,997,000.00","16,275,494.25","16,275,494.25","Owned No Guarantee","XS0958072240","6.75","Aug 6, 2023","-","South Africa","USD","3.54"
"MEX","MEXICO (UNITED MEXICAN STATES) (GO MTN","Fixed Income","0.16","105.30","15,166,000.00","16,253,054.65","16,253,054.65","Sovereign","US91086QBG29","4.13","Jan 21, 2026","-","Mexico","USD","5.68"
"ESKOM","ESKOM HOLDINGS SOC LTD MTN RegS","Fixed Income","0.16","108.95","14,559,000.00","16,232,465.33","16,232,465.33","Owned No Guarantee","XS1864523300","6.35","Aug 10, 2028","-","South Africa","USD","6.92"
"SOAF","SOUTH AFRICA (REPUBLIC OF)","Fixed Income","0.16","103.50","15,389,000.00","16,128,719.31","16,128,719.31","Sovereign","US836205AW44","4.85","Sep 27, 2027","-","South Africa","USD","6.76"
"PEMEX","PETROLEOS MEXICANOS MTN","Fixed Income","0.16","86.68","17,953,000.00","16,011,446.28","16,011,446.28","Owned No Guarantee","US71654QCL41","6.35","Feb 12, 2048","-","Mexico","USD","11.74"
"BNDES","BANCO NACIONAL DE DESENVOLVIMENTO RegS","Fixed Income","0.16","109.34","14,346,000.00","15,911,009.12","15,911,009.12","Owned No Guarantee","USP14486AJ63","5.75","Sep 26, 2023","-","Brazil","USD","3.75"
"RUSSIA","RUSSIAN FEDERATION RegS","Fixed Income","0.16","104.75","15,000,000.00","15,902,083.33","15,902,083.33","Sovereign","RU000A0ZYYN4","4.38","Mar 21, 2029","-","Russian Federation","USD","7.89"
"SOAF","SOUTH AFRICA (REPUBLIC OF)","Fixed Income","0.16","101.19","15,318,000.00","15,865,831.25","15,865,831.25","Sovereign","US836205AS32","5.38","Jul 24, 2044","-","South Africa","USD","13.41"
"QATAR","QATAR (STATE OF) RegS","Fixed Income","0.16","104.00","14,925,000.00","15,677,313.28","15,677,313.28","Sovereign","XS1959337236","3.38","Mar 14, 2024","-","Qatar","USD","4.31"
"LEBAN","LEBANON REPUBLIC OF (GOVERNMENT) MTN RegS","Fixed Income","0.16","79.94","19,371,000.00","15,611,815.31","15,611,815.31","Sovereign","XS0859366899","6.75","Nov 29, 2027","-","Lebanon","USD","6.18"
"MEX","MEXICO (UNITED MEXICAN STATES)","Fixed Income","0.16","110.66","13,866,000.00","15,525,201.71","15,525,201.71","Sovereign","US91086QAZ19","5.75","Oct 12, 2110","-","Mexico","USD","17.64"
"BHRAIN","BAHRAIN KINGDOM OF (GOVERNMENT) RegS","Fixed Income","0.15","93.75","16,022,000.00","15,303,680.33","15,303,680.33","Sovereign","XS1110833123","6.00","Sep 19, 2044","-","Bahrain","USD","12.31"
"LEBAN","LEBANON (REPUBLIC OF) MTN RegS","Fixed Income","0.15","79.88","18,667,000.00","15,276,865.39","15,276,865.39","Sovereign","XS1586230481","7.00","Mar 23, 2032","-","Lebanon","USD","7.79"
"MEX","MEXICO (UNITED MEXICAN STATES) (GO","Fixed Income","0.15","104.53","14,337,000.00","15,252,278.06","15,252,278.06","Sovereign","US91087BAD29","4.60","Feb 10, 2048","-","Mexico","USD","15.68"
"SOAF","SOUTH AFRICA (REPUBLIC OF)","Fixed Income","0.15","107.22","13,942,000.00","15,028,072.12","15,028,072.12","Sovereign","US836205AL88","5.88","May 30, 2022","-","South Africa","USD","2.69"
"SAFTRA","TRANSNET SOC LTD MTN RegS","Fixed Income","0.15","100.61","14,587,000.00","14,931,334.24","14,931,334.24","Owned No Guarantee","XS0809571739","4.00","Jul 26, 2022","-","South Africa","USD","2.84"
"PHILIP","PHILIPPINES (REPUBLIC OF)","Fixed Income","0.15","118.25","12,398,000.00","14,838,684.06","14,838,684.06","Sovereign","US718286BN61","5.50","Mar 30, 2026","-","Philippines","USD","5.70"
"OMAN","OMAN SULTANATE OF (GOVERNMENT) RegS","Fixed Income","0.15","99.00","14,776,000.00","14,814,325.25","14,814,325.25","Sovereign","XS1575874471","3.88","Mar 8, 2022","-","Oman","USD","2.52"
"QATAR","QATAR (STATE OF) RegS","Fixed Income","0.15","115.13","12,800,000.00","14,788,622.22","14,788,622.22","Sovereign","XS1405781854","4.63","Jun 2, 2046","-","Qatar","USD","15.95"
"INDON","INDONESIA (REPUBLIC OF) RegS","Fixed Income","0.15","151.53","9,591,000.00","14,719,054.60","14,719,054.60","Sovereign","USY20721AE96","8.50","Oct 12, 2035","-","Indonesia","USD","10.18"
"CHILE","CHILE (REPUBLIC OF)","Fixed Income","0.15","102.32","14,300,000.00","14,645,662.78","14,645,662.78","Sovereign","US168863DL94","3.50","Jan 25, 2050","-","Chile","USD","18.46"
"MEX","MEXICO (UNITED MEXICAN STATES) (GO","Fixed Income","0.15","102.75","13,980,000.00","14,617,837.50","14,617,837.50","Sovereign","US91087BAE02","3.75","Jan 11, 2028","-","Mexico","USD","7.19"
"INDON","INDONESIA (REPUBLIC OF) MTN RegS","Fixed Income","0.15","113.81","12,503,000.00","14,530,786.90","14,530,786.90","Sovereign","USY20721BM04","5.13","Jan 15, 2045","-","Indonesia","USD","14.51"
"INDON","INDONESIA (REPUBLIC OF) MTN RegS","Fixed Income","0.15","112.22","12,600,000.00","14,487,068.75","14,487,068.75","Sovereign","USY20721BJ74","5.88","Jan 15, 2024","-","Indonesia","USD","3.95"
"PEMEX","PETROLEOS MEXICANOS","Fixed Income","0.15","87.20","16,039,000.00","14,443,286.57","14,443,286.57","Owned No Guarantee","US71654QBR20","6.38","Jan 23, 2045","-","Mexico","USD","11.34"
"INDOIS","PERUSAHAAN PENERBIT SURAT BERHARGA MTN RegS","Fixed Income","0.14","105.34","13,462,000.00","14,328,803.22","14,328,803.22","Sovereign","US71567RAH93","4.15","Mar 29, 2027","-","Indonesia","USD","6.60"
"TURKEY","TURKEY (REPUBLIC OF)","Fixed Income","0.14","104.09","13,715,000.00","14,306,840.35","14,306,840.35","Sovereign","US900123CR91","7.25","Dec 23, 2023","-","Turkey","USD","3.88"
"ARAMCO","SAUDI ARABIAN OIL CO MTN RegS","Fixed Income","0.14","103.62","13,650,000.00","14,269,687.25","14,269,687.25","Owned No Guarantee","XS1982113463","4.25","Apr 16, 2039","-","Saudi Arabia","USD","13.33"
"BHRAIN","BAHRAIN (KINGDOM OF) RegS","Fixed Income","0.14","109.13","12,650,000.00","14,192,948.61","14,192,948.61","Sovereign","XS1324931895","7.00","Jan 26, 2026","-","Bahrain","USD","5.24"
"SINOPE","SINOPEC GROUP OVERSEAS DEVELOPMENT RegS","Fixed Income","0.14","106.56","13,185,000.00","14,175,235.25","14,175,235.25","Owned No Guarantee","USG8200QAB26","4.38","Oct 17, 2023","-","China","USD","3.90"
"TURKEY","TURKEY (REPUBLIC OF)","Fixed Income","0.14","95.50","14,627,000.00","14,142,988.51","14,142,988.51","Sovereign","US900123CQ19","6.13","Oct 24, 2028","-","Turkey","USD","7.01"
"SHARSK","SHARJAH SUKUK PROGRAM LTD MTN RegS","Fixed Income","0.14","103.13","13,575,000.00","14,131,467.15","14,131,467.15","Sovereign","XS1969593356","3.85","Apr 3, 2026","-","United Arab Emirates","USD","5.91"
"ARAMCO","SAUDI ARABIAN OIL CO MTN RegS","Fixed Income","0.14","102.16","13,700,000.00","14,101,554.61","14,101,554.61","Owned No Guarantee","XS1982113208","3.50","Apr 16, 2029","-","Saudi Arabia","USD","8.24"
"TURKEY","TURKEY (REPUBLIC OF)","Fixed Income","0.14","134.66","10,044,000.00","14,084,791.88","14,084,791.88","Sovereign","US900123AL40","11.88","Jan 15, 2030","-","Turkey","USD","6.54"
"SDBC","CHINA DEVELOPMENT BANK CORP (HONG MTN RegS","Fixed Income","0.14","100.10","13,977,000.00","14,025,385.05","14,025,385.05","Owned No Guarantee","XS1573944870","3.17","Mar 6, 2022","-","China","USD","0.18"
"SOAF","SOUTH AFRICA (REPUBLIC OF)","Fixed Income","0.14","96.94","14,258,000.00","13,983,731.53","13,983,731.53","Sovereign","US836205AV60","5.00","Oct 12, 2046","-","South Africa","USD","14.35"
"COLOM","COLOMBIA (REPUBLIC OF)","Fixed Income","0.14","123.59","11,109,000.00","13,837,840.99","13,837,840.99","Sovereign","US195325BD67","8.13","May 21, 2024","-","Colombia","USD","4.15"
"CHGRID","STATE GRID OVERSEAS INVESTMENT 201 RegS","Fixed Income","0.14","106.72","12,762,000.00","13,702,798.69","13,702,798.69","Owned No Guarantee","USG8449WAC85","4.13","May 7, 2024","-","China","USD","4.39"
"BHRAIN","CBB INTERNATIONAL SUKUK COMPANY 5 RegS","Fixed Income","0.14","104.75","12,790,000.00","13,683,250.76","13,683,250.76","Sovereign","XS1405770733","5.62","Feb 12, 2024","-","Bahrain","USD","4.02"
"PEMEX","PETROLEOS MEXICANOS","Fixed Income","0.14","89.31","15,213,000.00","13,677,374.43","13,677,374.43","Owned No Guarantee","US71654QAZ54","6.50","Jun 2, 2041","-","Mexico","USD","11.05"
"MEX","MEXICO (UNITED MEXICAN STATES)","Fixed Income","0.14","102.85","13,010,000.00","13,581,139.00","13,581,139.00","Sovereign","US91087BAA89","3.60","Jan 30, 2025","-","Mexico","USD","4.99"
"EXIMCH","EXPORT-IMPORT BANK OF CHINA RegS","Fixed Income","0.14","104.75","12,717,000.00","13,518,259.31","13,518,259.31","Owned No Guarantee","USY23862AF56","3.63","Jul 31, 2024","-","China","USD","4.59"
"PEMEX","PETROLEOS MEXICANOS","Fixed Income","0.14","93.27","14,321,000.00","13,409,905.94","13,409,905.94","Owned No Guarantee","US706451BG56","6.63","Jun 15, 2035","-","Mexico","USD","9.66"
"ARAMCO","SAUDI ARABIAN OIL CO MTN RegS","Fixed Income","0.13","103.30","12,800,000.00","13,344,117.33","13,344,117.33","Owned No Guarantee","XS1982116136","4.38","Apr 16, 2049","-","Saudi Arabia","USD","16.43"
"TURKEY","TURKEY (REPUBLIC OF)","Fixed Income","0.13","95.09","13,837,000.00","13,248,927.50","13,248,927.50","Sovereign","US900123BG46","6.75","May 30, 2040","-","Turkey","USD","10.92"
"HAOHUA","CNAC HK FINBRIDGE CO LTD RegS","Fixed Income","0.13","100.75","12,932,000.00","13,237,698.11","13,237,698.11","Owned No Guarantee","XS1644429695","3.50","Jul 19, 2022","-","China","USD","2.84"
"ZAMBIN","ZAMBIA (REPUBLIC OF) RegS","Fixed Income","0.13","66.75","19,237,000.00","13,204,063.06","13,204,063.06","Sovereign","XS1056386714","8.50","Apr 14, 2024","-","Zambia","USD","3.70"
"INDOIS","PERUSAHAAN PENERBIT SBSN INDONESIA RegS","Fixed Income","0.13","105.97","12,398,000.00","13,191,626.97","13,191,626.97","Sovereign","US71567RAD89","4.33","May 28, 2025","-","Indonesia","USD","5.22"
"TURKEY","TURKEY (REPUBLIC OF)","Fixed Income","0.13","90.47","14,160,000.00","13,088,560.00","13,088,560.00","Sovereign","US900123CP36","5.13","Feb 17, 2028","-","Turkey","USD","6.77"
"SINOPE","SINOPEC GROUP OVERSEAS DEVELOPMENT RegS","Fixed Income","0.13","99.75","12,990,000.00","13,057,656.25","13,057,656.25","Owned No Guarantee","USG8201NAG72","2.50","Sep 13, 2022","-","China","USD","3.04"
"TURKSK","HAZINE MUSTESARLIGI VARLIK KIRALAM RegS","Fixed Income","0.13","100.47","12,650,000.00","12,980,358.26","12,980,358.26","Sovereign","XS1816199373","5.80","Feb 21, 2022","-","Turkey","USD","2.41"
"SINOPE","SINOPEC GROUP OVERSEAS DEVELOPMENT RegS","Fixed Income","0.13","107.09","11,969,000.00","12,940,234.48","12,940,234.48","Owned No Guarantee","USG82003AE76","4.38","Apr 10, 2024","-","China","USD","4.30"
"ARGENT","ARGENTINA REPUBLIC OF GOVERNMENT MTN","Fixed Income","0.13","79.72","15,542,000.00","12,940,495.85","12,940,495.85","Sovereign","US040114HG87","7.13","Jul 6, 2036","-","Argentina","USD","8.71"
"INDON","INDONESIA (REPUBLIC OF) MTN RegS","Fixed Income","0.13","105.44","11,993,000.00","12,877,358.82","12,877,358.82","Sovereign","USY20721BG36","4.13","Jan 15, 2025","-","Indonesia","USD","4.89"
"SINOPE","SINOPEC GROUP OVERSEAS DEVELOPMENT RegS","Fixed Income","0.13","102.25","12,499,000.00","12,854,700.71","12,854,700.71","Owned No Guarantee","USG8201JAC56","3.25","Apr 28, 2025","-","China","USD","5.28"
"OMGRID","LAMAR FUNDING LTD RegS","Fixed Income","0.13","88.78","14,140,000.00","12,642,281.77","12,642,281.77","Owned No Guarantee","XS1117297355","3.96","May 7, 2025","-","Oman","USD","5.15"
"CHINA","CHINA PEOPLES REPUBLIC OF (GOVERNM RegS","Fixed Income","0.13","104.40","12,000,000.00","12,609,546.40","12,609,546.40","Sovereign","XS1891571348","3.25","Oct 19, 2023","-","China","USD","3.99"
"SINOPE","SINOPEC GROUP OVERSEAS DEVELOPMENT RegS","Fixed Income","0.13","103.41","12,110,000.00","12,584,156.96","12,584,156.96","Owned No Guarantee","USG8189YAB05","3.90","May 17, 2022","-","China","USD","2.71"
"PEMEX","PETROLEOS MEXICANOS MTN","Fixed Income","0.12","91.07","13,289,000.00","12,383,307.84","12,383,307.84","Owned No Guarantee","US71654QCK67","5.35","Feb 12, 2028","-","Mexico","USD","6.70"
"SRILAN","SRI LANKA (DEMOCRATIC SOCIALIST RE RegS","Fixed Income","0.12","101.75","12,150,000.00","12,380,170.28","12,380,170.28","Sovereign","USY8137FAR92","7.55","Mar 28, 2030","-","Sri Lanka","USD","7.49"
"COLOM","COLOMBIA (REPUBLIC OF)","Fixed Income","0.12","100.16","12,259,000.00","12,376,482.08","12,376,482.08","Sovereign","USP3772NHK11","2.63","Mar 15, 2023","-","Colombia","USD","3.37"
"TURKEY","TURKEY (REPUBLIC OF)","Fixed Income","0.12","107.47","11,094,000.00","12,267,729.79","12,267,729.79","Sovereign","US900123AT75","8.00","Feb 14, 2034","-","Turkey","USD","8.70"
"MEX","MEXICO (UNITED MEXICAN STATES) (GO","Fixed Income","0.12","108.25","11,201,000.00","12,225,891.50","12,225,891.50","Sovereign","US91087BAF76","4.50","Apr 22, 2029","-","Mexico","USD","7.97"
"HAOHUA","CNAC HK FINBRIDGE CO LTD RegS","Fixed Income","0.12","104.88","11,470,000.00","12,192,729.48","12,192,729.48","Owned No Guarantee","XS1788513494","4.63","Mar 14, 2023","-","China","USD","3.37"
"MEX","MEXICO (UNITED MEXICAN STATES) MTN","Fixed Income","0.12","102.53","11,740,000.00","12,166,023.40","12,166,023.40","Sovereign","US91086QBA58","3.63","Mar 15, 2022","-","Mexico","USD","2.55"
"SHARSK","SHARJAH SUKUK PROGRAM LTD MTN RegS","Fixed Income","0.12","104.19","11,500,000.00","12,131,409.42","12,131,409.42","Sovereign","XS1791326991","4.23","Mar 14, 2028","-","United Arab Emirates","USD","7.24"
"CHGRID","STATE GRID OVERSEAS INVESTMENT (20 MTN RegS","Fixed Income","0.12","100.47","11,897,000.00","12,007,295.10","12,007,295.10","Owned No Guarantee","USG8450LAG98","2.75","May 4, 2022","-","China","USD","2.71"
"INDON","INDONESIA (REPUBLIC OF) RegS","Fixed Income","0.12","131.03","8,978,000.00","11,990,337.22","11,990,337.22","Sovereign","USY20721AJ83","6.63","Feb 17, 2037","-","Indonesia","USD","11.17"
"BHRAIN","CBB INTERNATIONAL SUKUK CO 7 SPC RegS","Fixed Income","0.12","111.13","10,600,000.00","11,959,413.19","11,959,413.19","Sovereign","XS1802362951","6.88","Oct 5, 2025","-","Bahrain","USD","5.13"
"INDOIS","PERUSAHAAN PENERBIT SURAT BERHARGA MTN RegS","Fixed Income","0.12","107.19","10,991,000.00","11,946,209.49","11,946,209.49","Sovereign","US71567RAK23","4.40","Mar 1, 2028","-","Indonesia","USD","7.18"
"KSA","SAUDI ARABIA (KINGDOM OF) MTN RegS","Fixed Income","0.12","101.55","11,600,000.00","11,890,966.67","11,890,966.67","Sovereign","XS1694216687","2.88","Mar 4, 2023","-","Saudi Arabia","USD","3.45"
"PERTIJ","PERTAMINA PERSERO PT MTN RegS","Fixed Income","0.12","123.34","9,520,000.00","11,800,317.67","11,800,317.67","Owned No Guarantee","US69370RAA59","6.45","May 30, 2044","-","Indonesia","USD","13.46"
"OILGAS","OIL AND GAS HOLDING CO BSC CLOSED RegS","Fixed Income","0.12","106.81","10,900,000.00","11,799,250.00","11,799,250.00","Owned No Guarantee","US67778NAA63","7.50","Oct 25, 2027","-","Bahrain","USD","6.26"
"INDON","INDONESIA (REPUBLIC OF)","Fixed Income","0.12","104.41","11,060,000.00","11,779,867.75","11,779,867.75","Sovereign","US455780CE46","4.35","Jan 11, 2048","-","Indonesia","USD","16.04"
"INDOIS","PERUSAHAAN PENERBIT SBSN INDONESIA RegS","Fixed Income","0.12","107.41","10,832,000.00","11,764,304.22","11,764,304.22","Sovereign","US71567RAF38","4.55","Mar 29, 2026","-","Indonesia","USD","5.80"
"CNOOC","CNOOC CURTIS FUNDING NO 1 PTY LTD RegS","Fixed Income","0.12","107.31","10,832,000.00","11,747,304.00","11,747,304.00","Owned No Guarantee","USQ25738AA54","4.50","Oct 3, 2023","-","China","USD","3.86"
"MINASG","BRAZIL MINAS SPE RegS","Fixed Income","0.12","105.13","10,926,000.00","11,709,319.54","11,709,319.54","Government Guaranteed","USG13201AA91","5.33","Feb 15, 2028","-","Brazil","USD","3.98"
"PEMEX","PETROLEOS MEXICANOS","Fixed Income","0.12","95.38","12,045,000.00","11,669,430.21","11,669,430.21","Owned No Guarantee","US71654QBG64","3.50","Jan 30, 2023","-","Mexico","USD","3.31"
"ARGENT","ARGENTINA REPUBLIC OF GOVERNMENT","Fixed Income","0.12","81.84","13,829,000.00","11,627,307.96","11,627,307.96","Sovereign","US040114HP86","4.63","Jan 11, 2023","-","Argentina","USD","3.15"
"INDON","INDONESIA (REPUBLIC OF) RegS","Fixed Income","0.12","102.88","11,013,000.00","11,408,779.69","11,408,779.69","Sovereign","USY20721BC22","3.75","Apr 25, 2022","-","Indonesia","USD","2.65"
"QATAR","SOQ SUKUK A QSC RegS","Fixed Income","0.11","103.00","10,800,000.00","11,285,401.80","11,285,401.80","Sovereign","XS0801656330","3.24","Jan 18, 2023","-","Qatar","USD","3.30"
"PEMEX","PETROLEOS MEXICANOS","Fixed Income","0.11","99.90","11,022,000.00","11,249,788.00","11,249,788.00","Owned No Guarantee","US71654QBB77","4.88","Jan 24, 2022","-","Mexico","USD","2.37"
"SINOPE","SINOPEC GROUP OVERSEAS DEVELOPMENT RegS","Fixed Income","0.11","103.99","10,661,000.00","11,175,630.34","11,175,630.34","Owned No Guarantee","USG8201NAC68","3.63","Apr 12, 2027","-","China","USD","6.75"
"INDON","INDONESIA (REPUBLIC OF) RegS","Fixed Income","0.11","116.53","9,308,000.00","11,085,634.08","11,085,634.08","Sovereign","USY20721BR90","5.25","Jan 8, 2047","-","Indonesia","USD","14.99"
"PERTIJ","PERTAMINA PERSERO PT MTN RegS","Fixed Income","0.11","111.03","9,722,000.00","10,861,296.88","10,861,296.88","Owned No Guarantee","USY7138AAF76","5.63","May 20, 2043","-","Indonesia","USD","13.53"
"VEBBNK","VEB FINANCE PLC MTN RegS","Fixed Income","0.11","106.75","10,050,000.00","10,799,703.76","10,799,703.76","Owned No Guarantee","XS0993162683","5.94","Nov 21, 2023","-","Russian Federation","USD","3.88"
"MEX","MEXICO (UNITED MEXICAN STATES) (GO","Fixed Income","0.11","100.47","10,496,000.00","10,759,537.07","10,759,537.07","Sovereign","US91087BAB62","4.35","Jan 15, 2047","-","Mexico","USD","15.54"
"BRAZIL","BRAZIL (FEDERATIVE REPUBLIC OF)","Fixed Income","0.11","126.62","8,334,000.00","10,714,821.24","10,714,821.24","Sovereign","US105756AR10","8.88","Apr 15, 2024","-","Brazil","USD","4.01"
"SDBC","CHINA DEVELOPMENT BANK CORP MTN RegS","Fixed Income","0.11","100.44","10,454,000.00","10,621,699.58","10,621,699.58","Owned No Guarantee","XS1553211134","2.63","Jan 24, 2022","-","China","USD","2.44"
"ARGENT","ARGENTINA (REPUBLIC OF)","Fixed Income","0.11","83.66","12,479,267.00","10,451,167.59","10,451,167.59","Sovereign","XS0501194756","8.28","Dec 31, 2033","-","Argentina","USD","6.25"
"PEMEX","PETROLEOS MEXICANOS MTN","Fixed Income","0.10","97.02","10,329,000.00","10,321,647.24","10,321,647.24","Owned No Guarantee","US71654QCP54","6.50","Jan 23, 2029","-","Mexico","USD","6.94"
"HAOHUA","CNAC HK FINBRIDGE CO LTD RegS","Fixed Income","0.10","103.38","9,800,000.00","10,316,031.25","10,316,031.25","Owned No Guarantee","XS1644429935","4.13","Jul 19, 2027","-","China","USD","6.76"
"PERTIJ","PERTAMINA PERSERO PT MTN RegS","Fixed Income","0.10","104.81","9,737,000.00","10,256,766.47","10,256,766.47","Owned No Guarantee","USY7138AAE02","4.30","May 20, 2023","-","Indonesia","USD","3.58"
"QATAR","QATAR (STATE OF) RegS","Fixed Income","0.10","163.00","6,250,000.00","10,221,354.17","10,221,354.17","Sovereign","XS0113419690","9.75","Jun 15, 2030","-","Qatar","USD","7.77"
"PEMEX","PETROLEOS MEXICANOS MTN","Fixed Income","0.10","98.50","10,221,000.00","10,202,935.80","10,202,935.80","Owned No Guarantee","US71654QCD25","4.63","Sep 21, 2023","-","Mexico","USD","3.79"
"EXIMCH","EXPORT-IMPORT BANK OF CHINA RegS","Fixed Income","0.10","100.46","10,027,000.00","10,153,184.11","10,153,184.11","Owned No Guarantee","XS1575044364","2.63","Mar 14, 2022","-","China","USD","2.58"
"CHINA","CHINA PEOPLES REPUBLIC OF (GOVERNM RegS","Fixed Income","0.10","108.94","9,200,000.00","10,089,333.33","10,089,333.33","Sovereign","XS1891574441","3.50","Oct 19, 2028","-","China","USD","7.95"
"VEBBNK","VEB FINANCE PLC RegS","Fixed Income","0.10","105.75","9,262,000.00","10,072,032.65","10,072,032.65","Owned No Guarantee","XS0800817073","6.03","Jul 5, 2022","-","Russian Federation","USD","2.70"
"VEBBNK","VNESHECONOMBANK MTN RegS","Fixed Income","0.10","110.38","9,050,000.00","10,060,734.17","10,060,734.17","Owned No Guarantee","XS0559915961","6.80","Nov 22, 2025","-","Russian Federation","USD","5.27"
"SINOPE","SINOPEC GROUP OVERSEAS DEVELOPMENT RegS","Fixed Income","0.10","100.75","9,890,000.00","10,031,756.67","10,031,756.67","Owned No Guarantee","USG8201NAA03","3.00","Apr 12, 2022","-","China","USD","2.64"
"INDON","INDONESIA (REPUBLIC OF) MTN RegS","Fixed Income","0.10","126.22","7,750,000.00","10,007,392.01","10,007,392.01","Sovereign","USY20721BP35","5.95","Jan 8, 2046","-","Indonesia","USD","14.29"
"MEXCAT","MEXICO CITY AIRPORT TRUST RegS","Fixed Income","0.10","99.61","9,765,000.00","9,956,299.06","9,956,299.06","Owned No Guarantee","USP6629MAD40","5.50","Jul 31, 2047","-","Mexico","USD","13.74"
"INDON","INDONESIA (REPUBLIC OF)","Fixed Income","0.10","111.88","8,672,000.00","9,935,221.33","9,935,221.33","Sovereign","US455780CH76","4.75","Feb 11, 2029","-","Indonesia","USD","7.68"
"INDOIS","PERUSAHAAN PENERBIT SBSN INDONESIA RegS","Fixed Income","0.10","105.78","9,207,000.00","9,866,106.11","9,866,106.11","Sovereign","US71567RAC07","4.35","Sep 10, 2024","-","Indonesia","USD","4.62"
"KSA","KSA SUKUK LTD MTN RegS","Fixed Income","0.10","108.65","8,860,000.00","9,802,186.67","9,802,186.67","Sovereign","XS1881581968","4.30","Jan 19, 2029","-","Saudi Arabia","USD","7.78"
"INDON","INDONESIA (REPUBLIC OF) RegS","Fixed Income","0.10","106.91","8,992,000.00","9,704,272.56","9,704,272.56","Sovereign","USY20721BE87","4.63","Apr 15, 2043","-","Indonesia","USD","14.49"
"MEX","MEXICO (UNITED MEXICAN STATES) MTN","Fixed Income","0.10","127.97","7,450,000.00","9,669,168.75","9,669,168.75","Sovereign","US91086QAS75","6.75","Sep 27, 2034","-","Mexico","USD","10.13"
"TURKEY","TURKEY (REPUBLIC OF)","Fixed Income","0.10","88.19","10,776,000.00","9,604,858.33","9,604,858.33","Sovereign","US900123CJ75","4.25","Apr 14, 2026","-","Turkey","USD","5.78"
"TURKEY","TURKEY (REPUBLIC OF)","Fixed Income","0.10","91.75","10,181,000.00","9,433,898.42","9,433,898.42","Sovereign","US900123CA66","3.25","Mar 23, 2023","-","Turkey","USD","3.46"
"SINOPE","SINOPEC GROUP OVERSEAS DEVELOPMENT RegS","Fixed Income","0.09","98.66","9,264,000.00","9,188,408.33","9,188,408.33","Owned No Guarantee","USG8200TAG51","2.00","Sep 29, 2021","-","China","USD","2.17"
"INDON","INDONESIA (REPUBLIC OF) MTN RegS","Fixed Income","0.09","101.88","8,949,000.00","9,183,072.28","9,183,072.28","Sovereign","USY20721BD05","3.38","Apr 15, 2023","-","Indonesia","USD","3.53"
"IDASAL","INDONESIA ASAHAN ALUMINIUM PERSERO RegS","Fixed Income","0.09","110.13","8,175,000.00","9,067,551.04","9,067,551.04","Owned No Guarantee","USY7140WAB47","5.71","Nov 15, 2023","-","Indonesia","USD","3.89"
"PEMEX","PETROLEOS MEXICANOS","Fixed Income","0.09","81.38","10,769,000.00","9,034,181.41","9,034,181.41","Owned No Guarantee","US71654QBX97","5.63","Jan 23, 2046","-","Mexico","USD","12.00"
"RAKS","RAK CAPITAL RegS","Fixed Income","0.09","100.06","8,955,000.00","9,032,942.33","9,032,942.33","Sovereign","XS1210507650","3.09","Mar 31, 2025","-","United Arab Emirates","USD","5.22"
"CHGRID","STATE GRID OVERSEAS INVESTMENT (20 RegS","Fixed Income","0.09","102.09","8,788,000.00","9,004,038.33","9,004,038.33","Owned No Guarantee","USG8449VAB20","3.13","May 22, 2023","-","China","USD","3.65"
"ARAMCO","SAUDI ARABIAN OIL CO MTN RegS","Fixed Income","0.09","101.20","8,800,000.00","8,961,119.44","8,961,119.44","Owned No Guarantee","XS1982112812","2.88","Apr 16, 2024","-","Saudi Arabia","USD","4.44"
"PLNIJ","PERUSAHAAN LISTRIK NEGARA (PERSERO MTN RegS","Fixed Income","0.09","102.03","8,699,000.00","8,924,539.70","8,924,539.70","Owned No Guarantee","US71568QAC15","4.13","May 15, 2027","-","Indonesia","USD","6.71"
"INDON","INDONESIA (REPUBLIC OF)","Fixed Income","0.09","120.44","7,175,000.00","8,858,912.71","8,858,912.71","Sovereign","US455780CJ33","5.35","Feb 11, 2049","-","Indonesia","USD","15.51"
"PLNIJ","PERUSAHAAN PERSEROAN (PERSERO) PT MTN RegS","Fixed Income","0.09","118.78","7,400,000.00","8,845,435.83","8,845,435.83","Owned No Guarantee","US71568QAF46","6.15","May 21, 2048","-","Indonesia","USD","14.44"
"INDON","INDONESIA (REPUBLIC OF) RegS","Fixed Income","0.09","107.16","8,031,000.00","8,776,511.04","8,776,511.04","Sovereign","USY20721BQ18","4.35","Jan 8, 2027","-","Indonesia","USD","6.35"
"MINMET","CHINA MINMETALS CORP RegS","Fixed Income","0.09","99.19","8,754,000.00","8,729,379.38","8,729,379.38","Owned No Guarantee","XS1713666318","3.75","Dec 31, 2049","-","China","USD","3.15"
"MEX","MEXICO (UNITED MEXICAN STATES) MTN","Fixed Income","0.09","141.59","6,010,000.00","8,702,388.18","8,702,388.18","Sovereign","US91086QAG38","8.30","Aug 15, 2031","-","Mexico","USD","8.30"
"INDOIS","PERUSAHAAN PENERBIT SURAT BERHARGA MTN RegS","Fixed Income","0.09","107.91","7,925,000.00","8,682,839.13","8,682,839.13","Sovereign","US71567RAM88","4.45","Feb 20, 2029","-","Indonesia","USD","7.81"
"CHINA","CHINA PEOPLES REPUBLIC OF (GOVERNM RegS","Fixed Income","0.09","101.91","8,473,000.00","8,672,821.58","8,672,821.58","Sovereign","XS1706605281","2.63","Nov 2, 2027","-","China","USD","7.44"
"ACIRC","AMBER CIRCLE FUNDING LTD RegS","Fixed Income","0.09","101.59","8,458,000.00","8,615,706.46","8,615,706.46","Owned No Guarantee","XS0860855344","3.25","Dec 4, 2022","-","China","USD","3.23"
"TURKSK","HAZINE MUSTESARLIGI VARLIK KIRALAM RegS","Fixed Income","0.09","96.75","8,780,000.00","8,602,046.96","8,602,046.96","Sovereign","XS1586385178","5.00","Apr 6, 2023","-","Turkey","USD","3.40"
"PERTIJ","PERTAMINA (PERSERO) PT RegS","Fixed Income","0.09","115.97","7,256,000.00","8,488,461.83","8,488,461.83","Owned No Guarantee","USY7138AAD29","6.00","May 3, 2042","-","Indonesia","USD","13.02"
"EXIMCH","EXPORT-IMPORT BANK OF CHINA RegS","Fixed Income","0.08","100.16","8,316,000.00","8,374,154.25","8,374,154.25","Owned No Guarantee","XS1395523779","2.88","Apr 26, 2026","-","China","USD","6.15"
"INDON","INDONESIA (REPUBLIC OF)","Fixed Income","0.08","101.38","8,080,000.00","8,327,001.11","8,327,001.11","Sovereign","US455780CD62","3.50","Jan 11, 2028","-","Indonesia","USD","7.26"
"CHINA","CHINA PEOPLES REPUBLIC OF (GOVERNM RegS","Fixed Income","0.08","99.93","8,100,000.00","8,123,726.70","8,123,726.70","Sovereign","XS1706605109","2.13","Nov 2, 2022","-","China","USD","3.20"
"PERTIJ","PERTAMINA (PERSERO) PT RegS","Fixed Income","0.08","105.56","7,606,000.00","8,091,912.48","8,091,912.48","Owned No Guarantee","USY7138AAC46","4.88","May 3, 2022","-","Indonesia","USD","2.64"
"SINOPE","SINOPEC GROUP OVERSEAS DEVELOPMENT RegS","Fixed Income","0.08","117.43","6,851,000.00","8,088,664.55","8,088,664.55","Owned No Guarantee","USG8189YAC87","4.88","May 17, 2042","-","China","USD","14.35"
"YANTZE","THREE GORGES FINANCE I (CAYMAN ISL RegS","Fixed Income","0.08","101.00","7,821,000.00","7,921,108.80","7,921,108.80","Owned No Guarantee","USG8850LAC49","3.15","Jun 2, 2026","-","China","USD","6.20"
"INDOIS","PERUSAHAAN PENERBIT SURAT BERHARGA RegS","Fixed Income","0.08","103.31","7,573,000.00","7,920,884.69","7,920,884.69","Sovereign","US71567RAJ59","3.75","Mar 1, 2023","-","Indonesia","USD","3.39"
"PEMEX","PETROLEOS MEXICANOS","Fixed Income","0.08","81.50","9,699,000.00","7,915,057.54","7,915,057.54","Owned No Guarantee","US71654QBE17","5.50","Jun 27, 2044","-","Mexico","USD","12.28"
"PEMEX","PETROLEOS MEXICANOS MTN","Fixed Income","0.08","92.31","8,308,000.00","7,836,936.40","7,836,936.40","Owned No Guarantee","US71654QBW15","4.50","Jan 23, 2026","-","Mexico","USD","5.54"
"PEMEX","PETROLEOS MEXICANOS","Fixed Income","0.08","98.40","7,551,000.00","7,599,924.19","7,599,924.19","Owned No Guarantee","US71654QBH48","4.88","Jan 18, 2024","-","Mexico","USD","4.00"
"INDON","INDONESIA (REPUBLIC OF)","Fixed Income","0.08","106.25","7,020,000.00","7,514,715.00","7,514,715.00","Sovereign","US455780CF11","4.10","Apr 24, 2028","-","Indonesia","USD","7.40"
"PEMEX","PETROLEOS MEXICANOS","Fixed Income","0.07","101.00","7,099,000.00","7,287,641.14","7,287,641.14","Owned No Guarantee","US71654QCE08","5.38","Mar 13, 2022","-","Mexico","USD","2.48"
"INDON","INDONESIA (REPUBLIC OF) MTN RegS","Fixed Income","0.07","104.00","6,822,000.00","7,215,989.45","7,215,989.45","Sovereign","USY20721BT56","3.85","Jul 18, 2027","-","Indonesia","USD","6.83"
"TURKEY","TURKEY (REPUBLIC OF)","Fixed Income","0.07","100.44","6,987,000.00","7,185,013.52","7,185,013.52","Sovereign","US900123BB58","7.25","Mar 5, 2038","-","Turkey","USD","10.08"
"IDASAL","INDONESIA ASAHAN ALUMINIUM PERSERO RegS","Fixed Income","0.07","119.00","5,975,000.00","7,163,356.13","7,163,356.13","Owned No Guarantee","USY7140WAC20","6.53","Nov 15, 2028","-","Indonesia","USD","7.24"
"INDON","INDONESIA (REPUBLIC OF) MTN RegS","Fixed Income","0.07","109.13","6,400,000.00","7,124,177.78","7,124,177.78","Sovereign","USY20721BU20","4.75","Jul 18, 2047","-","Indonesia","USD","15.51"
"CFELEC","COMISION FEDERAL DE ELECTRICIDAD RegS","Fixed Income","0.07","103.97","6,700,000.00","7,119,238.54","7,119,238.54","Owned No Guarantee","USP30179AM09","4.88","Jan 15, 2024","-","Mexico","USD","4.01"
"INDON","INDONESIA (REPUBLIC OF) MTN RegS","Fixed Income","0.07","109.94","6,373,000.00","7,079,584.25","7,079,584.25","Sovereign","USY20721BH19","5.38","Oct 17, 2023","-","Indonesia","USD","3.84"
"ARGENT","ARGENTINA REPUBLIC OF GOVERNMENT MTN","Fixed Income","0.07","79.81","8,409,000.00","6,986,886.27","6,986,886.27","Sovereign","US040114HF05","6.63","Jul 6, 2028","-","Argentina","USD","6.31"
"PLBIIJ","PELABUHAN INDONESIA (PELINDO) II P RegS","Fixed Income","0.07","104.56","6,613,000.00","6,960,779.51","6,960,779.51","Owned No Guarantee","USY7133MAC39","4.25","May 5, 2025","-","Indonesia","USD","5.17"
"TURKEY","TURKEY REPUBLIC OF (GOVERNMENT)","Fixed Income","0.07","99.06","6,891,000.00","6,923,516.91","6,923,516.91","Sovereign","US900123BY51","5.13","Mar 25, 2022","-","Turkey","USD","2.52"
"PLNIJ","PERUSAHAAN LISTRIK NEGARA (PERSERO MTN RegS","Fixed Income","0.07","111.19","5,983,000.00","6,691,295.79","6,691,295.79","Owned No Guarantee","US71568QAE70","5.45","May 21, 2028","-","Indonesia","USD","7.15"
"INDOIS","PERUSAHAAN PENERBIT SURAT BERHARGA RegS","Fixed Income","0.07","101.57","6,514,000.00","6,674,772.83","6,674,772.83","Sovereign","US71567RAG11","3.40","Mar 29, 2022","-","Indonesia","USD","2.59"
"TURKSK","TURKEY REPUBLIC OF (GOVERNMENT) RegS","Fixed Income","0.07","92.01","7,170,000.00","6,631,986.02","6,631,986.02","Sovereign","XS1141043296","4.49","Nov 25, 2024","-","Turkey","USD","4.76"
"QATAR","QATAR STATE OF (GOVERNMENT) RegS","Fixed Income","0.07","131.81","4,900,000.00","6,587,165.28","6,587,165.28","Sovereign","XS0615236188","5.75","Jan 20, 2042","-","Qatar","USD","13.61"
"INDOIS","PERUSAHAAN PENERBIT SBSN INDONESIA RegS","Fixed Income","0.07","101.63","6,450,000.00","6,580,236.25","6,580,236.25","Sovereign","US71567RAA41","3.30","Nov 21, 2022","-","Indonesia","USD","3.19"
"ARAMCO","SAUDI ARABIAN OIL CO MTN RegS","Fixed Income","0.07","101.00","6,450,000.00","6,552,931.25","6,552,931.25","Owned No Guarantee","XS1982118264","2.75","Apr 16, 2022","-","Saudi Arabia","USD","2.67"
"PLNIJ","PERUSAHAAN LISTRIK NEGARA PT RegS","Fixed Income","0.06","106.06","5,898,000.00","6,293,411.75","6,293,411.75","Owned No Guarantee","US71568QAA58","5.50","Nov 22, 2021","-","Indonesia","USD","2.24"
"IDASAL","INDONESIA ASAHAN ALUMINIUM PERSERO RegS","Fixed Income","0.06","105.55","5,900,000.00","6,269,437.42","6,269,437.42","Owned No Guarantee","USY7140WAA63","5.23","Nov 15, 2021","-","Indonesia","USD","2.23"
"CFELEC","COMISION FEDERAL DE ELECTRICIDAD RegS","Fixed Income","0.06","103.00","5,950,000.00","6,231,344.10","6,231,344.10","Owned No Guarantee","USP29595AB42","4.75","Feb 23, 2027","-","Mexico","USD","6.35"
"PLNIJ","PERUSAHAAN LISTRIK NEGARA PT RegS","Fixed Income","0.06","106.22","5,705,000.00","6,118,018.23","6,118,018.23","Owned No Guarantee","US71568QAB32","5.25","Oct 24, 2042","-","Indonesia","USD","13.54"
"VENZ","VENEZUELA BOLIVARIAN REPUBLIC OF RegS","Fixed Income","0.06","20.00","30,236,800.00","6,047,360.00","6,047,360.00","Sovereign","USP17625AD98","0.00","Aug 5, 2031","-","Venezuela","USD","0.00"
"INDON","INDONESIA (REPUBLIC OF)","Fixed Income","0.06","100.65","5,735,000.00","5,853,579.09","5,853,579.09","Sovereign","US455780CC89","2.95","Jan 11, 2023","-","Indonesia","USD","3.30"
"PEMEX","PETROLEOS MEXICANOS","Fixed Income","0.05","100.42","5,381,000.00","5,424,492.60","5,424,492.60","Owned No Guarantee","US71654QCF72","6.10","Mar 11, 2022","-","Mexico","USD","0.21"
"QATAR","QATAR STATE OF (GOVERNMENT) RegS","Fixed Income","0.05","140.63","3,750,000.00","5,382,770.83","5,382,770.83","Sovereign","XS0468535637","6.40","Jan 20, 2040","-","Qatar","USD","12.61"
"BNCE","BANCO NACIONAL DE COMERCIO EXTERIO RegS","Fixed Income","0.05","102.63","5,176,000.00","5,362,192.22","5,362,192.22","Owned No Guarantee","USP14517AA73","4.38","Oct 14, 2025","-","Mexico","USD","5.47"
"VENZ","VENEZUELA (BOLIVARIAN REPUBLIC OF)","Fixed Income","0.05","20.00","24,769,000.00","4,953,800.00","4,953,800.00","Sovereign","US922646AS37","0.00","Sep 15, 2027","-","Venezuela","USD","0.00"
"PEMEX","PETROLEOS MEXICANOS","Fixed Income","0.05","92.94","5,180,000.00","4,918,510.72","4,918,510.72","Owned No Guarantee","US71654QBV32","4.25","Jan 15, 2025","-","Mexico","USD","4.82"
"PDVSA","PETROLEOS DE VENEZUELA SA RegS","Fixed Income","0.05","15.00","31,826,000.00","4,773,900.00","4,773,900.00","Owned No Guarantee","USP7807HAT25","0.00","May 16, 2024","-","Venezuela","USD","0.00"
"PDVSA","PETROLEOS DE VENEZUELA SA RegS","Fixed Income","0.04","15.00","28,863,658.00","4,329,548.70","4,329,548.70","Owned No Guarantee","USP7807HAR68","0.00","Nov 15, 2026","-","Venezuela","USD","0.00"
"TURKEY","TURKEY (REPUBLIC OF)","Fixed Income","0.04","99.51","4,000,000.00","3,980,204.00","3,980,204.00","Sovereign","US900123CV04","6.35","Aug 10, 2024","-","Turkey","USD","4.41"
"VENZ","VENEZUELA BOLIVARIAN REPUBLIC OF RegS","Fixed Income","0.04","20.00","19,617,200.00","3,923,440.00","3,923,440.00","Sovereign","USP17625AC16","0.00","Aug 23, 2022","-","Venezuela","USD","0.00"
"VENZ","VENEZUELA (BOLIVARIAN REPUBLIC OF) RegS","Fixed Income","0.04","20.00","18,529,800.00","3,705,960.00","3,705,960.00","Sovereign","USP97475AP55","0.00","Oct 13, 2024","-","Venezuela","USD","0.00"
"VENZ","VENEZUELA BOLIVARIAN REPUBLIC OF RegS","Fixed Income","0.04","20.00","18,367,100.00","3,673,420.00","3,673,420.00","Sovereign","USP17625AE71","0.00","Oct 21, 2026","-","Venezuela","USD","0.00"
"SRILAN","SRI LANKA DEMOCRATIC SOCIALIST (RE RegS","Fixed Income","0.03","101.53","3,246,000.00","3,384,180.42","3,384,180.42","Sovereign","USY2029SAG94","6.25","Jul 27, 2021","-","Sri Lanka","USD","1.90"
"PDVSA","PETROLEOS DE VENEZUELA SA RegS","Fixed Income","0.03","15.00","21,209,600.00","3,181,440.00","3,181,440.00","Owned No Guarantee","XS0294364954","0.00","Apr 12, 2027","-","Venezuela","USD","0.00"
"PDVSA","PETROLEOS DE VENEZUELA SA RegS","Fixed Income","0.03","15.00","16,977,000.00","2,546,550.00","2,546,550.00","Owned No Guarantee","USP7807HAM71","0.00","Feb 17, 2022","-","Venezuela","USD","0.00"
"VENZ","VENEZUELA (BOLVARIAN REPUBLIC OF) RegS","Fixed Income","0.02","20.00","12,362,300.00","2,472,460.00","2,472,460.00","Sovereign","USP17625AB33","0.00","May 7, 2028","-","Venezuela","USD","0.00"
"VENZ","VENEZUELA (BOLVARIAN REPUBLIC OF) RegS","Fixed Income","0.02","20.00","12,254,400.00","2,450,880.00","2,450,880.00","Sovereign","USP17625AA59","0.00","May 7, 2023","-","Venezuela","USD","0.00"
"VENZ","VENEZUELA (BOLVARIAN REPUBLIC OF) RegS","Fixed Income","0.02","20.00","11,856,000.00","2,371,200.00","2,371,200.00","Sovereign","XS0217249126","0.00","Apr 21, 2025","-","Venezuela","USD","0.00"
"PDVSA","PETROLEOS DE VENEZUELA SA MTN RegS","Fixed Income","0.02","15.00","15,143,204.00","2,271,480.60","2,271,480.60","Owned No Guarantee","USP7807HAP03","0.00","Nov 17, 2021","-","Venezuela","USD","0.00"
"VENZ","VENEZUELA (BOLVARIAN REPUBLIC OF) RegS","Fixed Income","0.02","20.00","10,051,000.00","2,010,200.00","2,010,200.00","Sovereign","USP97475AJ95","0.00","Mar 31, 2038","-","Venezuela","USD","0.00"
"PDVSA","PETROLEOS DE VENEZUELA SA RegS","Fixed Income","0.02","15.00","11,222,709.00","1,683,406.35","1,683,406.35","Owned No Guarantee","USP7807HAQ85","0.00","May 17, 2035","-","Venezuela","USD","0.00"
"VENZ","VENEZUELA (BOLVARIAN REPUBLIC OF)","Fixed Income","0.02","20.00","8,186,000.00","1,637,200.00","1,637,200.00","Sovereign","US922646BL74","0.00","Jan 13, 2034","-","Venezuela","USD","0.00"
"PDVSA","PETROLEOS DE VENEZUELA SA RegS","Fixed Income","0.02","15.00","10,763,400.00","1,614,510.00","1,614,510.00","Owned No Guarantee","XS0294367205","0.00","Apr 12, 2037","-","Venezuela","USD","0.00"
"VENZ","VENEZUELA (BOLVARIAN REPUBLIC OF) RegS","Fixed Income","0.02","20.00","7,993,000.00","1,598,600.00","1,598,600.00","Sovereign","USP97475AG56","0.00","Dec 9, 2020","-","Venezuela","USD","0.00"
"MEXCAT","MEXICO CITY AIRPORT TRUST RegS","Fixed Income","0.01","99.63","1,334,000.00","1,342,041.06","1,342,041.06","Owned No Guarantee","USP6629MAB83","5.50","Oct 31, 2046","-","Mexico","USD","13.79"
"GBP","GBP CASH","Cash","0.01","125.74","867,300.00","1,090,542.52","1,090,542.52","Cash and/or Derivatives","-","0.00","-","-","United Kingdom","GBP","0.00"
"TURKSK","HAZINE MUSTESARLIGI VARLIK KIRALAM RegS","Fixed Income","0.00","98.51","200,000.00","197,634.03","197,634.03","Sovereign","XS1303467077","4.25","Jun 8, 2021","-","Turkey","USD","1.85"
"EUR","EUR CASH","Cash","0.00","112.82","983.00","1,109.10","1,109.10","Cash and/or Derivatives","-","0.00","-","-","European Union","EUR","0.00"
 