﻿iShares MSCI BRIC ETF
Inception Date,"Nov 12, 2007"
Fund Holdings as of,"Jul 3, 2019"
Total Net Assets,"185,687,087.69"
Shares Outstanding,"4,300,000.00"
Stock,"-"
Bond,"-"
Cash,"-"
Other,"-"
 
Issuer Ticker,Name,Asset Class,Weight (%),Price,Shares,Market Value,Notional Value,Sector,SEDOL,ISIN,Exchange,Country,Currency,Market Currency,FX Rate
"700","TENCENT HOLDINGS LTD","Equity","8.99","46.23","361,200.00","16,696,784.45","16,696,784.45","Communication","BMMV2K8","KYG875721634","Hong Kong Exchanges And Clearing Ltd","China","USD","HKD","7.80"
"BABA","ALIBABA GROUP HOLDING ADR REPRESEN","Equity","8.42","174.67","89,526.00","15,637,506.42","15,637,506.42","Consumer Discretionary","BP41ZD1","US01609W1027","New York Stock Exchange Inc.","China","USD","USD","1.00"
"939","CHINA CONSTRUCTION BANK CORP H","Equity","2.62","0.81","6,020,370.00","4,872,511.34","4,872,511.34","Financials","B0LMTQ3","CNE1000002H1","Hong Kong Exchanges And Clearing Ltd","China","USD","HKD","7.80"
"2318","PING AN INSURANCE (GROUP) CO OF CH","Equity","2.29","12.38","344,000.00","4,257,807.99","4,257,807.99","Financials","B01FLR7","CNE1000003X6","Hong Kong Exchanges And Clearing Ltd","China","USD","HKD","7.80"
"941","CHINA MOBILE LTD","Equity","1.90","9.13","387,000.00","3,531,719.36","3,531,719.36","Communication","6073556","HK0941009539","Hong Kong Exchanges And Clearing Ltd","China","USD","HKD","7.80"
"HDFC","HOUSING DEVELOPMENT FINANCE CORPOR","Equity","1.85","33.05","103,750.00","3,428,831.21","3,428,831.21","Financials","6171900","INE001A01036","National Stock Exchange Of India","India","USD","INR","68.90"
"RELIANCE","RELIANCE INDUSTRIES LTD","Equity","1.81","18.61","180,084.00","3,352,017.37","3,352,017.37","Energy","6099626","INE002A01018","National Stock Exchange Of India","India","USD","INR","68.90"
"ITUB4","ITAU UNIBANCO HOLDING PREF SA","Equity","1.59","9.51","309,656.00","2,946,074.18","2,946,074.18","Financials","B037HR3","BRITUBACNPR1","XBSP","Brazil","USD","BRL","3.84"
"1398","INDUSTRIAL AND COMMERCIAL BANK OF","Equity","1.57","0.72","4,042,050.00","2,908,471.81","2,908,471.81","Financials","B1G1QD8","CNE1000003G1","Hong Kong Exchanges And Clearing Ltd","China","USD","HKD","7.80"
"VALE3","CIA VALE DO RIO DOCE SH","Equity","1.42","13.34","197,829.00","2,639,744.37","2,639,744.37","Materials","2196286","BRVALEACNOR0","XBSP","Brazil","USD","BRL","3.84"
"SBER","SBERBANK ROSSII","Equity","1.40","3.80","684,920.00","2,604,755.99","2,604,755.99","Financials","4767981","RU0009029540","Standard-Classica-Forts","Russian Federation","USD","RUB","63.51"
"GAZP","GAZPROM","Equity","1.36","3.96","638,124.00","2,528,178.86","2,528,178.86","Energy","B59L4L7","RU0007661625","Standard-Classica-Forts","Russian Federation","USD","RUB","63.51"
"BBDC4","BANCO BRADESCO PREF SA","Equity","1.34","9.95","249,402.00","2,481,172.92","2,481,172.92","Financials","B00FM53","BRBBDCACNPR8","XBSP","Brazil","USD","BRL","3.84"
"INFY","INFOSYS LTD","Equity","1.27","10.61","221,721.00","2,353,202.11","2,353,202.11","Information Technology","6205122","INE009A01021","National Stock Exchange Of India","India","USD","INR","68.90"
"BIDU","BAIDU ADR REPTG INC CLASS A","Equity","1.12","118.56","17,544.00","2,080,016.64","2,080,016.64","Communication","B0FXT17","US0567521085","NASDAQ","China","USD","USD","1.00"
"3988","BANK OF CHINA LTD H","Equity","1.12","0.42","4,902,000.00","2,074,854.10","2,074,854.10","Financials","B154564","CNE1000001Z5","Hong Kong Exchanges And Clearing Ltd","China","USD","HKD","7.80"
"LKOH","NK LUKOIL","Equity","1.10","84.17","24,209.00","2,037,779.85","2,037,779.85","Energy","B59SNS8","RU0009024277","Standard-Classica-Forts","Russian Federation","USD","RUB","63.51"
"883","CNOOC LTD","Equity","1.04","1.72","1,118,000.00","1,927,264.80","1,927,264.80","Energy","B00G0S5","HK0883013259","Hong Kong Exchanges And Clearing Ltd","China","USD","HKD","7.80"
"PETR4","PETROLEO BRASILEIRO PREF SA","Equity","1.01","7.06","266,614.00","1,881,793.49","1,881,793.49","Energy","2684532","BRPETRACNPR6","XBSP","Brazil","USD","BRL","3.84"
"TCS","TATA CONSULTANCY SERVICES LTD","Equity","1.00","32.47","57,043.00","1,852,470.68","1,852,470.68","Information Technology","B01NPJ1","INE467B01029","National Stock Exchange Of India","India","USD","INR","68.90"
"JD","JD.COM ADR REPRESENTING INC CLASS","Equity","0.78","31.50","46,182.00","1,454,733.00","1,454,733.00","Consumer Discretionary","BMM27D9","US47215P1066","NASDAQ","China","USD","USD","1.00"
"ABEV3","AMBEV SA","Equity","0.77","4.91","292,465.00","1,435,770.47","1,435,770.47","Consumer Staples","BG7ZWY7","BRABEVACNOR1","XBSP","Brazil","USD","BRL","3.84"
"PETR3","PETROBRAS","Equity","0.75","7.74","180,600.00","1,398,736.15","1,398,736.15","Energy","2682365","BRPETRACNOR9","XBSP","Brazil","USD","BRL","3.84"
"AXISBANK","AXIS BANK LTD","Equity","0.74","11.70","117,496.00","1,374,746.75","1,374,746.75","Financials","BPFJHC7","INE238A01034","National Stock Exchange Of India","India","USD","INR","68.90"
"3968","CHINA MERCHANTS BANK LTD H","Equity","0.70","5.00","258,456.00","1,291,202.62","1,291,202.62","Financials","B1DYPZ5","CNE1000002M1","Hong Kong Exchanges And Clearing Ltd","China","USD","HKD","7.80"
"B3SA3","B3 BRASIL BOLSA BALCAO SA","Equity","0.69","9.99","129,069.00","1,289,414.02","1,289,414.02","Financials","BG36ZK1","BRB3SAACNOR6","XBSP","Brazil","USD","BRL","3.84"
"TATN","TATNEFT","Equity","0.65","12.28","98,043.00","1,204,212.90","1,204,212.90","Energy","B59BXN2","RU0009033591","Standard-Classica-Forts","Russian Federation","USD","RUB","63.51"
"NTES","NETEASE ADR INC","Equity","0.64","265.57","4,472.00","1,187,629.04","1,187,629.04","Communication","2606440","US64110W1027","NASDAQ","China","USD","USD","1.00"
"NVTK","PAO NOVATEK GDR","Equity","0.64","205.20","5,762.00","1,182,362.40","1,182,362.40","Energy","B0DK750","US6698881090","London Stock Exchange","Russian Federation","USD","USD","1.00"
"HKD","HKD CASH","Cash","0.62","12.83","8,943,579.00","1,147,127.38","1,147,127.38","Cash and/or Derivatives","-","-","-","Hong Kong","USD","HKD","7.80"
"2628","CHINA LIFE INSURANCE LTD H","Equity","0.59","2.55","430,000.00","1,098,646.83","1,098,646.83","Financials","6718976","CNE1000002L3","Hong Kong Exchanges And Clearing Ltd","China","USD","HKD","7.80"
"HINDUNILVR","HINDUSTAN UNILEVER LTD","Equity","0.57","25.90","41,108.00","1,064,751.84","1,064,751.84","Consumer Staples","6261674","INE030A01027","National Stock Exchange Of India","India","USD","INR","68.90"
"386","CHINA PETROLEUM AND CHEMICAL CORP","Equity","0.56","0.68","1,548,600.00","1,046,767.40","1,046,767.40","Energy","6291819","CNE1000002Q2","Hong Kong Exchanges And Clearing Ltd","China","USD","HKD","7.80"
"YUMC","YUM CHINA HOLDINGS INC","Equity","0.55","44.45","22,876.00","1,016,838.20","1,016,838.20","Consumer Discretionary","BYW4289","US98850P1093","New York Stock Exchange Inc.","China","USD","USD","1.00"
"CTRP","CTRIP.COM INTERNATIONAL ADR REPRE","Equity","0.54","38.69","26,144.00","1,011,511.36","1,011,511.36","Consumer Discretionary","2208987","US22943F1003","NASDAQ","China","USD","USD","1.00"
"688","CHINA OVERSEAS LAND & INVESTMENT L","Equity","0.54","3.75","268,800.00","1,008,452.51","1,008,452.51","Real Estate","6192150","HK0688002218","Hong Kong Exchanges And Clearing Ltd","China","USD","HKD","7.80"
"ICICIBANK","ICICI BANK LTD","Equity","0.52","6.33","153,596.00","971,792.21","971,792.21","Financials","BSZ2BY7","INE090A01021","National Stock Exchange Of India","India","USD","INR","68.90"
"ITSA4","ITAUSA INVESTIMENTOS ITAU PREF SA","Equity","0.52","3.38","283,844.00","958,503.34","958,503.34","Financials","2458771","BRITSAACNPR7","XBSP","Brazil","USD","BRL","3.84"
"GMKN","GMK NORILSKIY NIKEL","Equity","0.48","227.26","3,956.00","899,031.45","899,031.45","Materials","B5B1TX2","RU0007288411","Standard-Classica-Forts","Russian Federation","USD","RUB","63.51"
"EDU","NEW ORIENTAL EDUCATION & TECHNOLOG","Equity","0.48","97.08","9,202.00","893,330.16","893,330.16","Consumer Discretionary","B1CN1G6","US6475811070","New York Stock Exchange Inc.","China","USD","USD","1.00"
"ITC","ITC LTD","Equity","0.47","4.02","217,195.00","872,199.45","872,199.45","Consumer Staples","B0JGGP5","INE154A01025","National Stock Exchange Of India","India","USD","INR","68.90"
"TAL","TAL EDUCATION GROUP ADR REPTG","Equity","0.47","38.50","22,446.00","864,171.00","864,171.00","Consumer Discretionary","B4MGD82","US8740801043","New York Stock Exchange Inc.","China","USD","USD","1.00"
"1918","SUNAC CHINA HOLDINGS LTD","Equity","0.46","4.96","172,000.00","853,767.72","853,767.72","Real Estate","B4XRPN3","KYG8569A1067","Hong Kong Exchanges And Clearing Ltd","China","USD","HKD","7.80"
"2007","COUNTRY GARDEN HOLDINGS LTD","Equity","0.43","1.53","516,046.00","790,301.96","790,301.96","Real Estate","B1VKYN6","KYG245241032","Hong Kong Exchanges And Clearing Ltd","China","USD","HKD","7.80"
"1109","CHINA RESOURCES LAND LTD","Equity","0.42","4.51","172,444.00","778,558.17","778,558.17","Real Estate","6193766","KYG2108Y1052","Hong Kong Exchanges And Clearing Ltd","China","USD","HKD","7.80"
"BBAS3","BANCO DO BRASIL SA","Equity","0.39","14.13","51,689.00","730,192.18","730,192.18","Financials","2328595","BRBBASACNOR3","XBSP","Brazil","USD","BRL","3.84"
"LT","LARSEN AND TOUBRO LTD","Equity","0.39","22.90","31,390.00","718,900.69","718,900.69","Industrials","B0166K8","INE018A01030","National Stock Exchange Of India","India","USD","INR","68.90"
"788","CHINA TOWER CORP LTD H","Equity","0.38","0.28","2,580,000.00","711,473.10","711,473.10","Communication","BFZ2PK0","CNE100003688","Hong Kong Exchanges And Clearing Ltd","China","USD","HKD","7.80"
"2319","CHINA MENGNIU DAIRY LTD","Equity","0.37","4.03","172,000.00","693,824.15","693,824.15","Consumer Staples","B01B1L9","KYG210961051","Hong Kong Exchanges And Clearing Ltd","China","USD","HKD","7.80"
"BBDC3","BANCO BRADESCO SA","Equity","0.37","8.87","77,426.00","686,476.42","686,476.42","Financials","B00FM86","BRBBDCACNOR1","XBSP","Brazil","USD","BRL","3.84"
"1288","AGRICULTURAL BANK OF CHINA LTD H","Equity","0.37","0.42","1,634,000.00","685,330.60","685,330.60","Financials","B60LZR6","CNE100000Q43","Hong Kong Exchanges And Clearing Ltd","China","USD","HKD","7.80"
"MARUTI","MARUTI SUZUKI INDIA LTD","Equity","0.36","94.82","6,966.00","660,550.66","660,550.66","Consumer Discretionary","6633712","INE585B01010","National Stock Exchange Of India","India","USD","INR","68.90"
"857","PETROCHINA LTD H","Equity","0.36","0.55","1,204,000.00","659,408.71","659,408.71","Energy","6226576","CNE1000003W8","Hong Kong Exchanges And Clearing Ltd","China","USD","HKD","7.80"
"2601","CHINA PACIFIC INSURANCE (GROUP) LT","Equity","0.33","3.96","154,800.00","613,521.45","613,521.45","Financials","B2Q5H56","CNE1000009Q7","Hong Kong Exchanges And Clearing Ltd","China","USD","HKD","7.80"
"175","GEELY AUTOMOBILE HOLDINGS LTD","Equity","0.33","1.77","344,000.00","609,771.05","609,771.05","Consumer Discretionary","6531827","KYG3777B1032","Hong Kong Exchanges And Clearing Ltd","China","USD","HKD","7.80"
"2020","ANTA SPORTS PRODUCTS LTD","Equity","0.33","7.05","86,040.00","606,964.66","606,964.66","Consumer Discretionary","B1YVKN8","KYG040111059","Hong Kong Exchanges And Clearing Ltd","China","USD","HKD","7.80"
"2313","SHENZHOU INTERNATIONAL GROUP LTD","Equity","0.33","14.06","43,000.00","604,476.37","604,476.37","Consumer Discretionary","B0MP1B0","KYG8087W1015","Hong Kong Exchanges And Clearing Ltd","China","USD","HKD","7.80"
"SBIN","STATE BANK OF INDIA","Equity","0.32","5.31","113,348.00","602,323.39","602,323.39","Financials","BSQCB24","INE062A01020","National Stock Exchange Of India","India","USD","INR","68.90"
"BAJFINANCE","BAJAJ FINANCE LTD","Equity","0.32","53.92","11,094.00","598,205.72","598,205.72","Financials","BD2N0P2","INE296A01024","National Stock Exchange Of India","India","USD","INR","68.90"
"BHARTIARTL","BHARTI AIRTEL LTD","Equity","0.32","5.13","116,702.00","598,212.96","598,212.96","Communication","6442327","INE397D01024","National Stock Exchange Of India","India","USD","INR","68.90"
"LREN3","LOJAS RENNER SA","Equity","0.31","12.26","47,716.00","584,812.10","584,812.10","Consumer Discretionary","B0CGYD6","BRLRENACNOR1","XBSP","Brazil","USD","BRL","3.84"
"1093","CSPC PHARMACEUTICAL GROUP LTD","Equity","0.31","1.68","344,000.00","578,885.40","578,885.40","Health Care","6191997","HK1093012172","Hong Kong Exchanges And Clearing Ltd","China","USD","HKD","7.80"
"914","ANHUI CONCH CEMENT LTD H","Equity","0.29","6.37","86,000.00","547,668.83","547,668.83","Materials","6080396","CNE1000001W2","Hong Kong Exchanges And Clearing Ltd","China","USD","HKD","7.80"
"3690","MEITUAN DIANPING","Equity","0.29","8.82","60,200.00","531,233.25","531,233.25","Consumer Discretionary","BGJW376","KYG596691041","Hong Kong Exchanges And Clearing Ltd","China","USD","HKD","7.80"
"HCLTECH","HCL TECHNOLOGIES LTD","Equity","0.29","15.26","34,744.00","530,056.29","530,056.29","Information Technology","6294896","INE860A01027","National Stock Exchange Of India","India","USD","INR","68.90"
"2688","ENN ENERGY HOLDINGS LTD","Equity","0.27","9.86","51,600.00","508,951.45","508,951.45","Utilities","6333937","KYG3066L1014","Hong Kong Exchanges And Clearing Ltd","China","USD","HKD","7.80"
"MGLU3","MAGAZINE LUIZA SA","Equity","0.27","57.46","8,625.00","495,559.41","495,559.41","Consumer Discretionary","B4975P9","BRMGLUACNOR2","XBSP","Brazil","USD","BRL","3.84"
"267","CITIC LTD","Equity","0.27","1.44","344,000.00","494,170.46","494,170.46","Industrials","6196152","HK0267001375","Hong Kong Exchanges And Clearing Ltd","China","USD","HKD","7.80"
"2382","SUNNY OPTICAL TECHNOLOGY LTD","Equity","0.25","10.97","43,000.00","471,833.52","471,833.52","Information Technology","B1YBT08","KYG8586D1097","Hong Kong Exchanges And Clearing Ltd","China","USD","HKD","7.80"
"M&M","MAHINDRA AND MAHINDRA LTD","Equity","0.25","9.71","48,160.00","467,769.27","467,769.27","Consumer Discretionary","6100186","INE101A01026","National Stock Exchange Of India","India","USD","INR","68.90"
"1177","SINO BIOPHARMACEUTICAL LTD","Equity","0.25","1.08","430,000.00","465,490.93","465,490.93","Health Care","B00XSF9","KYG8167W1380","Hong Kong Exchanges And Clearing Ltd","China","USD","HKD","7.80"
"291","CHINA RESOURCES BEER HOLDINGS LTD","Equity","0.25","4.75","98,000.00","465,080.48","465,080.48","Consumer Staples","6972459","HK0291001490","Hong Kong Exchanges And Clearing Ltd","China","USD","HKD","7.80"
"1088","CHINA SHENHUA ENERGY LTD H","Equity","0.25","2.15","215,000.00","461,630.22","461,630.22","Energy","B09N7M0","CNE1000002R0","Hong Kong Exchanges And Clearing Ltd","China","USD","HKD","7.80"
"728","CHINA TELECOM CORP LTD H","Equity","0.23","0.50","860,000.00","432,399.15","432,399.15","Communication","6559335","CNE1000002V2","Hong Kong Exchanges And Clearing Ltd","China","USD","HKD","7.80"
"762","CHINA UNICOM (HONG KONG) LTD","Equity","0.23","1.10","387,900.00","425,388.96","425,388.96","Communication","6263830","HK0000049939","Hong Kong Exchanges And Clearing Ltd","China","USD","HKD","7.80"
"ROSN","NK ROSNEFT","Equity","0.23","6.61","64,172.00","424,411.31","424,411.31","Energy","B59SS16","RU000A0J2Q06","Standard-Classica-Forts","Russian Federation","USD","RUB","63.51"
"JBSS3","JBS SA","Equity","0.22","6.01","68,852.00","413,778.34","413,778.34","Consumer Staples","B1V74X7","BRJBSSACNOR8","XBSP","Brazil","USD","BRL","3.84"
"2269","WUXI BIOLOGICS (CAYMAN) INCORPRATE","Equity","0.22","9.54","43,000.00","410,337.97","410,337.97","Health Care","BZ3C3R5","KYG970081090","Hong Kong Exchanges And Clearing Ltd","China","USD","HKD","7.80"
"ZTO","ZTO EXPRESS CAYMAN ADR REPRESENTIN","Equity","0.22","19.68","20,812.00","409,580.16","409,580.16","Industrials","BYYDFN0","US98980A1051","New York Stock Exchange Inc.","China","USD","USD","1.00"
"ULTRACEMCO","ULTRATECH CEMENT LTD","Equity","0.22","66.20","6,106.00","404,192.25","404,192.25","Materials","B01GZF6","INE481G01011","National Stock Exchange Of India","India","USD","INR","68.90"
"600519","KWEICHOW MOUTAI LTD A","Equity","0.22","143.49","2,800.00","401,769.10","401,769.10","Consumer Staples","BP3R2F1","CNE0000018R8","Shanghai Stock Exchange","China","USD","CNY","6.88"
"992","LENOVO GROUP LTD","Equity","0.22","0.78","516,000.00","401,072.28","401,072.28","Information Technology","6218089","HK0992009065","Hong Kong Exchanges And Clearing Ltd","China","USD","HKD","7.80"
"3328","BANK OF COMMUNICATIONS LTD H","Equity","0.21","0.77","516,200.00","397,917.27","397,917.27","Financials","B0B8Z29","CNE100000205","Hong Kong Exchanges And Clearing Ltd","China","USD","HKD","7.80"
"384","CHINA GAS HOLDINGS LTD","Equity","0.21","3.81","103,200.00","393,130.25","393,130.25","Utilities","6460794","BMG2109G1033","Hong Kong Exchanges And Clearing Ltd","China","USD","HKD","7.80"
"WUBA","58.COM ADR REPRESENTING INC CLASS","Equity","0.21","63.82","6,106.00","389,684.92","389,684.92","Communication","BG3GS91","US31680Q1040","New York Stock Exchange Inc.","China","USD","USD","1.00"
"2328","PICC PROPERTY AND CASUALTY LTD H","Equity","0.20","1.10","344,322.00","379,365.87","379,365.87","Financials","6706250","CNE100000593","Hong Kong Exchanges And Clearing Ltd","China","USD","HKD","7.80"
"RAIL3","RUMO SA","Equity","0.20","5.51","68,800.00","379,278.84","379,278.84","Industrials","BYXZ2W5","BRRAILACNOR9","XBSP","Brazil","USD","BRL","3.84"
"RENT3","LOCALIZA RENT A CAR SA","Equity","0.20","10.88","34,479.00","375,036.94","375,036.94","Industrials","B08K3S0","BRRENTACNOR4","XBSP","Brazil","USD","BRL","3.84"
"TITAN","TITAN COMPANY LTD","Equity","0.20","19.28","19,264.00","371,405.65","371,405.65","Consumer Discretionary","6139340","INE280A01028","National Stock Exchange Of India","India","USD","INR","68.90"
"BBSE3","BB SEGURIDADE SA","Equity","0.20","8.53","43,000.00","366,592.95","366,592.95","Financials","B9N3SQ0","BRBBSEACNOR5","XBSP","Brazil","USD","BRL","3.84"
"ASIANPAINT","ASIAN PAINTS LTD","Equity","0.20","19.62","18,662.00","366,177.54","366,177.54","Materials","BCRWL65","INE021A01026","National Stock Exchange Of India","India","USD","INR","68.90"
"1193","CHINA RESOURCES GAS GROUP LTD","Equity","0.19","4.87","73,000.00","355,800.68","355,800.68","Utilities","6535517","BMG2113B1081","Hong Kong Exchanges And Clearing Ltd","China","USD","HKD","7.80"
"270","GUANGDONG INVESTMENT LTD","Equity","0.19","2.03","172,000.00","348,566.66","348,566.66","Utilities","6913168","HK0270001396","Hong Kong Exchanges And Clearing Ltd","China","USD","HKD","7.80"
"ONGC","OIL AND NATURAL GAS LTD","Equity","0.19","2.41","143,734.00","346,903.42","346,903.42","Energy","6139362","INE213A01029","National Stock Exchange Of India","India","USD","INR","68.90"
"998","CHINA CITIC BANK CORP LTD H","Equity","0.19","0.58","602,000.00","346,691.46","346,691.46","Financials","B1W0JF2","CNE1000001Q4","Hong Kong Exchanges And Clearing Ltd","China","USD","HKD","7.80"
"RADL3","RAIA DROGASIL SA","Equity","0.19","20.03","17,250.00","345,556.48","345,556.48","Consumer Staples","B7FQV64","BRRADLACNOR0","XBSP","Brazil","USD","BRL","3.84"
"2018","AAC TECHNOLOGIES HOLDINGS INC","Equity","0.18","6.01","57,000.00","342,519.08","342,519.08","Information Technology","B85LKS1","KYG2953R1149","Hong Kong Exchanges And Clearing Ltd","China","USD","HKD","7.80"
"VIVT4","TELEFONICA BRASIL PREF SA","Equity","0.18","13.17","25,864.00","340,677.02","340,677.02","Communication","B3ZCNF7","BRVIVTACNPR7","XBSP","Brazil","USD","BRL","3.84"
"2202","CHINA VANKE LTD H","Equity","0.18","3.95","86,001.00","339,746.14","339,746.14","Real Estate","BN320P8","CNE100001SR9","Hong Kong Exchanges And Clearing Ltd","China","USD","HKD","7.80"
"601318","PING AN INSURANCE (GROUP) OF CHINA","Equity","0.18","13.17","25,800.00","339,735.51","339,735.51","Financials","BP3R284","CNE000001R84","Shanghai Stock Exchange","China","USD","CNY","6.88"
"MOMO","MOMO ADR REPRESENTING INC CLASS A","Equity","0.18","35.24","9,460.00","333,370.40","333,370.40","Communication","BSS6HX7","US60879B1070","NASDAQ","China","USD","USD","1.00"
"960","LONGFOR GROUP HOLDINGS LTD","Equity","0.18","3.85","86,000.00","330,917.72","330,917.72","Real Estate","B56KLY9","KYG5635P1090","Hong Kong Exchanges And Clearing Ltd","China","USD","HKD","7.80"
"POWERGRID","POWER GRID CORPORATION OF INDIA LT","Equity","0.18","3.03","107,414.00","325,731.75","325,731.75","Utilities","B233HS6","INE752E01010","National Stock Exchange Of India","India","USD","INR","68.90"
"1044","HENGAN INTERNATIONAL GROUP LTD","Equity","0.17","7.54","43,000.00","324,299.37","324,299.37","Consumer Staples","6136233","KYG4402L1510","Hong Kong Exchanges And Clearing Ltd","China","USD","HKD","7.80"
"ATHM","AUTOHOME ADR REPRESENTING INC CLAS","Equity","0.17","87.39","3,698.00","323,168.22","323,168.22","Communication","BH5QGR0","US05278C1071","New York Stock Exchange Inc.","China","USD","USD","1.00"
"MGNT","MAGNIT PJSC SPONSORED RUSSIA RU DR","Equity","0.17","14.65","22,000.00","322,300.00","322,300.00","Consumer Staples","B2QKYZ0","US55953Q2021","London Stock Exchange","Russian Federation","USD","USD","1.00"
"SUNPHARMA","SUN PHARMACEUTICAL INDUSTRIES LTD","Equity","0.17","5.74","55,126.00","316,577.00","316,577.00","Health Care","6582483","INE044A01036","National Stock Exchange Of India","India","USD","INR","68.90"
"WIPRO","WIPRO LTD","Equity","0.17","4.10","76,400.00","313,621.89","313,621.89","Information Technology","6206051","INE075A01022","National Stock Exchange Of India","India","USD","INR","68.90"
"SANB11","BANCO SANTANDER BRASIL UNITS SA","Equity","0.17","12.10","25,800.00","312,113.01","312,113.01","Financials","B4V5RY4","BRSANBCDAM13","XBSP","Brazil","USD","BRL","3.84"
"1658","POSTAL SAVINGS BANK OF CHINA LTD H","Equity","0.17","0.60","516,000.00","311,062.66","311,062.66","Financials","BD8GL18","CNE1000029W3","Hong Kong Exchanges And Clearing Ltd","China","USD","HKD","7.80"
"586","CHINA CONCH VENTURE HOLDINGS LTD","Equity","0.17","3.62","86,000.00","311,062.66","311,062.66","Industrials","BH7HM06","KYG2116J1085","Hong Kong Exchanges And Clearing Ltd","China","USD","HKD","7.80"
"HTHT","HUAZHU GROUP ADR REPRESENTING LTD","Equity","0.17","36.03","8,600.00","309,858.00","309,858.00","Consumer Discretionary","BFMFKK7","US44332N1063","NASDAQ","China","USD","USD","1.00"
"TECHM","TECH MAHINDRA LTD","Equity","0.17","10.18","30,358.00","308,894.34","308,894.34","Information Technology","BWFGD63","INE669C01036","National Stock Exchange Of India","India","USD","INR","68.90"
"2331","LI NING LTD","Equity","0.16","2.37","129,000.00","306,098.89","306,098.89","Consumer Discretionary","B01JCK9","KYG5496K1242","Hong Kong Exchanges And Clearing Ltd","China","USD","HKD","7.80"
"BRFS3","BRF BRASIL FOODS SA","Equity","0.16","8.85","34,400.00","304,282.22","304,282.22","Consumer Staples","2036995","BRBRFSACNOR8","XBSP","Brazil","USD","BRL","3.84"
"SUZB3","SUZANO SA","Equity","0.16","8.12","37,415.00","303,696.34","303,696.34","Materials","B02GKC7","BRSUZBACNOR0","XBSP","Brazil","USD","BRL","3.84"
"1988","CHINA MINSHENG BANKING CORP LTD H","Equity","0.16","0.70","430,000.00","300,032.07","300,032.07","Financials","B57JY24","CNE100000HF9","Hong Kong Exchanges And Clearing Ltd","China","USD","HKD","7.80"
"NTPC","NTPC LTD","Equity","0.16","2.08","141,859.00","294,922.80","294,922.80","Utilities","B037HF1","INE733E01010","National Stock Exchange Of India","India","USD","INR","68.90"
"BAJAJFINSV","BAJAJ FINSERV LTD","Equity","0.16","122.35","2,408.00","294,621.25","294,621.25","Financials","B2QKWK1","INE918I01018","National Stock Exchange Of India","India","USD","INR","68.90"
"COALINDIA","COAL INDIA LTD","Equity","0.16","3.64","80,668.00","293,795.62","293,795.62","Energy","B4Z9XF5","INE522F01014","National Stock Exchange Of India","India","USD","INR","68.90"
"GRASIM","GRASIM INDUSTRIES LTD","Equity","0.16","13.47","21,805.00","293,639.24","293,639.24","Materials","BYQKH33","INE047A01021","National Stock Exchange Of India","India","USD","INR","68.90"
"1169","HAIER ELECTRONICS GROUP LTD","Equity","0.16","2.76","106,000.00","292,310.65","292,310.65","Consumer Discretionary","B1TL3R8","BMG423131256","Hong Kong Exchanges And Clearing Ltd","China","USD","HKD","7.80"
"WEGE3","WEG SA","Equity","0.16","5.65","51,672.00","291,711.95","291,711.95","Industrials","2945422","BRWEGEACNOR0","XBSP","Brazil","USD","BRL","3.84"
"322","TINGYI (CAYMAN ISLANDS) HOLDINGS C","Equity","0.16","1.68","172,000.00","288,560.25","288,560.25","Consumer Staples","6903556","KYG8878S1030","Hong Kong Exchanges And Clearing Ltd","China","USD","HKD","7.80"
"151","WANT WANT CHINA HOLDINGS LTD","Equity","0.15","0.82","344,000.00","282,383.12","282,383.12","Consumer Staples","B2Q14Z3","KYG9431R1039","Hong Kong Exchanges And Clearing Ltd","China","USD","HKD","7.80"
"DRREDDY","DR REDDYS LABORATORIES LTD","Equity","0.15","37.69","7,482.00","281,965.72","281,965.72","Health Care","6410959","INE089A01023","National Stock Exchange Of India","India","USD","INR","68.90"
"3380","LOGAN PROPERTY HOLDINGS LTD","Equity","0.15","1.64","172,000.00","281,941.90","281,941.90","Real Estate","BH6X937","KYG555551095","Hong Kong Exchanges And Clearing Ltd","China","USD","HKD","7.80"
"966","CHINA TAIPING INSURANCE HLDGS LTD","Equity","0.15","2.72","103,240.00","280,726.99","280,726.99","Financials","6264048","HK0000055878","Hong Kong Exchanges And Clearing Ltd","China","USD","HKD","7.80"
"CCRO3","COMPANHIA CONCESSOES RODOVIARIAS S","Equity","0.15","3.62","77,400.00","280,498.99","280,498.99","Industrials","2840970","BRCCROACNOR2","XBSP","Brazil","USD","BRL","3.84"
"1810","XIAOMI CORP","Equity","0.15","1.25","223,600.00","279,912.27","279,912.27","Information Technology","BG0ZMJ9","KYG9830T1067","Hong Kong Exchanges And Clearing Ltd","China","USD","HKD","7.80"
"KROT3","KROTON EDUCACIONAL SA","Equity","0.15","2.93","94,664.00","277,554.32","277,554.32","Consumer Discretionary","2836946","BRKROTACNOR9","XBSP","Brazil","USD","BRL","3.84"
"1211","BYD LTD H","Equity","0.14","6.26","43,000.00","269,146.41","269,146.41","Consumer Discretionary","6536651","CNE100000296","Hong Kong Exchanges And Clearing Ltd","China","USD","HKD","7.80"
"813","SHIMAO PROPERTY HOLDINGS LTD","Equity","0.14","3.12","86,000.00","268,043.35","268,043.35","Real Estate","B16YNS1","KYG810431042","Hong Kong Exchanges And Clearing Ltd","China","USD","HKD","7.80"
"6030","CITIC SECURITIES COMPANY LTD H","Equity","0.14","2.08","129,000.00","267,712.44","267,712.44","Financials","B6SPB49","CNE1000016V2","Hong Kong Exchanges And Clearing Ltd","China","USD","HKD","7.80"
"MBT","MOBILE TELESYSTEMS ADR REP","Equity","0.14","8.97","29,756.00","266,911.32","266,911.32","Communication","2603225","US6074091090","New York Stock Exchange Inc.","Russian Federation","USD","USD","1.00"
"GGBR4","GERDAU PREF SA","Equity","0.14","3.87","68,800.00","266,336.44","266,336.44","Materials","2645517","BRGGBRACNPR8","XBSP","Brazil","USD","BRL","3.84"
"FIVE","X5 RETAIL GROUP GDR NV","Equity","0.14","35.56","7,396.00","262,974.07","262,974.07","Consumer Staples","B516L19","US98387E2054","Standard-Classica-Forts","Russian Federation","USD","RUB","63.51"
"UGPA3","ULTRAPAR PARTICIPOES SA","Equity","0.14","5.07","51,600.00","261,772.20","261,772.20","Energy","B0FHTN1","BRUGPAACNOR8","XBSP","Brazil","USD","BRL","3.84"
"SNGSP","SURGUTNEFTEGAZ PREF","Equity","0.14","0.68","378,400.00","258,870.77","258,870.77","Energy","B5BHR47","RU0009029524","Standard-Classica-Forts","Russian Federation","USD","RUB","63.51"
"VEDL","VEDANTA LTD","Equity","0.14","2.51","103,114.00","258,444.20","258,444.20","Materials","6136040","INE205A01025","National Stock Exchange Of India","India","USD","INR","68.90"
"NATU3","NATURA COSMETICOS SA","Equity","0.14","14.86","17,200.00","255,507.57","255,507.57","Consumer Staples","B014K55","BRNATUACNOR6","XBSP","Brazil","USD","BRL","3.84"
"1336","NEW CHINA LIFE INSURANCE COMPANY L","Equity","0.14","4.93","51,600.00","254,475.73","254,475.73","Financials","B5730Z1","CNE100001922","Hong Kong Exchanges And Clearing Ltd","China","USD","HKD","7.80"
"PDD","PINDUODUO ADR REPRESENTING INC","Equity","0.13","20.09","12,470.00","250,522.30","250,522.30","Consumer Discretionary","BYVW0F7","US7223041028","NASDAQ","China","USD","USD","1.00"
"836","CHINA RESOURCES POWER LTD","Equity","0.13","1.45","172,200.00","250,022.96","250,022.96","Utilities","6711566","HK0836012952","Hong Kong Exchanges And Clearing Ltd","China","USD","HKD","7.80"
"CHMF","SEVERSTAL","Equity","0.13","16.98","14,620.00","248,267.19","248,267.19","Materials","B5B9C59","RU0009046510","Standard-Classica-Forts","Russian Federation","USD","RUB","63.51"
"257","CHINA EVERBRIGHT INTERNATIONAL LTD","Equity","0.13","0.96","258,000.00","247,526.45","247,526.45","Industrials","6630940","HK0257001336","Hong Kong Exchanges And Clearing Ltd","China","USD","HKD","7.80"
"IOC","INDIAN OIL CORP LTD","Equity","0.13","2.27","107,758.00","244,201.51","244,201.51","Energy","6253767","INE242A01010","National Stock Exchange Of India","India","USD","INR","68.90"
"3333","CHINA EVERGRANDE GROUP","Equity","0.13","2.82","86,000.00","242,672.99","242,672.99","Real Estate","BD3DS68","KYG2119W1069","Hong Kong Exchanges And Clearing Ltd","China","USD","HKD","7.80"
"241","ALIBABA HEALTH INFORMATION TECH LT","Equity","0.13","0.97","250,000.00","242,416.47","242,416.47","Health Care","BRXVS60","BMG0171K1018","Hong Kong Exchanges And Clearing Ltd","China","USD","HKD","7.80"
"981","SEMICONDUCTOR MANUFACTURING INTERN","Equity","0.13","1.12","215,200.00","241,242.61","241,242.61","Information Technology","BDFBM13","KYG8020E1199","Hong Kong Exchanges And Clearing Ltd","China","USD","HKD","7.80"
"1099","SINOPHARM GROUP LTD H","Equity","0.13","3.49","68,800.00","240,025.65","240,025.65","Health Care","B3ZVDV0","CNE100000FN7","Hong Kong Exchanges And Clearing Ltd","China","USD","HKD","7.80"
"HINDALCO","HINDALCO INDUSTRIES LTD","Equity","0.13","3.03","79,034.00","239,382.96","239,382.96","Materials","B0GWF48","INE038A01020","National Stock Exchange Of India","India","USD","INR","68.90"
"NESTLEIND","NESTLE INDIA LTD","Equity","0.13","171.53","1,376.00","236,026.90","236,026.90","Consumer Staples","6128605","INE239A01016","National Stock Exchange Of India","India","USD","INR","68.90"
"CMIG4","CIA ENERGETICA DE MINAS GERAIS PRE","Equity","0.13","3.86","60,287.00","232,753.81","232,753.81","Utilities","B1YBRG0","BRCMIGACNPR3","XBSP","Brazil","USD","BRL","3.84"
"TATAMOTORS","TATA MOTORS LTD","Equity","0.13","2.36","98,728.00","232,549.65","232,549.65","Consumer Discretionary","B611LV1","INE155A01022","National Stock Exchange Of India","India","USD","INR","68.90"
"656","FOSUN INTERNATIONAL LTD","Equity","0.13","1.35","172,000.00","232,524.85","232,524.85","Industrials","B1Z7FX0","HK0656038673","Hong Kong Exchanges And Clearing Ltd","China","USD","HKD","7.80"
"SNGS","SURGUTNEFTEGAZ","Equity","0.13","0.42","550,410.00","232,280.73","232,280.73","Energy","B5BHQP1","RU0008926258","Standard-Classica-Forts","Russian Federation","USD","RUB","63.51"
"BAJAJ.AUTO","BAJAJ AUTO LTD","Equity","0.12","42.06","5,504.00","231,470.78","231,470.78","Consumer Discretionary","B2QKXW0","INE917I01010","National Stock Exchange Of India","India","USD","INR","68.90"
"1800","CHINA COMMUNICATIONS CONSTRUCTIONS","Equity","0.12","0.89","258,000.00","229,325.98","229,325.98","Industrials","B1JKTQ6","CNE1000002F5","Hong Kong Exchanges And Clearing Ltd","China","USD","HKD","7.80"
"RUB","RUB CASH","Cash","0.12","1.57","14,494,957.00","228,249.07","228,249.07","Cash and/or Derivatives","-","-","-","Russian Federation","USD","RUB","63.51"
"BPCL","BHARAT PETROLEUM LTD","Equity","0.12","5.53","41,221.00","228,049.04","228,049.04","Energy","6099723","INE029A01011","National Stock Exchange Of India","India","USD","INR","68.90"
"VIPS","VIPSHOP HOLDINGS SPONSORED ADS REP","Equity","0.12","8.66","26,316.00","227,896.56","227,896.56","Consumer Discretionary","B3N0H17","US92763W1036","New York Stock Exchange Inc.","China","USD","USD","1.00"
"6837","HAITONG SECURITIES COMPANY LTD H","Equity","0.12","1.10","206,400.00","226,612.45","226,612.45","Financials","B71SXC4","CNE1000019K9","Hong Kong Exchanges And Clearing Ltd","China","USD","HKD","7.80"
"600036","CHINA MERCHANTS BANK LTD A","Equity","0.12","5.25","43,000.00","225,778.34","225,778.34","Financials","BP3R273","CNE000001B33","Shanghai Stock Exchange","China","USD","CNY","6.88"
"JSWSTEEL","JSW STEEL LTD","Equity","0.12","4.03","55,856.00","224,870.83","224,870.83","Materials","BZBYJJ7","INE019A01038","National Stock Exchange Of India","India","USD","INR","68.90"
"GODREJCP","GODREJ CONSUMER PRODUCTS LTD","Equity","0.12","9.77","22,962.00","224,242.06","224,242.06","Consumer Staples","B1BDGY0","INE102D01028","National Stock Exchange Of India","India","USD","INR","68.90"
"UPL","UPL LTD","Equity","0.12","9.46","23,556.00","222,829.52","222,829.52","Materials","B0L0W35","INE628A01036","National Stock Exchange Of India","India","USD","INR","68.90"
"392","BEIJING ENTERPRISES HOLDINGS LTD","Equity","0.12","5.16","43,000.00","221,990.64","221,990.64","Utilities","6081690","HK0392044647","Hong Kong Exchanges And Clearing Ltd","China","USD","HKD","7.80"
"GAIL","GAIL INDIA LTD","Equity","0.12","4.43","49,966.00","221,353.85","221,353.85","Utilities","6133405","INE129A01019","National Stock Exchange Of India","India","USD","INR","68.90"
"ADANIPORTS","ADANI PORTS AND SPECIAL ECONOMIC Z","Equity","0.12","6.02","36,722.00","221,119.27","221,119.27","Industrials","B28XXH2","INE742F01042","National Stock Exchange Of India","India","USD","INR","68.90"
"EICHERMOT","EICHER MOTORS LTD","Equity","0.12","285.18","774.00","220,730.60","220,730.60","Consumer Discretionary","6099819","INE066A01013","National Stock Exchange Of India","India","USD","INR","68.90"
"1766","CRRC CORP LTD H","Equity","0.12","0.85","258,400.00","219,407.17","219,407.17","Industrials","B2R2ZC9","CNE100000BG0","Hong Kong Exchanges And Clearing Ltd","China","USD","HKD","7.80"
"YY","YY ADR REPRESENTING INC CLASS A","Equity","0.12","70.74","3,096.00","219,011.04","219,011.04","Communication","B7QNYP4","US98426T1060","NASDAQ","China","USD","USD","1.00"
"EMBR3","EMBRAER SA","Equity","0.12","5.03","43,000.00","216,353.61","216,353.61","Industrials","B16FPG6","BREMBRACNOR4","XBSP","Brazil","USD","BRL","3.84"
"6098","COUNTRY GARDEN SERVICES HOLDINGS L","Equity","0.12","2.40","90,000.00","215,866.09","215,866.09","Industrials","BDQZP48","KYG2453A1085","Hong Kong Exchanges And Clearing Ltd","China","USD","HKD","7.80"
"817","CHINA JINMAO HOLDINGS GROUP LTD","Equity","0.12","0.63","344,000.00","215,758.35","215,758.35","Real Estate","B23TGR6","HK0817039453","Hong Kong Exchanges And Clearing Ltd","China","USD","HKD","7.80"
"SBSP3","COMPANHIA DE SANEAMENTO BASICO DE","Equity","0.12","12.53","17,200.00","215,548.16","215,548.16","Utilities","B1YCHL8","BRSBSPACNOR5","XBSP","Brazil","USD","BRL","3.84"
"PCAR4","COMPANHIA BRASILEIRA DE DISTRIBUIC","Equity","0.12","24.06","8,956.00","215,477.10","215,477.10","Consumer Staples","B5VGS74","BRPCARACNPR0","XBSP","Brazil","USD","BRL","3.84"
"IRBR3","IRB BRASIL RESSEGUROS SA","Equity","0.12","25.04","8,600.00","215,324.42","215,324.42","Financials","BYZ6D56","BRIRBRACNOR4","XBSP","Brazil","USD","BRL","3.84"
"371","BEIJING ENTERPRISES WATER GROUP LT","Equity","0.11","0.61","344,000.00","210,904.89","210,904.89","Utilities","B01YCG0","BMG0957L1090","Hong Kong Exchanges And Clearing Ltd","China","USD","HKD","7.80"
"EQTL3","EQUATORIAL ENERGIA SA","Equity","0.11","24.19","8,600.00","208,052.97","208,052.97","Utilities","B128R96","BREQTLACNOR0","XBSP","Brazil","USD","BRL","3.84"
"1339","THE PEOPLES INSURANCE CO (GROUP)","Equity","0.11","0.40","516,000.00","205,830.82","205,830.82","Financials","B8RZJZ1","CNE100001MK7","Hong Kong Exchanges And Clearing Ltd","China","USD","HKD","7.80"
"ALRS","AK ALROSA","Equity","0.11","1.33","153,940.00","204,396.83","204,396.83","Materials","B6QPBP2","RU0007252813","Standard-Classica-Forts","Russian Federation","USD","RUB","63.51"
"BRML3","BR MALLS PARTICIPACOES SA","Equity","0.11","3.71","54,318.00","201,371.43","201,371.43","Real Estate","B1RYG58","BRBRMLACNOR9","XBSP","Brazil","USD","BRL","3.84"
"1114","BRILLIANCE CHINA AUTOMOTIVE HOLDIN","Equity","0.11","1.17","172,000.00","200,977.36","200,977.36","Consumer Discretionary","6181482","BMG1368B1028","Hong Kong Exchanges And Clearing Ltd","China","USD","HKD","7.80"
"HAVELLS","HAVELLS INDIA LTD","Equity","0.11","11.47","17,372.00","199,287.96","199,287.96","Industrials","BQGZWP9","INE176B01034","National Stock Exchange Of India","India","USD","INR","68.90"
"2238","GUANGZHOU AUTOMOBILE GROUP LTD H","Equity","0.11","1.12","178,235.00","199,118.43","199,118.43","Consumer Discretionary","B433995","CNE100000Q35","Hong Kong Exchanges And Clearing Ltd","China","USD","HKD","7.80"
"3323","CHINA NATIONAL BUILDING MATERIAL L","Equity","0.11","0.91","218,000.00","197,965.75","197,965.75","Materials","B0Y91C1","CNE1000002N9","Hong Kong Exchanges And Clearing Ltd","China","USD","HKD","7.80"
"DABUR","DABUR INDIA LTD","Equity","0.11","5.92","33,282.00","196,903.61","196,903.61","Consumer Staples","6297356","INE016A01026","National Stock Exchange Of India","India","USD","INR","68.90"
"HYPE3","HYPERMARCAS SA","Equity","0.11","7.58","25,800.00","195,590.82","195,590.82","Health Care","B2QY968","BRHYPEACNOR0","XBSP","Brazil","USD","BRL","3.84"
"390","CHINA RAILWAY GROUP LTD H","Equity","0.11","0.76","258,000.00","195,241.45","195,241.45","Industrials","B297KM7","CNE1000007Z2","Hong Kong Exchanges And Clearing Ltd","China","USD","HKD","7.80"
"3888","KINGSOFT CORP LTD","Equity","0.10","2.22","86,000.00","190,829.22","190,829.22","Information Technology","B27WRM3","KYG5264Y1089","Hong Kong Exchanges And Clearing Ltd","China","USD","HKD","7.80"
"CSNA3","COMPANHIA SIDERURGICA NACIONAL","Equity","0.10","4.38","43,000.00","188,498.36","188,498.36","Materials","B019KX8","BRCSNAACNOR6","XBSP","Brazil","USD","BRL","3.84"
"NLMK","NOVOLIPETSK STEEL","Equity","0.10","2.48","75,680.00","187,909.97","187,909.97","Materials","B59FPC7","RU0009046452","Standard-Classica-Forts","Russian Federation","USD","RUB","63.51"
"SHREECEM","SHREE CEMENT LTD","Equity","0.10","311.84","602.00","187,726.27","187,726.27","Materials","6100357","INE070A01015","National Stock Exchange Of India","India","USD","INR","68.90"
"1060","ALIBABA PICTURES GROUP LTD","Equity","0.10","0.22","860,000.00","185,313.92","185,313.92","Communication","BPYM749","BMG0171W1055","Hong Kong Exchanges And Clearing Ltd","China","USD","HKD","7.80"
"KLBN11","KLABIN UNITS SA","Equity","0.10","4.30","43,000.00","184,694.83","184,694.83","Materials","BJ0K6Z9","BRKLBNCDAM18","XBSP","Brazil","USD","BRL","3.84"
"3898","ZHUZHOU CRRC TIMES ELECTRIC LTD H","Equity","0.10","5.37","34,400.00","184,652.09","184,652.09","Industrials","B1L3XL6","CNE1000004X4","Hong Kong Exchanges And Clearing Ltd","China","USD","HKD","7.80"
"TIMP3","TIM PARTICIPACOES SA","Equity","0.10","3.06","60,269.00","184,548.14","184,548.14","Communication","2292560","BRTIMPACNOR1","XBSP","Brazil","USD","BRL","3.84"
"696","TRAVELSKY TECHNOLOGY LTD H","Equity","0.10","2.13","86,000.00","182,887.19","182,887.19","Information Technology","6321954","CNE1000004J3","Hong Kong Exchanges And Clearing Ltd","China","USD","HKD","7.80"
"IBULHSGFIN","INDIABULLS HOUSING FINANCE LTD","Equity","0.10","10.03","18,060.00","181,101.14","181,101.14","Financials","B98CG57","INE148I01020","National Stock Exchange Of India","India","USD","INR","68.90"
"753","AIR CHINA LTD H","Equity","0.10","1.05","172,000.00","180,681.07","180,681.07","Industrials","B04KNF1","CNE1000001S0","Hong Kong Exchanges And Clearing Ltd","China","USD","HKD","7.80"
"GNDI3","NOTRE DAME INTERMEDICA PARTICIPACO","Equity","0.10","10.45","17,200.00","179,794.99","179,794.99","Health Care","BF4J7K6","BRGNDIACNOR2","XBSP","Brazil","USD","BRL","3.84"
"6886","HUATAI SECURITIES LTD H","Equity","0.10","1.74","103,200.00","179,754.51","179,754.51","Financials","BWVFT00","CNE100001YQ9","Hong Kong Exchanges And Clearing Ltd","China","USD","HKD","7.80"
"XTSLA","BLK CSH FND TREASURY SL AGENCY","Money Market","0.10","1.00","179,000.00","179,000.23","179,000.23","Cash and/or Derivatives","-","US0669224778","-","United States","USD","USD","1.00"
"CIPLA","CIPLA LTD","Equity","0.10","8.03","22,274.00","178,844.86","178,844.86","Health Care","B011108","INE059A01026","National Stock Exchange Of India","India","USD","INR","68.90"
"3311","CHINA STATE CONSTRUCTION INTERNATI","Equity","0.10","1.04","172,000.00","178,474.96","178,474.96","Industrials","B0BM5T8","KYG216771363","Hong Kong Exchanges And Clearing Ltd","China","USD","HKD","7.80"
"LAME4","LOJAS AMERICANAS PN REP1 PREF SA","Equity","0.10","4.14","43,004.00","177,887.40","177,887.40","Consumer Discretionary","2516710","BRLAMEACNPR6","XBSP","Brazil","USD","BRL","3.84"
"1030","FUTURE LAND DEVELOPMENT HOLDINGS L","Equity","0.10","1.03","172,000.00","177,371.90","177,371.90","Real Estate","B6V94F0","KYG3701A1067","Hong Kong Exchanges And Clearing Ltd","China","USD","HKD","7.80"
"SULA11","SUL AMERICA UNITS SA","Equity","0.10","10.22","17,289.00","176,767.18","176,767.18","Financials","B27WYK0","BRSULACDAM12","XBSP","Brazil","USD","BRL","3.84"
"3360","FAR EAST HORIZON LTD","Equity","0.09","1.02","172,000.00","175,165.78","175,165.78","Financials","B63DLB5","HK0000077468","Hong Kong Exchanges And Clearing Ltd","China","USD","HKD","7.80"
"HINDPETRO","HINDUSTAN PETROLEUM CORP LTD","Equity","0.09","4.18","41,796.00","174,666.10","174,666.10","Energy","6100476","INE094A01015","National Stock Exchange Of India","India","USD","INR","68.90"
"IRAO","INTER RAO YEES","Equity","0.09","0.08","2,322,000.00","174,410.52","174,410.52","Utilities","B5B2VL7","RU000A0JPNM1","Standard-Classica-Forts","Russian Federation","USD","RUB","63.51"
"TATASTEEL","TATA STEEL LTD","Equity","0.09","7.41","23,478.00","173,877.54","173,877.54","Materials","6101156","INE081A01012","National Stock Exchange Of India","India","USD","INR","68.90"
"1199","COSCO SHIPPING PORTS LTD","Equity","0.09","1.01","172,000.00","173,400.89","173,400.89","Industrials","6354251","BMG2442N1048","Hong Kong Exchanges And Clearing Ltd","China","USD","HKD","7.80"
"DMART","AVENUE SUPERMARTS LTD","Equity","0.09","21.19","8,170.00","173,125.68","173,125.68","Consumer Staples","BYW1G33","INE192R01011","National Stock Exchange Of India","India","USD","INR","68.90"
"1313","CHINA RESOURCES CEMENT HOLDINGS LT","Equity","0.09","1.00","172,000.00","172,739.05","172,739.05","Materials","B41XC98","KYG2113L1068","Hong Kong Exchanges And Clearing Ltd","China","USD","HKD","7.80"
"1186","CHINA RAILWAY CONSTRUCTION CORP LT","Equity","0.09","1.22","141,000.00","171,988.71","171,988.71","Industrials","B2PFVH7","CNE100000981","Hong Kong Exchanges And Clearing Ltd","China","USD","HKD","7.80"
"2883","CHINA OILFIELD SERVICES LTD H","Equity","0.09","0.97","176,000.00","171,564.16","171,564.16","Energy","6560995","CNE1000002P4","Hong Kong Exchanges And Clearing Ltd","China","USD","HKD","7.80"
"1066","SHANDONG WEIGAO GROUP MEDICAL POLY","Equity","0.09","0.91","184,000.00","167,326.36","167,326.36","Health Care","6742340","CNE100000171","Hong Kong Exchanges And Clearing Ltd","China","USD","HKD","7.80"
"PEL","PIRAMAL ENTERPRISES LTD","Equity","0.09","29.43","5,678.00","167,096.22","167,096.22","Health Care","B058J56","INE140A01024","National Stock Exchange Of India","India","USD","INR","68.90"
"ZEEL","ZEE ENTERTAINMENT ENTERPRISES LTD","Equity","0.09","5.24","31,820.00","166,664.80","166,664.80","Communication","6188535","INE256A01028","National Stock Exchange Of India","India","USD","INR","68.90"
"LICHSGFIN","LIC HOUSING FINANCE LTD","Equity","0.09","8.25","20,124.00","166,035.75","166,035.75","Financials","6101026","INE115A01026","National Stock Exchange Of India","India","USD","INR","68.90"
"2333","GREAT WALL MOTOR LTD H","Equity","0.09","0.77","215,000.00","165,734.62","165,734.62","Consumer Discretionary","6718255","CNE100000338","Hong Kong Exchanges And Clearing Ltd","China","USD","HKD","7.80"
"6808","SUN ART RETAIL GROUP LTD","Equity","0.09","0.96","172,000.00","165,458.86","165,458.86","Consumer Staples","B3MPN59","HK0000083920","Hong Kong Exchanges And Clearing Ltd","China","USD","HKD","7.80"
"1171","YANZHOU COAL MINING LTD H","Equity","0.09","0.95","172,000.00","164,135.19","164,135.19","Energy","6109893","CNE1000004Q8","Hong Kong Exchanges And Clearing Ltd","China","USD","HKD","7.80"
"LUPIN","LUPIN LTD","Equity","0.09","10.92","14,878.00","162,526.17","162,526.17","Health Care","6143761","INE326A01037","National Stock Exchange Of India","India","USD","INR","68.90"
"YESBANK","YES BANK LTD","Equity","0.09","1.45","112,144.00","162,347.56","162,347.56","Financials","BF0GLF4","INE528G01027","National Stock Exchange Of India","India","USD","INR","68.90"
"BRDT3","PETROBRAS DISTRIBUIDORA SA","Equity","0.09","6.24","25,800.00","161,090.59","161,090.59","Consumer Discretionary","2683777","BRBRDTACNOR1","XBSP","Brazil","USD","BRL","3.84"
"601166","INDUSTRIAL BANK LTD A","Equity","0.09","2.66","60,200.00","160,274.52","160,274.52","Financials","BP3R295","CNE000001QZ7","Shanghai Stock Exchange","China","USD","CNY","6.88"
"AUROPHARMA","AUROBINDO PHARMA LTD","Equity","0.09","8.65","18,404.00","159,243.25","159,243.25","Health Care","6702634","INE406A01037","National Stock Exchange Of India","India","USD","INR","68.90"
"IQ","IQIYI ADS REPRESENTING INC CLASS","Equity","0.09","20.75","7,654.00","158,820.50","158,820.50","Communication","BYWT1W1","US46267X1081","NASDAQ","China","USD","USD","1.00"
"LKOD","PJSC LUKOIL SPONSORED ADR REPRESEN","Equity","0.09","83.80","1,892.00","158,549.60","158,549.60","Energy","BYZDW27","US69343P1057","London Stock Exchange","Russian Federation","USD","USD","1.00"
"BRKM5","BRASKEM PREF SERIES A SA","Equity","0.09","9.18","17,200.00","157,913.52","157,913.52","Materials","B0774N4","BRBRKMACNPA4","XBSP","Brazil","USD","BRL","3.84"
"ELET3","CENTRAIS ELETR BRAS-ELETROBRAS","Equity","0.08","9.16","17,200.00","157,510.80","157,510.80","Utilities","2311120","BRELETACNOR6","XBSP","Brazil","USD","BRL","3.84"
"SINA","SINA CORP","Equity","0.08","43.38","3,612.00","156,688.56","156,688.56","Communication","2579230","KYG814771047","NASDAQ","China","USD","USD","1.00"
"GDS","GDS HOLDINGS LIMITED ADR LTD","Equity","0.08","38.45","4,042.00","155,414.90","155,414.90","Information Technology","BD6FLL7","US36165L1089","NASDAQ","China","USD","USD","1.00"
"168","TSINGTAO BREWERY LTD H","Equity","0.08","6.46","24,000.00","154,992.62","154,992.62","Consumer Staples","6905808","CNE1000004K1","Hong Kong Exchanges And Clearing Ltd","China","USD","HKD","7.80"
"000858","WULIANGYE YIBIN LTD A","Equity","0.08","18.00","8,600.00","154,778.39","154,778.39","Consumer Staples","BD5CPG2","CNE000000VQ8","Shenzhen Stock Exchange","China","USD","CNY","6.88"
"694","BEIJING CAPITAL INTERNATIONAL AIRP","Equity","0.08","0.89","172,000.00","153,766.43","153,766.43","Industrials","6208422","CNE100000221","Hong Kong Exchanges And Clearing Ltd","China","USD","HKD","7.80"
"BRITANNIA","BRITANNIA INDUSTRIES LTD","Equity","0.08","40.56","3,784.00","153,476.95","153,476.95","Consumer Staples","BGSQG47","INE216A01030","National Stock Exchange Of India","India","USD","INR","68.90"
"1530","3SBIO INC","Equity","0.08","1.78","86,000.00","153,325.21","153,325.21","Health Care","BY9D3L9","KYG8875G1029","Hong Kong Exchanges And Clearing Ltd","China","USD","HKD","7.80"
"2005","SSY GROUP LTD","Equity","0.08","0.89","172,000.00","152,222.15","152,222.15","Health Care","BYP9J68","KYG8406X1034","Hong Kong Exchanges And Clearing Ltd","China","USD","HKD","7.80"
"WB","WEIBO ADR REPRESENTING CORP CLASS","Equity","0.08","44.23","3,440.00","152,151.20","152,151.20","Communication","BLLJ4H7","US9485961018","NASDAQ","China","USD","USD","1.00"
"2899","ZIJIN MINING GROUP LTD H","Equity","0.08","0.41","375,000.00","151,991.28","151,991.28","Materials","6725299","CNE100000502","Hong Kong Exchanges And Clearing Ltd","China","USD","HKD","7.80"
"MCDOWELL.N","UNITED SPIRITS LTD","Equity","0.08","8.41","18,060.00","151,942.01","151,942.01","Consumer Staples","BYWFSB7","INE854D01024","National Stock Exchange Of India","India","USD","INR","68.90"
"SRTRANSFIN","SHRIRAM TRANSPORT FINANCE COMPANY","Equity","0.08","15.75","9,632.00","151,671.17","151,671.17","Financials","6802608","INE721A01013","National Stock Exchange Of India","India","USD","INR","68.90"
"144","CHINA MERCHANTS PORT HOLDINGS LTD","Equity","0.08","1.76","86,000.00","151,119.09","151,119.09","Industrials","6416139","HK0144000764","Hong Kong Exchanges And Clearing Ltd","China","USD","HKD","7.80"
"763","ZTE CORP H","Equity","0.08","2.92","51,648.00","150,707.63","150,707.63","Information Technology","B04KP88","CNE1000004Y2","Hong Kong Exchanges And Clearing Ltd","China","USD","HKD","7.80"
"POLY","POLYMETAL INTERNATIONAL PLC","Equity","0.08","12.80","11,704.00","149,762.54","149,762.54","Materials","BBMT4K9","JE00B6T5S470","Standard-Classica-Forts","Russian Federation","USD","RUB","63.51"
"135","KUNLUN ENERGY LTD","Equity","0.08","0.86","172,000.00","147,589.30","147,589.30","Utilities","6340078","BMG5320C1082","Hong Kong Exchanges And Clearing Ltd","China","USD","HKD","7.80"
"489","DONGFENG MOTOR GROUP LTD H","Equity","0.08","0.86","172,000.00","147,368.69","147,368.69","Consumer Discretionary","B0PH5N3","CNE100000312","Hong Kong Exchanges And Clearing Ltd","China","USD","HKD","7.80"
"CRFB3","ATACADAO CARREFOUR SA","Equity","0.08","5.71","25,800.00","147,263.65","147,263.65","Consumer Staples","BF7LBH4","BRCRFBACNOR2","XBSP","Brazil","USD","BRL","3.84"
"1816","CGN POWER LTD H","Equity","0.08","0.28","516,000.00","146,265.63","146,265.63","Utilities","BSBMM04","CNE100001T80","Hong Kong Exchanges And Clearing Ltd","China","USD","HKD","7.80"
"INDIGO","INTERGLOBE AVIATION LTD","Equity","0.08","22.92","6,364.00","145,879.03","145,879.03","Industrials","BYYZ7D0","INE646L01027","National Stock Exchange Of India","India","USD","INR","68.90"
"2588","BOC AVIATION LTD","Equity","0.08","8.41","17,200.00","144,611.04","144,611.04","Industrials","BYZJV17","SG9999015267","Hong Kong Exchanges And Clearing Ltd","China","USD","HKD","7.80"
"VTBR","BANK VTB","Equity","0.08","0.00","226,166,001.00","144,521.16","144,521.16","Financials","B5B1TP4","RU000A0JP5V6","Standard-Classica-Forts","Russian Federation","USD","RUB","63.51"
"2338","WEICHAI POWER LTD H","Equity","0.08","1.68","86,100.00","144,447.89","144,447.89","Industrials","6743956","CNE1000004L9","Hong Kong Exchanges And Clearing Ltd","China","USD","HKD","7.80"
"2196","SHANGHAI FOSUN PHARMACEUTICAL (GRO","Equity","0.08","3.10","46,500.00","144,035.79","144,035.79","Health Care","B8XBQ96","CNE100001M79","Hong Kong Exchanges And Clearing Ltd","China","USD","HKD","7.80"
"ICICIGI","ICICI LOMBARD GENERAL INSURANCE CO","Equity","0.08","16.24","8,772.00","142,432.11","142,432.11","Financials","BYXH7P9","INE765G01017","National Stock Exchange Of India","India","USD","INR","68.90"
"MAGN","MAGNITOGORSKIY METALLURGICHESKIY K","Equity","0.08","0.71","197,800.00","140,349.07","140,349.07","Materials","B5B1RP0","RU0009084396","Standard-Classica-Forts","Russian Federation","USD","RUB","63.51"
"BRL","BRL CASH","Cash","0.08","26.02","538,145.00","140,003.42","140,003.42","Cash and/or Derivatives","-","-","-","Brazil","USD","BRL","3.84"
"1359","CHINA CHINDA ASSET MANAGEMENT LTD","Equity","0.08","0.23","602,000.00","139,757.58","139,757.58","Financials","BGY6SV2","CNE100001QS1","Hong Kong Exchanges And Clearing Ltd","China","USD","HKD","7.80"
"2777","GUANGZHOU R&F PROPERTIES LTD H","Equity","0.08","2.03","68,800.00","139,603.16","139,603.16","Real Estate","B19H8Y8","CNE100000569","Hong Kong Exchanges And Clearing Ltd","China","USD","HKD","7.80"
"PETRONET","PETRONET LNG LTD","Equity","0.08","3.62","38,528.00","139,509.52","139,509.52","Energy","B00KT68","INE347G01014","National Stock Exchange Of India","India","USD","INR","68.90"
"CIEL3","CIELO SA","Equity","0.07","1.80","77,421.00","138,978.33","138,978.33","Information Technology","B614LY3","BRCIELACNOR3","XBSP","Brazil","USD","BRL","3.84"
"PLZL","POLYUS","Equity","0.07","94.94","1,456.00","138,228.86","138,228.86","Materials","B57R0L9","RU000A0JNAA8","Standard-Classica-Forts","Russian Federation","USD","RUB","63.51"
"3908","CHINA INTERNATIONAL CAPITAL CORP L","Equity","0.07","2.00","68,800.00","137,485.28","137,485.28","Financials","BZ169C6","CNE100002359","Hong Kong Exchanges And Clearing Ltd","China","USD","HKD","7.80"
"OGZD","PJSC GAZPROM ADR CDI","Equity","0.07","7.84","17,286.00","135,556.81","135,556.81","Energy","5140989","US3682872078","London Stock Exchange","Russian Federation","USD","USD","1.00"
"552","CHINA COMMUNICATIONS SERVICES CORP","Equity","0.07","0.78","172,800.00","135,199.13","135,199.13","Industrials","B1HVJ16","CNE1000002G3","Hong Kong Exchanges And Clearing Ltd","China","USD","HKD","7.80"
"NIO","NIO AMERICAN DEPOSITARY SHARES REP","Equity","0.07","3.13","42,312.00","132,436.56","132,436.56","Consumer Discretionary","BFZX9H8","US62914V1061","New York Stock Exchange Inc.","China","USD","USD","1.00"
"603288","FOSHAN HAI TIAN FLAVOURING & FOOD","Equity","0.07","15.32","8,600.00","131,782.10","131,782.10","Consumer Staples","BTFRHX0","CNE100001SL2","Shanghai Stock Exchange","China","USD","CNY","6.88"
"BZUN","BAOZUN ADR REPRESENTING INC CLASS","Equity","0.07","54.70","2,408.00","131,717.60","131,717.60","Consumer Discretionary","BY2ZJ69","US06684L1035","NASDAQ","China","USD","USD","1.00"
"3883","CHINA AOYUAN PROPERTY LTD","Equity","0.07","1.53","86,000.00","131,484.64","131,484.64","Real Estate","B247M48","KYG2112H1065","Hong Kong Exchanges And Clearing Ltd","China","USD","HKD","7.80"
"6881","CHINA GALAXY SECURITIES LTD H","Equity","0.07","0.60","215,000.00","129,057.91","129,057.91","Financials","B92NYF2","CNE100001NT6","Hong Kong Exchanges And Clearing Ltd","China","USD","HKD","7.80"
"601398","INDUSTRIAL AND COMMERCIAL BANK OF","Equity","0.07","0.82","154,800.00","127,485.13","127,485.13","Financials","BP3R217","CNE000001P37","Shanghai Stock Exchange","China","USD","CNY","6.88"
"AMBUJACEM","AMBUJA CEMENTS LTD","Equity","0.07","3.12","40,678.00","126,897.73","126,897.73","Materials","B09QQ11","INE079A01024","National Stock Exchange Of India","India","USD","INR","68.90"
"PHOR","PJSC PHOSAGRO GDR","Equity","0.07","13.02","9,718.00","126,528.36","126,528.36","Materials","B62QPJ1","US71922G2093","London Stock Exchange","Russian Federation","USD","USD","1.00"
"DIVISLAB","DIVIS LABORATORIES LTD","Equity","0.07","23.66","5,332.00","126,181.13","126,181.13","Health Care","6602518","INE361B01024","National Stock Exchange Of India","India","USD","INR","68.90"
"EGIE3","ENGIE BRASIL ENERGIA SA","Equity","0.07","11.46","10,925.00","125,229.07","125,229.07","Utilities","BD1WX84","BREGIEACNOR9","XBSP","Brazil","USD","BRL","3.84"
"BOSCHLTD","BOSCH LTD","Equity","0.07","242.59","516.00","125,175.15","125,175.15","Consumer Discretionary","B01NFV3","INE323A01026","National Stock Exchange Of India","India","USD","INR","68.90"
"MULT3","MULTIPLAN EMPREENDIMENTOS IMOBILIA","Equity","0.07","7.24","17,230.00","124,794.01","124,794.01","Real Estate","B23DZG0","BRMULTACNOR5","XBSP","Brazil","USD","BRL","3.84"
"1055","CHINA SOUTHERN AIRLINES LTD H","Equity","0.07","0.72","172,000.00","124,645.67","124,645.67","Industrials","6013693","CNE1000002T6","Hong Kong Exchanges And Clearing Ltd","China","USD","HKD","7.80"
"1776","GF SECURITIES LTD H","Equity","0.07","1.20","103,200.00","124,160.33","124,160.33","Financials","BW4NKK8","CNE100001TQ9","Hong Kong Exchanges And Clearing Ltd","China","USD","HKD","7.80"
"601288","AGRICULTURAL BANK OF CHINA LTD A","Equity","0.07","0.53","232,200.00","123,437.98","123,437.98","Financials","BP3R228","CNE100000RJ0","Shanghai Stock Exchange","China","USD","CNY","6.88"
"PIDILITIND","PIDILITE INDUSTRIES LTD","Equity","0.07","17.72","6,966.00","123,434.96","123,434.96","Materials","B0JJV59","INE318A01026","National Stock Exchange Of India","India","USD","INR","68.90"
"JOBS","51JOB ADR REPRESENTING INC","Equity","0.07","75.45","1,634.00","123,285.30","123,285.30","Industrials","B02TT74","US3168271043","NASDAQ","China","USD","USD","1.00"
"123","YUEXIU PROPERTY LTD","Equity","0.07","0.24","516,000.00","122,439.56","122,439.56","Real Estate","6392422","HK0123000694","Hong Kong Exchanges And Clearing Ltd","China","USD","HKD","7.80"
"881","ZHONGSHENG GROUP HOLDINGS LTD","Equity","0.07","2.85","43,000.00","122,439.56","122,439.56","Consumer Discretionary","B633D97","KYG9894K1085","Hong Kong Exchanges And Clearing Ltd","China","USD","HKD","7.80"
"2799","CHINA HUARONG ASSET MANAGEMENT LTD","Equity","0.07","0.18","688,000.00","121,777.72","121,777.72","Financials","BYNK383","CNE100002367","Hong Kong Exchanges And Clearing Ltd","China","USD","HKD","7.80"
"148","KINGBOARD HOLDINGS LTD","Equity","0.07","2.83","43,000.00","121,612.26","121,612.26","Information Technology","6491318","KYG525621408","Hong Kong Exchanges And Clearing Ltd","China","USD","HKD","7.80"
"601989","CHINA SHIPBUILDING INDUSTRY LTD A","Equity","0.07","0.94","129,000.00","121,601.78","121,601.78","Industrials","BP3R2R3","CNE100000J75","Shanghai Stock Exchange","China","USD","CNY","6.88"
"MOTHERSUMI","MOTHERSON SUMI SYSTEMS LTD","Equity","0.07","1.84","66,008.00","121,327.32","121,327.32","Consumer Discretionary","6743990","INE775A01035","National Stock Exchange Of India","India","USD","INR","68.90"
"M&MFIN","MAHINDRA AND MAHINDRA FINANCIAL SE","Equity","0.06","5.72","21,071.00","120,608.77","120,608.77","Financials","B8F8822","INE774D01024","National Stock Exchange Of India","India","USD","INR","68.90"
"2600","ALUMINUM CORPORATION OF CHINA CORP","Equity","0.06","0.35","344,000.00","120,012.83","120,012.83","Materials","6425395","CNE1000001T8","Hong Kong Exchanges And Clearing Ltd","China","USD","HKD","7.80"
"884","CIFI HOLDINGS (GROUP) LTD","Equity","0.06","0.69","172,000.00","118,027.32","118,027.32","Real Estate","B8Z00N3","KYG2140A1076","Hong Kong Exchanges And Clearing Ltd","China","USD","HKD","7.80"
"2607","SHANGHAI PHARMACEUTICALS HOLDING L","Equity","0.06","1.95","60,200.00","117,211.06","117,211.06","Health Care","B4Q4CJ6","CNE1000012B3","Hong Kong Exchanges And Clearing Ltd","China","USD","HKD","7.80"
"600030","CITIC SECURITIES LTD A","Equity","0.06","3.40","34,400.00","117,067.47","117,067.47","Financials","BP3R2J5","CNE000001DB6","Shanghai Stock Exchange","China","USD","CNY","6.88"
"PSSA3","PORTO SEGURO SA","Equity","0.06","13.54","8,600.00","116,477.44","116,477.44","Financials","B0498T7","BRPSSAACNOR7","XBSP","Brazil","USD","BRL","3.84"
"HEROMOTOCO","HERO MOTOCORP LTD","Equity","0.06","37.55","3,096.00","116,262.09","116,262.09","Consumer Discretionary","6327327","INE158A01026","National Stock Exchange Of India","India","USD","INR","68.90"
"968","XINYI SOLAR HOLDINGS LTD","Equity","0.06","0.49","236,000.00","115,025.97","115,025.97","Information Technology","BGQYNN1","KYG9829N1025","Hong Kong Exchanges And Clearing Ltd","China","USD","HKD","7.80"
"358","JIANGXI COPPER LTD H","Equity","0.06","1.33","86,000.00","114,718.14","114,718.14","Materials","6000305","CNE1000003K3","Hong Kong Exchanges And Clearing Ltd","China","USD","HKD","7.80"
"BPAC11","BCO BTG PACTUAL UNT SA","Equity","0.06","13.27","8,600.00","114,105.83","114,105.83","Financials","BZBZVC7","BRBPACUNT006","XBSP","Brazil","USD","BRL","3.84"
"916","CHINA LONGYUAN POWER GROUP CORP LT","Equity","0.06","0.66","172,000.00","113,835.70","113,835.70","Utilities","B4Q2TX3","CNE100000HD4","Hong Kong Exchanges And Clearing Ltd","China","USD","HKD","7.80"
"601211","GUOTAI JUNAN SECURITIES LTD A","Equity","0.06","2.64","43,000.00","113,357.59","113,357.59","Financials","BYQDMZ9","CNE1000022F3","Shanghai Stock Exchange","China","USD","CNY","6.88"
"2359","WUXI APPTEC LTD H","Equity","0.06","9.38","12,040.00","112,964.28","112,964.28","Health Care","BGHH0L6","CNE100003F19","Hong Kong Exchanges And Clearing Ltd","China","USD","HKD","7.80"
"1316","NEXTEER AUTOMOTIVE GROUP LTD","Equity","0.06","1.29","86,000.00","111,188.35","111,188.35","Consumer Discretionary","BBPD5F0","KYG6501M1050","Hong Kong Exchanges And Clearing Ltd","China","USD","HKD","7.80"
"ASHOKLEY","ASHOK LEYLAND LTD","Equity","0.06","1.31","83,786.00","109,803.46","109,803.46","Industrials","B01NFT1","INE208A01029","National Stock Exchange Of India","India","USD","INR","68.90"
"000002","CHINA VANKE LTD A","Equity","0.06","4.24","25,901.00","109,738.36","109,738.36","Real Estate","BD5CPW8","CNE0000000T2","Shenzhen Stock Exchange","China","USD","CNY","6.88"
"3606","FUYAO GLASS INDUSTRY GROUP LTD H","Equity","0.06","3.18","34,400.00","109,423.46","109,423.46","Consumer Discretionary","BWGCFG4","CNE100001TR7","Hong Kong Exchanges And Clearing Ltd","China","USD","HKD","7.80"
"UPL","UPL LTD","Equity","0.06","9.17","11,778.00","108,053.06","108,053.06","Materials","-","IN8628A01019","National Stock Exchange Of India","India","USD","INR","68.90"
"RECLTD","REC LTD","Equity","0.06","2.43","44,376.00","107,874.75","107,874.75","Financials","B2Q7WL3","INE020B01018","National Stock Exchange Of India","India","USD","INR","68.90"
"CSAN3","COSAN INDUSTRIA E COMERCIO SA","Equity","0.06","12.40","8,600.00","106,655.39","106,655.39","Energy","B0P72G5","BRCSANACNOR6","XBSP","Brazil","USD","BRL","3.84"
"002415","HANGZHOU HIKVISION DIGITAL TECHNOL","Equity","0.06","4.12","25,800.00","106,312.56","106,312.56","Information Technology","BD5CPQ2","CNE100000PM8","Shenzhen Stock Exchange","China","USD","CNY","6.88"
"MOEX","MOSCOW EXCHANGE","Equity","0.06","1.46","72,160.00","105,333.94","105,333.94","Financials","B9GFHQ6","RU000A0JR4A1","Standard-Classica-Forts","Russian Federation","USD","RUB","63.51"
"000001","PING AN BANK LTD A","Equity","0.06","2.03","51,600.00","105,000.98","105,000.98","Financials","BD5CPS4","CNE000000040","Shenzhen Stock Exchange","China","USD","CNY","6.88"
"ENGI11","ENERGISA UNITS SA","Equity","0.06","11.99","8,600.00","103,142.72","103,142.72","Utilities","B56XQT8","BRENGICDAM16","XBSP","Brazil","USD","BRL","3.84"
"902","HUANENG POWER INTERNATIONAL INC H","Equity","0.06","0.59","172,000.00","102,143.27","102,143.27","Utilities","6099671","CNE1000006Z4","Hong Kong Exchanges And Clearing Ltd","China","USD","HKD","7.80"
"600000","SHANGHAI PUDONG DEVELOPMENT BANK L","Equity","0.05","1.68","60,200.00","101,078.75","101,078.75","Financials","BP3R2B7","CNE0000011B7","Shanghai Stock Exchange","China","USD","CNY","6.88"
"900932","SHANGHAI LUJIAZUI FINANCE & TRADE","Equity","0.05","1.22","82,776.00","100,821.17","100,821.17","Real Estate","6798666","CNE000000HH6","Shanghai Stock Exchange","China","USD","USD","1.00"
"1138","COSCO SHIPPING ENERGY TRANSPORTATI","Equity","0.05","0.58","172,000.00","100,378.37","100,378.37","Industrials","6782045","CNE1000002S8","Hong Kong Exchanges And Clearing Ltd","China","USD","HKD","7.80"
"958","HUANENG RENEWABLES CORPORATION COR","Equity","0.05","0.29","344,000.00","99,275.32","99,275.32","Utilities","B4WTBY3","CNE100000WS1","Hong Kong Exchanges And Clearing Ltd","China","USD","HKD","7.80"
"220","UNI-PRESIDENT LTD","Equity","0.05","1.14","86,000.00","97,951.64","97,951.64","Consumer Staples","B29MKF5","KYG9222R1065","Hong Kong Exchanges And Clearing Ltd","China","USD","HKD","7.80"
"3320","CHINA RESOURCES PHARMACEUTICAL GRO","Equity","0.05","1.14","86,000.00","97,731.03","97,731.03","Health Care","BYNGG26","HK0000311099","Hong Kong Exchanges And Clearing Ltd","China","USD","HKD","7.80"
"TME","TENCENT MUSIC ENTERTAINMENT GROUP","Equity","0.05","15.04","6,450.00","97,008.00","97,008.00","Communication","BFZYWR2","US88034P1093","New York Stock Exchange Inc.","China","USD","USD","1.00"
"600016","CHINA MINSHENG BANKING CORP LTD A","Equity","0.05","0.94","103,200.00","96,831.74","96,831.74","Financials","BP3R2C8","CNE0000015Y0","Shanghai Stock Exchange","China","USD","CNY","6.88"
"1818","ZHAOJIN MINING INDUSTRY LTD H","Equity","0.05","1.12","86,000.00","96,738.28","96,738.28","Materials","B1H5082","CNE1000004R6","Hong Kong Exchanges And Clearing Ltd","China","USD","HKD","7.80"
"268","KINGDEE INT L SOFTWARE GROUP LTD","Equity","0.05","1.12","86,000.00","96,517.67","96,517.67","Information Technology","6327587","KYG525681477","Hong Kong Exchanges And Clearing Ltd","China","USD","HKD","7.80"
"601668","CHINA STATE CONSTRUCTION ENGINEERI","Equity","0.05","0.86","111,800.00","96,457.00","96,457.00","Industrials","BP3R2Q2","CNE100000F46","Shanghai Stock Exchange","China","USD","CNY","6.88"
"1378","CHINA HONGQIAO GROUP LTD","Equity","0.05","0.75","129,000.00","96,131.60","96,131.60","Materials","B44ZV94","KYG211501005","Hong Kong Exchanges And Clearing Ltd","China","USD","HKD","7.80"
"3377","SINO-OCEAN GROUP HOLDING LTD","Equity","0.05","0.44","215,000.00","95,414.61","95,414.61","Real Estate","B24CVP7","HK3377040226","Hong Kong Exchanges And Clearing Ltd","China","USD","HKD","7.80"
"3618","CHONGQING RURAL COMMERCIAL BANK LT","Equity","0.05","0.55","172,000.00","94,863.08","94,863.08","Financials","B4Q1Y57","CNE100000X44","Hong Kong Exchanges And Clearing Ltd","China","USD","HKD","7.80"
"2357","AVICHINA INDUSTRY & TECHNOLOGY LTD","Equity","0.05","0.55","172,000.00","94,863.08","94,863.08","Industrials","6707899","CNE1000001Y8","Hong Kong Exchanges And Clearing Ltd","China","USD","HKD","7.80"
"1813","KWG GROUP HOLDINGS LTD","Equity","0.05","1.08","86,000.00","92,877.57","92,877.57","Real Estate","B1YBF00","KYG532241042","Hong Kong Exchanges And Clearing Ltd","China","USD","HKD","7.80"
"601328","BANK OF COMMUNICATIONS LTD A","Equity","0.05","0.90","103,200.00","92,784.59","92,784.59","Financials","BP3R2G2","CNE1000000S2","Shanghai Stock Exchange","China","USD","CNY","6.88"
"601766","CRRC CORP LTD A","Equity","0.05","1.20","77,400.00","92,747.12","92,747.12","Industrials","BP3R358","CNE100000CP9","Shanghai Stock Exchange","China","USD","CNY","6.88"
"601601","CHINA PACIFIC INSURANCE (GROUP) LT","Equity","0.05","5.32","17,200.00","91,560.46","91,560.46","Financials","BP3R2K6","CNE1000008M8","Shanghai Stock Exchange","China","USD","CNY","6.88"
"002142","BANK OF NINGBO LTD A","Equity","0.05","3.54","25,800.00","91,398.07","91,398.07","Financials","BD5CP06","CNE1000005P7","Shenzhen Stock Exchange","China","USD","CNY","6.88"
"600900","CHINA YANGTZE POWER LTD A","Equity","0.05","2.65","34,456.00","91,384.21","91,384.21","Utilities","BP3R2M8","CNE000001G87","Shanghai Stock Exchange","China","USD","CNY","6.88"
"IDEA","VODAFONE IDEA LTD","Equity","0.05","0.17","512,372.00","88,860.78","88,860.78","Communication","B1MP4H4","INE669E01016","National Stock Exchange Of India","India","USD","INR","68.90"
"MDIA3","M DIAS BRANCO INDUSTRIA SA","Equity","0.05","10.32","8,600.00","88,711.69","88,711.69","Consumer Staples","B1FRH89","BRMDIAACNOR7","XBSP","Brazil","USD","BRL","3.84"
"300498","WENS FOODSTUFF GROUP LTD","Equity","0.05","5.10","17,200.00","87,738.15","87,738.15","Consumer Staples","BD5CPT5","CNE100002508","Shenzhen Stock Exchange","China","USD","CNY","6.88"
"INFRATEL","BHARTI INFRATEL LTD","Equity","0.05","3.86","22,618.00","87,200.88","87,200.88","Communication","B92P9G4","INE121J01017","National Stock Exchange Of India","India","USD","INR","68.90"
"1958","BAIC MOTOR CORP LTD H","Equity","0.05","0.67","129,000.00","87,031.36","87,031.36","Consumer Discretionary","BTF8BT7","CNE100001TJ4","Hong Kong Exchanges And Clearing Ltd","China","USD","HKD","7.80"
"570","CHINA TRADITIONAL CHI MEDICINE CO","Equity","0.05","0.50","172,000.00","86,479.83","86,479.83","Health Care","6971779","HK0000056256","Hong Kong Exchanges And Clearing Ltd","China","USD","HKD","7.80"
"867","CHINA MEDICAL SYSTEM HOLDINGS LTD","Equity","0.05","0.96","90,000.00","86,461.87","86,461.87","Health Care","B6WY993","KYG211081248","Hong Kong Exchanges And Clearing Ltd","China","USD","HKD","7.80"
"3799","DALI FOODS GROUP LTD","Equity","0.05","0.67","129,000.00","86,369.52","86,369.52","Consumer Staples","BYQ9796","KYG2743Y1061","Hong Kong Exchanges And Clearing Ltd","China","USD","HKD","7.80"
"BHARATFORG","BHARAT FORGE LTD","Equity","0.05","6.72","12,814.00","86,057.35","86,057.35","Consumer Discretionary","B0C1DM3","INE465A01025","National Stock Exchange Of India","India","USD","INR","68.90"
"772","CHINA LITERATURE LTD","Equity","0.05","5.00","17,200.00","86,038.61","86,038.61","Communication","BYP71J9","KYG2121R1039","Hong Kong Exchanges And Clearing Ltd","China","USD","HKD","7.80"
"600276","JIANGSU HENGRUI MEDICINE LTD A","Equity","0.05","9.93","8,600.00","85,402.30","85,402.30","Health Care","BP3R369","CNE0000014W7","Shanghai Stock Exchange","China","USD","CNY","6.88"
"152","SHENZHEN INTERNATIONAL HOLDINGS LT","Equity","0.05","1.99","43,000.00","85,376.77","85,376.77","Industrials","BJVBTY1","BMG8086V1467","Hong Kong Exchanges And Clearing Ltd","China","USD","HKD","7.80"
"2009","BBMG CORP H","Equity","0.05","0.33","258,000.00","84,714.94","84,714.94","Materials","B3NFC51","CNE100000F20","Hong Kong Exchanges And Clearing Ltd","China","USD","HKD","7.80"
"600887","INNER MONGOLIA YILI INDUSTRIAL GRO","Equity","0.05","4.87","17,200.00","83,815.91","83,815.91","Consumer Staples","BP3R2V7","CNE000000JP5","Shanghai Stock Exchange","China","USD","CNY","6.88"
"493","GOME RETAIL HOLDINGS LTD","Equity","0.04","0.11","774,400.00","83,434.36","83,434.36","Consumer Discretionary","B01Z8S7","BMG3978C1249","Hong Kong Exchanges And Clearing Ltd","China","USD","HKD","7.80"
"ELET6","CENTRAIS ELETR BRAS-ELETROBRAS SER","Equity","0.04","9.44","8,682.00","81,945.72","81,945.72","Utilities","2308445","BRELETACNPB7","XBSP","Brazil","USD","BRL","3.84"
"1638","KAISA GROUP HOLDINGS LTD","Equity","0.04","0.47","172,000.00","81,626.37","81,626.37","Real Estate","B58RBK4","KYG521321003","Hong Kong Exchanges And Clearing Ltd","China","USD","HKD","7.80"
"1888","KINGBOARD LAMINATES HOLDINGS LTD","Equity","0.04","0.94","86,000.00","81,185.15","81,185.15","Information Technology","B1HHFV6","KYG5257K1076","Hong Kong Exchanges And Clearing Ltd","China","USD","HKD","7.80"
"HCM","HUTCHISON CHINA MEDITECH ADR REPRE","Equity","0.04","22.32","3,612.00","80,619.84","80,619.84","Health Care","BYXV9H7","US44842L1035","NASDAQ","China","USD","USD","1.00"
"3993","CHINA MOLYBDENUM LTD H","Equity","0.04","0.31","258,000.00","79,751.17","79,751.17","Materials","B1VRCG6","CNE100000114","Hong Kong Exchanges And Clearing Ltd","China","USD","HKD","7.80"
"6818","CHINA EVERBRIGHT BANK LTD H","Equity","0.04","0.46","172,000.00","79,420.25","79,420.25","Financials","B5NRRJ0","CNE100001QW3","Hong Kong Exchanges And Clearing Ltd","China","USD","HKD","7.80"
"2689","NINE DRAGONS PAPER HOLDINGS LTD","Equity","0.04","0.91","86,000.00","77,986.28","77,986.28","Materials","B0WC2B8","BMG653181005","Hong Kong Exchanges And Clearing Ltd","China","USD","HKD","7.80"
"1508","CHINA REINSURANCE (GROUP) CORP H","Equity","0.04","0.18","430,000.00","77,214.13","77,214.13","Financials","BYYN347","CNE100002342","Hong Kong Exchanges And Clearing Ltd","China","USD","HKD","7.80"
"NOAH","NOAH HOLDINGS ADR REPRESENTING .5","Equity","0.04","44.87","1,720.00","77,176.40","77,176.40","Financials","B5MDP39","US65487X1028","New York Stock Exchange Inc.","China","USD","USD","1.00"
"000333","MIDEA GROUP LTD A","Equity","0.04","7.86","9,800.00","76,992.53","76,992.53","Consumer Discretionary","BD5CPP1","CNE100001QQ5","Shenzhen Stock Exchange","China","USD","CNY","6.88"
"601169","BANK OF BEIJING LTD A","Equity","0.04","0.87","86,000.00","74,822.25","74,822.25","Financials","BP3R2W8","CNE100000734","Shanghai Stock Exchange","China","USD","CNY","6.88"
"900948","INNER MONGOLIA YITAI COAL LTD B","Equity","0.04","1.08","68,800.00","74,166.40","74,166.40","Energy","6019011","CNE000000SK7","Shanghai Stock Exchange","China","USD","USD","1.00"
"3808","SINOTRUK (HONG KONG) LTD","Equity","0.04","1.71","43,000.00","73,574.04","73,574.04","Industrials","B296ZH4","HK3808041546","Hong Kong Exchanges And Clearing Ltd","China","USD","HKD","7.80"
"BTOW3","B2W COMPANHIA DIGITAL","Equity","0.04","8.41","8,600.00","72,289.40","72,289.40","Consumer Discretionary","B1LH3Y1","BRBTOWACNOR8","XBSP","Brazil","USD","BRL","3.84"
"000651","GREE ELECTRIC APPLIANCES INC OF ZH","Equity","0.04","8.33","8,600.00","71,612.02","71,612.02","Consumer Discretionary","BD5CPN9","CNE0000001D4","Shenzhen Stock Exchange","China","USD","CNY","6.88"
"3969","CHINA RAILWAY SIGNAL COMMUNICATION","Equity","0.04","0.79","90,000.00","71,455.14","71,455.14","Information Technology","BYVDW43","CNE1000021L3","Hong Kong Exchanges And Clearing Ltd","China","USD","HKD","7.80"
"1333","CHINA ZHONGWANG HOLDINGS LTD","Equity","0.04","0.51","137,600.00","70,772.27","70,772.27","Materials","B3VZ220","KYG215AT1023","Hong Kong Exchanges And Clearing Ltd","China","USD","HKD","7.80"
"2386","SINOPEC ENGINEERING GROUP LTD H","Equity","0.04","0.81","86,000.00","70,044.25","70,044.25","Industrials","B92NYC9","CNE100001NV2","Hong Kong Exchanges And Clearing Ltd","China","USD","HKD","7.80"
"1898","CHINA COAL ENERGY LTD H","Equity","0.04","0.40","172,000.00","69,272.11","69,272.11","Energy","B1JNK84","CNE100000528","Hong Kong Exchanges And Clearing Ltd","China","USD","HKD","7.80"
"MARICO","MARICO LTD","Equity","0.04","5.41","12,642.00","68,407.98","68,407.98","Consumer Staples","B1S34K5","INE196A01026","National Stock Exchange Of India","India","USD","INR","68.90"
"323","MAANSHAN IRON AND STEEL LTD H","Equity","0.04","0.40","172,000.00","68,389.66","68,389.66","Materials","6600879","CNE1000003R8","Hong Kong Exchanges And Clearing Ltd","China","USD","HKD","7.80"
"338","SINOPEC SHANGHAI PETROCHEMICAL LTD","Equity","0.04","0.40","173,000.00","68,343.49","68,343.49","Materials","6797458","CNE1000004C8","Hong Kong Exchanges And Clearing Ltd","China","USD","HKD","7.80"
"600104","SAIC MOTOR CORP LTD A","Equity","0.04","3.89","17,200.00","66,952.80","66,952.80","Consumer Discretionary","BP3R2D9","CNE000000TY6","Shanghai Stock Exchange","China","USD","CNY","6.88"
"2380","CHINA POWER INTERNATIONAL DEVELOPM","Equity","0.04","0.25","258,000.00","65,521.71","65,521.71","Utilities","B02ZKQ8","HK2380027329","Hong Kong Exchanges And Clearing Ltd","China","USD","HKD","7.80"
"604","SHENZHEN INVESTMENT LTD","Equity","0.04","0.38","172,000.00","65,521.71","65,521.71","Real Estate","6535261","HK0604011236","Hong Kong Exchanges And Clearing Ltd","China","USD","HKD","7.80"
"2186","LUYE PHARMA GROUP LTD","Equity","0.04","0.76","86,000.00","65,080.48","65,080.48","Health Care","BNQ4GF3","BMG570071099","Hong Kong Exchanges And Clearing Ltd","China","USD","HKD","7.80"
"600115","CHINA EASTERN AIRLINES CORP LTD A","Equity","0.03","0.92","68,800.00","63,355.34","63,355.34","Industrials","BP3R5X0","CNE000000TR0","Shanghai Stock Exchange","China","USD","CNY","6.88"
"1083","TOWNGAS CHINA LTD","Equity","0.03","0.74","86,000.00","63,315.59","63,315.59","Utilities","6345460","KYG8972T1067","Hong Kong Exchanges And Clearing Ltd","China","USD","HKD","7.80"
"601985","CHINA NATIONAL NUCLEAR POWER LTD A","Equity","0.03","0.82","77,400.00","63,180.46","63,180.46","Utilities","BYQDNJ0","CNE1000022N7","Shanghai Stock Exchange","China","USD","CNY","6.88"
"285","BYD ELECTRONIC (INTERNATIONAL) LTD","Equity","0.03","1.46","43,000.00","62,984.67","62,984.67","Information Technology","B29SHS5","HK0285041858","Hong Kong Exchanges And Clearing Ltd","China","USD","HKD","7.80"
"598","SINOTRANS LTD H","Equity","0.03","0.37","172,000.00","62,874.37","62,874.37","Industrials","6579010","CNE1000004F1","Hong Kong Exchanges And Clearing Ltd","China","USD","HKD","7.80"
"GLENMARK","GLENMARK PHARMACEUTICALS LTD","Equity","0.03","6.44","9,718.00","62,535.90","62,535.90","Health Care","6698755","INE935A01035","National Stock Exchange Of India","India","USD","INR","68.90"
"000166","SHENWAN HONGYUAN GROUP LTD A","Equity","0.03","0.73","86,099.00","62,527.87","62,527.87","Financials","BD5CPV7","CNE100002FD4","Shenzhen Stock Exchange","China","USD","CNY","6.88"
"600050","CHINA UNITED NETWORK COMMUNICATION","Equity","0.03","0.90","68,800.00","61,956.32","61,956.32","Communication","BP3R2X9","CNE000001CS2","Shanghai Stock Exchange","China","USD","CNY","6.88"
"002202","XINJIANG GOLDWIND SCIENCE&TECHNOLO","Equity","0.03","1.79","34,453.00","61,751.53","61,751.53","Industrials","BD5CQ58","CNE1000008S5","Shenzhen Stock Exchange","China","USD","CNY","6.88"
"2611","GUOTAI JUNAN SECURITIES COPORATION","Equity","0.03","1.79","34,400.00","61,683.06","61,683.06","Financials","BD4GT29","CNE100002FK9","Hong Kong Exchanges And Clearing Ltd","China","USD","HKD","7.80"
"601618","METALLURGICAL CORP OF CHINA LTD A","Equity","0.03","0.45","137,600.00","61,556.61","61,556.61","Industrials","BP3R4K0","CNE100000FX6","Shanghai Stock Exchange","China","USD","CNY","6.88"
"601988","BANK OF CHINA LTD A","Equity","0.03","0.55","111,800.00","61,219.34","61,219.34","Financials","BP3R239","CNE000001N05","Shanghai Stock Exchange","China","USD","CNY","6.88"
"601727","SHANGHAI ELECTRIC GROUP LTD A","Equity","0.03","0.79","77,400.00","61,156.89","61,156.89","Industrials","BP3R3T2","CNE100000D55","Shanghai Stock Exchange","China","USD","CNY","6.88"
"2314","LEE & MAN PAPER MANUFACTURING LTD","Equity","0.03","0.71","86,000.00","61,109.47","61,109.47","Materials","6693772","KYG5427W1309","Hong Kong Exchanges And Clearing Ltd","China","USD","HKD","7.80"
"600674","SICHUAN CHUANTOU ENERGY LTD A","Equity","0.03","1.34","45,400.00","60,930.30","60,930.30","Utilities","BP3R4Y4","CNE000000BQ0","Shanghai Stock Exchange","China","USD","CNY","6.88"
"3396","LEGEND HOLDINGS CORP H","Equity","0.03","2.35","25,800.00","60,557.94","60,557.94","Information Technology","BYMW733","CNE100001ZT0","Hong Kong Exchanges And Clearing Ltd","China","USD","HKD","7.80"
"600028","CHINA PETROLEUM & CHEMICAL CORP A","Equity","0.03","0.78","77,400.00","60,482.36","60,482.36","Energy","BP3R240","CNE0000018G1","Shanghai Stock Exchange","China","USD","CNY","6.88"
"460","SIHUAN PHARMACEUTICAL HOLDINGS GRO","Equity","0.03","0.23","258,000.00","60,227.02","60,227.02","Health Care","B4X3RF7","BMG8162K1137","Hong Kong Exchanges And Clearing Ltd","China","USD","HKD","7.80"
"ROSN","ROSNEFT OIL COMPANY GDR","Equity","0.03","6.59","8,944.00","58,958.85","58,958.85","Energy","B17FSC2","US67812M2070","London Stock Exchange","Russian Federation","USD","USD","1.00"
"000627","HUBEI BIOCAUSE PHARMACEUTICAL LTD","Equity","0.03","0.93","60,200.00","56,222.87","56,222.87","Financials","BD5CFF1","CNE000000F48","Shenzhen Stock Exchange","China","USD","CNY","6.88"
"606","CHINA AGRI-INDUSTRIES HLDGS LTD","Equity","0.03","0.32","172,000.00","55,594.18","55,594.18","Consumer Staples","B1TLR65","HK0606037437","Hong Kong Exchanges And Clearing Ltd","China","USD","HKD","7.80"
"000898","ANGANG STEEL LTD A","Equity","0.03","0.55","100,620.00","55,389.70","55,389.70","Materials","BD5CQ47","CNE000000SQ4","Shenzhen Stock Exchange","China","USD","CNY","6.88"
"001979","CHINA MERCHANTS SHEKOU INDUSTRIAL","Equity","0.03","3.18","17,200.00","54,661.47","54,661.47","Real Estate","BD5CPM8","CNE100002FC6","Shenzhen Stock Exchange","China","USD","CNY","6.88"
"601866","COSCO SHIPPING DEVELOPMENT LTD A","Equity","0.03","0.40","137,600.00","54,361.68","54,361.68","Industrials","BP3R6D7","CNE1000008F2","Shanghai Stock Exchange","China","USD","CNY","6.88"
"601688","HUATAI SECURITIES LTD A","Equity","0.03","3.14","17,200.00","54,061.89","54,061.89","Financials","BP3R3B4","CNE100000LQ8","Shanghai Stock Exchange","China","USD","CNY","6.88"
"1269","CHINA FIRST CAPITAL GROUP LTD","Equity","0.03","0.31","172,000.00","54,049.89","54,049.89","Consumer Discretionary","BDZQKJ2","KYG2114R1103","Hong Kong Exchanges And Clearing Ltd","China","USD","HKD","7.80"
"CNH","CNH CASH","Cash","0.03","14.52","368,424.00","53,512.35","53,512.35","Cash and/or Derivatives","-","-","-","China","USD","CNH","6.88"
"600585","ANHUI CONCH CEMENT LTD A","Equity","0.03","6.13","8,600.00","52,687.86","52,687.86","Materials","BP3R2Z1","CNE0000019V8","Shanghai Stock Exchange","China","USD","CNY","6.88"
"000883","HUBEI ENERGY GROUP LTD A","Equity","0.03","0.61","86,000.00","52,463.02","52,463.02","Utilities","BD5CN57","CNE000000750","Shenzhen Stock Exchange","China","USD","CNY","6.88"
"600886","SDIC POWER HOLDINGS LTD A","Equity","0.03","1.20","43,099.00","51,895.21","51,895.21","Utilities","BP3R433","CNE000000JM2","Shanghai Stock Exchange","China","USD","CNY","6.88"
"PAGEIND","PAGE INDUSTRIES LTD","Equity","0.03","300.64","172.00","51,710.11","51,710.11","Consumer Discretionary","B1VJS64","INE761H01022","National Stock Exchange Of India","India","USD","INR","68.90"
"601933","YONGHUI SUPERSTORES LTD A","Equity","0.03","1.49","34,493.00","51,502.65","51,502.65","Consumer Staples","BP3R5Q3","CNE100000XX9","Shanghai Stock Exchange","China","USD","CNY","6.88"
"272","SHUI ON LAND LTD","Equity","0.03","0.24","215,000.00","51,016.48","51,016.48","Real Estate","B16NHT7","KYG811511131","Hong Kong Exchanges And Clearing Ltd","China","USD","HKD","7.80"
"1919","COSCO SHIPPING HOLDINGS LTD H","Equity","0.03","0.40","129,000.00","50,961.33","50,961.33","Industrials","B0B8Z18","CNE1000002J7","Hong Kong Exchanges And Clearing Ltd","China","USD","HKD","7.80"
"600048","POLY DEVELOPMENTS AND HOLDINGS GRO","Equity","0.03","1.94","25,800.00","50,064.71","50,064.71","Real Estate","BP3R336","CNE000001ND1","Shanghai Stock Exchange","China","USD","CNY","6.88"
"601818","CHINA EVERBRIGHT BANK LTD A","Equity","0.03","0.56","86,000.00","48,340.92","48,340.92","Financials","BP3R2P1","CNE100000SL4","Shanghai Stock Exchange","China","USD","CNY","6.88"
"410","SOHO CHINA LTD","Equity","0.03","0.37","129,000.00","48,148.53","48,148.53","Real Estate","B27WLD2","KYG826001003","Hong Kong Exchanges And Clearing Ltd","China","USD","HKD","7.80"
"6060","ZHONGAN ONLINE P & C INSURANCE COR","Equity","0.03","2.77","17,200.00","47,652.15","47,652.15","Financials","BYZQ099","CNE100002QY7","Hong Kong Exchanges And Clearing Ltd","China","USD","HKD","7.80"
"000027","SHENZHEN ENERGY GROUP LTD A","Equity","0.03","0.91","51,600.00","46,767.03","46,767.03","Utilities","BD5CN68","CNE000000933","Shenzhen Stock Exchange","China","USD","CNY","6.88"
"1618","METALLURGICAL CORPORATION OF CHINA","Equity","0.02","0.27","172,000.00","46,328.48","46,328.48","Industrials","B42SRM0","CNE100000FF3","Hong Kong Exchanges And Clearing Ltd","China","USD","HKD","7.80"
"000559","WANXIANG QIANCHAO LTD A","Equity","0.02","0.89","51,627.00","46,191.61","46,191.61","Consumer Discretionary","BD5CNG8","CNE000000FB3","Shenzhen Stock Exchange","China","USD","CNY","6.88"
"600703","SANAN OPTOELECTRONICS LTD A","Equity","0.02","1.77","25,894.00","45,771.51","45,771.51","Information Technology","BP3R3R0","CNE000000KB3","Shanghai Stock Exchange","China","USD","CNY","6.88"
"002475","LUXSHARE PRECISION INDUSTRY LTD A","Equity","0.02","3.74","12,170.00","45,570.00","45,570.00","Information Technology","BD5CN80","CNE100000TP3","Shenzhen Stock Exchange","China","USD","CNY","6.88"
"600690","HAIER SMART HOME LTD A","Equity","0.02","2.61","17,279.00","45,024.26","45,024.26","Consumer Discretionary","BP3R3G9","CNE000000CG9","Shanghai Stock Exchange","China","USD","CNY","6.88"
"601229","BANK OF SHANGHAI LTD A","Equity","0.02","1.32","33,540.00","44,331.25","44,331.25","Financials","BD8P9J9","CNE100002FM5","Shanghai Stock Exchange","China","USD","CNY","6.88"
"601919","COSCO SHIPPING HOLDINGS LTD A","Equity","0.02","0.73","60,200.00","44,243.81","44,243.81","Industrials","BP3R552","CNE100000601","Shanghai Stock Exchange","China","USD","CNY","6.88"
"991","DATANG INTERNATIONAL POWER GENERAT","Equity","0.02","0.26","172,000.00","44,122.36","44,122.36","Utilities","6080716","CNE1000002Z3","Hong Kong Exchanges And Clearing Ltd","China","USD","HKD","7.80"
"1628","YUZHOU PROPERTIES LTD","Equity","0.02","0.50","86,000.00","43,350.22","43,350.22","Real Estate","B51QBN1","KYG9884T1013","Hong Kong Exchanges And Clearing Ltd","China","USD","HKD","7.80"
"601788","EVERBRIGHT SECURITIES LTD A","Equity","0.02","1.67","25,897.00","43,256.64","43,256.64","Financials","BZ0D1Y4","CNE100000FD8","Shanghai Stock Exchange","China","USD","CNY","6.88"
"002024","SUNING.COM LTD A","Equity","0.02","1.67","25,800.00","43,132.09","43,132.09","Consumer Discretionary","BD5CPK6","CNE000001KF2","Shenzhen Stock Exchange","China","USD","CNY","6.88"
"000725","BOE TECHNOLOGY GROUP LTD A","Equity","0.02","0.54","77,400.00","41,595.68","41,595.68","Information Technology","BD5CPL7","CNE0000016L5","Shenzhen Stock Exchange","China","USD","CNY","6.88"
"600019","BAOSHAN IRON & STEEL LTD A","Equity","0.02","0.96","43,000.00","41,283.40","41,283.40","Materials","BP3R2Y0","CNE0000015R4","Shanghai Stock Exchange","China","USD","CNY","6.88"
"601006","DAQIN RAILWAY LTD A","Equity","0.02","1.19","34,400.00","40,971.12","40,971.12","Industrials","BP3R2N9","CNE000001NG4","Shanghai Stock Exchange","China","USD","CNY","6.88"
"1357","MEITU INC","Equity","0.02","0.31","129,000.00","39,875.59","39,875.59","Information Technology","BYYNH90","KYG5966D1051","Hong Kong Exchanges And Clearing Ltd","China","USD","HKD","7.80"
"600642","SHENERGY LTD A","Equity","0.02","0.86","45,400.00","39,235.42","39,235.42","Utilities","BP3R5V8","CNE0000005Q7","Shanghai Stock Exchange","China","USD","CNY","6.88"
"600027","HUADIAN POWER INTERNATIONAL CORP L","Equity","0.02","0.55","68,800.00","38,073.16","38,073.16","Utilities","BP3R637","CNE000001LJ2","Shanghai Stock Exchange","China","USD","CNY","6.88"
"601939","CHINA CONSTRUCTION BANK CORP A","Equity","0.02","1.09","34,400.00","37,523.55","37,523.55","Financials","BP3R3L4","CNE100000742","Shanghai Stock Exchange","China","USD","CNY","6.88"
"INR","INR CASH","Cash","0.02","1.45","2,520,331.00","36,577.54","36,577.54","Cash and/or Derivatives","-","-","-","India","USD","INR","68.90"
"002027","FOCUS MEDIA INFORMATION TECHNOLOGY","Equity","0.02","0.78","46,239.00","36,199.51","36,199.51","Information Technology","BD5CND5","CNE000001KK2","Shenzhen Stock Exchange","China","USD","CNY","6.88"
"601899","ZIJIN MINING GROUP LTD A","Equity","0.02","0.56","60,200.00","33,488.89","33,488.89","Materials","BP3R400","CNE100000B24","Shanghai Stock Exchange","China","USD","CNY","6.88"
"600741","HUAYU AUTOMOTIVE SYSTEMS LTD A","Equity","0.02","3.44","9,299.00","31,983.31","31,983.31","Consumer Discretionary","BP3R4T9","CNE000000M15","Shanghai Stock Exchange","China","USD","CNY","6.88"
"136","HENGTEN NETWORKS GROUP LTD","Equity","0.02","0.02","1,376,000.00","31,944.59","31,944.59","Consumer Discretionary","BZ5ZCC0","BMG4404N1065","Hong Kong Exchanges And Clearing Ltd","China","USD","HKD","7.80"
"CONCOR","CONTAINER CORPORATION OF INDIA LTD","Equity","0.02","8.37","3,784.00","31,654.24","31,654.24","Industrials","BG0ZVG9","INE111A01025","National Stock Exchange Of India","India","USD","INR","68.90"
"601857","PETROCHINA LTD A","Equity","0.01","1.00","25,800.00","25,781.83","25,781.83","Energy","BP3R206","CNE1000007Q1","Shanghai Stock Exchange","China","USD","CNY","6.88"
"2208","XINJIANG GOLDWIND SCIENCE AND TECH","Equity","0.01","1.14","22,634.00","25,692.41","25,692.41","Industrials","B59GZJ7","CNE100000PP1","Hong Kong Exchanges And Clearing Ltd","China","USD","HKD","7.80"
"600489","ZHONGJIN GOLD CORP LTD A","Equity","0.01","1.49","17,200.00","25,681.90","25,681.90","Materials","BP3R585","CNE000001FM8","Shanghai Stock Exchange","China","USD","CNY","6.88"
"002195","SHANGHAI NETWORK HOLDING GROUP LT","Equity","0.01","0.57","44,785.00","25,499.06","25,499.06","Information Technology","BD5CMF0","CNE1000008K2","Shenzhen Stock Exchange","China","USD","CNY","6.88"
"607","FULLSHARE HOLDINGS LTD","Equity","0.01","0.05","515,000.00","23,779.90","23,779.90","Industrials","BSVXB88","KYG3690U1058","Hong Kong Exchanges And Clearing Ltd","China","USD","HKD","7.80"
"000876","NEW HOPE LIUHE LTD A","Equity","0.01","2.71","8,600.00","23,333.55","23,333.55","Consumer Staples","BD5CNF7","CNE000000VB0","Shenzhen Stock Exchange","China","USD","CNY","6.88"
"002044","MEINIAN ONEHEALTH HEALTHCARE HOLDI","Equity","0.01","1.92","11,178.00","21,463.53","21,463.53","Health Care","BD73L10","CNE000001LV7","Shenzhen Stock Exchange","China","USD","CNY","6.88"
"600352","ZHEJIANG LONGSHENG GROUP LTD A","Equity","0.01","2.39","8,600.00","20,573.00","20,573.00","Materials","BP3R4W2","CNE000001FJ4","Shanghai Stock Exchange","China","USD","CNY","6.88"
"600438","TONGWEI LTD A","Equity","0.01","2.03","9,295.00","18,833.42","18,833.42","Consumer Staples","BP3RCK6","CNE000001GS3","Shanghai Stock Exchange","China","USD","CNY","6.88"
"601901","FOUNDER SECURITIES LTD A","Equity","0.01","1.04","17,299.00","17,940.09","17,940.09","Financials","BP3R411","CNE1000015Y8","Shanghai Stock Exchange","China","USD","CNY","6.88"
"600297","CHINA GRAND AUTOMOTIVE SERVICES GR","Equity","0.01","0.65","25,800.00","16,825.64","16,825.64","Consumer Discretionary","BYYFJB2","CNE000001576","Shanghai Stock Exchange","China","USD","CNY","6.88"
"600816","ANXIN TRUST LTD A","Equity","0.01","0.74","17,200.00","12,716.04","12,716.04","Financials","BP3RD58","CNE0000003P4","Shanghai Stock Exchange","China","USD","CNY","6.88"
"CNY","CNY CASH","Cash","0.00","14.53","26,649.00","3,871.15","3,871.15","Cash and/or Derivatives","-","-","-","China","USD","CNY","6.88"
"612","CHINA DING YI FENG HOLDINGS LTD","Equity","0.00","0.02","56,000.00","1,077.41","1,077.41","Financials","BD1XMJ1","KYG2120F1000","Hong Kong Exchanges And Clearing Ltd","China","USD","HKD","7.80"
"6863","CHINA HUISHAN DAIRY HOLDINGS COMPA","Equity","0.00","0.00","51,450.00","131.98","131.98","Consumer Staples","BCRX1C4","KYG2117A1067","Hong Kong Exchanges And Clearing Ltd","China","USD","HKD","7.80"
"CNH","CNH/USD","FX","0.00","1.00","-200,000.00","18.37","18.37","Cash and/or Derivatives","-","-","-","United States","USD","USD","6.88"
"-","China Common Rich Renewable Energy","Equity","0.00","0.00","7,709.00","0.01","0.01","Information Technology","-","-","Hong Kong Exchanges And Clearing Ltd","China","USD","HKD","7.80"
"-","LEGEND HOLDINGS CORP H RIGHTS","Equity","0.00","0.00","2,030.00","0.00","0.00","Information Technology","9931182","-","Hong Kong Exchanges And Clearing Ltd","China","USD","HKD","7.80"
"HKD","HKD/USD","FX","0.00","1.00","-800,000.00","-64.19","-64.19","Cash and/or Derivatives","-","-","-","United States","USD","USD","7.80"
"USD","USD CASH","Cash","-0.21","100.00","-392,500.00","-392,499.61","-392,499.61","Cash and/or Derivatives","-","-","-","United States","USD","USD","1.00"
 