﻿Fund Holdings as of,"Jul 4, 2019"
 
Issuer Ticker,Name,Asset Class,Weight (%),Price,Shares,Market Value,Notional Value,Sector,ISIN,Exchange,Country,Market Currency
"SAP","SAP","Equity","3.00","123.76","539,826.00","66,808,865.76","66,808,865.76","Information Technology","DE0007164600","Xetra","Germany","EUR"
"FP","TOTAL SA","Equity","2.90","49.45","1,307,127.00","64,643,965.78","64,643,965.78","Energy","FR0000120271","Nyse Euronext - Euronext Paris","France","EUR"
"MC","LVMH","Equity","2.61","381.35","152,566.00","58,181,044.10","58,181,044.10","Consumer Discretionary","FR0000121014","Nyse Euronext - Euronext Paris","France","EUR"
"ALV","ALLIANZ","Equity","2.27","217.20","233,144.00","50,638,876.80","50,638,876.80","Financials","DE0008404005","Xetra","Germany","EUR"
"SAN","SANOFI SA","Equity","2.16","77.97","616,646.00","48,079,888.62","48,079,888.62","Health Care","FR0000120578","Nyse Euronext - Euronext Paris","France","EUR"
"SIE","SIEMENS N AG","Equity","1.99","105.54","420,196.00","44,347,485.84","44,347,485.84","Industrials","DE0007236101","Xetra","Germany","EUR"
"ASML","ASML HOLDING NV","Equity","1.99","189.10","233,804.00","44,212,336.40","44,212,336.40","Information Technology","NL0010273215","Euronext Amsterdam","Netherlands","EUR"
"UNA","UNILEVER NV","Equity","1.98","54.94","800,580.00","43,983,865.20","43,983,865.20","Consumer Staples","NL0000388619","Euronext Amsterdam","Netherlands","EUR"
"AIR","AIRBUS GROUP","Equity","1.80","125.38","319,830.00","40,100,285.40","40,100,285.40","Industrials","NL0000235190","Nyse Euronext - Euronext Paris","France","EUR"
"SAN","BANCO SANTANDER SA","Equity","1.69","4.22","8,918,422.00","37,613,444.79","37,613,444.79","Financials","ES0113900J37","Bolsa De Madrid","Spain","EUR"
"OR","LOREAL SA","Equity","1.59","255.30","138,502.00","35,359,560.60","35,359,560.60","Consumer Staples","FR0000120321","Nyse Euronext - Euronext Paris","France","EUR"
"ABI","ANHEUSER BUSCH INBEV NV","Equity","1.55","82.72","418,526.00","34,620,470.72","34,620,470.72","Consumer Staples","BE0974293251","Nyse Euronext - Euronext Brussels","Belgium","EUR"
"BAS","BASF N","Equity","1.42","62.68","504,500.00","31,622,060.00","31,622,060.00","Materials","DE000BASF111","Xetra","Germany","EUR"
"BAYN","BAYER AG","Equity","1.40","60.92","512,234.00","31,205,295.28","31,205,295.28","Health Care","DE000BAY0017","Xetra","Germany","EUR"
"AI","AIR LIQUIDE SA","Equity","1.30","122.75","235,881.00","28,954,392.75","28,954,392.75","Materials","FR0000120073","Nyse Euronext - Euronext Paris","France","EUR"
"ENEL","ENEL","Equity","1.29","6.45","4,467,524.00","28,802,127.23","28,802,127.23","Utilities","IT0003128367","Borsa Italiana","Italy","EUR"
"DTE","DEUTSCHE TELEKOM N AG","Equity","1.28","15.52","1,830,775.00","28,413,628.00","28,413,628.00","Communication","DE0005557508","Xetra","Germany","EUR"
"IBE","IBERDROLA SA","Equity","1.26","8.73","3,223,422.00","28,146,920.90","28,146,920.90","Utilities","ES0144580Y14","Bolsa De Madrid","Spain","EUR"
"ADS","ADIDAS N AG","Equity","1.24","278.25","99,074.00","27,567,340.50","27,567,340.50","Consumer Discretionary","DE000A1EWWW0","Xetra","Germany","EUR"
"BNP","BNP PARIBAS SA","Equity","1.19","43.05","617,846.00","26,595,181.07","26,595,181.07","Financials","FR0000131104","Nyse Euronext - Euronext Paris","France","EUR"
"DG","VINCI SA","Equity","1.15","92.02","279,308.00","25,701,922.16","25,701,922.16","Industrials","FR0000125486","Nyse Euronext - Euronext Paris","France","EUR"
"BN","DANONE SA","Equity","1.15","75.68","338,660.00","25,629,788.80","25,629,788.80","Consumer Staples","FR0000120644","Nyse Euronext - Euronext Paris","France","EUR"
"CS","AXA SA","Equity","1.14","23.73","1,065,580.00","25,286,213.40","25,286,213.40","Financials","FR0000120628","Nyse Euronext - Euronext Paris","France","EUR"
"DAI","DAIMLER AG","Equity","1.10","49.03","499,501.00","24,493,031.54","24,493,031.54","Consumer Discretionary","DE0007100000","Xetra","Germany","EUR"
"SU","SCHNEIDER ELECTRIC","Equity","1.10","81.00","302,109.00","24,470,829.00","24,470,829.00","Industrials","FR0000121972","Nyse Euronext - Euronext Paris","France","EUR"
"SAF","SAFRAN SA","Equity","1.05","131.20","179,039.00","23,489,916.80","23,489,916.80","Industrials","FR0000073272","Nyse Euronext - Euronext Paris","France","EUR"
"INGA","ING GROEP NV","Equity","1.00","10.41","2,137,719.00","22,249,379.35","22,249,379.35","Financials","NL0011821202","Euronext Amsterdam","Netherlands","EUR"
"KER","KERING SA","Equity","0.98","527.10","41,614.00","21,934,739.40","21,934,739.40","Consumer Discretionary","FR0000121485","Nyse Euronext - Euronext Paris","France","EUR"
"ENI","ENI","Equity","0.92","14.65","1,397,355.00","20,465,661.33","20,465,661.33","Energy","IT0003132476","Borsa Italiana","Italy","EUR"
"PHIA","KONINKLIJKE PHILIPS NV","Equity","0.91","39.60","510,220.00","20,204,712.00","20,204,712.00","Health Care","NL0000009538","Euronext Amsterdam","Netherlands","EUR"
"EUR","EUR CASH","Cash","0.87","100.00","19,470,569.00","19,470,569.07","19,470,569.07","Cash and/or Derivatives","-","-","European Union","EUR"
"RI","PERNOD RICARD SA","Equity","0.86","163.55","116,633.00","19,075,327.15","19,075,327.15","Consumer Staples","FR0000120693","Nyse Euronext - Euronext Paris","France","EUR"
"TEF","TELEFONICA SA","Equity","0.86","7.43","2,566,810.00","19,066,264.68","19,066,264.68","Communication","ES0178430E18","Bolsa De Madrid","Spain","EUR"
"MUV2","MUENCHENER RUECKVERSICHERUNGS-GESE","Equity","0.84","227.70","82,140.00","18,703,278.00","18,703,278.00","Financials","DE0008430026","Xetra","Germany","EUR"
"BBVA","BANCO BILBAO VIZCAYA ARGENTARIA SA","Equity","0.84","5.09","3,662,642.00","18,631,859.85","18,631,859.85","Financials","ES0113211835","Bolsa De Madrid","Spain","EUR"
"EL","ESSILORLUXOTTICA SA","Equity","0.80","114.40","156,402.00","17,892,388.80","17,892,388.80","Consumer Discretionary","FR0000121667","Nyse Euronext - Euronext Paris","France","EUR"
"AMS","AMADEUS IT GROUP SA","Equity","0.77","71.40","241,040.00","17,210,256.00","17,210,256.00","Information Technology","ES0109067019","Bolsa De Madrid","Spain","EUR"
"ISP","INTESA SANPAOLO","Equity","0.74","2.03","8,175,312.00","16,563,182.11","16,563,182.11","Financials","IT0000072618","Borsa Italiana","Italy","EUR"
"ITX","INDUSTRIA DE DISENO TEXTIL INDITEX","Equity","0.73","27.08","599,195.00","16,226,200.60","16,226,200.60","Consumer Discretionary","ES0148396007","Bolsa De Madrid","Spain","EUR"
"DPW","DEUTSCHE POST AG","Equity","0.72","29.68","543,369.00","16,127,191.92","16,127,191.92","Industrials","DE0005552004","Xetra","Germany","EUR"
"VOW3","VOLKSWAGEN NON-VOTING PREF AG","Equity","0.71","154.64","101,942.00","15,764,310.88","15,764,310.88","Consumer Discretionary","DE0007664039","Xetra","Germany","EUR"
"ORA","ORANGE SA","Equity","0.69","13.98","1,095,883.00","15,325,923.75","15,325,923.75","Communication","FR0000133308","Nyse Euronext - Euronext Paris","France","EUR"
"HEIA","HEINEKEN NV","Equity","0.64","100.20","142,377.00","14,266,175.40","14,266,175.40","Consumer Staples","NL0000009165","Euronext Amsterdam","Netherlands","EUR"
"NXPI","NXP SEMICONDUCTORS NV","Equity","0.63","86.58","162,318.00","14,053,556.32","14,053,556.32","Information Technology","NL0009538784","NASDAQ","Netherlands","USD"
"NOKIA","NOKIA","Equity","0.63","4.50","3,095,869.00","13,922,122.89","13,922,122.89","Information Technology","FI0009000681","Nasdaq Omx Helsinki Ltd.","Finland","EUR"
"ENGI","ENGIE SA","Equity","0.62","13.83","1,003,290.00","13,875,500.70","13,875,500.70","Utilities","FR0010208488","Nyse Euronext - Euronext Paris","France","EUR"
"CRG","CRH PLC","Equity","0.61","30.27","450,057.00","13,623,225.39","13,623,225.39","Materials","IE0001827041","Irish Stock Exchange - All Market","Ireland","EUR"
"DB1","DEUTSCHE BOERSE AG","Equity","0.61","129.80","104,060.00","13,506,988.00","13,506,988.00","Financials","DE0005810055","Xetra","Germany","EUR"
"AD","KONINKLIJKE AHOLD DELHAIZE NV","Equity","0.59","20.38","650,231.00","13,248,456.62","13,248,456.62","Consumer Staples","NL0011794037","Euronext Amsterdam","Netherlands","EUR"
"UCG","UNICREDIT","Equity","0.58","11.69","1,102,559.00","12,888,914.71","12,888,914.71","Financials","IT0005239360","Borsa Italiana","Italy","EUR"
"VIV","VIVENDI SA","Equity","0.56","24.89","502,270.00","12,501,500.30","12,501,500.30","Communication","FR0000127771","Nyse Euronext - Euronext Paris","France","EUR"
"BMW","BMW AG","Equity","0.55","67.11","181,875.00","12,205,631.25","12,205,631.25","Consumer Discretionary","DE0005190003","Xetra","Germany","EUR"
"VNA","VONOVIA SE","Equity","0.54","44.79","270,359.00","12,109,379.61","12,109,379.61","Real Estate","DE000A1ML7J1","Xetra","Germany","EUR"
"EOAN","E.ON N","Equity","0.53","9.80","1,209,094.00","11,849,121.20","11,849,121.20","Utilities","DE000ENAG999","Xetra","Germany","EUR"
"DSM","KONINKILIJKE DSM NV","Equity","0.50","112.55","99,657.00","11,216,395.35","11,216,395.35","Materials","NL0000009827","Euronext Amsterdam","Netherlands","EUR"
"RMS","HERMES INTERNATIONAL","Equity","0.50","640.60","17,395.00","11,143,237.00","11,143,237.00","Consumer Discretionary","FR0000052292","Nyse Euronext - Euronext Paris","France","EUR"
"IFX","INFINEON TECHNOLOGIES AG","Equity","0.50","16.15","686,099.00","11,083,243.25","11,083,243.25","Information Technology","DE0006231004","Xetra","Germany","EUR"
"FRE","FRESENIUS SE AND CO KGAA","Equity","0.50","48.13","229,157.00","11,029,326.41","11,029,326.41","Health Care","DE0005785604","Xetra","Germany","EUR"
"AKZAT","AKZO NOBEL NV","Equity","0.48","84.83","125,108.00","10,612,911.64","10,612,911.64","Materials","NL0013267909","Euronext Amsterdam","Netherlands","EUR"
"REP","REPSOL SA","Equity","0.48","13.77","770,689.00","10,612,387.53","10,612,387.53","Energy","ES0173516115","Bolsa De Madrid","Spain","EUR"
"ML","MICHELIN","Equity","0.47","111.20","94,221.00","10,477,375.20","10,477,375.20","Consumer Discretionary","FR0000121261","Nyse Euronext - Euronext Paris","France","EUR"
"DSY","DASSAULT SYSTEMES","Equity","0.47","143.55","72,517.00","10,409,815.35","10,409,815.35","Information Technology","FR0000130650","Nyse Euronext - Euronext Paris","France","EUR"
"SAMPO","SAMPO","Equity","0.46","42.06","245,812.00","10,338,852.72","10,338,852.72","Financials","FI0009003305","Nasdaq Omx Helsinki Ltd.","Finland","EUR"
"G","ASSICURAZIONI GENERALI","Equity","0.46","17.10","601,848.00","10,291,600.80","10,291,600.80","Financials","IT0000062072","Borsa Italiana","Italy","EUR"
"WKL","WOLTERS KLUWER NV","Equity","0.45","64.94","154,695.00","10,045,893.30","10,045,893.30","Industrials","NL0000395903","Euronext Amsterdam","Netherlands","EUR"
"RACE","FERRARI NV","Equity","0.45","148.20","67,095.00","9,943,479.00","9,943,479.00","Consumer Discretionary","NL0011585146","Borsa Italiana","Italy","EUR"
"CAP","CAPGEMINI","Equity","0.45","113.80","87,139.00","9,916,418.20","9,916,418.20","Information Technology","FR0000125338","Nyse Euronext - Euronext Paris","France","EUR"
"URW","WFD UNIBAIL RODAMCO STAPLED UNITS","Equity","0.44","130.10","75,960.00","9,882,396.00","9,882,396.00","Real Estate","FR0013326246","Euronext Amsterdam","France","EUR"
"WDI","WIRECARD AG","Equity","0.44","153.95","63,997.00","9,852,338.15","9,852,338.15","Information Technology","DE0007472060","Xetra","Germany","EUR"
"KNEBV","KONE","Equity","0.44","52.42","186,174.00","9,759,241.08","9,759,241.08","Industrials","FI0009013403","Nasdaq Omx Helsinki Ltd.","Finland","EUR"
"LR","LEGRAND SA","Equity","0.43","65.22","147,226.00","9,602,079.72","9,602,079.72","Industrials","FR0010307819","Nyse Euronext - Euronext Paris","France","EUR"
"GLE","SOCIETE GENERALE SA","Equity","0.42","22.41","421,622.00","9,450,657.13","9,450,657.13","Financials","FR0000130809","Nyse Euronext - Euronext Paris","France","EUR"
"KRZ","KERRY GROUP PLC","Equity","0.41","105.60","87,161.00","9,204,201.60","9,204,201.60","Consumer Staples","IE0004906560","Irish Stock Exchange - All Market","Ireland","EUR"
"SGO","COMPAGNIE DE SAINT GOBAIN SA","Equity","0.41","34.55","265,620.00","9,175,842.90","9,175,842.90","Industrials","FR0000125007","Nyse Euronext - Euronext Paris","France","EUR"
"HEN3","HENKEL & KGAA PREF AG","Equity","0.40","91.12","97,068.00","8,844,836.16","8,844,836.16","Consumer Staples","DE0006048432","Xetra","Germany","EUR"
"KBC","KBC GROEP","Equity","0.38","60.10","139,101.00","8,359,970.10","8,359,970.10","Financials","BE0003565737","Nyse Euronext - Euronext Brussels","Belgium","EUR"
"FME","FRESENIUS MEDICAL CARE AG & CO KGA","Equity","0.37","70.70","116,996.00","8,271,617.20","8,271,617.20","Health Care","DE0005785802","Xetra","Germany","EUR"
"FCA","FIAT CHRYSLER AUTOMOBILES NV","Equity","0.34","12.69","604,592.00","7,669,854.11","7,669,854.11","Consumer Discretionary","NL0010877643","Borsa Italiana","Italy","EUR"
"DBK","DEUTSCHE BANK AG","Equity","0.33","7.00","1,063,220.00","7,444,666.44","7,444,666.44","Financials","DE0005140008","Xetra","Germany","EUR"
"CON","CONTINENTAL AG","Equity","0.33","124.80","59,558.00","7,432,838.40","7,432,838.40","Consumer Discretionary","DE0005439004","Xetra","Germany","EUR"
"UG","PEUGEOT SA","Equity","0.32","22.03","324,805.00","7,155,454.15","7,155,454.15","Consumer Discretionary","FR0000121501","Nyse Euronext - Euronext Paris","France","EUR"
"NESTE","NESTE","Equity","0.32","30.56","232,409.00","7,102,419.04","7,102,419.04","Energy","FI0009013296","Nasdaq Omx Helsinki Ltd.","Finland","EUR"
"ACA","CREDIT AGRICOLE SA","Equity","0.31","11.12","629,236.00","6,997,104.32","6,997,104.32","Financials","FR0000045072","Nyse Euronext - Euronext Paris","France","EUR"
"RWE","RWE AG","Equity","0.31","22.87","300,470.00","6,871,748.90","6,871,748.90","Utilities","DE0007037129","Xetra","Germany","EUR"
"MRK","MERCK","Equity","0.31","95.52","71,619.00","6,841,046.88","6,841,046.88","Health Care","DE0006599905","Xetra","Germany","EUR"
"CCEP","COCA COLA EUROPEAN PARTNERS PLC","Equity","0.30","51.31","130,271.00","6,684,442.64","6,684,442.64","Consumer Staples","GB00BDCPN049","New York Stock Exchange Inc.","Netherlands","USD"
"UPM","UPM-KYMMENE","Equity","0.30","23.32","285,051.00","6,647,389.32","6,647,389.32","Materials","FI0009005987","Nasdaq Omx Helsinki Ltd.","Finland","EUR"
"DWNI","DEUTSCHE WOHNEN","Equity","0.30","33.60","196,887.00","6,615,403.20","6,615,403.20","Real Estate","DE000A0HN5C6","Xetra","Germany","EUR"
"AENA","AENA SME SA","Equity","0.30","177.55","37,027.00","6,574,143.85","6,574,143.85","Industrials","ES0105046009","Bolsa De Madrid","Spain","EUR"
"VIE","VEOLIA ENVIRON. SA","Equity","0.29","22.26","292,844.00","6,518,707.44","6,518,707.44","Utilities","FR0000124141","Nyse Euronext - Euronext Paris","France","EUR"
"ATL","ATLANTIA","Equity","0.29","23.72","272,343.00","6,459,975.96","6,459,975.96","Industrials","IT0003506190","Borsa Italiana","Italy","EUR"
"HO","THALES SA","Equity","0.28","108.50","57,954.00","6,288,009.00","6,288,009.00","Industrials","FR0000121329","Nyse Euronext - Euronext Paris","France","EUR"
"FER","FERROVIAL SA","Equity","0.28","23.00","267,516.00","6,152,868.00","6,152,868.00","Industrials","ES0118900010","Bolsa De Madrid","Spain","EUR"
"NN","NN GROUP NV","Equity","0.28","36.10","169,902.00","6,133,462.20","6,133,462.20","Financials","NL0010773842","Euronext Amsterdam","Netherlands","EUR"
"STM","STMICROELECTRONICS NV","Equity","0.27","16.11","376,375.00","6,065,283.12","6,065,283.12","Information Technology","NL0000226223","Nyse Euronext - Euronext Paris","France","EUR"
"MTX","MTU AERO ENGINES HOLDING AG","Equity","0.27","214.70","28,204.00","6,055,398.80","6,055,398.80","Industrials","DE000A0D9PT0","Xetra","Germany","EUR"
"HEIO","HEINEKEN HOLDING NV","Equity","0.27","95.25","63,525.00","6,050,756.25","6,050,756.25","Consumer Staples","NL0000008977","Euronext Amsterdam","Netherlands","EUR"
"BEI","BEIERSDORF AG","Equity","0.27","108.15","55,658.00","6,019,412.70","6,019,412.70","Consumer Staples","DE0005200000","Xetra","Germany","EUR"
"SY1","SYMRISE AG","Equity","0.27","84.66","70,675.00","5,983,345.50","5,983,345.50","Materials","DE000SYM9999","Xetra","Germany","EUR"
"EDEN","EDENRED SA","Equity","0.27","45.68","130,244.00","5,949,545.92","5,949,545.92","Industrials","FR0010908533","Nyse Euronext - Euronext Paris","France","EUR"
"HEI","HEIDELBERGCEMENT AG","Equity","0.26","70.54","82,061.00","5,788,582.94","5,788,582.94","Materials","DE0006047004","Xetra","Germany","EUR"
"MT","ARCELORMITTAL SA","Equity","0.26","15.61","369,991.00","5,774,819.53","5,774,819.53","Materials","LU1598757687","Euronext Amsterdam","France","EUR"
"RNO","RENAULT SA","Equity","0.26","54.47","104,693.00","5,702,627.71","5,702,627.71","Consumer Discretionary","FR0000131906","Nyse Euronext - Euronext Paris","France","EUR"
"EBS","ERSTE GROUP BANK AG","Equity","0.25","33.69","167,495.00","5,642,906.55","5,642,906.55","Financials","AT0000652011","Wiener Boerse Ag","Austria","EUR"
"CA","CARREFOUR SA","Equity","0.25","17.14","325,836.00","5,584,829.04","5,584,829.04","Consumer Staples","FR0000120172","Nyse Euronext - Euronext Paris","France","EUR"
"TEP","TELEPERFORMANCE","Equity","0.25","177.90","31,095.00","5,531,800.50","5,531,800.50","Industrials","FR0000051807","Nyse Euronext - Euronext Paris","France","EUR"
"KPN","KONINKLIJKE KPN NV","Equity","0.24","2.73","1,962,602.00","5,348,090.45","5,348,090.45","Communication","NL0000009082","Euronext Amsterdam","Netherlands","EUR"
"PUB","PUBLICIS GROUPE SA","Equity","0.24","46.90","114,000.00","5,346,600.00","5,346,600.00","Communication","FR0000130577","Nyse Euronext - Euronext Paris","France","EUR"
"CNHI","CNH INDUSTRIAL NV","Equity","0.24","9.49","559,582.00","5,310,433.18","5,310,433.18","Industrials","NL0010545661","Borsa Italiana","Italy","EUR"
"SRG","SNAM","Equity","0.23","4.53","1,143,478.00","5,178,811.86","5,178,811.86","Utilities","IT0003153415","Borsa Italiana","Italy","EUR"
"CABK","CAIXABANK SA","Equity","0.23","2.63","1,956,454.00","5,149,386.93","5,149,386.93","Financials","ES0140609019","Bolsa De Madrid","Spain","EUR"
"UCB","UCB SA","Equity","0.23","74.92","68,123.00","5,103,775.16","5,103,775.16","Health Care","BE0003739530","Nyse Euronext - Euronext Brussels","Belgium","EUR"
"SW","SODEXO SA","Equity","0.23","104.20","48,945.00","5,100,069.00","5,100,069.00","Consumer Discretionary","FR0000121220","Nyse Euronext - Euronext Paris","France","EUR"
"ACS","ACS ACTIVIDADES DE CONSTRUCCION Y","Equity","0.23","36.58","138,292.00","5,058,721.36","5,058,721.36","Industrials","ES0167050915","Bolsa De Madrid","Spain","EUR"
"PAH3","PORSCHE AUTOMOBIL HOLDING PREF","Equity","0.22","59.24","83,121.00","4,924,088.04","4,924,088.04","Consumer Discretionary","DE000PAH0038","Xetra","Germany","EUR"
"HNR1","HANNOVER RUECK","Equity","0.22","147.10","33,297.00","4,897,988.70","4,897,988.70","Financials","DE0008402215","Xetra","Germany","EUR"
"HEN","HENKEL AG","Equity","0.22","84.50","57,276.00","4,839,822.00","4,839,822.00","Consumer Staples","DE0006048408","Xetra","Germany","EUR"
"EDP","EDP ENERGIAS DE PORTUGAL SA","Equity","0.22","3.41","1,417,557.00","4,832,451.81","4,832,451.81","Utilities","PTEDP0AM0009","Nyse Euronext - Euronext Lisbon","Portugal","EUR"
"FORTUM","FORTUM","Equity","0.22","19.59","245,090.00","4,800,087.65","4,800,087.65","Utilities","FI0009007132","Nasdaq Omx Helsinki Ltd.","Finland","EUR"
"AGS","AGEAS SA","Equity","0.21","47.29","98,156.00","4,641,797.24","4,641,797.24","Financials","BE0974264930","Nyse Euronext - Euronext Brussels","Belgium","EUR"
"ABN","ABN AMRO BANK NV","Equity","0.21","19.64","234,571.00","4,605,801.58","4,605,801.58","Financials","NL0011540547","Euronext Amsterdam","Netherlands","EUR"
"GRF","GRIFOLS SA CLASS A","Equity","0.20","27.10","168,140.00","4,556,594.00","4,556,594.00","Health Care","ES0171996087","Bolsa De Madrid","Spain","EUR"
"TRN","TERNA RETE ELETTRICA NAZIONALE","Equity","0.20","5.84","774,267.00","4,524,816.35","4,524,816.35","Utilities","IT0003242622","Borsa Italiana","Italy","EUR"
"QIA","QIAGEN NV","Equity","0.20","35.46","126,612.00","4,489,661.52","4,489,661.52","Health Care","NL0012169213","Xetra","Germany","EUR"
"AGN","AEGON NV","Equity","0.20","4.53","960,674.00","4,349,931.87","4,349,931.87","Financials","NL0000303709","Euronext Amsterdam","Netherlands","EUR"
"REE","RED ELECTRICA SA","Equity","0.19","18.58","228,820.00","4,251,475.60","4,251,475.60","Utilities","ES0173093024","Bolsa De Madrid","Spain","EUR"
"1COV","COVESTRO AG","Equity","0.19","43.85","95,514.00","4,188,288.90","4,188,288.90","Materials","DE0006062144","Xetra","Germany","EUR"
"ATO","ATOS","Equity","0.19","77.00","53,679.00","4,133,283.00","4,133,283.00","Information Technology","FR0000051732","Nyse Euronext - Euronext Paris","France","EUR"
"AC","ACCOR SA","Equity","0.18","38.79","105,355.00","4,086,720.45","4,086,720.45","Consumer Discretionary","FR0000120404","Nyse Euronext - Euronext Paris","France","EUR"
"KRX","KINGSPAN GROUP PLC","Equity","0.18","49.16","82,666.00","4,063,860.56","4,063,860.56","Industrials","IE0004927939","Irish Stock Exchange - All Market","Ireland","EUR"
"EN","BOUYGUES SA","Equity","0.18","32.94","123,298.00","4,061,436.12","4,061,436.12","Industrials","FR0000120503","Nyse Euronext - Euronext Paris","France","EUR"
"ELE","ENDESA SA","Equity","0.18","23.30","172,052.00","4,008,811.60","4,008,811.60","Utilities","ES0130670112","Bolsa De Madrid","Spain","EUR"
"NTGY","NATURGY ENERGY SA","Equity","0.18","24.05","164,935.00","3,966,686.75","3,966,686.75","Utilities","ES0116870314","Bolsa De Madrid","Spain","EUR"
"EXO","EXOR NV","Equity","0.18","64.40","60,612.00","3,903,412.80","3,903,412.80","Financials","NL0012059018","Borsa Italiana","Italy","EUR"
"FGR","EIFFAGE SA","Equity","0.18","90.08","43,309.00","3,901,274.72","3,901,274.72","Industrials","FR0000130452","Nyse Euronext - Euronext Paris","France","EUR"
"MONC","MONCLER","Equity","0.17","38.61","100,518.00","3,880,999.98","3,880,999.98","Consumer Discretionary","IT0004965148","Borsa Italiana","Italy","EUR"
"GALP","GALP ENERGIA SGPS SA","Equity","0.17","13.33","285,687.00","3,808,207.71","3,808,207.71","Energy","PTGAL0AM0009","Nyse Euronext - Euronext Lisbon","Portugal","EUR"
"BNR","BRENNTAG AG","Equity","0.17","44.04","86,052.00","3,789,730.08","3,789,730.08","Industrials","DE000A1DAHH0","Xetra","Germany","EUR"
"GBLB","GROUPE BRUXELLES LAMBERT NV","Equity","0.17","87.76","43,012.00","3,774,733.12","3,774,733.12","Financials","BE0003797140","Nyse Euronext - Euronext Brussels","Belgium","EUR"
"SOLB","SOLVAY SA","Equity","0.17","91.20","41,330.00","3,769,296.00","3,769,296.00","Materials","BE0003470755","Nyse Euronext - Euronext Brussels","Belgium","EUR"
"EDF","ELECTRICITE DE FRANCE SA","Equity","0.17","11.19","331,600.00","3,708,946.00","3,708,946.00","Utilities","FR0010242511","Nyse Euronext - Euronext Paris","France","EUR"
"ADYEN","ADYEN NV","Equity","0.16","657.80","5,550.00","3,650,790.00","3,650,790.00","Information Technology","NL0012969182","Euronext Amsterdam","Netherlands","EUR"
"SRT3","SARTORIUS PREF AG","Equity","0.16","182.60","19,960.00","3,644,696.00","3,644,696.00","Health Care","DE0007165631","Xetra","Germany","EUR"
"SCR","SCOR","Equity","0.16","40.01","90,826.00","3,633,948.26","3,633,948.26","Financials","FR0010411983","Nyse Euronext - Euronext Paris","France","EUR"
"CBK","COMMERZBANK AG","Equity","0.16","6.42","563,340.00","3,617,206.14","3,617,206.14","Financials","DE000CBK1001","Xetra","Germany","EUR"
"OMV","OMV AG","Equity","0.16","43.76","82,495.00","3,609,981.20","3,609,981.20","Energy","AT0000743059","Wiener Boerse Ag","Austria","EUR"
"CLNX","CELLNEX TELECOM SA","Equity","0.16","33.50","106,690.00","3,574,115.00","3,574,115.00","Communication","ES0105066007","Bolsa De Madrid","Spain","EUR"
"ALO","ALSTOM SA","Equity","0.16","41.78","84,663.00","3,537,220.14","3,537,220.14","Industrials","FR0010220475","Nyse Euronext - Euronext Paris","France","EUR"
"BVI","BUREAU VERITAS SA","Equity","0.16","22.27","157,853.00","3,515,386.31","3,515,386.31","Industrials","FR0006174348","Nyse Euronext - Euronext Paris","France","EUR"
"ELISA","ELISA","Equity","0.16","43.67","80,335.00","3,508,229.45","3,508,229.45","Communication","FI0009007884","Nasdaq Omx Helsinki Ltd.","Finland","EUR"
"GET","GETLINK","Equity","0.16","14.07","247,123.00","3,477,020.61","3,477,020.61","Industrials","FR0010533075","Nyse Euronext - Euronext Paris","France","EUR"
"FR","VALEO SA","Equity","0.16","26.74","129,750.00","3,469,515.00","3,469,515.00","Consumer Discretionary","FR0013176526","Nyse Euronext - Euronext Paris","France","EUR"
"FLTR","FLUTTER ENTERTAINMENT PLC","Equity","0.15","76.66","44,758.00","3,431,148.28","3,431,148.28","Consumer Discretionary","IE00BWT6H894","Irish Stock Exchange - All Market","Ireland","EUR"
"UBI","UBISOFT ENTERTAINMENT SA CAT A","Equity","0.15","72.12","46,914.00","3,383,437.68","3,383,437.68","Communication","FR0000054470","Nyse Euronext - Euronext Paris","France","EUR"
"LI","KLEPIERRE REIT SA","Equity","0.15","30.85","108,762.00","3,355,307.70","3,355,307.70","Real Estate","FR0000121964","Nyse Euronext - Euronext Paris","France","EUR"
"GFC","GECINA REIT SA","Equity","0.15","133.20","25,178.00","3,353,709.60","3,353,709.60","Real Estate","FR0010040865","Nyse Euronext - Euronext Paris","France","EUR"
"SK3","SMURFIT KAPPA GROUP PLC","Equity","0.15","27.98","119,394.00","3,340,644.12","3,340,644.12","Materials","IE00B1RR8406","Irish Stock Exchange - All Market","Ireland","EUR"
"RAND","RANDSTAD HOLDING","Equity","0.15","48.87","67,290.00","3,288,462.30","3,288,462.30","Industrials","NL0000379121","Euronext Amsterdam","Netherlands","EUR"
"MB","MEDIOBANCA BANCA DI CREDITO FINANZ","Equity","0.15","9.47","344,307.00","3,261,275.90","3,261,275.90","Financials","IT0000062957","Borsa Italiana","Italy","EUR"
"AER","AERCAP HOLDINGS NV","Equity","0.15","44.76","72,670.00","3,252,823.08","3,252,823.08","Industrials","NL0000687663","New York Stock Exchange Inc.","Netherlands","USD"
"UMI","UMICORE SA","Equity","0.15","28.29","114,770.00","3,246,843.30","3,246,843.30","Materials","BE0974320526","Nyse Euronext - Euronext Brussels","Belgium","EUR"
"SHL","SIEMENS HEALTHINEERS AG","Equity","0.14","37.87","85,175.00","3,225,577.25","3,225,577.25","Health Care","DE000SHL1006","Xetra","Germany","EUR"
"STERV","STORA ENSO CLASS R","Equity","0.14","10.52","305,847.00","3,215,981.21","3,215,981.21","Materials","FI0009005961","Nasdaq Omx Helsinki Ltd.","Finland","EUR"
"AT1","AROUNDTOWN PROPERTY HOLDINGS SA","Equity","0.14","7.63","418,397.00","3,191,532.32","3,191,532.32","Real Estate","LU1673108939","Xetra","Germany","EUR"
"WRT1V","WARTSILA","Equity","0.14","12.70","250,193.00","3,176,200.14","3,176,200.14","Industrials","FI0009003727","Nasdaq Omx Helsinki Ltd.","Finland","EUR"
"TEN","TENARIS SA","Equity","0.14","11.67","271,641.00","3,170,050.47","3,170,050.47","Energy","LU0156801721","Borsa Italiana","Italy","EUR"
"UN01","UNIPER","Equity","0.14","27.55","113,487.00","3,126,566.85","3,126,566.85","Utilities","DE000UNSE018","Xetra","Germany","EUR"
"FBK","FINECOBANK BANCA FINECO","Equity","0.14","10.71","284,374.00","3,044,223.67","3,044,223.67","Financials","IT0000072170","Borsa Italiana","Italy","EUR"
"AKE","ARKEMA SA","Equity","0.14","81.78","37,016.00","3,027,168.48","3,027,168.48","Materials","FR0010313833","Nyse Euronext - Euronext Paris","France","EUR"
"SAB","BANCO DE SABADELL SA","Equity","0.14","0.95","3,188,706.00","3,026,081.99","3,026,081.99","Financials","ES0113860A34","Bolsa De Madrid","Spain","EUR"
"CPR","DAVIDE CAMPARI MILANO","Equity","0.13","8.86","330,151.00","2,923,487.10","2,923,487.10","Consumer Staples","IT0005252207","Borsa Italiana","Italy","EUR"
"TKA","THYSSENKRUPP AG","Equity","0.13","12.36","231,263.00","2,857,254.37","2,857,254.37","Materials","DE0007500001","Xetra","Germany","EUR"
"WLN","WORLDLINE SA","Equity","0.13","63.40","44,357.00","2,812,233.80","2,812,233.80","Information Technology","FR0011981968","Nyse Euronext - Euronext Paris","France","EUR"
"VOW","VOLKSWAGEN AG","Equity","0.12","157.75","17,080.00","2,694,370.00","2,694,370.00","Consumer Discretionary","DE0007664005","Xetra","Germany","EUR"
"PST","POSTE ITALIANE","Equity","0.12","9.75","275,626.00","2,687,353.50","2,687,353.50","Financials","IT0003796171","Borsa Italiana","Italy","EUR"
"SEV","SUEZ SA","Equity","0.12","13.14","204,375.00","2,684,465.62","2,684,465.62","Utilities","FR0010613471","Nyse Euronext - Euronext Paris","France","EUR"
"EVK","EVONIK INDUSTRIES AG","Equity","0.12","25.98","102,411.00","2,660,637.78","2,660,637.78","Materials","DE000EVNK013","Xetra","Germany","EUR"
"SESG","SES SA FDR","Equity","0.12","13.65","194,911.00","2,660,535.15","2,660,535.15","Communication","LU0088087324","Nyse Euronext - Euronext Paris","France","EUR"
"PUM","PUMA","Equity","0.12","59.60","44,115.00","2,629,254.00","2,629,254.00","Consumer Discretionary","DE0006969603","Xetra","Germany","EUR"
"ZAL","ZALANDO","Equity","0.12","38.15","68,863.00","2,627,123.45","2,627,123.45","Consumer Discretionary","DE000ZAL1111","Xetra","Germany","EUR"
"ING","INGENICO GROUP SA","Equity","0.12","76.20","34,408.00","2,621,889.60","2,621,889.60","Information Technology","FR0000125346","Nyse Euronext - Euronext Paris","France","EUR"
"IPN","IPSEN SA","Equity","0.12","121.00","21,483.00","2,599,443.00","2,599,443.00","Health Care","FR0010259150","Nyse Euronext - Euronext Paris","France","EUR"
"KBX","KNORR BREMSE AG","Equity","0.12","96.40","26,566.00","2,560,962.40","2,560,962.40","Industrials","DE000KBX1006","Xetra","Germany","EUR"
"ERF","EUROFINS SCIENTIFIC","Equity","0.11","410.00","6,130.00","2,513,300.00","2,513,300.00","Health Care","FR0000038259","Nyse Euronext - Euronext Paris","France","EUR"
"PRY","PRYSMIAN","Equity","0.11","18.38","136,544.00","2,508,996.00","2,508,996.00","Industrials","IT0004176001","Borsa Italiana","Italy","EUR"
"TIT","TELECOM ITALIA","Equity","0.11","0.50","5,011,969.00","2,496,962.96","2,496,962.96","Communication","IT0003497168","Borsa Italiana","Italy","EUR"
"ADP","AEROPORTS DE PARIS SA","Equity","0.11","158.60","15,713.00","2,492,081.80","2,492,081.80","Industrials","FR0010340141","Nyse Euronext - Euronext Paris","France","EUR"
"BKT","BANKINTER SA","Equity","0.11","6.38","387,229.00","2,470,521.02","2,470,521.02","Financials","ES0113679I37","Bolsa De Madrid","Spain","EUR"
"BIRG","BANK OF IRELAND GROUP PLC","Equity","0.11","4.75","512,832.00","2,435,952.00","2,435,952.00","Financials","IE00BD1RP616","Irish Stock Exchange - All Market","Ireland","EUR"
"DHER","DELIVERY HERO","Equity","0.11","39.36","61,795.00","2,432,251.20","2,432,251.20","Consumer Discretionary","DE000A2E4K43","Xetra","Germany","EUR"
"LXS","LANXESS AG","Equity","0.11","52.96","45,837.00","2,427,527.52","2,427,527.52","Materials","DE0005470405","Xetra","Germany","EUR"
"LDO","LEONARDO FINMECCANICA SPA","Equity","0.11","11.47","209,098.00","2,397,308.57","2,397,308.57","Industrials","IT0003856405","Borsa Italiana","Italy","EUR"
"COV","COVIVIO SA","Equity","0.10","94.30","24,548.00","2,314,876.40","2,314,876.40","Real Estate","FR0000064578","Nyse Euronext - Euronext Paris","France","EUR"
"IGYB","INNOGY Z VERK","Equity","0.10","37.90","57,227.00","2,168,903.30","2,168,903.30","Utilities","DE000A2LQ2L3","Xetra","Germany","EUR"
"METSO","METSO","Equity","0.10","35.99","59,542.00","2,142,916.58","2,142,916.58","Industrials","FI0009007835","Nasdaq Omx Helsinki Ltd.","Finland","EUR"
"PROX","PROXIMUS NV","Equity","0.10","26.37","81,081.00","2,138,105.97","2,138,105.97","Communication","BE0003810273","Nyse Euronext - Euronext Brussels","Belgium","EUR"
"G1A","GEA GROUP AG","Equity","0.10","24.29","87,889.00","2,134,823.81","2,134,823.81","Industrials","DE0006602006","Xetra","Germany","EUR"
"KGX","KION GROUP AG","Equity","0.09","56.24","37,558.00","2,112,261.92","2,112,261.92","Industrials","DE000KGX8881","Xetra","Germany","EUR"
"SGRE","SIEMENS GAMESA RENEWABLE ENERGY SA","Equity","0.09","15.04","138,951.00","2,089,823.04","2,089,823.04","Industrials","ES0143416115","Bolsa De Madrid","Spain","EUR"
"REC","RECORDATI INDUSTRIA CHIMICA E FARM","Equity","0.09","37.73","55,207.00","2,082,960.11","2,082,960.11","Health Care","IT0003828271","Borsa Italiana","Italy","EUR"
"DIM","SARTORIUS STEDIM BIOTECH SA","Equity","0.09","137.70","15,005.00","2,066,188.50","2,066,188.50","Health Care","FR0013154002","Nyse Euronext - Euronext Paris","France","EUR"
"LHA","DEUTSCHE LUFTHANSA AG","Equity","0.09","15.37","133,583.00","2,053,170.71","2,053,170.71","Industrials","DE0008232125","Xetra","Germany","EUR"
"UTDI","UNITED INTERNET AG","Equity","0.09","29.31","69,349.00","2,032,619.19","2,032,619.19","Communication","DE0005089031","Xetra","Germany","EUR"
"BOSS","HUGO BOSS N AG","Equity","0.09","57.60","34,530.00","1,988,928.00","1,988,928.00","Consumer Discretionary","DE000A1PHFF7","Xetra","Germany","EUR"
"AMUN","AMUNDI SA","Equity","0.09","62.40","31,616.00","1,972,838.40","1,972,838.40","Financials","FR0004125920","Nyse Euronext - Euronext Paris","France","EUR"
"ENG","ENAGAS SA","Equity","0.09","22.50","87,346.00","1,965,285.00","1,965,285.00","Utilities","ES0130960018","Bolsa De Madrid","Spain","EUR"
"AFX","CARL ZEISS MEDITEC AG","Equity","0.09","88.05","22,110.00","1,946,785.50","1,946,785.50","Health Care","DE0005313704","Xetra","Germany","EUR"
"JMT","JERONIMO MARTINS SA","Equity","0.09","14.14","136,750.00","1,932,961.25","1,932,961.25","Consumer Staples","PTJMT0AE0001","Nyse Euronext - Euronext Lisbon","Portugal","EUR"
"CNP","CNP ASSURANCES SA","Equity","0.09","20.64","93,423.00","1,928,250.72","1,928,250.72","Financials","FR0000120222","Nyse Euronext - Euronext Paris","France","EUR"
"BOL","BOLLORE SA","Equity","0.09","3.99","477,508.00","1,904,301.90","1,904,301.90","Industrials","FR0000039299","Nyse Euronext - Euronext Paris","France","EUR"
"SK","SEB SA","Equity","0.09","158.70","11,933.00","1,893,767.10","1,893,767.10","Consumer Discretionary","FR0000121709","Nyse Euronext - Euronext Paris","France","EUR"
"MF","WENDEL","Equity","0.08","123.10","15,081.00","1,856,471.10","1,856,471.10","Financials","FR0000121204","Nyse Euronext - Euronext Paris","France","EUR"
"KN","NATIXIS SA","Equity","0.08","3.73","497,592.00","1,855,022.98","1,855,022.98","Financials","FR0000120685","Nyse Euronext - Euronext Paris","France","EUR"
"ORNBV","ORION CLASS B","Equity","0.08","33.67","55,058.00","1,853,802.86","1,853,802.86","Health Care","FI0009014377","Nasdaq Omx Helsinki Ltd.","Finland","EUR"
"TYRES","NOKIAN RENKAAT","Equity","0.08","27.72","64,742.00","1,794,648.24","1,794,648.24","Consumer Discretionary","FI0009005318","Nasdaq Omx Helsinki Ltd.","Finland","EUR"
"BIM","BIOMERIEUX SA","Equity","0.08","73.15","24,227.00","1,772,205.05","1,772,205.05","Health Care","FR0013280286","Nyse Euronext - Euronext Paris","France","EUR"
"AM","DASSAULT AVIATION SA","Equity","0.08","1,246.00","1,403.00","1,748,138.00","1,748,138.00","Industrials","FR0000121725","Nyse Euronext - Euronext Paris","France","EUR"
"ETL","EUTELSAT COMMUNICATIONS SA","Equity","0.08","17.07","100,944.00","1,723,114.08","1,723,114.08","Communication","FR0010221234","Nyse Euronext - Euronext Paris","France","EUR"
"VER","VERBUND AG","Equity","0.08","46.50","36,902.00","1,715,943.00","1,715,943.00","Utilities","AT0000746409","Wiener Boerse Ag","Austria","EUR"
"BMW3","BMW PREF AG","Equity","0.08","57.10","29,253.00","1,670,346.30","1,670,346.30","Consumer Discretionary","DE0005190037","Xetra","Germany","EUR"
"FRA","FRAPORT FRANKFURT AIRPORT SERVICES","Equity","0.07","76.06","21,827.00","1,660,161.62","1,660,161.62","Industrials","DE0005773303","Xetra","Germany","EUR"
"RBI","RAIFFEISEN BANK INTERNATIONAL AG","Equity","0.07","21.10","78,318.00","1,652,509.80","1,652,509.80","Financials","AT0000606306","Wiener Boerse Ag","Austria","EUR"
"VOE","VOESTALPINE AG","Equity","0.07","26.77","60,875.00","1,629,623.75","1,629,623.75","Materials","AT0000937503","Wiener Boerse Ag","Austria","EUR"
"COLR","ETABLISSEMENTEN FRANZ COLRUYT NV","Equity","0.07","51.76","31,317.00","1,620,967.92","1,620,967.92","Consumer Staples","BE0974256852","Nyse Euronext - Euronext Brussels","Belgium","EUR"
"RF","EURAZEO","Equity","0.07","63.15","25,543.00","1,613,040.45","1,613,040.45","Financials","FR0000121121","Nyse Euronext - Euronext Paris","France","EUR"
"MAP","MAPFRE SA","Equity","0.07","2.68","594,812.00","1,595,880.60","1,595,880.60","Financials","ES0124244E34","Bolsa De Madrid","Spain","EUR"
"SPR","AXEL SPRINGER","Equity","0.07","61.90","25,626.00","1,586,249.40","1,586,249.40","Communication","DE0005501357","Xetra","Germany","EUR"
"VPK","KONINKLIJKE VOPAK NV","Equity","0.07","41.83","37,590.00","1,572,389.70","1,572,389.70","Energy","NL0009432491","Euronext Amsterdam","Netherlands","EUR"
"A5G","AIB GROUP","Equity","0.07","3.67","425,575.00","1,560,157.95","1,560,157.95","Financials","IE00BF0L3536","Irish Stock Exchange - All Market","Ireland","EUR"
"B4B","METRO AG","Equity","0.07","15.97","97,444.00","1,555,693.46","1,555,693.46","Consumer Staples","DE000BFB0019","Xetra","Germany","EUR"
"EO","FAURECIA","Equity","0.07","38.88","39,767.00","1,546,140.96","1,546,140.96","Consumer Discretionary","FR0000121147","Nyse Euronext - Euronext Paris","France","EUR"
"RCO","REMY COINTREAU SA","Equity","0.07","130.30","11,833.00","1,541,839.90","1,541,839.90","Consumer Staples","FR0000130395","Nyse Euronext - Euronext Paris","France","EUR"
"CSSE","CASH COLLATERAL EUR CSFBI","Cash Collateral and Margins","0.07","100.00","1,541,503.00","1,541,503.00","1,541,503.00","Cash and/or Derivatives","-","-","European Union","EUR"
"ICAD","ICADE REIT SA","Equity","0.07","81.35","18,908.00","1,538,165.80","1,538,165.80","Real Estate","FR0000035081","Nyse Euronext - Euronext Paris","France","EUR"
"BKIA","BANKIA SA","Equity","0.07","2.13","711,494.00","1,515,482.22","1,515,482.22","Financials","ES0113307062","Bolsa De Madrid","Spain","EUR"
"USD","USD CASH","Cash","0.07","88.64","1,709,581.00","1,515,317.23","1,515,317.23","Cash and/or Derivatives","-","-","United States","USD"
"TITR","TELECOM ITALIA SAVING","Equity","0.07","0.46","3,242,230.00","1,505,367.39","1,505,367.39","Communication","IT0003497176","Borsa Italiana","Italy","EUR"
"HOT","HOCHTIEF AG","Equity","0.07","109.60","13,355.00","1,463,708.00","1,463,708.00","Industrials","DE0006070006","Xetra","Germany","EUR"
"ILD","ILIAD SA","Equity","0.06","100.60","13,674.00","1,375,604.40","1,375,604.40","Communication","FR0004035913","Nyse Euronext - Euronext Paris","France","EUR"
"FPE3","FUCHS PETROLUB PREF","Equity","0.06","36.20","37,622.00","1,361,916.40","1,361,916.40","Materials","DE0005790430","Xetra","Germany","EUR"
"TNET","TELENET GROUP HOLDING NV","Equity","0.06","49.14","27,214.00","1,337,295.96","1,337,295.96","Communication","BE0003826436","Nyse Euronext - Euronext Brussels","Belgium","EUR"
"ANDR","ANDRITZ AG","Equity","0.06","33.32","39,379.00","1,312,108.28","1,312,108.28","Industrials","AT0000730007","Wiener Boerse Ag","Austria","EUR"
"O2D","TELEFONICA DEUTSCHLAND HOLDING AG","Equity","0.06","2.45","501,265.00","1,228,099.25","1,228,099.25","Communication","DE000A1J5RX9","Xetra","Germany","EUR"
"PIRC","PIRELLI & C","Equity","0.05","5.34","212,428.00","1,135,215.23","1,135,215.23","Consumer Discretionary","IT0005278236","Borsa Italiana","Italy","EUR"
"DEC","JCDECAUX SA","Equity","0.05","26.52","41,391.00","1,097,689.32","1,097,689.32","Communication","FR0000077919","Nyse Euronext - Euronext Paris","France","EUR"
"BB","BIC SA","Equity","0.05","69.90","15,069.00","1,053,323.10","1,053,323.10","Industrials","FR0000120966","Nyse Euronext - Euronext Paris","France","EUR"
"RRTL","RTL GROUP SA","Equity","0.04","46.58","20,444.00","952,281.52","952,281.52","Communication","LU0061462528","Xetra","Germany","EUR"
"CO","CASINO GUICHARD PERRACHON SA","Equity","0.04","30.90","30,074.00","929,286.60","929,286.60","Consumer Staples","FR0000125585","Nyse Euronext - Euronext Paris","France","EUR"
"NK","IMERYS SA","Equity","0.04","46.32","18,100.00","838,392.00","838,392.00","Materials","FR0000120859","Nyse Euronext - Euronext Paris","France","EUR"
"DRI","1&1 DRILLISCH AG","Equity","0.04","30.24","27,701.00","837,678.24","837,678.24","Communication","DE0005545503","Xetra","Germany","EUR"
"IGY","INNOGY","Equity","0.04","42.82","18,552.00","794,396.64","794,396.64","Utilities","DE000A2AADD2","Xetra","Germany","EUR"
"IBE.D","IBERDROLA RIGHTS SA","Equity","0.03","0.20","3,223,422.00","651,131.24","651,131.24","Utilities","ES06445809I8","Bolsa De Madrid","Spain","EUR"
"REP.D","REPSOL RIGHTS SA","Equity","0.02","0.49","765,484.00","375,469.90","375,469.90","Energy","ES06735169E5","Bolsa De Madrid","Spain","EUR"
"GBP","GBP CASH","Cash","0.01","111.45","234,935.00","261,839.93","261,839.93","Cash and/or Derivatives","-","-","United Kingdom","GBP"
"ACS.D","ACS RIGHTS SA","Equity","0.01","1.46","137,347.00","200,183.25","200,183.25","Industrials","ES06670509F6","Bolsa De Madrid","Spain","EUR"
"-","CARREFOUR SA","Equity","0.00","0.00","323,606.00","3.24","3.24","Consumer Staples","FR0013421039","-","France","EUR"
"-","PUBLICIS GROUPE SA DIVIDEND COUPON","Equity","0.00","0.00","114,000.00","1.14","1.14","Communication","FR0013418555","Nyse Euronext - Euronext Paris","France","EUR"
"VGU9","EURO STOXX 50 SEP 19","Futures","0.00","3,534.00","619.00","0.00","21,875,460.00","Cash and/or Derivatives","DE000C1A16K1","Eurex Deutschland","European Union","EUR"
"-","INGENICO GROUP SA COUPON","Equity","0.00","0.00","34,168.00","0.34","0.34","Other","FR0013419249","-","France","EUR"
 