﻿iShares Bloomberg Roll Select Commodity Strategy ETF
Inception Date,"Apr 3, 2018"
Fund Holdings as of,"Jul 5, 2019"
Total Net Assets,"35,873,868.00"
Shares Outstanding,"800,000.00"
Stock,"-"
Bond,"-"
Cash,"-"
Other,"-"
 
Issuer Ticker,Name,Asset Class,Weight (%),Price,Shares,Market Value,Notional Value,Sector,Exchange
"XTSLA","BLK CSH FND TREASURY SL AGENCY","Money Market","11.92","1.00","4,284,637.00","4,284,636.50","4,284,636.50","-","-"
"TBILL","TREASURY BILL","Cash","8.32","99.70","3,000,000.00","2,990,999.30","2,990,999.30","-","-"
"TBILL","TREASURY BILL","Cash","6.12","99.95","2,200,000.00","2,198,927.21","2,198,927.21","-","-"
"CNP","CENTERPOINT ENERGY INC.","Cash","4.45","99.95","1,600,000.00","1,599,222.22","1,599,222.22","-","-"
"CANCAN","CANCARA ASSET SECUR LLC","Cash","4.45","99.93","1,600,000.00","1,598,920.00","1,598,920.00","-","-"
"R","RYDER SYSTEM INC.","Cash","4.17","99.98","1,500,000.00","1,499,686.88","1,499,686.88","-","-"
"EDF","ELECTRICITE DE FRANCE","Cash","4.17","99.97","1,500,000.00","1,499,477.50","1,499,477.50","-","-"
"CCDJ","FEDERATION DES CAISSES DESJARDINS","Cash","4.17","99.88","1,500,000.00","1,498,218.75","1,498,218.75","-","-"
"VW","VW CREDIT INC","Cash","4.17","99.86","1,500,000.00","1,497,894.17","1,497,894.17","-","-"
"RCICN","ROGERS COMMUNICATIONS INC","Cash","4.16","99.82","1,500,000.00","1,497,361.46","1,497,361.46","-","-"
"NARCO","NIEUW AMSTERDAM RECEIVABLES CORP","Cash","4.16","99.81","1,500,000.00","1,497,181.50","1,497,181.50","-","-"
"NTRCN","NUTRIEN LTD","Cash","4.16","99.72","1,500,000.00","1,495,864.75","1,495,864.75","-","-"
"NEDWBK","NEDERLANDSE WATERSCHAPSBANK NV","Cash","4.15","99.56","1,500,000.00","1,493,411.00","1,493,411.00","-","-"
"OCBCSP","OVERSEA-CHINESE BANKING CORPORATIO","Cash","3.89","99.87","1,400,000.00","1,398,234.06","1,398,234.06","-","-"
"NEE","NEXTERA ENERGY CAPITAL HOLDINGS IN","Cash","3.88","99.72","1,400,000.00","1,396,022.44","1,396,022.44","-","-"
"KDP","KEURIG DR PEPPER INC","Cash","3.88","99.63","1,400,000.00","1,394,788.73","1,394,788.73","-","-"
"15236Z","NATL SEC CLEARING CORP","Cash","3.61","99.84","1,300,000.00","1,297,869.44","1,297,869.44","-","-"
"SGAFT","CASH COLLATERAL USD SGAFT","Cash Collateral and Margins","3.42","100.00","1,148,000.00","1,228,521.21","1,228,521.21","-","-"
"ENBCN","ENBRIDGE (US) INC","Cash","2.92","99.90","1,050,000.00","1,048,971.41","1,048,971.41","-","-"
"VICTOR","VICTORY RECEIVABLES CORP","Cash","2.78","99.97","1,000,000.00","999,729.00","999,729.00","-","-"
"TBILL","TREASURY BILL","Cash","2.64","99.91","950,000.00","949,130.75","949,130.75","-","-"
"NWIDE","NATIONWIDE BUILDING SOC","Cash","2.36","99.89","850,000.00","849,021.81","849,021.81","-","-"
"PSPCAP","PSP CAPITAL INC","Cash","1.95","99.98","700,000.00","699,862.62","699,862.62","-","-"
"CLX","CLOROX COMPANY (THE)","Cash","1.95","99.98","700,000.00","699,861.17","699,861.17","-","-"
"OLDLLC","OLD LINE FUNDING LLC","Cash","1.39","99.69","500,000.00","498,427.00","498,427.00","-","-"
"TBILL","TREASURY BILL","Cash","1.25","99.74","450,000.00","448,836.85","448,836.85","-","-"
"RBLN","RECKITT BENCKISER TSY","Cash","1.11","99.74","400,000.00","398,968.67","398,968.67","-","-"
"ONCRTX","ONCOR ELECTRIC DELIVERY CO","Cash","0.83","99.95","300,000.00","299,853.58","299,853.58","-","-"
"RBLN","RECKITT BENCKISER TSY","Cash","0.82","99.98","294,000.00","293,942.06","293,942.06","-","-"
"DRCU9","BLOOMBERG ROLL SELECT SEP 19","Futures","0.00","198.38","1,807.00","0.00","35,847,266.00","-","Chicago Board Of Trade"
"USD","USD CASH","Cash","-7.23","100.00","-2,600,116.00","-2,600,115.82","-2,600,115.82","-","-"
 