﻿Fund Holdings as of,"Jul 4, 2019"
 
Issuer Ticker,Name,Asset Class,Weight (%),Price,Shares,Market Value,Notional Value,Sector,ISIN,Exchange,Country,Market Currency
"600519","KWEICHOW MOUTAI LTD A","Equity","5.81","142.73","255,186.00","36,421,999.97","36,421,999.97","Consumer Staples","CNE0000018R8","Shanghai Stock Exchange","China","CNY"
"601318","PING AN INSURANCE (GROUP) OF CHINA","Equity","4.59","13.08","2,199,394.00","28,761,539.82","28,761,539.82","Financials","CNE000001R84","Shanghai Stock Exchange","China","CNY"
"600036","CHINA MERCHANTS BANK LTD A","Equity","3.50","5.25","4,187,779.00","21,978,583.01","21,978,583.01","Financials","CNE000001B33","Shanghai Stock Exchange","China","CNY"
"000858","WULIANGYE YIBIN LTD A","Equity","2.25","17.90","787,778.00","14,105,095.33","14,105,095.33","Consumer Staples","CNE000000VQ8","Shenzhen Stock Exchange","China","CNY"
"601166","INDUSTRIAL BANK LTD A","Equity","1.79","2.66","4,216,573.00","11,218,188.54","11,218,188.54","Financials","CNE000001QZ7","Shanghai Stock Exchange","China","CNY"
"600000","SHANGHAI PUDONG DEVELOPMENT BANK L","Equity","1.61","1.69","5,969,435.00","10,089,944.13","10,089,944.13","Financials","CNE0000011B7","Shanghai Stock Exchange","China","CNY"
"601398","INDUSTRIAL AND COMMERCIAL BANK OF","Equity","1.45","0.83","10,971,322.00","9,064,768.20","9,064,768.20","Financials","CNE000001P37","Shanghai Stock Exchange","China","CNY"
"600276","JIANGSU HENGRUI MEDICINE LTD A","Equity","1.37","9.62","895,284.00","8,609,489.21","8,609,489.21","Health Care","CNE0000014W7","Shanghai Stock Exchange","China","CNY"
"000002","CHINA VANKE LTD A","Equity","1.35","4.30","1,968,316.00","8,460,610.73","8,460,610.73","Real Estate","CNE0000000T2","Shenzhen Stock Exchange","China","CNY"
"601288","AGRICULTURAL BANK OF CHINA LTD A","Equity","1.28","0.53","15,078,538.00","8,027,673.97","8,027,673.97","Financials","CNE100000RJ0","Shanghai Stock Exchange","China","CNY"
"600900","CHINA YANGTZE POWER LTD A","Equity","1.26","2.66","2,967,775.00","7,891,445.64","7,891,445.64","Utilities","CNE000001G87","Shanghai Stock Exchange","China","CNY"
"002415","HANGZHOU HIKVISION DIGITAL TECHNOL","Equity","1.23","4.09","1,891,327.00","7,728,011.64","7,728,011.64","Information Technology","CNE100000PM8","Shenzhen Stock Exchange","China","CNY"
"601668","CHINA STATE CONSTRUCTION ENGINEERI","Equity","1.19","0.88","8,497,957.00","7,478,582.86","7,478,582.86","Industrials","CNE100000F46","Shanghai Stock Exchange","China","CNY"
"601328","BANK OF COMMUNICATIONS LTD A","Equity","1.14","0.90","7,944,825.00","7,176,709.07","7,176,709.07","Financials","CNE1000000S2","Shanghai Stock Exchange","China","CNY"
"000001","PING AN BANK LTD A","Equity","1.13","2.04","3,475,276.00","7,072,230.74","7,072,230.74","Financials","CNE000000040","Shenzhen Stock Exchange","China","CNY"
"600030","CITIC SECURITIES LTD A","Equity","1.09","3.43","1,990,935.00","6,834,684.79","6,834,684.79","Financials","CNE000001DB6","Shanghai Stock Exchange","China","CNY"
"603288","FOSHAN HAI TIAN FLAVOURING & FOOD","Equity","1.08","14.81","456,055.00","6,753,274.54","6,753,274.54","Consumer Staples","CNE100001SL2","Shanghai Stock Exchange","China","CNY"
"600016","CHINA MINSHENG BANKING CORP LTD A","Equity","1.07","0.94","7,177,776.00","6,723,960.82","6,723,960.82","Financials","CNE0000015Y0","Shanghai Stock Exchange","China","CNY"
"601601","CHINA PACIFIC INSURANCE (GROUP) LT","Equity","1.06","5.24","1,272,031.00","6,670,407.56","6,670,407.56","Financials","CNE1000008M8","Shanghai Stock Exchange","China","CNY"
"600104","SAIC MOTOR CORP LTD A","Equity","0.98","3.91","1,576,015.00","6,155,368.28","6,155,368.28","Consumer Discretionary","CNE000000TY6","Shanghai Stock Exchange","China","CNY"
"600887","INNER MONGOLIA YILI INDUSTRIAL GRO","Equity","0.95","4.86","1,229,411.00","5,974,794.55","5,974,794.55","Consumer Staples","CNE000000JP5","Shanghai Stock Exchange","China","CNY"
"601766","CRRC CORP LTD A","Equity","0.94","1.20","4,943,533.00","5,918,159.68","5,918,159.68","Industrials","CNE100000CP9","Shanghai Stock Exchange","China","CNY"
"600050","CHINA UNITED NETWORK COMMUNICATION","Equity","0.90","0.90","6,280,240.00","5,673,058.30","5,673,058.30","Communication","CNE000001CS2","Shanghai Stock Exchange","China","CNY"
"002304","JIANGSU YANGHE BREWERY JOINT-STOCK","Equity","0.90","18.50","304,872.00","5,641,416.94","5,641,416.94","Consumer Staples","CNE100000HB8","Shenzhen Stock Exchange","China","CNY"
"000333","MIDEA GROUP LTD A","Equity","0.88","7.91","697,969.00","5,523,119.49","5,523,119.49","Consumer Discretionary","CNE100001QQ5","Shenzhen Stock Exchange","China","CNY"
"300498","WENS FOODSTUFF GROUP LTD","Equity","0.88","5.08","1,082,253.00","5,498,912.25","5,498,912.25","Consumer Staples","CNE100002508","Shenzhen Stock Exchange","China","CNY"
"000651","GREE ELECTRIC APPLIANCES INC OF ZH","Equity","0.80","8.27","608,592.00","5,035,414.58","5,035,414.58","Consumer Discretionary","CNE0000001D4","Shenzhen Stock Exchange","China","CNY"
"600585","ANHUI CONCH CEMENT LTD A","Equity","0.80","6.22","808,788.00","5,032,976.30","5,032,976.30","Materials","CNE0000019V8","Shanghai Stock Exchange","China","CNY"
"601888","CHINA INTERNATIONAL TRAVEL SERVICE","Equity","0.76","12.12","394,322.00","4,777,991.96","4,777,991.96","Consumer Discretionary","CNE100000G29","Shanghai Stock Exchange","China","CNY"
"600048","POLY DEVELOPMENTS AND HOLDINGS GRO","Equity","0.76","1.98","2,407,251.00","4,776,229.12","4,776,229.12","Real Estate","CNE000001ND1","Shanghai Stock Exchange","China","CNY"
"601818","CHINA EVERBRIGHT BANK LTD A","Equity","0.72","0.56","8,059,726.00","4,537,124.00","4,537,124.00","Financials","CNE100000SL4","Shanghai Stock Exchange","China","CNY"
"601989","CHINA SHIPBUILDING INDUSTRY LTD A","Equity","0.70","0.94","4,660,500.00","4,372,618.95","4,372,618.95","Industrials","CNE100000J75","Shanghai Stock Exchange","China","CNY"
"001979","CHINA MERCHANTS SHEKOU INDUSTRIAL","Equity","0.68","3.21","1,332,749.00","4,274,707.12","4,274,707.12","Real Estate","CNE100002FC6","Shenzhen Stock Exchange","China","CNY"
"601688","HUATAI SECURITIES LTD A","Equity","0.66","3.14","1,326,945.00","4,165,371.76","4,165,371.76","Financials","CNE100000LQ8","Shanghai Stock Exchange","China","CNY"
"600028","CHINA PETROLEUM & CHEMICAL CORP A","Equity","0.65","0.79","5,179,435.00","4,106,088.40","4,106,088.40","Energy","CNE0000018G1","Shanghai Stock Exchange","China","CNY"
"601211","GUOTAI JUNAN SECURITIES LTD A","Equity","0.65","2.65","1,526,752.00","4,048,597.21","4,048,597.21","Financials","CNE1000022F3","Shanghai Stock Exchange","China","CNY"
"601988","BANK OF CHINA LTD A","Equity","0.62","0.55","7,111,600.00","3,899,941.36","3,899,941.36","Financials","CNE000001N05","Shanghai Stock Exchange","China","CNY"
"601229","BANK OF SHANGHAI LTD A","Equity","0.60","1.30","2,891,118.00","3,763,901.58","3,763,901.58","Financials","CNE100002FM5","Shanghai Stock Exchange","China","CNY"
"601169","BANK OF BEIJING LTD A","Equity","0.60","0.87","4,306,786.00","3,758,840.94","3,758,840.94","Financials","CNE100000734","Shanghai Stock Exchange","China","CNY"
"000725","BOE TECHNOLOGY GROUP LTD A","Equity","0.58","0.53","6,904,007.00","3,655,543.97","3,655,543.97","Information Technology","CNE0000016L5","Shenzhen Stock Exchange","China","CNY"
"002142","BANK OF NINGBO LTD A","Equity","0.58","3.46","1,054,785.00","3,648,591.16","3,648,591.16","Financials","CNE1000005P7","Shenzhen Stock Exchange","China","CNY"
"600019","BAOSHAN IRON & STEEL LTD A","Equity","0.58","0.96","3,780,633.00","3,635,091.83","3,635,091.83","Materials","CNE0000015R4","Shanghai Stock Exchange","China","CNY"
"601006","DAQIN RAILWAY LTD A","Equity","0.57","1.18","3,022,492.00","3,561,226.40","3,561,226.40","Industrials","CNE000001NG4","Shanghai Stock Exchange","China","CNY"
"000568","LUZHOU LAO JIAO LTD A","Equity","0.56","11.84","294,806.00","3,491,967.22","3,491,967.22","Consumer Staples","CNE000000GF2","Shenzhen Stock Exchange","China","CNY"
"601186","CHINA RAILWAY CONSTRUCTION CORP LT","Equity","0.55","1.48","2,344,322.00","3,461,247.95","3,461,247.95","Industrials","CNE1000009T1","Shanghai Stock Exchange","China","CNY"
"000063","ZTE CORP A","Equity","0.54","4.84","696,225.00","3,366,355.95","3,366,355.95","Information Technology","CNE000000TK5","Shenzhen Stock Exchange","China","CNY"
"601336","NEW CHINA LIFE INSURANCE LTD A","Equity","0.54","7.91","425,318.00","3,364,977.99","3,364,977.99","Financials","CNE1000019Y0","Shanghai Stock Exchange","China","CNY"
"601857","PETROCHINA LTD A","Equity","0.53","1.00","3,302,153.00","3,314,329.54","3,314,329.54","Energy","CNE1000007Q1","Shanghai Stock Exchange","China","CNY"
"600837","HAITONG SECURITIES LTD CLASS A","Equity","0.53","2.01","1,646,974.00","3,303,698.57","3,303,698.57","Financials","CNE000000CK1","Shanghai Stock Exchange","China","CNY"
"600690","HAIER SMART HOME LTD A","Equity","0.51","2.59","1,243,637.00","3,216,435.13","3,216,435.13","Consumer Discretionary","CNE000000CG9","Shanghai Stock Exchange","China","CNY"
"002024","SUNING.COM LTD A","Equity","0.50","1.66","1,899,007.00","3,149,059.18","3,149,059.18","Consumer Discretionary","CNE000001KF2","Shenzhen Stock Exchange","China","CNY"
"002475","LUXSHARE PRECISION INDUSTRY LTD A","Equity","0.49","3.72","826,608.00","3,073,334.70","3,073,334.70","Information Technology","CNE100000TP3","Shenzhen Stock Exchange","China","CNY"
"600031","SANY HEAVY INDUSTRY LTD A","Equity","0.47","1.87","1,591,976.00","2,978,015.07","2,978,015.07","Industrials","CNE000001F70","Shanghai Stock Exchange","China","CNY"
"600340","CHINA FORTUNE LAND DEVELOPMENT LTD","Equity","0.47","4.86","612,783.00","2,976,271.41","2,976,271.41","Real Estate","CNE000001GG8","Shanghai Stock Exchange","China","CNY"
"600015","HUA XIA BANK LTD A","Equity","0.47","1.14","2,579,161.00","2,930,076.05","2,930,076.05","Financials","CNE000001FW7","Shanghai Stock Exchange","China","CNY"
"600999","CHINA MERCHANTS SECURITIES LTD A","Equity","0.46","2.48","1,167,220.00","2,889,759.38","2,889,759.38","Financials","CNE100000HK9","Shanghai Stock Exchange","China","CNY"
"002594","BYD LTD A","Equity","0.45","7.74","363,895.00","2,818,146.34","2,818,146.34","Consumer Discretionary","CNE100001526","Shenzhen Stock Exchange","China","CNY"
"601933","YONGHUI SUPERSTORES LTD A","Equity","0.45","1.46","1,922,090.00","2,809,889.15","2,809,889.15","Consumer Staples","CNE100000XX9","Shanghai Stock Exchange","China","CNY"
"300015","AIER EYE HOSPITAL GROUP LTD A","Equity","0.45","4.40","635,904.00","2,798,120.04","2,798,120.04","Health Care","CNE100000GR6","Shenzhen Stock Exchange","China","CNY"
"000166","SHENWAN HONGYUAN GROUP LTD A","Equity","0.44","0.73","3,774,600.00","2,750,793.99","2,750,793.99","Financials","CNE100002FD4","Shenzhen Stock Exchange","China","CNY"
"CNH","CNH CASH","Cash","0.42","14.55","18,292,411.00","2,660,849.84","2,660,849.84","Cash and/or Derivatives","-","-","China","CNH"
"300059","EAST MONEY INFORMATION LTD A","Equity","0.42","1.98","1,341,800.00","2,652,507.68","2,652,507.68","Financials","CNE100000MD4","Shenzhen Stock Exchange","China","CNY"
"601088","CHINA SHENHUA ENERGY LTD A","Equity","0.42","2.99","883,665.00","2,638,918.69","2,638,918.69","Energy","CNE100000767","Shanghai Stock Exchange","China","CNY"
"600406","NARI TECHNOLOGY LTD A","Equity","0.42","2.79","936,382.00","2,608,382.28","2,608,382.28","Industrials","CNE000001G38","Shanghai Stock Exchange","China","CNY"
"000538","YUNNAN BAIYAO GROUP LTD A","Equity","0.41","12.11","211,499.00","2,560,268.04","2,560,268.04","Health Care","CNE0000008X7","Shenzhen Stock Exchange","China","CNY"
"601155","SEAZEN HOLDINGS LTD A","Equity","0.41","5.59","455,396.00","2,545,048.00","2,545,048.00","Real Estate","CNE100002BF8","Shanghai Stock Exchange","China","CNY"
"600919","BANK OF JIANGSU CORPORATION LTD A","Equity","0.40","1.07","2,320,597.00","2,487,806.63","2,487,806.63","Financials","CNE100002G76","Shanghai Stock Exchange","China","CNY"
"000776","GF SECURITIES LTD A","Equity","0.38","2.02","1,189,040.00","2,407,604.27","2,407,604.27","Financials","CNE0000008L2","Shenzhen Stock Exchange","China","CNY"
"002714","MUYUAN FOODS LTD A","Equity","0.38","8.58","279,728.00","2,399,476.35","2,399,476.35","Consumer Staples","CNE100001RQ3","Shenzhen Stock Exchange","China","CNY"
"601628","CHINA LIFE INSURANCE LTD A","Equity","0.38","4.18","567,372.00","2,372,767.33","2,372,767.33","Financials","CNE000001Q93","Shanghai Stock Exchange","China","CNY"
"601012","LONGI GREEN ENERGY TECHNOLOGY LTD","Equity","0.38","3.24","727,068.00","2,356,349.05","2,356,349.05","Information Technology","CNE100001FR6","Shanghai Stock Exchange","China","CNY"
"002027","FOCUS MEDIA INFORMATION TECHNOLOGY","Equity","0.37","0.78","2,992,887.00","2,329,128.81","2,329,128.81","Information Technology","CNE000001KK2","Shenzhen Stock Exchange","China","CNY"
"601225","SHAANXI COAL INDUSTRY LTD A","Equity","0.36","1.35","1,687,870.00","2,273,523.18","2,273,523.18","Energy","CNE100001T64","Shanghai Stock Exchange","China","CNY"
"600547","SHANDONG GOLD-MINING LTD A","Equity","0.36","5.99","378,496.00","2,266,136.50","2,266,136.50","Materials","CNE000001FR7","Shanghai Stock Exchange","China","CNY"
"600009","SHANGHAI INTERNATIONAL AIRPORT LTD","Equity","0.36","11.60","194,601.00","2,257,486.52","2,257,486.52","Industrials","CNE000000V89","Shanghai Stock Exchange","China","CNY"
"600010","INNER MONGOLIA BAOTOU STEEL UNION","Equity","0.36","0.24","9,169,100.00","2,227,371.13","2,227,371.13","Materials","CNE0000017H1","Shanghai Stock Exchange","China","CNY"
"000876","NEW HOPE LIUHE LTD A","Equity","0.35","2.62","845,347.00","2,214,614.48","2,214,614.48","Consumer Staples","CNE000000VB0","Shenzhen Stock Exchange","China","CNY"
"000338","WEICHAI POWER LTD A","Equity","0.35","1.82","1,202,704.00","2,193,843.77","2,193,843.77","Industrials","CNE1000000D4","Shenzhen Stock Exchange","China","CNY"
"601985","CHINA NATIONAL NUCLEAR POWER LTD A","Equity","0.34","0.82","2,620,980.00","2,150,266.14","2,150,266.14","Utilities","CNE1000022N7","Shanghai Stock Exchange","China","CNY"
"601009","BANK OF NANJING LTD A","Equity","0.34","1.25","1,704,871.00","2,132,747.20","2,132,747.20","Financials","CNE100000627","Shanghai Stock Exchange","China","CNY"
"600741","HUAYU AUTOMOTIVE SYSTEMS LTD A","Equity","0.34","3.35","635,534.00","2,129,031.73","2,129,031.73","Consumer Discretionary","CNE000000M15","Shanghai Stock Exchange","China","CNY"
"601939","CHINA CONSTRUCTION BANK CORP A","Equity","0.34","1.09","1,929,499.00","2,105,015.16","2,105,015.16","Financials","CNE100000742","Shanghai Stock Exchange","China","CNY"
"000895","HENAN SHUANGHUI INVESTMENT & DEVEL","Equity","0.33","3.81","550,318.00","2,095,717.63","2,095,717.63","Consumer Staples","CNE000000XM3","Shenzhen Stock Exchange","China","CNY"
"603993","CHINA MOLYBDENUM LTD A","Equity","0.33","0.58","3,553,901.00","2,078,168.63","2,078,168.63","Materials","CNE100001NR0","Shanghai Stock Exchange","China","CNY"
"002230","IFLYTEK LTD A","Equity","0.33","4.93","420,494.00","2,074,746.56","2,074,746.56","Information Technology","CNE100000B81","Shenzhen Stock Exchange","China","CNY"
"601669","POWER CONSTRUCTION CORPORATION OF","Equity","0.32","0.78","2,581,663.00","2,012,860.82","2,012,860.82","Industrials","CNE1000017G1","Shanghai Stock Exchange","China","CNY"
"600029","CHINA SOUTHERN AIRLINES LTD A","Equity","0.31","1.14","1,731,436.00","1,969,530.01","1,969,530.01","Industrials","CNE000001FG0","Shanghai Stock Exchange","China","CNY"
"600436","ZHANGZHOU PIENTZEHUANG PHARMACEUTI","Equity","0.31","16.28","120,724.00","1,964,872.15","1,964,872.15","Health Care","CNE000001F21","Shanghai Stock Exchange","China","CNY"
"300760","SHENZHEN MINDRAY BIO-MEDICAL ELECT","Equity","0.31","23.65","80,991.00","1,915,490.48","1,915,490.48","Health Care","CNE100003G67","Shenzhen Stock Exchange","China","CNY"
"600588","YONYOU NETWORK TECHNOLOGY LTD A","Equity","0.30","3.81","498,086.00","1,895,358.99","1,895,358.99","Information Technology","CNE0000017Y6","Shanghai Stock Exchange","China","CNY"
"601899","ZIJIN MINING GROUP LTD A","Equity","0.30","0.54","3,481,673.00","1,883,997.51","1,883,997.51","Materials","CNE100000B24","Shanghai Stock Exchange","China","CNY"
"600115","CHINA EASTERN AIRLINES CORP LTD A","Equity","0.29","0.93","1,986,415.00","1,849,265.92","1,849,265.92","Industrials","CNE000000TR0","Shanghai Stock Exchange","China","CNY"
"600958","ORIENT SECURITIES LTD A","Equity","0.29","1.53","1,198,209.00","1,835,313.90","1,835,313.90","Financials","CNE100001ZV6","Shanghai Stock Exchange","China","CNY"
"300122","CHONGQING ZHIFEI BIOLOGICAL PRODUC","Equity","0.29","6.51","276,308.00","1,799,007.37","1,799,007.37","Health Care","CNE100000V20","Shenzhen Stock Exchange","China","CNY"
"000069","SHENZHEN OVERSEAS CHINESE TOWN LTD","Equity","0.29","1.09","1,647,398.00","1,794,856.61","1,794,856.61","Consumer Discretionary","CNE000000SS0","Shenzhen Stock Exchange","China","CNY"
"600809","SHANXI XINGHUACUN FEN WINE FACTORY","Equity","0.28","9.95","177,542.00","1,766,471.42","1,766,471.42","Consumer Staples","CNE000000DH5","Shanghai Stock Exchange","China","CNY"
"601901","FOUNDER SECURITIES LTD A","Equity","0.27","1.04","1,652,668.00","1,718,862.22","1,718,862.22","Financials","CNE1000015Y8","Shanghai Stock Exchange","China","CNY"
"600332","GUANGZHOU BAIYUNSHAN PHARMACEUTICA","Equity","0.27","5.99","283,838.00","1,698,985.93","1,698,985.93","Health Care","CNE000001733","Shanghai Stock Exchange","China","CNY"
"600018","SHANGHAI INTERNATIONAL PORT (GROUP","Equity","0.27","0.99","1,706,390.00","1,695,307.20","1,695,307.20","Industrials","CNE0000013N8","Shanghai Stock Exchange","China","CNY"
"600383","GEMDALE CORP A","Equity","0.27","1.86","905,376.00","1,688,365.27","1,688,365.27","Real Estate","CNE000001790","Shanghai Stock Exchange","China","CNY"
"600606","GREENLAND HOLDINGS GROUP CORPORATI","Equity","0.27","1.03","1,631,432.00","1,687,283.20","1,687,283.20","Real Estate","CNE000000388","Shanghai Stock Exchange","China","CNY"
"600886","SDIC POWER HOLDINGS LTD A","Equity","0.26","1.20","1,364,046.00","1,638,922.70","1,638,922.70","Utilities","CNE000000JM2","Shanghai Stock Exchange","China","CNY"
"601618","METALLURGICAL CORP OF CHINA LTD A","Equity","0.26","0.45","3,591,998.00","1,619,747.01","1,619,747.01","Industrials","CNE100000FX6","Shanghai Stock Exchange","China","CNY"
"600570","HUNDSUN TECHNOLOGIES INC A","Equity","0.25","9.92","160,320.00","1,589,988.95","1,589,988.95","Information Technology","CNE000001GD5","Shanghai Stock Exchange","China","CNY"
"002736","GUOSEN SECURITIES LTD A","Equity","0.25","1.91","830,005.00","1,587,654.02","1,587,654.02","Financials","CNE100001WS9","Shenzhen Stock Exchange","China","CNY"
"600438","TONGWEI LTD A","Equity","0.25","2.02","778,957.00","1,570,457.26","1,570,457.26","Consumer Staples","CNE000001GS3","Shanghai Stock Exchange","China","CNY"
"600352","ZHEJIANG LONGSHENG GROUP LTD A","Equity","0.25","2.35","667,296.00","1,569,560.09","1,569,560.09","Materials","CNE000001FJ4","Shanghai Stock Exchange","China","CNY"
"600196","SHANGHAI FOSUN PHARMACEUTICAL (GRO","Equity","0.25","3.86","405,284.00","1,562,854.66","1,562,854.66","Health Care","CNE000000X38","Shanghai Stock Exchange","China","CNY"
"600893","AECC AVIATION POWER LTD A","Equity","0.25","3.49","448,357.00","1,562,644.45","1,562,644.45","Industrials","CNE000000JW1","Shanghai Stock Exchange","China","CNY"
"300033","HITHINK ROYALFLUSH INFORMATION NET","Equity","0.25","13.85","111,220.00","1,539,848.51","1,539,848.51","Financials","CNE100000JG3","Shenzhen Stock Exchange","China","CNY"
"300750","CONTEMPORARY AMPEREX TECHNOLOGY LT","Equity","0.24","10.34","147,348.00","1,522,852.12","1,522,852.12","Industrials","CNE100003662","Shenzhen Stock Exchange","China","CNY"
"601138","FOXCONN INDUSTRIAL INTERNET LTD A","Equity","0.24","1.93","789,500.00","1,522,807.70","1,522,807.70","Information Technology","CNE1000031P3","Shanghai Stock Exchange","China","CNY"
"601600","ALUMINUM CORPORATION OF CHINA CORP","Equity","0.24","0.57","2,649,600.00","1,514,684.81","1,514,684.81","Materials","CNE1000000T0","Shanghai Stock Exchange","China","CNY"
"601877","ZHEJIANG CHINT ELECTRICS LTD A","Equity","0.24","3.45","430,102.00","1,482,128.74","1,482,128.74","Industrials","CNE100000KD8","Shanghai Stock Exchange","China","CNY"
"600703","SANAN OPTOELECTRONICS LTD A","Equity","0.24","1.73","858,100.00","1,480,375.87","1,480,375.87","Information Technology","CNE000000KB3","Shanghai Stock Exchange","China","CNY"
"600795","GD POWER DEVELOPMENT LTD A","Equity","0.23","0.37","3,954,600.00","1,466,871.76","1,466,871.76","Utilities","CNE000000PC0","Shanghai Stock Exchange","China","CNY"
"600705","AVIC CAPITAL LTD A","Equity","0.23","0.80","1,804,520.00","1,451,564.16","1,451,564.16","Financials","CNE000000KC1","Shanghai Stock Exchange","China","CNY"
"600061","SDIC CAPITAL LTD A","Equity","0.23","2.05","707,462.00","1,447,926.85","1,447,926.85","Financials","CNE000000Q11","Shanghai Stock Exchange","China","CNY"
"600660","FUYAO GLASS INDUSTRY GROUP LTD A","Equity","0.21","3.37","399,591.00","1,345,600.37","1,345,600.37","Consumer Discretionary","CNE000000230","Shanghai Stock Exchange","China","CNY"
"000963","HUADONG MEDICINE LTD A","Equity","0.21","3.81","352,231.00","1,342,901.02","1,342,901.02","Health Care","CNE0000011S1","Shenzhen Stock Exchange","China","CNY"
"300142","WALVAX BIOTECHNOLOGY LTD A","Equity","0.21","4.23","314,291.00","1,329,004.29","1,329,004.29","Health Care","CNE100000WN2","Shenzhen Stock Exchange","China","CNY"
"000100","TCL CORP A","Equity","0.21","0.49","2,725,500.00","1,324,164.86","1,324,164.86","Consumer Discretionary","CNE000001GL8","Shenzhen Stock Exchange","China","CNY"
"000768","AVIC AIRCRAFT LTD A","Equity","0.21","2.38","553,916.00","1,316,574.28","1,316,574.28","Industrials","CNE000000RF9","Shenzhen Stock Exchange","China","CNY"
"601377","INDUSTRIAL SECURITIES LTD A","Equity","0.21","0.98","1,344,650.00","1,316,357.12","1,316,357.12","Financials","CNE100000V95","Shanghai Stock Exchange","China","CNY"
"601788","EVERBRIGHT SECURITIES LTD A","Equity","0.21","1.67","783,481.00","1,311,756.42","1,311,756.42","Financials","CNE100000FD8","Shanghai Stock Exchange","China","CNY"
"600111","CHINA NORTHERN RARE EARTH (GROUP)","Equity","0.21","1.78","728,102.00","1,294,234.09","1,294,234.09","Materials","CNE000000T18","Shanghai Stock Exchange","China","CNY"
"002236","ZHEJIANG DAHUA TECHNOLOGY LTD A","Equity","0.21","2.14","600,093.00","1,286,664.89","1,286,664.89","Information Technology","CNE100000BJ4","Shenzhen Stock Exchange","China","CNY"
"600482","CHINA SHIPBUILDING INDUSTRY GROUP","Equity","0.20","3.78","340,001.00","1,284,403.71","1,284,403.71","Consumer Discretionary","CNE000001KB1","Shanghai Stock Exchange","China","CNY"
"600271","AISINO CORP A","Equity","0.20","3.43","371,904.00","1,277,250.97","1,277,250.97","Information Technology","CNE000001FB1","Shanghai Stock Exchange","China","CNY"
"002146","RISESUN REAL ESTATE DEVELOPMENT LT","Equity","0.20","1.46","868,712.00","1,271,227.29","1,271,227.29","Real Estate","CNE1000005Y9","Shenzhen Stock Exchange","China","CNY"
"300003","LEPU MEDICAL TECHNOLOGY BEIJING LT","Equity","0.20","3.47","365,271.00","1,267,754.14","1,267,754.14","Health Care","CNE100000H44","Shenzhen Stock Exchange","China","CNY"
"002202","XINJIANG GOLDWIND SCIENCE&TECHNOLO","Equity","0.20","1.78","709,699.00","1,260,489.59","1,260,489.59","Industrials","CNE1000008S5","Shenzhen Stock Exchange","China","CNY"
"601727","SHANGHAI ELECTRIC GROUP LTD A","Equity","0.20","0.80","1,575,416.00","1,260,396.96","1,260,396.96","Industrials","CNE100000D55","Shanghai Stock Exchange","China","CNY"
"002422","SICHUAN KELUN PHARMACEUTICAL LTD A","Equity","0.20","4.26","294,852.00","1,257,098.48","1,257,098.48","Health Care","CNE100000PW7","Shenzhen Stock Exchange","China","CNY"
"601021","SPRING AIRLINES LTD A","Equity","0.20","6.76","185,481.00","1,254,589.90","1,254,589.90","Industrials","CNE100001V45","Shanghai Stock Exchange","China","CNY"
"600085","BEIJING TONGRENTANG LTD A","Equity","0.20","4.50","278,126.00","1,252,540.99","1,252,540.99","Health Care","CNE000000R69","Shanghai Stock Exchange","China","CNY"
"000783","CHANGJIANG SECURITIES LTD A","Equity","0.20","1.12","1,110,968.00","1,241,115.43","1,241,115.43","Financials","CNE000000SH3","Shenzhen Stock Exchange","China","CNY"
"600926","BANK OF HANGZHOU LTD A","Equity","0.20","1.19","1,033,450.00","1,232,686.75","1,232,686.75","Financials","CNE100002GQ4","Shanghai Stock Exchange","China","CNY"
"002352","S.F. HOLDING LTD A","Equity","0.19","4.95","242,848.00","1,201,054.88","1,201,054.88","Industrials","CNE100000L63","Shenzhen Stock Exchange","China","CNY"
"300124","SHENZHEN INOVANCE TECHNOLOGY LTD A","Equity","0.19","3.50","343,076.00","1,199,704.28","1,199,704.28","Industrials","CNE100000V46","Shenzhen Stock Exchange","China","CNY"
"300347","HANGZHOU TIGERMED CONSULTING LTD A","Equity","0.19","7.61","156,600.00","1,191,359.55","1,191,359.55","Health Care","CNE100001KV8","Shenzhen Stock Exchange","China","CNY"
"600674","SICHUAN CHUANTOU ENERGY LTD A","Equity","0.19","1.34","884,509.00","1,187,553.99","1,187,553.99","Utilities","CNE000000BQ0","Shanghai Stock Exchange","China","CNY"
"000703","HENGYI PETROCHEMICAL LTD A","Equity","0.19","2.01","585,186.00","1,177,241.36","1,177,241.36","Materials","CNE0000001J1","Shenzhen Stock Exchange","China","CNY"
"601108","CAITONG SECURITIES LTD A","Equity","0.19","1.60","735,472.00","1,173,605.61","1,173,605.61","Financials","CNE100002V44","Shanghai Stock Exchange","China","CNY"
"002044","MEINIAN ONEHEALTH HEALTHCARE HOLDI","Equity","0.18","1.85","619,473.00","1,144,393.83","1,144,393.83","Health Care","CNE000001LV7","Shenzhen Stock Exchange","China","CNY"
"601111","AIR CHINA LTD A","Equity","0.18","1.42","793,178.00","1,124,927.88","1,124,927.88","Industrials","CNE000001NN0","Shanghai Stock Exchange","China","CNY"
"600637","ORIENTAL PEARL GROUP LTD A","Equity","0.18","1.53","724,015.00","1,106,877.82","1,106,877.82","Communication","CNE0000004Z1","Shanghai Stock Exchange","China","CNY"
"300601","SHENZHEN KANGTAI BIOLOGICAL PRODUC","Equity","0.17","8.38","130,639.00","1,094,953.07","1,094,953.07","Health Care","CNE100002Q33","Shenzhen Stock Exchange","China","CNY"
"000425","XCMG CONSTRUCTION MACHINERY LTD A","Equity","0.17","0.67","1,607,882.00","1,085,229.42","1,085,229.42","Industrials","CNE000000FH0","Shenzhen Stock Exchange","China","CNY"
"600297","CHINA GRAND AUTOMOTIVE SERVICES GR","Equity","0.17","0.65","1,658,434.00","1,083,163.31","1,083,163.31","Consumer Discretionary","CNE000001576","Shanghai Stock Exchange","China","CNY"
"600346","HENGLI PETROCHEMICAL LTD A","Equity","0.17","1.76","612,134.00","1,074,739.42","1,074,739.42","Materials","CNE0000018V0","Shanghai Stock Exchange","China","CNY"
"000157","ZOOMLION HEAVY INDUSTRY SCIENCE AN","Equity","0.17","0.82","1,290,027.00","1,058,345.12","1,058,345.12","Industrials","CNE000001527","Shenzhen Stock Exchange","China","CNY"
"600489","ZHONGJIN GOLD CORP LTD A","Equity","0.17","1.44","731,534.00","1,054,526.69","1,054,526.69","Materials","CNE000001FM8","Shanghai Stock Exchange","China","CNY"
"002673","WESTERN SECURITIES CO LTD A","Equity","0.17","1.49","702,378.00","1,045,191.67","1,045,191.67","Financials","CNE100001D96","Shenzhen Stock Exchange","China","CNY"
"002493","RONGSHENG PETRO CHEMICAL LTD A","Equity","0.16","1.76","589,418.00","1,034,856.35","1,034,856.35","Materials","CNE100000W60","Shenzhen Stock Exchange","China","CNY"
"600487","HENGTONG OPTIC ELECTRIC LTD A","Equity","0.16","2.50","406,651.00","1,018,601.70","1,018,601.70","Information Technology","CNE000001FQ9","Shanghai Stock Exchange","China","CNY"
"000656","JINKE PROPERTY GROUP LTD A","Equity","0.16","0.94","1,076,597.00","1,006,963.07","1,006,963.07","Real Estate","CNE000000073","Shenzhen Stock Exchange","China","CNY"
"300408","CHAOZHOU THREE-CIRCLE (GROUP) LTD","Equity","0.16","2.81","358,036.00","1,005,676.67","1,005,676.67","Information Technology","CNE100001Y42","Shenzhen Stock Exchange","China","CNY"
"601607","SHANGHAI PHARMACEUTICALS HOLDING L","Equity","0.16","2.64","379,461.00","1,003,483.95","1,003,483.95","Health Care","CNE000000C82","Shanghai Stock Exchange","China","CNY"
"601998","CHINA CITIC BANK CORP LTD A","Equity","0.16","0.88","1,133,931.00","1,002,858.39","1,002,858.39","Financials","CNE1000000R4","Shanghai Stock Exchange","China","CNY"
"600516","FANGDA CARBON NEW MATERIAL LTD A","Equity","0.16","1.80","553,336.00","998,067.74","998,067.74","Industrials","CNE000001CC6","Shanghai Stock Exchange","China","CNY"
"600362","JIANGXI COPPER LTD A","Equity","0.16","2.26","441,214.00","996,071.25","996,071.25","Materials","CNE0000019P0","Shanghai Stock Exchange","China","CNY"
"300144","SONGCHENG PERFORMANCE DEVELOPMENT","Equity","0.16","3.34","298,456.00","995,482.83","995,482.83","Consumer Discretionary","CNE100000XG4","Shenzhen Stock Exchange","China","CNY"
"002153","BEIJING SHIJI INFORMATION TECHNOLO","Equity","0.16","5.23","189,749.00","992,265.28","992,265.28","Information Technology","CNE100000668","Shenzhen Stock Exchange","China","CNY"
"601198","DONGXING SECURITIES LTD A","Equity","0.16","1.76","557,721.00","979,205.11","979,205.11","Financials","CNE100002177","Shanghai Stock Exchange","China","CNY"
"601838","BANK OF CHENGDU LTD A","Equity","0.15","1.31","739,762.00","969,541.08","969,541.08","Financials","CNE100002SN6","Shanghai Stock Exchange","China","CNY"
"601992","BBMG CORP A","Equity","0.15","0.55","1,770,027.00","965,518.42","965,518.42","Materials","CNE1000010M4","Shanghai Stock Exchange","China","CNY"
"600600","TSINGTAO BREWERY LTD A","Equity","0.15","6.97","138,512.00","964,898.53","964,898.53","Consumer Staples","CNE0000009Y3","Shanghai Stock Exchange","China","CNY"
"601919","COSCO SHIPPING HOLDINGS LTD A","Equity","0.15","0.74","1,288,300.00","959,480.99","959,480.99","Industrials","CNE100000601","Shanghai Stock Exchange","China","CNY"
"002466","TIANQI LITHIUM INDUSTRIES CORP A","Equity","0.15","3.94","241,801.00","953,887.56","953,887.56","Materials","CNE100000T32","Shenzhen Stock Exchange","China","CNY"
"600867","TONGHUA DONGBAO PHARMACEUTICAL LTD","Equity","0.15","2.24","425,510.00","953,190.92","953,190.92","Health Care","CNE000000H87","Shanghai Stock Exchange","China","CNY"
"600688","SINOPEC SHANGHAI PETROCHEMICAL LTD","Equity","0.15","0.75","1,259,754.00","949,215.70","949,215.70","Materials","CNE000000BB2","Shanghai Stock Exchange","China","CNY"
"000709","HBIS COMPANY LTD A","Equity","0.15","0.44","2,130,700.00","936,006.05","936,006.05","Materials","CNE000000H20","Shenzhen Stock Exchange","China","CNY"
"002241","GOERTEK INC A","Equity","0.15","1.38","671,740.00","930,224.05","930,224.05","Information Technology","CNE100000BP1","Shenzhen Stock Exchange","China","CNY"
"603833","OPPEIN HOME GROUP INC A","Equity","0.15","16.29","56,816.00","925,714.06","925,714.06","Consumer Discretionary","CNE100002RB3","Shanghai Stock Exchange","China","CNY"
"000728","GUOYUAN SECURITIES LTD A","Equity","0.15","1.36","680,579.00","925,634.56","925,634.56","Financials","CNE000000QZ9","Shenzhen Stock Exchange","China","CNY"
"601800","CHINA COMMUNICATIONS CONSTRUCTION","Equity","0.15","1.68","544,520.00","915,632.24","915,632.24","Industrials","CNE100001FN5","Shanghai Stock Exchange","China","CNY"
"600066","ZHENGZHOU YUTONG BUS LTD A","Equity","0.15","2.00","457,398.00","915,507.91","915,507.91","Industrials","CNE000000PY4","Shanghai Stock Exchange","China","CNY"
"601555","SOOCHOW SECURITIES CO LTD A","Equity","0.14","1.51","601,133.00","905,898.90","905,898.90","Financials","CNE1000019P8","Shanghai Stock Exchange","China","CNY"
"600875","DONGFANG ELECTRIC CORP LTD A","Equity","0.14","1.56","569,322.00","888,601.61","888,601.61","Industrials","CNE000000J28","Shanghai Stock Exchange","China","CNY"
"601997","BANK OF GUIYANG LTD A","Equity","0.14","1.31","678,430.00","886,198.04","886,198.04","Financials","CNE100002FX2","Shanghai Stock Exchange","China","CNY"
"600011","HUANENG POWER INTERNATIONAL INC A","Equity","0.14","0.92","964,393.00","883,779.66","883,779.66","Utilities","CNE000001998","Shanghai Stock Exchange","China","CNY"
"002555","WUHU SANQI INTERACTIVE ENTERTAINME","Equity","0.14","2.05","429,830.00","882,212.37","882,212.37","Communication","CNE1000010N2","Shenzhen Stock Exchange","China","CNY"
"300450","WUXI LEAD INTELLIGENT EQUIPMENT LT","Equity","0.14","4.86","181,000.00","879,375.67","879,375.67","Information Technology","CNE100001ZF9","Shenzhen Stock Exchange","China","CNY"
"601360","360 SECURITY TECHNOLOGY INC A","Equity","0.14","3.13","279,449.00","874,770.71","874,770.71","Information Technology","CNE100002RZ2","Shanghai Stock Exchange","China","CNY"
"601117","CHINA NATIONAL CHEMICAL ENGINEERIN","Equity","0.14","0.89","982,684.00","873,382.53","873,382.53","Industrials","CNE100000KC0","Shanghai Stock Exchange","China","CNY"
"600068","CHINA GEZHOUBA GROUP LTD A","Equity","0.14","0.90","967,228.00","872,308.20","872,308.20","Industrials","CNE000000QF1","Shanghai Stock Exchange","China","CNY"
"000050","TIANMA MICROELECTRONICS LTD A","Equity","0.14","2.10","414,674.00","872,216.91","872,216.91","Information Technology","CNE000000HT1","Shenzhen Stock Exchange","China","CNY"
"000999","CHINA RESOURCES SANJIU MEDICAL AND","Equity","0.14","4.32","201,492.00","869,903.56","869,903.56","Health Care","CNE0000011K8","Shenzhen Stock Exchange","China","CNY"
"600760","AVIC SHENYANG AIRCRAFT LTD A","Equity","0.14","4.40","194,821.00","858,106.21","858,106.21","Industrials","CNE000000MH6","Shanghai Stock Exchange","China","CNY"
"601216","INNER MONGOLIA JUNZHENG ENERGY & C","Equity","0.13","0.48","1,739,600.00","840,111.42","840,111.42","Materials","CNE1000010F8","Shanghai Stock Exchange","China","CNY"
"600109","SINOLINK SECURITIES LTD A","Equity","0.13","1.41","595,118.00","838,834.47","838,834.47","Financials","CNE000000SV4","Shanghai Stock Exchange","China","CNY"
"600118","CHINA SPACESAT LTD A","Equity","0.13","3.44","243,228.00","837,454.52","837,454.52","Industrials","CNE000000SM3","Shanghai Stock Exchange","China","CNY"
"600642","SHENERGY LTD A","Equity","0.13","0.87","965,818.00","835,914.13","835,914.13","Utilities","CNE0000005Q7","Shanghai Stock Exchange","China","CNY"
"000413","DONGXU OPTOELECTRONIC TECHNOLOGY L","Equity","0.13","0.77","1,090,457.00","835,927.41","835,927.41","Information Technology","CNE000000578","Shenzhen Stock Exchange","China","CNY"
"000625","CHONGQING CHANGAN AUTOMOBILE LTD A","Equity","0.13","1.05","789,226.00","828,872.99","828,872.99","Consumer Discretionary","CNE000000R36","Shenzhen Stock Exchange","China","CNY"
"002508","HANGZHOU ROBAM APPLIANCES LTD A","Equity","0.13","4.13","197,735.00","816,291.63","816,291.63","Consumer Discretionary","CNE100000WY9","Shenzhen Stock Exchange","China","CNY"
"002081","SUZHOU GOLD MANTIS CONSTRUCTION DE","Equity","0.13","1.56","523,078.00","814,141.02","814,141.02","Industrials","CNE000001P86","Shenzhen Stock Exchange","China","CNY"
"600089","TBEA LTD A","Equity","0.13","1.04","782,488.00","810,414.28","810,414.28","Industrials","CNE000000RB8","Shanghai Stock Exchange","China","CNY"
"002926","HUAXI SECURITIES LTD A","Equity","0.13","1.53","531,000.00","810,250.70","810,250.70","Financials","CNE1000033J2","Shenzhen Stock Exchange","China","CNY"
"600208","XINHU ZHONGBAO LTD A","Equity","0.13","0.47","1,713,251.00","809,941.70","809,941.70","Real Estate","CNE000000ZH8","Shanghai Stock Exchange","China","CNY"
"002460","GANFENG LITHIUM LTD A","Equity","0.13","3.58","225,999.00","808,706.68","808,706.68","Materials","CNE100000SF6","Shenzhen Stock Exchange","China","CNY"
"300017","WANGSU SCIENCE AND TECHNOLOGY LTD","Equity","0.13","1.62","497,759.00","807,315.69","807,315.69","Information Technology","CNE100000GQ8","Shenzhen Stock Exchange","China","CNY"
"600153","XIAMEN C&D INC A","Equity","0.13","1.33","605,499.00","805,905.15","805,905.15","Industrials","CNE000000WL7","Shanghai Stock Exchange","China","CNY"
"601238","GUANGZHOU AUTOMOBILE GROUP LTD A","Equity","0.13","1.69","476,821.00","805,261.62","805,261.62","Consumer Discretionary","CNE100001NQ2","Shanghai Stock Exchange","China","CNY"
"600535","TASLY PHARMACEUTICAL LTD A","Equity","0.13","2.50","321,248.00","802,343.12","802,343.12","Health Care","CNE000001C81","Shanghai Stock Exchange","China","CNY"
"000938","UNISPLENDOUR CORP LTD A","Equity","0.13","4.10","195,259.00","800,957.69","800,957.69","Information Technology","CNE0000010T1","Shenzhen Stock Exchange","China","CNY"
"000627","HUBEI BIOCAUSE PHARMACEUTICAL LTD","Equity","0.13","0.93","851,872.00","791,816.61","791,816.61","Financials","CNE000000F48","Shenzhen Stock Exchange","China","CNY"
"600398","HLA CORP LTD A","Equity","0.13","1.30","606,005.00","789,830.00","789,830.00","Consumer Discretionary","CNE0000016H3","Shanghai Stock Exchange","China","CNY"
"300413","MANGO EXCELLENT MEDIA LTD A","Equity","0.13","5.60","140,857.00","788,839.36","788,839.36","Communication","CNE100001Y83","Shenzhen Stock Exchange","China","CNY"
"600188","YANZHOU COAL MINING LTD A","Equity","0.13","1.56","504,021.00","784,479.89","784,479.89","Energy","CNE000000WV6","Shanghai Stock Exchange","China","CNY"
"600816","ANXIN TRUST LTD A","Equity","0.12","0.73","1,070,200.00","783,037.10","783,037.10","Financials","CNE0000003P4","Shanghai Stock Exchange","China","CNY"
"002010","TRANSFAR ZHILIAN LTD A","Equity","0.12","1.17","668,279.00","782,533.79","782,533.79","Materials","CNE000001JS7","Shenzhen Stock Exchange","China","CNY"
"600027","HUADIAN POWER INTERNATIONAL CORP L","Equity","0.12","0.55","1,407,540.00","780,072.79","780,072.79","Utilities","CNE000001LJ2","Shanghai Stock Exchange","China","CNY"
"603799","ZHEJIANG HUAYOU COBALT LTD A","Equity","0.12","3.32","234,670.00","778,973.38","778,973.38","Materials","CNE100001VW3","Shanghai Stock Exchange","China","CNY"
"000423","DONG-E-E-JIAO LTD A","Equity","0.12","5.85","132,972.00","777,563.13","777,563.13","Health Care","CNE0000006Y9","Shenzhen Stock Exchange","China","CNY"
"600256","GUANGHUI ENERGY LTD A","Equity","0.12","0.52","1,468,659.00","758,400.71","758,400.71","Energy","CNE0000012G4","Shanghai Stock Exchange","China","CNY"
"600909","HUAAN SECURITIES LTD A","Equity","0.12","0.97","781,603.00","757,198.69","757,198.69","Financials","CNE100002GR2","Shanghai Stock Exchange","China","CNY"
"000630","TONGLING NONFERROUS METALS GROUP L","Equity","0.12","0.35","2,084,290.00","730,675.58","730,675.58","Materials","CNE000000529","Shenzhen Stock Exchange","China","CNY"
"600977","CHINA FILM CO LTD A","Equity","0.12","2.35","310,475.00","728,467.88","728,467.88","Communication","CNE100002GX0","Shanghai Stock Exchange","China","CNY"
"002558","GIANT NETWORK GROUP LTD A","Equity","0.12","2.64","273,820.00","724,116.51","724,116.51","Communication","CNE1000010R3","Shenzhen Stock Exchange","China","CNY"
"002384","SUZHOU DONGSHAN PRECISION MANUFACT","Equity","0.11","2.20","327,091.00","720,350.52","720,350.52","Information Technology","CNE100000N79","Shenzhen Stock Exchange","China","CNY"
"002500","SHANXI SECURITIES LTD A","Equity","0.11","1.19","601,060.00","715,188.52","715,188.52","Financials","CNE100000WJ0","Shenzhen Stock Exchange","China","CNY"
"002195","SHANGHAI NETWORK HOLDING GROUP LT","Equity","0.11","0.57","1,251,666.00","713,713.53","713,713.53","Information Technology","CNE1000008K2","Shenzhen Stock Exchange","China","CNY"
"600583","OFFSHORE OIL ENGINEERING LTD A","Equity","0.11","0.79","894,945.00","709,483.43","709,483.43","Energy","CNE0000019T2","Shanghai Stock Exchange","China","CNY"
"002385","BEIJING DABEINONG TECHNOLOGY GROUP","Equity","0.11","0.78","903,900.00","708,693.68","708,693.68","Consumer Staples","CNE100000N61","Shenzhen Stock Exchange","China","CNY"
"600415","ZHEJIANG CHINA COMMODITIES CITY GR","Equity","0.11","0.61","1,155,325.00","707,515.03","707,515.03","Real Estate","CNE000001BC8","Shanghai Stock Exchange","China","CNY"
"601699","SHANXI LUAN ENVIRONMENTAL ENERGY D","Equity","0.11","1.20","582,972.00","701,298.02","701,298.02","Energy","CNE000001NT7","Shanghai Stock Exchange","China","CNY"
"002456","O FILM TECH LTD A","Equity","0.11","1.25","561,622.00","700,122.99","700,122.99","Information Technology","CNE100000S33","Shenzhen Stock Exchange","China","CNY"
"603858","SHANDONG BUCHANG PHARMACEUTICALS L","Equity","0.11","3.83","182,222.00","698,442.78","698,442.78","Health Care","CNE100002FV6","Shanghai Stock Exchange","China","CNY"
"600372","CHINA AVIONICS SYSTEMS LTD A","Equity","0.11","2.28","303,569.00","693,276.50","693,276.50","Industrials","CNE0000018C0","Shanghai Stock Exchange","China","CNY"
"300433","LENS TECHNOLOGY LTD A","Equity","0.11","1.03","670,859.00","692,849.65","692,849.65","Information Technology","CNE100001YW7","Shenzhen Stock Exchange","China","CNY"
"000402","FINANCIAL STREET HOLDINGS LTD A","Equity","0.11","1.18","581,608.00","687,812.91","687,812.91","Real Estate","CNE000000KT5","Shenzhen Stock Exchange","China","CNY"
"002065","DHC SOFTWARE LTD A","Equity","0.11","1.03","662,971.00","684,703.09","684,703.09","Information Technology","CNE000001NL4","Shenzhen Stock Exchange","China","CNY"
"002180","NINESTAR CORP A","Equity","0.11","3.17","215,833.00","683,793.75","683,793.75","Information Technology","CNE1000007W9","Shenzhen Stock Exchange","China","CNY"
"002797","FIRST CAPITAL SECURITIES LTD A","Equity","0.11","0.94","726,380.00","681,511.20","681,511.20","Financials","CNE1000027G0","Shenzhen Stock Exchange","China","CNY"
"002624","PERFECT WORLD LTD A","Equity","0.11","3.74","182,111.00","681,328.49","681,328.49","Communication","CNE1000018W6","Shenzhen Stock Exchange","China","CNY"
"600998","JOINTOWN PHARMACEUTICAL GROUP CO L","Equity","0.11","1.78","379,576.00","676,921.99","676,921.99","Health Care","CNE100000W45","Shanghai Stock Exchange","China","CNY"
"002465","GUANGZHOU HAIGE COMMUNICATIONS GRO","Equity","0.11","1.40","482,878.00","675,010.01","675,010.01","Information Technology","CNE100000T24","Shenzhen Stock Exchange","China","CNY"
"601098","CHINA SOUTH PUBLISHING & MEDIA GRO","Equity","0.11","1.83","367,263.00","673,661.41","673,661.41","Communication","CNE100000W03","Shanghai Stock Exchange","China","CNY"
"000027","SHENZHEN ENERGY GROUP LTD A","Equity","0.11","0.91","724,498.00","661,829.68","661,829.68","Utilities","CNE000000933","Shenzhen Stock Exchange","China","CNY"
"600739","LIAONING CHENG DA LTD A","Equity","0.10","2.12","309,410.00","654,407.33","654,407.33","Consumer Discretionary","CNE000000LY3","Shanghai Stock Exchange","China","CNY"
"601866","COSCO SHIPPING DEVELOPMENT LTD A","Equity","0.10","0.41","1,569,558.00","646,120.04","646,120.04","Industrials","CNE1000008F2","Shanghai Stock Exchange","China","CNY"
"600808","MAANSHAN IRON AND STEEL LTD A","Equity","0.10","0.50","1,270,345.00","631,971.06","631,971.06","Materials","CNE000000DD4","Shanghai Stock Exchange","China","CNY"
"600820","SHANGHAI TUNNEL ENGINEERING LTD A","Equity","0.10","0.94","661,424.00","618,643.32","618,643.32","Industrials","CNE000000B83","Shanghai Stock Exchange","China","CNY"
"601966","SHANDONG LINGLONG TYRE CO LTD A","Equity","0.10","2.49","242,765.00","604,206.63","604,206.63","Consumer Discretionary","CNE100002GM3","Shanghai Stock Exchange","China","CNY"
"000046","OCEANWIDE HOLDINGS LTD A","Equity","0.10","0.85","712,361.00","604,112.88","604,112.88","Real Estate","CNE000000123","Shenzhen Stock Exchange","China","CNY"
"002294","SHENZHEN SALUBRIS PHARMACEUTICALS","Equity","0.10","3.29","182,490.00","599,659.49","599,659.49","Health Care","CNE100000FW8","Shenzhen Stock Exchange","China","CNY"
"002563","ZHEJIANG SEMIR GARMENT LTD A","Equity","0.10","1.62","369,065.00","597,513.10","597,513.10","Consumer Discretionary","CNE100001104","Shenzhen Stock Exchange","China","CNY"
"000898","ANGANG STEEL LTD A","Equity","0.09","0.55","1,078,922.00","593,241.13","593,241.13","Materials","CNE000000SQ4","Shenzhen Stock Exchange","China","CNY"
"000983","SHANXI XISHAN COAL AND ELECTRICITY","Equity","0.09","0.89","661,586.00","587,999.45","587,999.45","Energy","CNE0000013Y5","Shenzhen Stock Exchange","China","CNY"
"601333","GUANGSHEN RAILWAY LTD A","Equity","0.09","0.48","1,223,870.00","585,707.24","585,707.24","Industrials","CNE000001Q44","Shanghai Stock Exchange","China","CNY"
"600373","CHINESE UNIVERSE PUBLISHING AND ME","Equity","0.09","1.85","299,442.00","553,614.77","553,614.77","Communication","CNE0000019X4","Shanghai Stock Exchange","China","CNY"
"000883","HUBEI ENERGY GROUP LTD A","Equity","0.09","0.61","903,032.00","550,384.97","550,384.97","Utilities","CNE000000750","Shenzhen Stock Exchange","China","CNY"
"000826","TUS-SOUND ENVIRONMENTAL RESOURCES","Equity","0.09","1.78","301,849.00","536,111.11","536,111.11","Industrials","CNE000000BX6","Shenzhen Stock Exchange","China","CNY"
"000559","WANXIANG QIANCHAO LTD A","Equity","0.09","0.89","598,908.00","534,035.34","534,035.34","Consumer Discretionary","CNE000000FB3","Shenzhen Stock Exchange","China","CNY"
"000039","CHINA INTERNATIONAL MARINE CONTAIN","Equity","0.08","1.56","338,119.00","527,246.57","527,246.57","Industrials","CNE000000644","Shenzhen Stock Exchange","China","CNY"
"601958","JINDUICHENG MOLYBDENUM LTD A","Equity","0.08","0.96","544,055.00","521,528.00","521,528.00","Materials","CNE1000009Y1","Shanghai Stock Exchange","China","CNY"
"000060","SHENZHEN ZHONGJIN LINGNAN NONFEMET","Equity","0.08","0.66","779,395.00","512,442.87","512,442.87","Materials","CNE000000FS7","Shenzhen Stock Exchange","China","CNY"
"000839","CITIC GUOAN INFORMATION INDUSTRY L","Equity","0.08","0.58","838,235.00","490,163.82","490,163.82","Communication","CNE000000TD0","Shenzhen Stock Exchange","China","CNY"
"000581","WEIFU HIGH-TECHNOLOGY LTD A","Equity","0.08","2.72","179,730.00","488,106.17","488,106.17","Consumer Discretionary","CNE0000002G5","Shenzhen Stock Exchange","China","CNY"
"USD","USD CASH","Cash","0.06","100.00","404,800.00","404,799.76","404,799.76","Cash and/or Derivatives","-","-","United States","USD"
"600177","YOUNGOR GROUP LTD A","Equity","0.04","0.93","277,999.00","257,758.67","257,758.67","Real Estate","CNE000000XR2","Shanghai Stock Exchange","China","CNY"
"CITFT","CASH COLLATERAL USD CITFT","Cash Collateral and Margins","0.03","100.00","186,000.00","186,000.00","186,000.00","Cash and/or Derivatives","-","-","United States","USD"
"CNY","CNY CASH","Cash","0.01","14.56","632,919.00","92,125.29","92,125.29","Cash and/or Derivatives","-","-","China","CNY"
"600485","BEIJING XINWEI TECHNOLOGY GROUP LT","Equity","0.01","1.10","40,766.00","44,740.42","44,740.42","Information Technology","CNE000001FK2","Shanghai Stock Exchange","China","CNY"
"XUN9","FTSE CHINA A50 JUL 19","Futures","0.00","13,712.50","222.00","0.00","3,044,175.00","Cash and/or Derivatives","SGXDB0080562","Singapore Exchange Derivatives Clearing Limited","China","USD"
 