﻿Fund Holdings as of,"Jul 4, 2019"
 
Issuer Ticker,Name,Asset Class,Weight (%),Price,Shares,Market Value,Notional Value,Sector,ISIN,Exchange,Country,Market Currency
"AMXL","AMERICA MOVIL L","Equity","17.44","0.75","15,840,255.00","11,819,499.62","11,819,499.62","Communication","MXP001691213","Bolsa Mexicana De Valores","Mexico","MXN"
"FEMSAUBD","FOMENTO ECONOMICO MEXICANO","Equity","13.23","9.80","915,240.00","8,969,508.52","8,969,508.52","Consumer Staples","MXP320321310","Bolsa Mexicana De Valores","Mexico","MXN"
"GFNORTEO","GPO FINANCE BANORTE","Equity","10.59","5.88","1,221,390.00","7,177,785.18","7,177,785.18","Financials","MXP370711014","Bolsa Mexicana De Valores","Mexico","MXN"
"WALMEX*","WALMART DE MEXICO V","Equity","10.33","2.84","2,465,470.00","7,003,147.83","7,003,147.83","Consumer Staples","MX01WA000038","Bolsa Mexicana De Valores","Mexico","MXN"
"GMEXICOB","GRUPO MEXICO B","Equity","6.50","2.67","1,649,101.00","4,406,569.69","4,406,569.69","Materials","MXP370841019","Bolsa Mexicana De Valores","Mexico","MXN"
"CEMEXCPO","CEMEX CPO","Equity","4.43","0.42","7,127,474.00","3,004,200.05","3,004,200.05","Materials","MXP225611567","Bolsa Mexicana De Valores","Mexico","MXN"
"USD","USD CASH","Cash","3.93","100.00","2,663,264.00","2,663,263.81","2,663,263.81","Cash and/or Derivatives","-","-","United States","USD"
"FUNO11","FIBRA UNO ADMINISTRACION REIT SA","Equity","2.93","1.33","1,495,102.00","1,983,372.83","1,983,372.83","Real Estate","MXCFFU000001","Bolsa Mexicana De Valores","Mexico","MXN"
"TLEVISACPO","GRUPO TELEVISA","Equity","2.86","1.71","1,132,081.00","1,936,072.22","1,936,072.22","Communication","MXP4987V1378","Bolsa Mexicana De Valores","Mexico","MXN"
"GAPB","GRUPO AEROPORTUARIO DEL PACIFICO","Equity","2.67","10.73","168,410.00","1,806,948.58","1,806,948.58","Industrials","MX01GA000004","Bolsa Mexicana De Valores","Mexico","MXN"
"BIMBOA","GRUPO BIMBO A","Equity","2.42","2.12","771,241.00","1,636,737.46","1,636,737.46","Consumer Staples","MXP495211262","Bolsa Mexicana De Valores","Mexico","MXN"
"GFINBURO","GRUPO FINANCIERO INBURSA SRIES O","Equity","2.38","1.47","1,094,282.00","1,613,459.54","1,613,459.54","Financials","MXP370641013","Bolsa Mexicana De Valores","Mexico","MXN"
"ASURB","GRUPO AEROPORTUARIO DEL SURESTE B","Equity","2.34","16.20","97,901.00","1,585,631.72","1,585,631.72","Industrials","MXP001661018","Bolsa Mexicana De Valores","Mexico","MXN"
"KOFUBL","COCA-COLA FEMSA CLASS UBL","Equity","2.32","6.37","247,239.00","1,573,951.15","1,573,951.15","Consumer Staples","MX01KO000002","Bolsa Mexicana De Valores","Mexico","MXN"
"ALFAA","ALFA A","Equity","2.06","0.98","1,429,311.00","1,395,935.65","1,395,935.65","Industrials","MXP000511016","Bolsa Mexicana De Valores","Mexico","MXN"
"BSMXB","BANCO SANTANDER B SA","Equity","2.01","1.58","861,077.00","1,358,873.87","1,358,873.87","Financials","MX41BS060005","Bolsa Mexicana De Valores","Mexico","MXN"
"KIMBERA","KIMBERLY-CLARK DE MEXICO CLASS A","Equity","2.00","1.88","718,236.00","1,353,418.73","1,353,418.73","Consumer Staples","MXP606941179","Bolsa Mexicana De Valores","Mexico","MXN"
"AC*","ARCA CONTINENTAL","Equity","1.65","5.38","207,772.00","1,118,576.77","1,118,576.77","Consumer Staples","MX01AC100006","Bolsa Mexicana De Valores","Mexico","MXN"
"MEXCHEM*","MEXICHEM SA DE CV","Equity","1.64","2.24","494,698.00","1,110,247.70","1,110,247.70","Materials","MX01ME050007","Bolsa Mexicana De Valores","Mexico","MXN"
"PINFRA*","PROMOTORA Y OPERADORA DE INFRAESTR","Equity","1.58","9.97","107,473.00","1,071,237.82","1,071,237.82","Industrials","MX01PI000005","Bolsa Mexicana De Valores","Mexico","MXN"
"IENOVA*","INFRAESTRUCTURA ENERGETICA NOVA","Equity","1.50","4.01","253,110.00","1,014,504.44","1,014,504.44","Utilities","MX01IE060002","Bolsa Mexicana De Valores","Mexico","MXN"
"GRUMAB","GRUMA","Equity","1.40","9.57","99,408.00","951,826.86","951,826.86","Consumer Staples","MXP4948K1056","Bolsa Mexicana De Valores","Mexico","MXN"
"PE&OLES*","INDUST PENOLES","Equity","1.25","12.91","65,557.00","846,587.82","846,587.82","Materials","MXP554091415","Bolsa Mexicana De Valores","Mexico","MXN"
"GCARSOA1","GRUPO CARSO SERIES A1","Equity","1.22","3.84","214,967.00","826,441.57","826,441.57","Industrials","MXP461181085","Bolsa Mexicana De Valores","Mexico","MXN"
"MEGACPO","MEGACABLE HOLDINGS CPO","Equity","0.92","4.39","141,522.00","621,605.81","621,605.81","Communication","MX01ME090003","Bolsa Mexicana De Valores","Mexico","MXN"
"ALSEA*","ALSEA DE CV","Equity","0.75","1.99","256,023.00","508,711.62","508,711.62","Consumer Discretionary","MXP001391012","Bolsa Mexicana De Valores","Mexico","MXN"
"LIVEPOLC.1","EL PUERTO DE LIVERPOOL C1","Equity","0.72","5.54","88,093.00","488,170.69","488,170.69","Consumer Discretionary","MXP369181377","Bolsa Mexicana De Valores","Mexico","MXN"
"CSSE","CASH COLLATERAL MXN CSFBI","Cash Collateral and Margins","0.07","5.26","960,000.00","50,516.35","50,516.35","Cash and/or Derivatives","-","-","Mexico","MXN"
"MXN","MXN/USD","FX","0.01","1.00","50,684,618.00","6,974.72","6,974.72","Cash and/or Derivatives","-","-","United States","USD"
"ISU9","MEXICAN BOLSA INDEX FUTURE SEP 19","Futures","0.00","2,313.75","24.00","0.00","555,300.93","Cash and/or Derivatives","-","Mercado Mexicano De Derivados","-","MXN"
"MXN","MXN CASH","Cash","-3.15","5.26","-40,519,010.00","-2,132,158.63","-2,132,158.63","Cash and/or Derivatives","-","-","Mexico","MXN"
 