﻿Fund Holdings as of,"Jul 4, 2019"
 
Issuer Ticker,Name,Asset Class,Weight (%),Price,Shares,Market Value,Notional Value,Sector,ISIN,Exchange,Country,Market Currency
"MSFT","MICROSOFT CORP","Equity","11.22","137.46","2,752,988.00","378,425,730.48","378,425,730.48","Information Technology","US5949181045","NASDAQ","United States","USD"
"AMZN","AMAZON COM INC","Equity","10.17","1,939.00","176,911.00","343,030,429.00","343,030,429.00","Consumer Discretionary","US0231351067","NASDAQ","United States","USD"
"AAPL","APPLE INC","Equity","10.02","204.41","1,653,056.00","337,901,176.96","337,901,176.96","Information Technology","US0378331005","NASDAQ","United States","USD"
"FB","FACEBOOK CLASS A INC","Equity","5.10","197.20","871,310.00","171,822,332.00","171,822,332.00","Communication","US30303M1027","NASDAQ","United States","USD"
"GOOG","ALPHABET INC CLASS C","Equity","4.19","1,121.58","126,077.00","141,405,441.66","141,405,441.66","Communication","US02079K1079","NASDAQ","United States","USD"
"GOOGL","ALPHABET INC CLASS A","Equity","3.68","1,122.99","110,577.00","124,176,865.23","124,176,865.23","Communication","US02079K3059","NASDAQ","United States","USD"
"CSCO","CISCO SYSTEMS INC","Equity","2.86","56.48","1,706,776.00","96,398,708.48","96,398,708.48","Information Technology","US17275R1023","NASDAQ","United States","USD"
"INTC","INTEL CORP","Equity","2.57","48.52","1,783,642.00","86,542,309.84","86,542,309.84","Information Technology","US4581401001","NASDAQ","United States","USD"
"CMCSA","COMCAST CORP CLASS A","Equity","2.32","43.32","1,805,905.00","78,231,804.60","78,231,804.60","Communication","US20030N1019","NASDAQ","United States","USD"
"PEP","PEPSICO INC","Equity","2.22","133.99","559,625.00","74,984,153.75","74,984,153.75","Consumer Staples","US7134481081","NASDAQ","United States","USD"
"NFLX","NETFLIX INC","Equity","1.97","381.72","174,324.00","66,542,957.28","66,542,957.28","Communication","US64110L1061","NASDAQ","United States","USD"
"ADBE","ADOBE INC","Equity","1.76","305.70","194,582.00","59,483,717.40","59,483,717.40","Information Technology","US00724F1012","NASDAQ","United States","USD"
"PYPL","PAYPAL HOLDINGS INC","Equity","1.63","117.68","468,463.00","55,128,725.84","55,128,725.84","Information Technology","US70450Y1038","NASDAQ","United States","USD"
"COST","COSTCO WHOLESALE CORP","Equity","1.39","269.14","174,722.00","47,024,679.08","47,024,679.08","Consumer Staples","US22160K1051","NASDAQ","United States","USD"
"AMGN","AMGEN INC","Equity","1.36","188.58","243,191.00","45,860,958.78","45,860,958.78","Health Care","US0311621009","NASDAQ","United States","USD"
"AVGO","BROADCOM INC","Equity","1.34","284.89","158,286.00","45,094,098.54","45,094,098.54","Information Technology","US11135F1012","NASDAQ","United States","USD"
"TXN","TEXAS INSTRUMENT INC","Equity","1.29","115.94","375,197.00","43,500,340.18","43,500,340.18","Information Technology","US8825081040","NASDAQ","United States","USD"
"SBUX","STARBUCKS CORP","Equity","1.26","87.79","482,924.00","42,395,897.96","42,395,897.96","Consumer Discretionary","US8552441094","NASDAQ","United States","USD"
"NVDA","NVIDIA CORP","Equity","1.17","162.75","242,818.00","39,518,629.50","39,518,629.50","Information Technology","US67066G1040","NASDAQ","United States","USD"
"QCOM","QUALCOMM INC","Equity","1.10","76.63","484,720.00","37,144,093.60","37,144,093.60","Information Technology","US7475251036","NASDAQ","United States","USD"
"CHTR","CHARTER COMMUNICATIONS INC CLASS A","Equity","1.06","400.00","89,372.00","35,748,800.00","35,748,800.00","Communication","US16119P1084","NASDAQ","United States","USD"
"GILD","GILEAD SCIENCES INC","Equity","1.04","69.00","505,956.00","34,910,964.00","34,910,964.00","Health Care","US3755581036","NASDAQ","United States","USD"
"BKNG","BOOKING HOLDINGS INC","Equity","0.98","1,919.65","17,260.00","33,133,159.00","33,133,159.00","Consumer Discretionary","US09857L1089","NASDAQ","United States","USD"
"MDLZ","MONDELEZ INTERNATIONAL INC CLASS A","Equity","0.95","55.81","572,859.00","31,971,260.79","31,971,260.79","Consumer Staples","US6092071058","NASDAQ","United States","USD"
"ADP","AUTOMATIC DATA PROCESSING INC","Equity","0.84","164.09","172,791.00","28,353,275.19","28,353,275.19","Information Technology","US0530151036","NASDAQ","United States","USD"
"INTU","INTUIT INC","Equity","0.82","270.17","102,756.00","27,761,588.52","27,761,588.52","Information Technology","US4612021034","NASDAQ","United States","USD"
"CELG","CELGENE CORP","Equity","0.79","94.36","282,325.00","26,640,187.00","26,640,187.00","Health Care","US1510201049","NASDAQ","United States","USD"
"TMUS","T MOBILE US INC","Equity","0.77","75.82","342,216.00","25,946,817.12","25,946,817.12","Communication","US8725901040","NASDAQ","United States","USD"
"CSX","CSX CORP","Equity","0.76","78.68","323,964.00","25,489,487.52","25,489,487.52","Industrials","US1264081035","NASDAQ","United States","USD"
"ISRG","INTUITIVE SURGICAL INC","Equity","0.73","537.18","46,092.00","24,759,700.56","24,759,700.56","Health Care","US46120E6023","NASDAQ","United States","USD"
"ILMN","ILLUMINA INC","Equity","0.65","377.82","58,304.00","22,028,417.28","22,028,417.28","Health Care","US4523271090","NASDAQ","United States","USD"
"WBA","WALGREEN BOOTS ALLIANCE INC","Equity","0.60","55.19","368,217.00","20,321,896.23","20,321,896.23","Consumer Staples","US9314271084","NASDAQ","United States","USD"
"MAR","MARRIOTT INTERNATIONAL INC CLASS A","Equity","0.56","141.75","132,887.00","18,836,732.25","18,836,732.25","Consumer Discretionary","US5719032022","NASDAQ","United States","USD"
"BIIB","BIOGEN INC","Equity","0.55","238.27","78,099.00","18,608,648.73","18,608,648.73","Health Care","US09062X1037","NASDAQ","United States","USD"
"VRTX","VERTEX PHARMACEUTICALS INC","Equity","0.55","183.26","101,091.00","18,525,936.66","18,525,936.66","Health Care","US92532F1003","NASDAQ","United States","USD"
"MU","MICRON TECHNOLOGY INC","Equity","0.53","39.59","447,222.00","17,705,518.98","17,705,518.98","Information Technology","US5951121038","NASDAQ","United States","USD"
"ADI","ANALOG DEVICES INC","Equity","0.50","113.17","147,936.00","16,741,917.12","16,741,917.12","Information Technology","US0326541051","NASDAQ","United States","USD"
"AMAT","APPLIED MATERIAL INC","Equity","0.49","44.67","371,732.00","16,605,268.44","16,605,268.44","Information Technology","US0382221051","NASDAQ","United States","USD"
"TSLA","TESLA INC","Equity","0.49","234.90","70,682.00","16,603,201.80","16,603,201.80","Consumer Discretionary","US88160R1014","NASDAQ","United States","USD"
"KHC","KRAFT HEINZ","Equity","0.45","31.25","483,847.00","15,120,218.75","15,120,218.75","Consumer Staples","US5007541064","NASDAQ","United States","USD"
"ADSK","AUTODESK INC","Equity","0.45","172.00","87,444.00","15,040,368.00","15,040,368.00","Information Technology","US0527691069","NASDAQ","United States","USD"
"ATVI","ACTIVISION BLIZZARD INC","Equity","0.44","48.66","303,468.00","14,766,752.88","14,766,752.88","Communication","US00507V1098","NASDAQ","United States","USD"
"FISV","FISERV INC","Equity","0.44","94.23","156,422.00","14,739,645.06","14,739,645.06","Information Technology","US3377381088","NASDAQ","United States","USD"
"ROST","ROSS STORES INC","Equity","0.43","100.00","145,740.00","14,574,000.00","14,574,000.00","Consumer Discretionary","US7782961038","NASDAQ","United States","USD"
"CTSH","COGNIZANT TECHNOLOGY SOLUTIONS COR","Equity","0.43","64.18","226,604.00","14,543,444.72","14,543,444.72","Information Technology","US1924461023","NASDAQ","United States","USD"
"MNST","MONSTER BEVERAGE CORP","Equity","0.42","65.95","215,853.00","14,235,505.35","14,235,505.35","Consumer Staples","US61174X1090","NASDAQ","United States","USD"
"EBAY","EBAY INC","Equity","0.42","39.90","351,338.00","14,018,386.20","14,018,386.20","Consumer Discretionary","US2786421030","NASDAQ","United States","USD"
"WDAY","WORKDAY INC CLASS A","Equity","0.42","216.80","64,594.00","14,003,979.20","14,003,979.20","Information Technology","US98138H1014","NASDAQ","United States","USD"
"REGN","REGENERON PHARMACEUTICALS INC","Equity","0.40","318.39","42,850.00","13,643,011.50","13,643,011.50","Health Care","US75886F1075","NASDAQ","United States","USD"
"AMD","ADVANCED MICRO DEVICES INC","Equity","0.40","31.19","431,271.00","13,451,342.49","13,451,342.49","Information Technology","US0079031078","NASDAQ","United States","USD"
"BIDU","BAIDU ADR REPTG INC CLASS A","Equity","0.39","118.56","112,334.00","13,318,319.04","13,318,319.04","Communication","US0567521085","NASDAQ","China","USD"
"NXPI","NXP SEMICONDUCTORS NV","Equity","0.38","97.68","129,854.00","12,684,138.72","12,684,138.72","Information Technology","NL0009538784","NASDAQ","Netherlands","USD"
"MELI","MERCADOLIBRE INC","Equity","0.37","633.52","19,663.00","12,456,903.76","12,456,903.76","Consumer Discretionary","US58733R1023","NASDAQ","United States","USD"
"XEL","XCEL ENERGY INC","Equity","0.37","60.71","205,153.00","12,454,838.63","12,454,838.63","Utilities","US98389B1008","NASDAQ","United States","USD"
"PAYX","PAYCHEX INC","Equity","0.36","84.60","144,503.00","12,224,953.80","12,224,953.80","Information Technology","US7043261079","NASDAQ","United States","USD"
"ORLY","OREILLY AUTOMOTIVE INC","Equity","0.36","386.22","31,248.00","12,068,602.56","12,068,602.56","Consumer Discretionary","US67103H1077","NASDAQ","United States","USD"
"XLNX","XILINX INC","Equity","0.35","116.39","102,325.00","11,909,606.75","11,909,606.75","Information Technology","US9839191015","NASDAQ","United States","USD"
"ALXN","ALEXION PHARMACEUTICALS INC","Equity","0.35","133.35","88,039.00","11,740,000.65","11,740,000.65","Health Care","US0153511094","NASDAQ","United States","USD"
"JD","JD.COM ADR REPRESENTING INC CLASS","Equity","0.35","31.50","369,662.00","11,644,353.00","11,644,353.00","Consumer Discretionary","US47215P1066","NASDAQ","China","USD"
"EA","ELECTRONIC ARTS INC","Equity","0.34","98.11","117,943.00","11,571,387.73","11,571,387.73","Communication","US2855121099","NASDAQ","United States","USD"
"LRCX","LAM RESEARCH CORP","Equity","0.33","184.86","60,840.00","11,246,882.40","11,246,882.40","Information Technology","US5128071082","NASDAQ","United States","USD"
"SIRI","SIRIUS XM HOLDINGS INC","Equity","0.32","5.88","1,837,110.00","10,802,206.80","10,802,206.80","Communication","US82968B1035","NASDAQ","United States","USD"
"DLTR","DOLLAR TREE INC","Equity","0.31","109.75","95,376.00","10,467,516.00","10,467,516.00","Consumer Discretionary","US2567461080","NASDAQ","United States","USD"
"VRSN","VERISIGN INC","Equity","0.31","217.06","47,494.00","10,309,047.64","10,309,047.64","Information Technology","US92343E1029","NASDAQ","United States","USD"
"CTAS","CINTAS CORP","Equity","0.30","239.53","41,712.00","9,991,275.36","9,991,275.36","Industrials","US1729081059","NASDAQ","United States","USD"
"WLTW","WILLIS TOWERS WATSON PLC","Equity","0.29","195.74","50,209.00","9,827,909.66","9,827,909.66","Financials","IE00BDB6Q211","NASDAQ","United States","USD"
"CERN","CERNER CORP","Equity","0.29","74.53","131,507.00","9,801,216.71","9,801,216.71","Health Care","US1567821046","NASDAQ","United States","USD"
"PCAR","PACCAR INC","Equity","0.29","71.20","136,427.00","9,713,602.40","9,713,602.40","Industrials","US6937181088","NASDAQ","United States","USD"
"VRSK","VERISK ANALYTICS INC","Equity","0.29","150.67","64,281.00","9,685,218.27","9,685,218.27","Industrials","US92345Y1064","NASDAQ","United States","USD"
"UAL","UNITED AIRLINES HOLDINGS INC","Equity","0.29","90.67","106,383.00","9,645,746.61","9,645,746.61","Industrials","US9100471096","NASDAQ","United States","USD"
"IDXX","IDEXX LABORATORIES INC","Equity","0.28","278.87","34,299.00","9,564,962.13","9,564,962.13","Health Care","US45168D1046","NASDAQ","United States","USD"
"LULU","LULULEMON ATHLETICA INC","Equity","0.27","183.99","49,602.00","9,126,271.98","9,126,271.98","Consumer Discretionary","US5500211090","NASDAQ","United States","USD"
"ALGN","ALIGN TECHNOLOGY INC","Equity","0.26","275.00","31,712.00","8,720,800.00","8,720,800.00","Health Care","US0162551016","NASDAQ","United States","USD"
"MCHP","MICROCHIP TECHNOLOGY INC","Equity","0.25","89.77","94,318.00","8,466,926.86","8,466,926.86","Information Technology","US5950171042","NASDAQ","United States","USD"
"CDNS","CADENCE DESIGN SYSTEMS INC","Equity","0.25","74.81","112,685.00","8,429,964.85","8,429,964.85","Information Technology","US1273871087","NASDAQ","United States","USD"
"ULTA","ULTA BEAUTY INC","Equity","0.24","345.43","23,323.00","8,056,463.89","8,056,463.89","Consumer Discretionary","US90384S3031","NASDAQ","United States","USD"
"SNPS","SYNOPSYS INC","Equity","0.23","134.89","58,625.00","7,907,926.25","7,907,926.25","Information Technology","US8716071076","NASDAQ","United States","USD"
"KLAC","KLA TENCOR CORP","Equity","0.23","119.06","64,445.00","7,672,821.70","7,672,821.70","Information Technology","US4824801009","NASDAQ","United States","USD"
"CTRP","CTRIP.COM INTERNATIONAL ADR REPRE","Equity","0.22","38.69","196,094.00","7,586,876.86","7,586,876.86","Consumer Discretionary","US22943F1003","NASDAQ","China","USD"
"NTES","NETEASE ADR INC","Equity","0.22","265.57","28,559.00","7,584,413.63","7,584,413.63","Communication","US64110W1027","NASDAQ","China","USD"
"INCY","INCYTE CORP","Equity","0.22","86.52","86,311.00","7,467,627.72","7,467,627.72","Health Care","US45337C1027","NASDAQ","United States","USD"
"CHKP","CHECK POINT SOFTWARE TECHNOLOGIES","Equity","0.22","119.47","62,234.00","7,435,095.98","7,435,095.98","Information Technology","IL0010824113","NASDAQ","Israel","USD"
"FAST","FASTENAL","Equity","0.21","32.26","224,181.00","7,232,079.06","7,232,079.06","Industrials","US3119001044","NASDAQ","United States","USD"
"EXPE","EXPEDIA GROUP INC","Equity","0.21","134.88","53,164.00","7,170,760.32","7,170,760.32","Consumer Discretionary","US30212P3038","NASDAQ","United States","USD"
"MXIM","MAXIM INTEGRATED PRODUCTS INC","Equity","0.20","60.37","109,004.00","6,580,571.48","6,580,571.48","Information Technology","US57772K1016","NASDAQ","United States","USD"
"SYMC","SYMANTEC CORP","Equity","0.19","25.10","252,196.00","6,330,119.60","6,330,119.60","Information Technology","US8715031089","NASDAQ","United States","USD"
"NTAP","NETAPP INC","Equity","0.18","62.49","99,131.00","6,194,696.19","6,194,696.19","Information Technology","US64110D1046","NASDAQ","United States","USD"
"ASML","ASML HOLDING ADR REPRESENTING NV","Equity","0.18","213.83","28,425.00","6,078,117.75","6,078,117.75","Information Technology","USN070592100","NASDAQ","Netherlands","USD"
"AAL","AMERICAN AIRLINES GROUP INC","Equity","0.17","32.72","179,920.00","5,886,982.40","5,886,982.40","Industrials","US02376R1023","NASDAQ","United States","USD"
"BMRN","BIOMARIN PHARMACEUTICAL INC","Equity","0.17","84.15","69,637.00","5,859,953.55","5,859,953.55","Health Care","US09061G1013","NASDAQ","United States","USD"
"WYNN","WYNN RESORTS LTD","Equity","0.17","133.38","42,458.00","5,663,048.04","5,663,048.04","Consumer Discretionary","US9831341071","NASDAQ","United States","USD"
"LBTYK","LIBERTY GLOBAL PLC CLASS C","Equity","0.17","26.88","210,348.00","5,654,154.24","5,654,154.24","Communication","GB00B8W67B19","NASDAQ","United States","USD"
"SWKS","SKYWORKS SOLUTIONS INC","Equity","0.17","80.69","69,996.00","5,647,977.24","5,647,977.24","Information Technology","US83088M1027","NASDAQ","United States","USD"
"WDC","WESTERN DIGITAL CORP","Equity","0.17","47.94","116,726.00","5,595,844.44","5,595,844.44","Information Technology","US9581021055","NASDAQ","United States","USD"
"HAS","HASBRO INC","Equity","0.16","106.39","49,399.00","5,255,559.61","5,255,559.61","Consumer Discretionary","US4180561072","NASDAQ","United States","USD"
"TTWO","TAKE TWO INTERACTIVE SOFTWARE INC","Equity","0.16","118.07","44,482.00","5,251,989.74","5,251,989.74","Communication","US8740541094","NASDAQ","United States","USD"
"CTXS","CITRIX SYSTEMS INC","Equity","0.15","99.69","52,084.00","5,192,253.96","5,192,253.96","Information Technology","US1773761002","NASDAQ","United States","USD"
"FOXA","FOX CORP CLASS A","Equity","0.15","36.35","139,235.00","5,061,192.25","5,061,192.25","Communication","US35137L1052","NASDAQ","United States","USD"
"HSIC","HENRY SCHEIN INC","Equity","0.12","69.23","58,800.00","4,070,724.00","4,070,724.00","Health Care","US8064071025","NASDAQ","United States","USD"
"MYL","MYLAN NV","Equity","0.12","19.68","202,415.00","3,983,527.20","3,983,527.20","Health Care","NL0011031208","NASDAQ","United States","USD"
"JBHT","JB HUNT TRANSPORT SERVICES INC","Equity","0.12","91.41","42,626.00","3,896,442.66","3,896,442.66","Industrials","US4456581077","NASDAQ","United States","USD"
"FOX","FOX CORP CLASS B","Equity","0.11","36.35","103,964.00","3,779,091.40","3,779,091.40","Communication","US35137L2043","NASDAQ","United States","USD"
"USD","USD CASH","Cash","0.09","100.00","3,152,951.00","3,152,950.97","3,152,950.97","Cash and/or Derivatives","-","-","United States","USD"
"LBTYA","LIBERTY GLOBAL PLC CLASS A","Equity","0.07","27.60","84,769.00","2,339,624.40","2,339,624.40","Communication","GB00B8W67662","NASDAQ","United States","USD"
"ICSUAGD","BLK ICS USD LIQ AGENCY DIS","Money Market","0.02","1.00","683,057.00","683,056.97","683,056.97","Cash and/or Derivatives","IE00B50QMP13","-","Ireland","USD"
"GBP","GBP CASH","Cash","0.01","125.74","278,043.00","349,611.21","349,611.21","Cash and/or Derivatives","-","-","United Kingdom","GBP"
"CSSE","CASH COLLATERAL USD CSFBI","Cash Collateral and Margins","0.01","100.00","194,640.00","194,691.14","194,691.14","Cash and/or Derivatives","-","-","United States","USD"
"EUR","EUR CASH","Cash","0.00","112.82","15,837.00","17,867.47","17,867.47","Cash and/or Derivatives","-","-","European Union","EUR"
"NQU9","NASDAQ 100 E-MINI SEP 19","Futures","0.00","7,887.50","23.00","0.00","3,628,250.00","Cash and/or Derivatives","-","Index And Options Market","-","USD"
"CAD","CAD CASH","Cash","0.00","76.60","1.00","0.39","0.39","Cash and/or Derivatives","-","-","Canada","CAD"
 