﻿Fund Holdings as of,"Jul 4, 2019"
 
Issuer Ticker,Name,Asset Class,Weight (%),Price,Shares,Market Value,Notional Value,Sector,ISIN,Exchange,Country,Market Currency
"SAP","SAP","Equity","5.26","123.76","1,462,474.00","180,995,782.24","180,995,782.24","Information Technology","DE0007164600","Xetra","Germany","EUR"
"FP","TOTAL SA","Equity","5.15","49.45","3,578,853.00","176,992,175.11","176,992,175.11","Energy","FR0000120271","Nyse Euronext - Euronext Paris","France","EUR"
"MC","LVMH","Equity","3.99","381.35","359,750.00","137,190,662.50","137,190,662.50","Consumer Discretionary","FR0000121014","Nyse Euronext - Euronext Paris","France","EUR"
"LIN","LINDE PLC","Equity","3.89","180.47","741,163.00","133,760,147.52","133,760,147.52","Materials","IE00BZ12WP82","New York Stock Exchange Inc.","United States","USD"
"ALV","ALLIANZ","Equity","3.61","217.20","571,799.00","124,194,742.80","124,194,742.80","Financials","DE0008404005","Xetra","Germany","EUR"
"SAN","SANOFI SA","Equity","3.46","77.97","1,524,734.00","118,883,509.98","118,883,509.98","Health Care","FR0000120578","Nyse Euronext - Euronext Paris","France","EUR"
"SIE","SIEMENS N AG","Equity","3.32","105.54","1,083,221.00","114,323,144.34","114,323,144.34","Industrials","DE0007236101","Xetra","Germany","EUR"
"ASML","ASML HOLDING NV","Equity","3.15","189.10","573,414.00","108,432,587.40","108,432,587.40","Information Technology","NL0010273215","Euronext Amsterdam","Netherlands","EUR"
"UNA","UNILEVER NV","Equity","3.13","54.94","1,959,765.00","107,669,489.10","107,669,489.10","Consumer Staples","NL0000388619","Euronext Amsterdam","Netherlands","EUR"
"AIR","AIRBUS GROUP","Equity","2.82","125.38","772,519.00","96,858,432.22","96,858,432.22","Industrials","NL0000235190","Nyse Euronext - Euronext Paris","France","EUR"
"ABI","ANHEUSER BUSCH INBEV NV","Equity","2.73","82.72","1,133,664.00","93,776,686.08","93,776,686.08","Consumer Staples","BE0974293251","Nyse Euronext - Euronext Brussels","Belgium","EUR"
"SAN","BANCO SANTANDER SA","Equity","2.68","4.22","21,872,727.00","92,248,226.12","92,248,226.12","Financials","ES0113900J37","Bolsa De Madrid","Spain","EUR"
"OR","LOREAL SA","Equity","2.46","255.30","331,336.00","84,590,080.80","84,590,080.80","Consumer Staples","FR0000120321","Nyse Euronext - Euronext Paris","France","EUR"
"BAS","BASF N","Equity","2.26","62.68","1,237,308.00","77,554,465.44","77,554,465.44","Materials","DE000BASF111","Xetra","Germany","EUR"
"BAYN","BAYER AG","Equity","2.23","60.92","1,256,268.00","76,531,846.56","76,531,846.56","Health Care","DE000BAY0017","Xetra","Germany","EUR"
"AI","AIR LIQUIDE SA","Equity","2.07","122.75","578,685.00","71,033,583.75","71,033,583.75","Materials","FR0000120073","Nyse Euronext - Euronext Paris","France","EUR"
"IBE","IBERDROLA SA","Equity","2.04","8.73","8,031,133.00","70,127,853.36","70,127,853.36","Utilities","ES0144580Y14","Bolsa De Madrid","Spain","EUR"
"DG","VINCI SA","Equity","2.01","92.02","750,508.00","69,061,746.16","69,061,746.16","Industrials","FR0000125486","Nyse Euronext - Euronext Paris","France","EUR"
"ADS","ADIDAS N AG","Equity","2.01","278.25","248,144.00","69,046,068.00","69,046,068.00","Consumer Discretionary","DE000A1EWWW0","Xetra","Germany","EUR"
"DTE","DEUTSCHE TELEKOM N AG","Equity","1.97","15.52","4,368,786.00","67,803,558.72","67,803,558.72","Communication","DE0005557508","Xetra","Germany","EUR"
"ENEL","ENEL","Equity","1.96","6.45","10,465,000.00","67,467,855.00","67,467,855.00","Utilities","IT0003128367","Borsa Italiana","Italy","EUR"
"BNP","BNP PARIBAS SA","Equity","1.94","43.05","1,553,327.00","66,862,960.72","66,862,960.72","Financials","FR0000131104","Nyse Euronext - Euronext Paris","France","EUR"
"CS","AXA SA","Equity","1.93","23.73","2,803,491.00","66,526,841.43","66,526,841.43","Financials","FR0000120628","Nyse Euronext - Euronext Paris","France","EUR"
"BN","DANONE SA","Equity","1.91","75.68","868,779.00","65,749,194.72","65,749,194.72","Consumer Staples","FR0000120644","Nyse Euronext - Euronext Paris","France","EUR"
"SAF","SAFRAN SA","Equity","1.86","131.20","486,486.00","63,826,963.20","63,826,963.20","Industrials","FR0000073272","Nyse Euronext - Euronext Paris","France","EUR"
"SU","SCHNEIDER ELECTRIC","Equity","1.74","81.00","739,921.00","59,933,601.00","59,933,601.00","Industrials","FR0000121972","Nyse Euronext - Euronext Paris","France","EUR"
"DAI","DAIMLER AG","Equity","1.72","49.03","1,202,982.00","58,988,222.37","58,988,222.37","Consumer Discretionary","DE0007100000","Xetra","Germany","EUR"
"INGA","ING GROEP NV","Equity","1.59","10.41","5,248,962.00","54,631,196.50","54,631,196.50","Financials","NL0011821202","Euronext Amsterdam","Netherlands","EUR"
"KER","KERING SA","Equity","1.54","527.10","100,536.00","52,992,525.60","52,992,525.60","Consumer Discretionary","FR0000121485","Nyse Euronext - Euronext Paris","France","EUR"
"ENI","ENI","Equity","1.46","14.65","3,422,129.00","50,120,501.33","50,120,501.33","Energy","IT0003132476","Borsa Italiana","Italy","EUR"
"PHIA","KONINKLIJKE PHILIPS NV","Equity","1.44","39.60","1,247,713.00","49,409,434.80","49,409,434.80","Health Care","NL0000009538","Euronext Amsterdam","Netherlands","EUR"
"TEF","TELEFONICA SA","Equity","1.36","7.43","6,276,889.00","46,624,731.49","46,624,731.49","Communication","ES0178430E18","Bolsa De Madrid","Spain","EUR"
"BBVA","BANCO BILBAO VIZCAYA ARGENTARIA SA","Equity","1.33","5.09","8,982,576.00","45,694,364.11","45,694,364.11","Financials","ES0113211835","Bolsa De Madrid","Spain","EUR"
"EL","ESSILORLUXOTTICA SA","Equity","1.33","114.40","399,228.00","45,671,683.20","45,671,683.20","Consumer Discretionary","FR0000121667","Nyse Euronext - Euronext Paris","France","EUR"
"ISP","INTESA SANPAOLO","Equity","1.30","2.03","21,986,474.00","44,544,596.32","44,544,596.32","Financials","IT0000072618","Borsa Italiana","Italy","EUR"
"MUV2","MUENCHENER RUECKVERSICHERUNGS-GESE","Equity","1.29","227.70","194,413.00","44,267,840.10","44,267,840.10","Financials","DE0008430026","Xetra","Germany","EUR"
"AMS","AMADEUS IT GROUP SA","Equity","1.23","71.40","591,155.00","42,208,467.00","42,208,467.00","Information Technology","ES0109067019","Bolsa De Madrid","Spain","EUR"
"ITX","INDUSTRIA DE DISENO TEXTIL INDITEX","Equity","1.18","27.08","1,497,212.00","40,544,500.96","40,544,500.96","Consumer Discretionary","ES0148396007","Bolsa De Madrid","Spain","EUR"
"DPW","DEUTSCHE POST AG","Equity","1.14","29.68","1,323,775.00","39,289,642.00","39,289,642.00","Industrials","DE0005552004","Xetra","Germany","EUR"
"ORA","ORANGE SA","Equity","1.12","13.98","2,761,070.00","38,613,563.95","38,613,563.95","Communication","FR0000133308","Nyse Euronext - Euronext Paris","France","EUR"
"VOW3","VOLKSWAGEN NON-VOTING PREF AG","Equity","1.11","154.64","246,619.00","38,137,162.16","38,137,162.16","Consumer Discretionary","DE0007664039","Xetra","Germany","EUR"
"ENGI","ENGIE SA","Equity","1.01","13.83","2,505,131.00","34,645,961.73","34,645,961.73","Utilities","FR0010208488","Nyse Euronext - Euronext Paris","France","EUR"
"CRG","CRH PLC","Equity","1.00","30.27","1,136,170.00","34,391,865.90","34,391,865.90","Materials","IE0001827041","Irish Stock Exchange - All Market","Ireland","EUR"
"NOKIA","NOKIA","Equity","0.99","4.50","7,592,477.00","34,143,369.07","34,143,369.07","Information Technology","FI0009000681","Nasdaq Omx Helsinki Ltd.","Finland","EUR"
"VIV","VIVENDI SA","Equity","0.94","24.89","1,301,535.00","32,395,206.15","32,395,206.15","Communication","FR0000127771","Nyse Euronext - Euronext Paris","France","EUR"
"AD","KONINKLIJKE AHOLD DELHAIZE NV","Equity","0.89","20.38","1,499,455.00","30,551,395.62","30,551,395.62","Consumer Staples","NL0011794037","Euronext Amsterdam","Netherlands","EUR"
"BMW","BMW AG","Equity","0.84","67.11","431,683.00","28,970,246.13","28,970,246.13","Consumer Discretionary","DE0005190003","Xetra","Germany","EUR"
"FRE","FRESENIUS SE AND CO KGAA","Equity","0.77","48.13","552,545.00","26,593,990.85","26,593,990.85","Health Care","DE0005785604","Xetra","Germany","EUR"
"GLE","SOCIETE GENERALE SA","Equity","0.71","22.41","1,088,395.00","24,396,373.93","24,396,373.93","Financials","FR0000130809","Nyse Euronext - Euronext Paris","France","EUR"
"URW","WFD UNIBAIL RODAMCO STAPLED UNITS","Equity","0.71","130.10","186,405.00","24,251,290.50","24,251,290.50","Real Estate","FR0013326246","Euronext Amsterdam","France","EUR"
"EUR","EUR CASH","Cash","0.35","100.00","11,955,338.00","11,955,338.02","11,955,338.02","Cash and/or Derivatives","-","-","European Union","EUR"
"IBE.D","IBERDROLA RIGHTS SA","Equity","0.05","0.20","8,031,133.00","1,622,288.87","1,622,288.87","Utilities","ES06445809I8","Bolsa De Madrid","Spain","EUR"
"CSSE","CASH COLLATERAL EUR CSFBI","Cash Collateral and Margins","0.03","100.00","897,644.00","897,644.00","897,644.00","Cash and/or Derivatives","-","-","European Union","EUR"
"USD","USD CASH","Cash","0.02","88.64","643,534.00","570,408.02","570,408.02","Cash and/or Derivatives","-","-","United States","USD"
"LIN","LINDE PLC","Equity","0.01","178.75","2,464.00","440,440.00","440,440.00","Materials","IE00BZ12WP82","Xetra","United States","EUR"
"GBP","GBP CASH","Cash","0.01","111.45","184,428.00","205,547.96","205,547.96","Cash and/or Derivatives","-","-","United Kingdom","GBP"
"VGU9","EURO STOXX 50 SEP 19","Futures","0.00","3,534.00","411.00","0.00","14,524,740.00","Cash and/or Derivatives","DE000C1A16K1","Eurex Deutschland","European Union","EUR"
 