﻿Fund Holdings as of,"Jul 4, 2019"
 
Issuer Ticker,Name,Asset Class,Weight (%),Price,Shares,Market Value,Notional Value,Sector,ISIN,Coupon (%),Maturity,Exchange,Country,Market Currency,Duration
"DBR","GERMANY (FEDERAL REPUBLIC OF) RegS","Fixed Income","4.23","161.88","7,773,000.00","12,755,506.84","12,755,506.84","Treasury","DE0001102341","2.50","Aug 15, 2046","-","Germany","EUR","21.24"
"DBR","GERMANY (FEDERAL REPUBLIC OF) RegS","Fixed Income","3.97","158.30","7,559,000.00","11,966,488.92","11,966,488.92","Treasury","DE0001135481","2.50","Jul 4, 2044","-","Germany","EUR","20.15"
"DBR","BUNDESREPUBLIK DEUTSCHLAND RegS","Fixed Income","3.51","172.13","6,081,000.00","10,588,512.09","10,588,512.09","Treasury","DE0001135275","4.00","Jan 4, 2037","-","Germany","EUR","13.90"
"DBR","GERMANY (FEDERAL REPUBLIC OF) RegS","Fixed Income","3.25","175.13","5,603,000.00","9,813,092.98","9,813,092.98","Treasury","DE0001135226","4.75","Jul 4, 2034","-","Germany","EUR","12.08"
"DBR","GERMANY (FEDERAL REPUBLIC OF) RegS","Fixed Income","2.96","199.70","4,463,000.00","8,913,279.47","8,913,279.47","Treasury","DE0001135366","4.75","Jul 4, 2040","-","Germany","EUR","15.87"
"DBR","GERMANY (FEDERAL REPUBLIC OF) RegS","Fixed Income","2.64","108.51","7,312,000.00","7,966,558.22","7,966,558.22","Treasury","DE0001102424","0.50","Aug 15, 2027","-","Germany","EUR","7.97"
"DBR","GERMANY (FEDERAL REPUBLIC OF) RegS","Fixed Income","2.63","168.89","4,614,000.00","7,919,260.39","7,919,260.39","Treasury","DE0001135176","5.50","Jan 4, 2031","-","Germany","EUR","9.36"
"DBR","GERMANY (FEDERAL REPUBLIC OF) RegS","Fixed Income","2.55","107.56","7,149,000.00","7,702,888.85","7,702,888.85","Treasury","DE0001102390","0.50","Feb 15, 2026","-","Germany","EUR","6.54"
"DBR","GERMANY (FEDERAL REPUBLIC OF) RegS","Fixed Income","2.51","110.27","6,798,000.00","7,556,770.41","7,556,770.41","Treasury","DE0001102382","1.00","Aug 15, 2025","-","Germany","EUR","5.94"
"DBR","GERMANY (FEDERAL REPUBLIC OF) RegS","Fixed Income","2.45","104.99","6,945,000.00","7,377,782.91","7,377,782.91","Treasury","DE0001135424","2.50","Jan 4, 2021","-","Germany","EUR","1.49"
"DBR","GERMANY (FEDERAL REPUBLIC OF) RegS","Fixed Income","2.38","185.32","3,873,000.00","7,177,777.14","7,177,777.14","Treasury","DE0001135325","4.25","Jul 4, 2039","-","Germany","EUR","15.53"
"DBR","GERMANY (FEDERAL REPUBLIC OF) RegS","Fixed Income","2.30","172.76","4,012,000.00","6,931,367.10","6,931,367.10","Treasury","DE0001135432","3.25","Jul 4, 2042","-","Germany","EUR","18.12"
"DBR","GERMANY (FEDERAL REPUBLIC OF) RegS","Fixed Income","2.26","106.28","6,402,000.00","6,810,376.56","6,810,376.56","Treasury","DE0001102416","0.25","Feb 15, 2027","-","Germany","EUR","7.57"
"DBR","GERMANY (FEDERAL REPUBLIC OF) RegS","Fixed Income","2.25","107.68","6,305,000.00","6,789,399.37","6,789,399.37","Treasury","DE0001135473","1.75","Jul 4, 2022","-","Germany","EUR","2.96"
"DBR","GERMANY (FEDERAL REPUBLIC OF) RegS","Fixed Income","2.24","153.45","4,329,000.00","6,764,313.34","6,764,313.34","Treasury","DE0001135069","5.63","Jan 4, 2028","-","Germany","EUR","7.20"
"DBR","GERMANY (FEDERAL REPUBLIC OF) RegS","Fixed Income","2.21","104.28","6,394,000.00","6,667,471.38","6,667,471.38","Treasury","DE0001102408","0.00","Aug 15, 2026","-","Germany","EUR","7.14"
"DBR","GERMANY (FEDERAL REPUBLIC OF) RegS","Fixed Income","2.15","108.67","5,960,000.00","6,488,042.94","6,488,042.94","Treasury","DE0001102440","0.50","Feb 15, 2028","-","Germany","EUR","8.47"
"OBL","GERMANY (FEDERAL REPUBLIC OF) RegS","Fixed Income","2.15","101.34","6,382,000.00","6,467,774.08","6,467,774.08","Treasury","DE0001141737","0.00","Apr 9, 2021","-","Germany","EUR","1.77"
"DBR","GERMANY (FEDERAL REPUBLIC OF) RegS","Fixed Income","2.14","106.43","6,062,000.00","6,466,609.44","6,466,609.44","Treasury","DE0001102457","0.25","Aug 15, 2028","-","Germany","EUR","9.03"
"DBR","GERMANY (FEDERAL REPUBLIC OF) RegS","Fixed Income","2.12","106.68","5,973,000.00","6,383,391.74","6,383,391.74","Treasury","DE0001102374","0.50","Feb 15, 2025","-","Germany","EUR","5.57"
"DBR","GERMANY (FEDERAL REPUBLIC OF) RegS","Fixed Income","2.05","103.71","5,965,000.00","6,186,850.08","6,186,850.08","Treasury","DE0001135408","3.00","Jul 4, 2020","-","Germany","EUR","1.01"
"DBR","GERMANY (FEDERAL REPUBLIC OF) RegS","Fixed Income","2.02","110.93","5,483,000.00","6,093,587.78","6,093,587.78","Treasury","DE0001102358","1.50","May 15, 2024","-","Germany","EUR","4.74"
"DBR","GERMANY (FEDERAL REPUBLIC OF) RegS","Fixed Income","2.01","107.04","5,602,000.00","6,052,191.30","6,052,191.30","Treasury","DE0001135465","2.00","Jan 4, 2022","-","Germany","EUR","2.46"
"ICSEAGD","BLK ICS EUR LIQ FUND AGEN ACC T0","Money Market","1.98","99.87","59,780.00","5,970,439.69","5,970,439.69","Cash and/or Derivatives","IE00B568BM13","0.00","-","-","European Union","EUR","0.16"
"DBR","GERMANY (FEDERAL REPUBLIC OF) RegS","Fixed Income","1.94","108.81","5,344,000.00","5,862,243.55","5,862,243.55","Treasury","DE0001102366","1.00","Aug 15, 2024","-","Germany","EUR","5.00"
"DBR","GERMANY (FEDERAL REPUBLIC OF) RegS","Fixed Income","1.94","108.32","5,375,000.00","5,853,070.91","5,853,070.91","Treasury","DE0001102309","1.50","Feb 15, 2023","-","Germany","EUR","3.55"
"DBR","GERMANY (FEDERAL REPUBLIC OF) RegS","Fixed Income","1.85","111.48","4,922,000.00","5,574,378.74","5,574,378.74","Treasury","DE0001102325","2.00","Aug 15, 2023","-","Germany","EUR","3.95"
"OBL","GERMANY (FEDERAL REPUBLIC OF) RegS","Fixed Income","1.84","101.26","5,482,000.00","5,560,691.48","5,560,691.48","Treasury","DE0001141729","0.25","Oct 16, 2020","-","Germany","EUR","1.29"
"DBR","GERMANY (FEDERAL REPUBLIC OF) RegS","Fixed Income","1.83","111.60","4,911,000.00","5,513,787.58","5,513,787.58","Treasury","DE0001102333","1.75","Feb 15, 2024","-","Germany","EUR","4.48"
"DBR","GERMANY (FEDERAL REPUBLIC OF) RegS","Fixed Income","1.82","129.72","4,195,000.00","5,488,385.16","5,488,385.16","Treasury","DE0001102432","1.25","Aug 15, 2048","-","Germany","EUR","24.87"
"DBR","GERMANY (FEDERAL REPUBLIC OF) RegS","Fixed Income","1.79","106.36","5,059,000.00","5,387,069.22","5,387,069.22","Treasury","DE0001102465","0.25","Feb 15, 2029","-","Germany","EUR","9.53"
"DBR","GERMANY (FEDERAL REPUBLIC OF) RegS","Fixed Income","1.77","108.86","4,885,000.00","5,327,874.90","5,327,874.90","Treasury","DE0001102317","1.50","May 15, 2023","-","Germany","EUR","3.79"
"DBR","GERMANY (FEDERAL REPUBLIC OF) RegS","Fixed Income","1.76","107.32","4,885,000.00","5,303,659.89","5,303,659.89","Treasury","DE0001135499","1.50","Sep 4, 2022","-","Germany","EUR","3.10"
"DBR","GERMANY (FEDERAL REPUBLIC OF) RegS","Fixed Income","1.72","108.07","4,787,000.00","5,173,544.50","5,173,544.50","Treasury","DE0001135440","3.25","Jul 4, 2021","-","Germany","EUR","1.98"
"OBL","GERMANY (FEDERAL REPUBLIC OF) RegS","Fixed Income","1.67","102.91","4,903,000.00","5,045,481.18","5,045,481.18","Treasury","DE0001141778","0.00","Apr 14, 2023","-","Germany","EUR","3.79"
"DBR","GERMANY (FEDERAL REPUBLIC OF) RegS","Fixed Income","1.65","157.57","3,148,000.00","4,960,925.63","4,960,925.63","Treasury","DE0001135044","6.50","Jul 4, 2027","-","Germany","EUR","6.84"
"DBR","GERMANY (FEDERAL REPUBLIC OF) RegS","Fixed Income","1.63","171.65","2,818,000.00","4,924,918.23","4,924,918.23","Treasury","DE0001135143","6.25","Jan 4, 2030","-","Germany","EUR","8.51"
"OBL","GERMANY (FEDERAL REPUBLIC OF) RegS","Fixed Income","1.62","101.75","4,787,000.00","4,870,868.24","4,870,868.24","Treasury","DE0001141745","0.00","Oct 8, 2021","-","Germany","EUR","2.27"
"OBL","GERMANY (FEDERAL REPUBLIC OF) RegS","Fixed Income","1.62","102.56","4,748,000.00","4,869,738.72","4,869,738.72","Treasury","DE0001141760","0.00","Oct 7, 2022","-","Germany","EUR","3.27"
"DBR","GERMANY (FEDERAL REPUBLIC OF) RegS","Fixed Income","1.59","106.60","4,426,000.00","4,801,058.03","4,801,058.03","Treasury","DE0001135457","2.25","Sep 4, 2021","-","Germany","EUR","2.12"
"BKO","GERMANY (FEDERAL REPUBLIC OF) RegS","Fixed Income","1.59","100.85","4,751,000.00","4,791,383.50","4,791,383.50","Treasury","DE0001104735","0.00","Sep 11, 2020","-","Germany","EUR","1.19"
"OBL","GERMANY (FEDERAL REPUBLIC OF) RegS","Fixed Income","1.56","102.19","4,616,000.00","4,716,951.92","4,716,951.92","Treasury","DE0001141752","0.00","Apr 8, 2022","-","Germany","EUR","2.77"
"DBR","GERMANY (FEDERAL REPUBLIC OF) RegS","Fixed Income","1.55","148.18","3,150,000.00","4,668,015.81","4,668,015.81","Treasury","DE0001135085","4.75","Jul 4, 2028","-","Germany","EUR","7.84"
"OBL","GERMANY (FEDERAL REPUBLIC OF) RegS","Fixed Income","1.44","103.20","4,195,000.00","4,329,114.15","4,329,114.15","Treasury","DE0001141786","0.00","Oct 13, 2023","-","Germany","EUR","4.29"
"DBR","GERMANY (FEDERAL REPUBLIC OF) RegS","Fixed Income","1.39","132.00","3,103,000.00","4,192,725.14","4,192,725.14","Treasury","DE0001134922","6.25","Jan 4, 2024","-","Germany","EUR","4.05"
"OBL","GERMANY (FEDERAL REPUBLIC OF) RegS","Fixed Income","1.38","103.38","4,033,000.00","4,169,154.08","4,169,154.08","Treasury","DE0001141794","0.00","Apr 5, 2024","-","Germany","EUR","4.77"
"DBR","GERMANY (FEDERAL REPUBLIC OF) RegS","Fixed Income","1.13","103.48","3,247,000.00","3,420,908.43","3,420,908.43","Treasury","DE0001135416","2.25","Sep 4, 2020","-","Germany","EUR","1.15"
"BKO","GERMANY (FEDERAL REPUBLIC OF) RegS","Fixed Income","0.91","101.07","2,700,000.00","2,728,836.00","2,728,836.00","Treasury","DE0001104743","0.00","Dec 11, 2020","-","Germany","EUR","1.44"
"BKO","GERMANY (FEDERAL REPUBLIC OF) RegS","Fixed Income","0.55","101.28","1,632,000.00","1,652,922.24","1,652,922.24","Treasury","DE0001104750","0.00","Mar 12, 2021","-","Germany","EUR","1.69"
"BKO","GERMANY (FEDERAL REPUBLIC OF) RegS","Fixed Income","0.49","101.49","1,460,000.00","1,481,768.60","1,481,768.60","Treasury","DE0001104768","0.00","Jun 11, 2021","-","Germany","EUR","1.94"
"BKO","GERMANY (FEDERAL REPUBLIC OF) RegS","Fixed Income","0.29","100.65","873,000.00","878,674.50","878,674.50","Treasury","DE0001104727","0.00","Jun 12, 2020","-","Germany","EUR","0.94"
"GBP","GBP CASH","Cash","0.00","111.45","6,615.00","7,372.45","7,372.45","Cash and/or Derivatives","-","0.00","-","-","United Kingdom","GBP","0.00"
"USD","USD CASH","Cash","0.00","88.64","1.00","1.04","1.04","Cash and/or Derivatives","-","0.00","-","-","United States","USD","0.00"
"EUR","EUR CASH","Cash","-1.28","100.00","-3,851,679.00","-3,851,679.00","-3,851,679.00","Cash and/or Derivatives","-","0.00","-","-","European Union","EUR","0.00"
 