﻿iShares MSCI KLD 400 Social ETF
Inception Date,"Nov 14, 2006"
Fund Holdings as of,"Jul 3, 2019"
Total Net Assets,"1,479,618,086.60"
Shares Outstanding,"13,250,000.00"
Stock,"-"
Bond,"-"
Cash,"-"
Other,"-"
 
Issuer Ticker,Name,Asset Class,Weight (%),Price,Shares,Market Value,Notional Value,Sector,SEDOL,ISIN,Exchange
"MSFT","MICROSOFT CORP","Equity","7.47","137.46","803,953.00","110,511,379.38","110,511,379.38","Information Technology","2588173","US5949181045","NASDAQ"
"FB","FACEBOOK CLASS A INC","Equity","3.51","197.20","263,131.00","51,889,433.20","51,889,433.20","Communication","B7TL820","US30303M1027","NASDAQ"
"GOOG","ALPHABET INC CLASS C","Equity","2.63","1,121.58","34,675.00","38,890,786.50","38,890,786.50","Communication","BYY88Y7","US02079K1079","NASDAQ"
"GOOGL","ALPHABET INC CLASS A","Equity","2.51","1,122.99","33,021.00","37,082,252.79","37,082,252.79","Communication","BYVY8G0","US02079K3059","NASDAQ"
"V","VISA INC CLASS A","Equity","2.31","176.87","193,048.00","34,144,399.76","34,144,399.76","Information Technology","B2PZN04","US92826C8394","New York Stock Exchange Inc."
"PG","PROCTER & GAMBLE","Equity","2.13","114.08","275,931.00","31,478,208.48","31,478,208.48","Consumer Staples","2704407","US7427181091","New York Stock Exchange Inc."
"DIS","WALT DISNEY","Equity","1.92","142.98","198,534.00","28,386,391.32","28,386,391.32","Communication","2270726","US2546871060","New York Stock Exchange Inc."
"MA","MASTERCARD INC CLASS A","Equity","1.86","273.08","100,686.00","27,495,332.88","27,495,332.88","Information Technology","B121557","US57636Q1040","New York Stock Exchange Inc."
"CSCO","CISCO SYSTEMS INC","Equity","1.85","56.48","485,555.00","27,424,146.40","27,424,146.40","Information Technology","2198163","US17275R1023","NASDAQ"
"VZ","VERIZON COMMUNICATIONS INC","Equity","1.79","58.13","455,776.00","26,494,258.88","26,494,258.88","Communication","2090571","US92343V1044","New York Stock Exchange Inc."
"HD","HOME DEPOT INC","Equity","1.79","212.10","124,590.00","26,425,539.00","26,425,539.00","Consumer Discretionary","2434209","US4370761029","New York Stock Exchange Inc."
"MRK","MERCK & CO INC","Equity","1.67","86.90","284,715.00","24,741,733.50","24,741,733.50","Health Care","2778844","US58933Y1055","New York Stock Exchange Inc."
"INTC","INTEL CORP","Equity","1.63","48.52","496,032.00","24,067,472.64","24,067,472.64","Information Technology","2463247","US4581401001","NASDAQ"
"KO","COCA-COLA","Equity","1.58","52.10","448,004.00","23,341,008.40","23,341,008.40","Consumer Staples","2206657","US1912161007","New York Stock Exchange Inc."
"NFLX","NETFLIX INC","Equity","1.24","381.72","48,159.00","18,383,253.48","18,383,253.48","Communication","2857817","US64110L1061","NASDAQ"
"MCD","MCDONALDS CORP","Equity","1.21","212.81","84,418.00","17,964,994.58","17,964,994.58","Consumer Discretionary","2550707","US5801351017","New York Stock Exchange Inc."
"ADBE","ADOBE INC","Equity","1.11","305.70","53,797.00","16,445,742.90","16,445,742.90","Information Technology","2008154","US00724F1012","NASDAQ"
"ORCL","ORACLE CORP","Equity","1.10","58.86","277,108.00","16,310,576.88","16,310,576.88","Information Technology","2661568","US68389X1054","New York Stock Exchange Inc."
"IBM","INTERNATIONAL BUSINESS MACHINES CO","Equity","0.94","141.54","98,154.00","13,892,717.16","13,892,717.16","Information Technology","2005973","US4592001014","New York Stock Exchange Inc."
"UNP","UNION PACIFIC CORP","Equity","0.93","171.80","79,736.00","13,698,644.80","13,698,644.80","Industrials","2914734","US9078181081","New York Stock Exchange Inc."
"ACN","ACCENTURE PLC CLASS A","Equity","0.91","190.97","70,312.00","13,427,482.64","13,427,482.64","Information Technology","B4BNMY3","IE00B4BNMY34","New York Stock Exchange Inc."
"CRM","SALESFORCE.COM INC","Equity","0.89","155.59","84,381.00","13,128,839.79","13,128,839.79","Information Technology","2310525","US79466L3024","New York Stock Exchange Inc."
"AMGN","AMGEN INC","Equity","0.87","188.58","68,639.00","12,943,942.62","12,943,942.62","Health Care","2023607","US0311621009","NASDAQ"
"LIN","LINDE PLC","Equity","0.84","203.61","60,782.00","12,375,823.02","12,375,823.02","Materials","BZ12WP8","IE00BZ12WP82","New York Stock Exchange Inc."
"ABBV","ABBVIE INC","Equity","0.82","74.96","162,706.00","12,196,441.76","12,196,441.76","Health Care","B92SR70","US00287Y1091","New York Stock Exchange Inc."
"SBUX","STARBUCKS CORP","Equity","0.81","87.79","137,173.00","12,042,417.67","12,042,417.67","Consumer Discretionary","2842255","US8552441094","NASDAQ"
"TXN","TEXAS INSTRUMENT INC","Equity","0.81","115.94","103,518.00","12,001,876.92","12,001,876.92","Information Technology","2885409","US8825081040","NASDAQ"
"NKE","NIKE INC CLASS B","Equity","0.81","86.20","138,846.00","11,968,525.20","11,968,525.20","Consumer Discretionary","2640147","US6541061031","New York Stock Exchange Inc."
"MMM","3M","Equity","0.75","174.98","63,513.00","11,113,504.74","11,113,504.74","Industrials","2595708","US88579Y1010","New York Stock Exchange Inc."
"NVDA","NVIDIA CORP","Equity","0.70","162.75","63,502.00","10,334,950.50","10,334,950.50","Information Technology","2379504","US67066G1040","NASDAQ"
"AMT","AMERICAN TOWER REIT CORP","Equity","0.69","210.17","48,659.00","10,226,662.03","10,226,662.03","Real Estate","B7FBFL2","US03027X1000","New York Stock Exchange Inc."
"AXP","AMERICAN EXPRESS","Equity","0.67","125.86","79,071.00","9,951,876.06","9,951,876.06","Financials","2026082","US0258161092","New York Stock Exchange Inc."
"GILD","GILEAD SCIENCES INC","Equity","0.66","69.00","140,692.00","9,707,748.00","9,707,748.00","Health Care","2369174","US3755581036","NASDAQ"
"BKNG","BOOKING HOLDINGS INC","Equity","0.64","1,919.65","4,966.00","9,532,981.90","9,532,981.90","Consumer Discretionary","BDRXDB4","US09857L1089","NASDAQ"
"LOW","LOWES COMPANIES INC","Equity","0.62","103.15","88,352.00","9,113,508.80","9,113,508.80","Consumer Discretionary","2536763","US5486611073","New York Stock Exchange Inc."
"MDLZ","MONDELEZ INTERNATIONAL INC CLASS A","Equity","0.60","55.81","159,296.00","8,890,309.76","8,890,309.76","Consumer Staples","B8CKK03","US6092071058","NASDAQ"
"CAT","CATERPILLAR INC","Equity","0.58","135.59","63,485.00","8,607,931.15","8,607,931.15","Industrials","2180201","US1491231015","New York Stock Exchange Inc."
"BMY","BRISTOL MYERS SQUIBB","Equity","0.57","46.56","180,089.00","8,384,943.84","8,384,943.84","Health Care","2126335","US1101221083","New York Stock Exchange Inc."
"CME","CME GROUP INC CLASS A","Equity","0.54","201.67","39,466.00","7,959,108.22","7,959,108.22","Financials","2965839","US12572Q1058","NASDAQ"
"UPS","UNITED PARCEL SERVICE INC CLASS B","Equity","0.54","103.20","76,770.00","7,922,664.00","7,922,664.00","Industrials","2517382","US9113121068","New York Stock Exchange Inc."
"ADP","AUTOMATIC DATA PROCESSING INC","Equity","0.53","164.09","48,050.00","7,884,524.50","7,884,524.50","Information Technology","2065308","US0530151036","NASDAQ"
"INTU","INTUIT INC","Equity","0.52","270.17","28,577.00","7,720,648.09","7,720,648.09","Information Technology","2459020","US4612021034","NASDAQ"
"CB","CHUBB LTD","Equity","0.51","150.25","50,561.00","7,596,790.25","7,596,790.25","Financials","B3BQMF6","CH0044328745","New York Stock Exchange Inc."
"BDX","BECTON DICKINSON","Equity","0.51","255.24","29,678.00","7,575,012.72","7,575,012.72","Health Care","2087807","US0758871091","New York Stock Exchange Inc."
"COP","CONOCOPHILLIPS","Equity","0.51","60.50","125,128.00","7,570,244.00","7,570,244.00","Energy","2685717","US20825C1045","New York Stock Exchange Inc."
"CELG","CELGENE CORP","Equity","0.49","94.36","77,450.00","7,308,182.00","7,308,182.00","Health Care","2182348","US1510201049","NASDAQ"
"PNC","PNC FINANCIAL SERVICES GROUP INC","Equity","0.48","140.67","50,378.00","7,086,673.26","7,086,673.26","Financials","2692665","US6934751057","New York Stock Exchange Inc."
"CI","CIGNA CORP","Equity","0.47","164.83","41,921.00","6,909,838.43","6,909,838.43","Health Care","BHJ0775","US1255231003","New York Stock Exchange Inc."
"CSX","CSX CORP","Equity","0.45","78.68","85,469.00","6,724,700.92","6,724,700.92","Industrials","2160753","US1264081035","NASDAQ"
"CL","COLGATE-PALMOLIVE","Equity","0.45","74.00","90,294.00","6,681,756.00","6,681,756.00","Consumer Staples","2209106","US1941621039","New York Stock Exchange Inc."
"SPGI","S&P GLOBAL INC","Equity","0.44","238.14","27,420.00","6,529,798.80","6,529,798.80","Financials","BYV2325","US78409V1044","New York Stock Exchange Inc."
"BLK","BLACKROCK INC","Equity","0.42","475.35","13,100.00","6,227,085.00","6,227,085.00","Financials","2494504","US09247X1019","New York Stock Exchange Inc."
"ZTS","ZOETIS INC CLASS A","Equity","0.41","115.34","52,809.00","6,090,990.06","6,090,990.06","Health Care","B95WG16","US98978V1035","New York Stock Exchange Inc."
"SLB","SCHLUMBERGER NV","Equity","0.41","39.49","152,877.00","6,037,112.73","6,037,112.73","Energy","2779201","AN8068571086","New York Stock Exchange Inc."
"NSC","NORFOLK SOUTHERN CORP","Equity","0.40","202.51","29,500.00","5,974,045.00","5,974,045.00","Industrials","2641894","US6558441084","New York Stock Exchange Inc."
"PLD","PROLOGIS REIT INC","Equity","0.39","82.60","69,529.00","5,743,095.40","5,743,095.40","Real Estate","B44WZD7","US74340W1036","New York Stock Exchange Inc."
"MMC","MARSH & MCLENNAN INC","Equity","0.39","102.92","55,714.00","5,734,084.88","5,734,084.88","Financials","2567741","US5717481023","New York Stock Exchange Inc."
"ECL","ECOLAB INC","Equity","0.39","199.78","28,677.00","5,729,091.06","5,729,091.06","Materials","2304227","US2788651006","New York Stock Exchange Inc."
"SPG","SIMON PROPERTY GROUP REIT INC","Equity","0.38","165.03","34,080.00","5,624,222.40","5,624,222.40","Real Estate","2812452","US8288061091","New York Stock Exchange Inc."
"APD","AIR PRODUCTS AND CHEMICALS INC","Equity","0.38","231.40","24,225.00","5,605,665.00","5,605,665.00","Materials","2011602","US0091581068","New York Stock Exchange Inc."
"ICE","INTERCONTINENTAL EXCHANGE INC","Equity","0.38","88.59","62,708.00","5,555,301.72","5,555,301.72","Financials","BFSSDS9","US45866F1049","New York Stock Exchange Inc."
"DE","DEERE","Equity","0.37","165.29","33,519.00","5,540,355.51","5,540,355.51","Industrials","2261203","US2441991054","New York Stock Exchange Inc."
"ITW","ILLINOIS TOOL INC","Equity","0.37","150.10","36,192.00","5,432,419.20","5,432,419.20","Industrials","2457552","US4523081093","New York Stock Exchange Inc."
"PGR","PROGRESSIVE CORP","Equity","0.36","83.65","64,405.00","5,387,478.25","5,387,478.25","Financials","2705024","US7433151039","New York Stock Exchange Inc."
"SCHW","CHARLES SCHWAB CORP","Equity","0.36","40.45","132,319.00","5,352,303.55","5,352,303.55","Financials","2779397","US8085131055","New York Stock Exchange Inc."
"KMB","KIMBERLY CLARK CORP","Equity","0.36","138.35","37,991.00","5,256,054.85","5,256,054.85","Consumer Staples","2491839","US4943681035","New York Stock Exchange Inc."
"BIIB","BIOGEN INC","Equity","0.35","238.27","21,698.00","5,169,982.46","5,169,982.46","Health Care","2455965","US09062X1037","NASDAQ"
"VRTX","VERTEX PHARMACEUTICALS INC","Equity","0.35","183.26","28,199.00","5,167,748.74","5,167,748.74","Health Care","2931034","US92532F1003","NASDAQ"
"PSX","PHILLIPS","Equity","0.33","97.02","50,298.00","4,879,911.96","4,879,911.96","Energy","B78C4Y8","US7185461040","New York Stock Exchange Inc."
"AMAT","APPLIED MATERIAL INC","Equity","0.32","44.67","104,720.00","4,677,842.40","4,677,842.40","Information Technology","2046552","US0382221051","NASDAQ"
"PRU","PRUDENTIAL FINANCIAL INC","Equity","0.31","102.45","45,113.00","4,621,826.85","4,621,826.85","Financials","2819118","US7443201022","New York Stock Exchange Inc."
"EQIX","EQUINIX REIT INC","Equity","0.31","518.95","8,905.00","4,621,249.75","4,621,249.75","Real Estate","BVLZX12","US29444U7000","NASDAQ"
"ADI","ANALOG DEVICES INC","Equity","0.31","113.17","40,625.00","4,597,531.25","4,597,531.25","Information Technology","2032067","US0326541051","NASDAQ"
"MAR","MARRIOTT INTERNATIONAL INC CLASS A","Equity","0.31","141.75","31,984.00","4,533,732.00","4,533,732.00","Consumer Discretionary","2210614","US5719032022","NASDAQ"
"TRV","TRAVELERS COMPANIES INC","Equity","0.30","154.30","29,052.00","4,482,723.60","4,482,723.60","Financials","2769503","US89417E1091","New York Stock Exchange Inc."
"EL","ESTEE LAUDER INC CLASS A","Equity","0.30","186.03","24,074.00","4,478,486.22","4,478,486.22","Consumer Staples","2320524","US5184391044","New York Stock Exchange Inc."
"SHW","SHERWIN WILLIAMS","Equity","0.29","470.16","9,205.00","4,327,822.80","4,327,822.80","Materials","2804211","US8243481061","New York Stock Exchange Inc."
"ROP","ROPER TECHNOLOGIES INC","Equity","0.29","378.08","11,428.00","4,320,698.24","4,320,698.24","Industrials","2749602","US7766961061","New York Stock Exchange Inc."
"EW","EDWARDS LIFESCIENCES CORP","Equity","0.29","187.40","22,916.00","4,294,458.40","4,294,458.40","Health Care","2567116","US28176E1082","New York Stock Exchange Inc."
"BK","BANK OF NEW YORK MELLON CORP","Equity","0.29","44.64","94,790.00","4,231,425.60","4,231,425.60","Financials","B1Z77F6","US0640581007","New York Stock Exchange Inc."
"HCA","HCA HEALTHCARE INC","Equity","0.28","138.18","30,191.00","4,171,792.38","4,171,792.38","Health Care","B4MGBG6","US40412C1018","New York Stock Exchange Inc."
"SRE","SEMPRA ENERGY","Equity","0.28","137.65","30,227.00","4,160,746.55","4,160,746.55","Utilities","2138158","US8168511090","New York Stock Exchange Inc."
"ADSK","AUTODESK INC","Equity","0.28","172.00","24,157.00","4,155,004.00","4,155,004.00","Information Technology","2065159","US0527691069","NASDAQ"
"BBT","BB AND T CORP","Equity","0.28","49.07","84,234.00","4,133,362.38","4,133,362.38","Financials","2830904","US0549371070","New York Stock Exchange Inc."
"CTSH","COGNIZANT TECHNOLOGY SOLUTIONS COR","Equity","0.27","64.18","63,332.00","4,064,647.76","4,064,647.76","Information Technology","2257019","US1924461023","NASDAQ"
"OXY","OCCIDENTAL PETROLEUM CORP","Equity","0.27","49.17","82,615.00","4,062,179.55","4,062,179.55","Energy","2655408","US6745991058","New York Stock Exchange Inc."
"MPC","MARATHON PETROLEUM CORP","Equity","0.27","54.32","74,414.00","4,042,168.48","4,042,168.48","Energy","B3K3L40","US56585A1025","New York Stock Exchange Inc."
"HUM","HUMANA INC","Equity","0.26","262.51","14,920.00","3,916,649.20","3,916,649.20","Health Care","2445063","US4448591028","New York Stock Exchange Inc."
"SYY","SYSCO CORP","Equity","0.26","71.75","53,804.00","3,860,437.00","3,860,437.00","Consumer Staples","2868165","US8718291078","New York Stock Exchange Inc."
"MCO","MOODYS CORP","Equity","0.26","202.61","18,962.00","3,841,890.82","3,841,890.82","Financials","2252058","US6153691059","New York Stock Exchange Inc."
"ETN","EATON PLC","Equity","0.26","82.32","46,615.00","3,837,346.80","3,837,346.80","Industrials","B8KQN82","IE00B8KQN827","New York Stock Exchange Inc."
"ALL","ALLSTATE CORP","Equity","0.26","104.63","36,530.00","3,822,133.90","3,822,133.90","Financials","2019952","US0200021014","New York Stock Exchange Inc."
"VLO","VALERO ENERGY CORP","Equity","0.26","81.98","46,133.00","3,781,983.34","3,781,983.34","Energy","2041364","US91913Y1001","New York Stock Exchange Inc."
"JCI","JOHNSON CONTROLS INTERNATIONAL PLC","Equity","0.25","41.83","87,602.00","3,664,391.66","3,664,391.66","Industrials","BY7QL61","IE00BY7QL619","New York Stock Exchange Inc."
"WDAY","WORKDAY INC CLASS A","Equity","0.24","216.80","16,681.00","3,616,440.80","3,616,440.80","Information Technology","B8K6ZD1","US98138H1014","NASDAQ"
"TEL","TE CONNECTIVITY LTD","Equity","0.24","95.84","37,432.00","3,587,482.88","3,587,482.88","Information Technology","B62B7C3","CH0102993182","New York Stock Exchange Inc."
"HPQ","HP INC","Equity","0.24","21.16","169,403.00","3,584,567.48","3,584,567.48","Information Technology","BYX4D52","US40434L1052","New York Stock Exchange Inc."
"GIS","GENERAL MILLS INC","Equity","0.24","54.34","65,923.00","3,582,255.82","3,582,255.82","Consumer Staples","2367026","US3703341046","New York Stock Exchange Inc."
"NEM","NEWMONT GOLDCORP CORP","Equity","0.24","38.76","90,349.00","3,501,927.24","3,501,927.24","Materials","2636607","US6516391066","New York Stock Exchange Inc."
"TSLA","TESLA INC","Equity","0.23","234.90","14,310.00","3,361,419.00","3,361,419.00","Consumer Discretionary","B616C79","US88160R1014","NASDAQ"
"IR","INGERSOLL RAND PLC","Equity","0.23","125.55","26,752.00","3,358,713.60","3,358,713.60","Industrials","B633030","IE00B6330302","New York Stock Exchange Inc."
"AMD","ADVANCED MICRO DEVICES INC","Equity","0.22","31.19","105,501.00","3,290,576.19","3,290,576.19","Information Technology","2007849","US0079031078","NASDAQ"
"VFC","VF CORP","Equity","0.22","87.94","37,091.00","3,261,782.54","3,261,782.54","Consumer Discretionary","2928683","US9182041080","New York Stock Exchange Inc."
"AVB","AVALONBAY COMMUNITIES REIT INC","Equity","0.22","209.33","15,302.00","3,203,167.66","3,203,167.66","Real Estate","2131179","US0534841012","New York Stock Exchange Inc."
"EQR","EQUITY RESIDENTIAL REIT","Equity","0.22","78.34","40,865.00","3,201,364.10","3,201,364.10","Real Estate","2319157","US29476L1070","New York Stock Exchange Inc."
"OKE","ONEOK INC","Equity","0.22","70.20","45,471.00","3,192,064.20","3,192,064.20","Energy","2130109","US6826801036","New York Stock Exchange Inc."
"ED","CONSOLIDATED EDISON INC","Equity","0.21","89.23","35,469.00","3,164,898.87","3,164,898.87","Utilities","2216850","US2091151041","New York Stock Exchange Inc."
"LRCX","LAM RESEARCH CORP","Equity","0.21","184.86","16,858.00","3,116,369.88","3,116,369.88","Information Technology","2502247","US5128071082","NASDAQ"
"PPG","PPG INDUSTRIES INC","Equity","0.21","119.08","26,058.00","3,102,986.64","3,102,986.64","Materials","2698470","US6935061076","New York Stock Exchange Inc."
"HLT","HILTON WORLDWIDE HOLDINGS INC","Equity","0.21","100.64","30,733.00","3,092,969.12","3,092,969.12","Consumer Discretionary","BYVMW06","US43300A2033","New York Stock Exchange Inc."
"MSI","MOTOROLA SOLUTIONS INC","Equity","0.21","170.37","18,102.00","3,084,037.74","3,084,037.74","Information Technology","B5BKPQ4","US6200763075","New York Stock Exchange Inc."
"IQV","IQVIA HOLDINGS INC","Equity","0.20","161.46","18,573.00","2,998,796.58","2,998,796.58","Health Care","BDR73G1","US46266C1053","New York Stock Exchange Inc."
"WEC","WEC ENERGY GROUP INC","Equity","0.20","85.13","34,849.00","2,966,695.37","2,966,695.37","Utilities","BYY8XK8","US92939U1060","New York Stock Exchange Inc."
"GLW","CORNING INC","Equity","0.20","33.75","86,912.00","2,933,280.00","2,933,280.00","Information Technology","2224701","US2193501051","New York Stock Exchange Inc."
"SBAC","SBA COMMUNICATIONS REIT CORP CLASS","Equity","0.20","234.29","12,379.00","2,900,275.91","2,900,275.91","Real Estate","BZ6TS23","US78410G1040","NASDAQ"
"TROW","T ROWE PRICE GROUP INC","Equity","0.19","109.71","26,098.00","2,863,211.58","2,863,211.58","Financials","2702337","US74144T1088","NASDAQ"
"CMI","CUMMINS INC","Equity","0.19","170.24","16,511.00","2,810,832.64","2,810,832.64","Industrials","2240202","US2310211063","New York Stock Exchange Inc."
"DLR","DIGITAL REALTY TRUST REIT INC","Equity","0.19","120.94","22,959.00","2,776,661.46","2,776,661.46","Real Estate","B03GQS4","US2538681030","New York Stock Exchange Inc."
"WLTW","WILLIS TOWERS WATSON PLC","Equity","0.19","195.74","14,161.00","2,771,874.14","2,771,874.14","Financials","BDB6Q21","IE00BDB6Q211","NASDAQ"
"FTV","FORTIVE CORP","Equity","0.19","82.58","33,271.00","2,747,519.18","2,747,519.18","Industrials","BYT3MK1","US34959J1088","New York Stock Exchange Inc."
"FLT","FLEETCOR TECHNOLOGIES INC","Equity","0.19","289.60","9,484.00","2,746,566.40","2,746,566.40","Information Technology","B4R28B3","US3390411052","New York Stock Exchange Inc."
"INFO","IHS MARKIT LTD","Equity","0.18","65.12","41,915.00","2,729,504.80","2,729,504.80","Industrials","BD0Q558","BMG475671050","New York Stock Exchange Inc."
"PCAR","PACCAR INC","Equity","0.18","71.20","38,166.00","2,717,419.20","2,717,419.20","Industrials","2665861","US6937181088","NASDAQ"
"PXD","PIONEER NATURAL RESOURCE","Equity","0.18","145.55","18,599.00","2,707,084.45","2,707,084.45","Energy","2690830","US7237871071","New York Stock Exchange Inc."
"ES","EVERSOURCE ENERGY","Equity","0.18","77.12","35,016.00","2,700,433.92","2,700,433.92","Utilities","BVVN4Q8","US30040W1080","New York Stock Exchange Inc."
"A","AGILENT TECHNOLOGIES INC","Equity","0.18","76.80","35,031.00","2,690,380.80","2,690,380.80","Health Care","2520153","US00846U1016","New York Stock Exchange Inc."
"CERN","CERNER CORP","Equity","0.18","74.53","35,831.00","2,670,484.43","2,670,484.43","Health Care","2185284","US1567821046","NASDAQ"
"IDXX","IDEXX LABORATORIES INC","Equity","0.18","278.87","9,464.00","2,639,225.68","2,639,225.68","Health Care","2459202","US45168D1046","NASDAQ"
"ADM","ARCHER DANIELS MIDLAND","Equity","0.17","41.87","61,624.00","2,580,196.88","2,580,196.88","Consumer Staples","2047317","US0394831020","New York Stock Exchange Inc."
"BLL","BALL CORP","Equity","0.17","72.25","35,086.00","2,534,963.50","2,534,963.50","Materials","2073022","US0584981064","New York Stock Exchange Inc."
"MTB","M&T BANK CORP","Equity","0.17","171.55","14,538.00","2,493,993.90","2,493,993.90","Financials","2340168","US55261F1049","New York Stock Exchange Inc."
"PPL","PPL CORP","Equity","0.17","31.09","79,642.00","2,476,069.78","2,476,069.78","Utilities","2680905","US69351T1060","New York Stock Exchange Inc."
"SWK","STANLEY BLACK & DECKER INC","Equity","0.17","147.02","16,720.00","2,458,174.40","2,458,174.40","Industrials","B3Q2FJ4","US8545021011","New York Stock Exchange Inc."
"PH","PARKER-HANNIFIN CORP","Equity","0.16","168.61","14,291.00","2,409,605.51","2,409,605.51","Industrials","2671501","US7010941042","New York Stock Exchange Inc."
"MTD","METTLER TOLEDO INC","Equity","0.16","872.45","2,738.00","2,388,768.10","2,388,768.10","Health Care","2126249","US5926881054","New York Stock Exchange Inc."
"AWK","AMERICAN WATER WORKS INC","Equity","0.16","118.43","19,966.00","2,364,573.38","2,364,573.38","Utilities","B2R3PV1","US0304201033","New York Stock Exchange Inc."
"STT","STATE STREET CORP","Equity","0.16","56.47","41,714.00","2,355,589.58","2,355,589.58","Financials","2842040","US8574771031","New York Stock Exchange Inc."
"MCHP","MICROCHIP TECHNOLOGY INC","Equity","0.16","89.77","26,178.00","2,349,999.06","2,349,999.06","Information Technology","2592174","US5950171042","NASDAQ"
"CNC","CENTENE CORP","Equity","0.16","51.35","45,642.00","2,343,716.70","2,343,716.70","Health Care","2807061","US15135B1017","New York Stock Exchange Inc."
"HPE","HEWLETT PACKARD ENTERPRISE","Equity","0.16","15.29","152,111.00","2,325,777.19","2,325,777.19","Information Technology","BYVYWS0","US42824C1099","New York Stock Exchange Inc."
"KHC","KRAFT HEINZ","Equity","0.16","31.25","74,091.00","2,315,343.75","2,315,343.75","Consumer Staples","BYRY499","US5007541064","NASDAQ"
"CDNS","CADENCE DESIGN SYSTEMS INC","Equity","0.16","74.81","30,948.00","2,315,219.88","2,315,219.88","Information Technology","2302232","US1273871087","NASDAQ"
"ALGN","ALIGN TECHNOLOGY INC","Equity","0.16","275.00","8,395.00","2,308,625.00","2,308,625.00","Health Care","2679204","US0162551016","NASDAQ"
"RCL","ROYAL CARIBBEAN CRUISES LTD","Equity","0.15","116.54","19,642.00","2,289,078.68","2,289,078.68","Consumer Discretionary","2754907","LR0008862868","New York Stock Exchange Inc."
"APTV","APTIV PLC","Equity","0.15","79.32","28,720.00","2,278,070.40","2,278,070.40","Consumer Discretionary","B783TY6","JE00B783TY65","New York Stock Exchange Inc."
"BXP","BOSTON PROPERTIES REIT INC","Equity","0.15","133.04","17,062.00","2,269,928.48","2,269,928.48","Real Estate","2019479","US1011211018","New York Stock Exchange Inc."
"HIG","HARTFORD FINANCIAL SERVICES GROUP","Equity","0.15","57.16","39,711.00","2,269,880.76","2,269,880.76","Financials","2476193","US4165151048","New York Stock Exchange Inc."
"CLX","CLOROX","Equity","0.15","156.95","14,157.00","2,221,941.15","2,221,941.15","Consumer Staples","2204026","US1890541097","New York Stock Exchange Inc."
"AMP","AMERIPRISE FINANCE INC","Equity","0.15","147.82","14,967.00","2,212,421.94","2,212,421.94","Financials","B0J7D57","US03076C1062","New York Stock Exchange Inc."
"WY","WEYERHAEUSER REIT","Equity","0.15","26.85","82,200.00","2,207,070.00","2,207,070.00","Real Estate","2958936","US9621661043","New York Stock Exchange Inc."
"MKC","MCCORMICK & CO NON-VOTING INC","Equity","0.15","162.36","13,543.00","2,198,841.48","2,198,841.48","Consumer Staples","2550161","US5797802064","New York Stock Exchange Inc."
"ROK","ROCKWELL AUTOMATION INC","Equity","0.15","164.06","13,161.00","2,159,193.66","2,159,193.66","Industrials","2754060","US7739031091","New York Stock Exchange Inc."
"ULTA","ULTA BEAUTY INC","Equity","0.14","345.43","6,195.00","2,139,938.85","2,139,938.85","Consumer Discretionary","B28TS42","US90384S3031","NASDAQ"
"NTRS","NORTHERN TRUST CORP","Equity","0.14","92.79","22,920.00","2,126,746.80","2,126,746.80","Financials","2648668","US6658591044","NASDAQ"
"OMC","OMNICOM GROUP INC","Equity","0.14","84.77","24,573.00","2,083,053.21","2,083,053.21","Communication","2279303","US6819191064","New York Stock Exchange Inc."
"FAST","FASTENAL","Equity","0.14","32.26","63,020.00","2,033,025.20","2,033,025.20","Industrials","2332262","US3119001044","NASDAQ"
"KEY","KEYCORP","Equity","0.13","17.79","111,440.00","1,982,517.60","1,982,517.60","Financials","2490911","US4932671088","New York Stock Exchange Inc."
"RMD","RESMED INC","Equity","0.13","123.88","15,735.00","1,949,251.80","1,949,251.80","Health Care","2732903","US7611521078","New York Stock Exchange Inc."
"BBY","BEST BUY INC","Equity","0.13","71.97","26,755.00","1,925,557.35","1,925,557.35","Consumer Discretionary","2094670","US0865161014","New York Stock Exchange Inc."
"ANSS","ANSYS INC","Equity","0.13","209.33","9,174.00","1,920,393.42","1,920,393.42","Information Technology","2045623","US03662Q1058","NASDAQ"
"LH","LABORATORY CORPORATION OF AMERICA","Equity","0.13","176.22","10,892.00","1,919,388.24","1,919,388.24","Health Care","2586122","US50540R4092","New York Stock Exchange Inc."
"KR","KROGER","Equity","0.13","21.55","88,127.00","1,899,136.85","1,899,136.85","Consumer Staples","2497406","US5010441013","New York Stock Exchange Inc."
"KEYS","KEYSIGHT TECHNOLOGIES INC","Equity","0.13","91.36","20,739.00","1,894,715.04","1,894,715.04","Information Technology","BQZJ0Q9","US49338L1035","New York Stock Exchange Inc."
"CBRE","CBRE GROUP INC CLASS A","Equity","0.13","52.95","35,543.00","1,882,001.85","1,882,001.85","Real Estate","B6WVMH3","US12504L1098","New York Stock Exchange Inc."
"HES","HESS CORP","Equity","0.13","62.42","30,129.00","1,880,652.18","1,880,652.18","Energy","2023748","US42809H1077","New York Stock Exchange Inc."
"NUE","NUCOR CORP","Equity","0.13","55.29","33,757.00","1,866,424.53","1,866,424.53","Materials","2651086","US6703461052","New York Stock Exchange Inc."
"AJG","ARTHUR J GALLAGHER","Equity","0.13","91.40","20,334.00","1,858,527.60","1,858,527.60","Financials","2359506","US3635761097","New York Stock Exchange Inc."
"CMS","CMS ENERGY CORP","Equity","0.12","58.98","31,306.00","1,846,427.88","1,846,427.88","Utilities","2219224","US1258961002","New York Stock Exchange Inc."
"FRC","FIRST REPUBLIC BANK","Equity","0.12","99.51","18,471.00","1,838,049.21","1,838,049.21","Financials","B4WHY15","US33616C1009","New York Stock Exchange Inc."
"COO","COOPER INC","Equity","0.12","335.26","5,418.00","1,816,438.68","1,816,438.68","Health Care","2222631","US2166484020","New York Stock Exchange Inc."
"CFG","CITIZENS FINANCIAL GROUP INC","Equity","0.12","35.51","50,859.00","1,806,003.09","1,806,003.09","Financials","BQRX1X3","US1746101054","New York Stock Exchange Inc."
"PFG","PRINCIPAL FINANCIAL GROUP INC","Equity","0.12","58.65","30,745.00","1,803,194.25","1,803,194.25","Financials","2803014","US74251V1026","NASDAQ"
"SYMC","SYMANTEC CORP","Equity","0.12","25.10","70,726.00","1,775,222.60","1,775,222.60","Information Technology","2861078","US8715031089","NASDAQ"
"LNG","CHENIERE ENERGY INC","Equity","0.12","69.08","25,594.00","1,768,033.52","1,768,033.52","Energy","2654364","US16411R2085","Nyse Mkt Llc"
"WAT","WATER CORP","Equity","0.12","221.68","7,900.00","1,751,272.00","1,751,272.00","Health Care","2937689","US9418481035","New York Stock Exchange Inc."
"HCP","HCP REIT INC","Equity","0.12","32.95","52,778.00","1,739,035.10","1,739,035.10","Real Estate","2417578","US40414L1098","New York Stock Exchange Inc."
"L","LOEWS CORP","Equity","0.12","56.16","30,950.00","1,738,152.00","1,738,152.00","Financials","2523022","US5404241086","New York Stock Exchange Inc."
"CPRT","COPART INC","Equity","0.11","74.97","22,690.00","1,701,069.30","1,701,069.30","Industrials","2208073","US2172041061","NASDAQ"
"RF","REGIONS FINANCIAL CORP","Equity","0.11","15.07","112,410.00","1,694,018.70","1,694,018.70","Financials","B01R311","US7591EP1005","New York Stock Exchange Inc."
"XTSLA","BLK CSH FND TREASURY SL AGENCY","Money Market","0.11","1.00","1,673,632.00","1,673,631.75","1,673,631.75","Cash and/or Derivatives","-","US0669224778","-"
"KMX","CARMAX INC","Equity","0.11","88.90","18,790.00","1,670,431.00","1,670,431.00","Consumer Discretionary","2983563","US1431301027","New York Stock Exchange Inc."
"BMRN","BIOMARIN PHARMACEUTICAL INC","Equity","0.11","84.15","19,703.00","1,658,007.45","1,658,007.45","Health Care","2437071","US09061G1013","NASDAQ"
"XYL","XYLEM INC","Equity","0.11","83.33","19,867.00","1,655,517.11","1,655,517.11","Industrials","B3P2CN8","US98419M1009","New York Stock Exchange Inc."
"DOV","DOVER CORP","Equity","0.11","103.39","16,009.00","1,655,170.51","1,655,170.51","Industrials","2278407","US2600031080","New York Stock Exchange Inc."
"DRI","DARDEN RESTAURANTS INC","Equity","0.11","121.71","13,583.00","1,653,186.93","1,653,186.93","Consumer Discretionary","2289874","US2371941053","New York Stock Exchange Inc."
"IFF","INTERNATIONAL FLAVORS & FRAGRANCES","Equity","0.11","146.03","11,190.00","1,634,075.70","1,634,075.70","Materials","2464165","US4595061015","New York Stock Exchange Inc."
"CNP","CENTERPOINT ENERGY INC","Equity","0.11","29.43","55,368.00","1,629,480.24","1,629,480.24","Utilities","2440637","US15189T1079","New York Stock Exchange Inc."
"K","KELLOGG","Equity","0.11","56.67","28,479.00","1,613,904.93","1,613,904.93","Consumer Staples","2486813","US4878361082","New York Stock Exchange Inc."
"CAH","CARDINAL HEALTH INC","Equity","0.11","48.00","32,908.00","1,579,584.00","1,579,584.00","Health Care","2175672","US14149Y1082","New York Stock Exchange Inc."
"VMW","VMWARE INC CLASS A","Equity","0.11","169.46","9,174.00","1,554,626.04","1,554,626.04","Information Technology","B23SN61","US9285634021","New York Stock Exchange Inc."
"SWKS","SKYWORKS SOLUTIONS INC","Equity","0.10","80.69","19,230.00","1,551,668.70","1,551,668.70","Information Technology","2961053","US83088M1027","NASDAQ"
"AMTD","TD AMERITRADE HOLDING CORP","Equity","0.10","50.28","30,802.00","1,548,724.56","1,548,724.56","Financials","2983154","US87236Y1082","NASDAQ"
"DGX","QUEST DIAGNOSTICS INC","Equity","0.10","103.97","14,832.00","1,542,083.04","1,542,083.04","Health Care","2702791","US74834L1008","New York Stock Exchange Inc."
"TRU","TRANSUNION","Equity","0.10","74.74","20,460.00","1,529,180.40","1,529,180.40","Industrials","BYMWL86","US89400J1079","New York Stock Exchange Inc."
"ABC","AMERISOURCEBERGEN CORP","Equity","0.10","87.59","17,389.00","1,523,102.51","1,523,102.51","Health Care","2795393","US03073E1055","New York Stock Exchange Inc."
"HST","HOST HOTELS & RESORTS REIT INC","Equity","0.10","18.46","81,960.00","1,512,981.60","1,512,981.60","Real Estate","2567503","US44107P1049","New York Stock Exchange Inc."
"SJM","JM SMUCKER","Equity","0.10","119.73","12,548.00","1,502,372.04","1,502,372.04","Consumer Staples","2951452","US8326964058","New York Stock Exchange Inc."
"LBTYK","LIBERTY GLOBAL PLC CLASS C","Equity","0.10","26.88","55,257.00","1,485,308.16","1,485,308.16","Communication","B8W67B1","GB00B8W67B19","NASDAQ"
"TSCO","TRACTOR SUPPLY","Equity","0.10","110.00","13,345.00","1,467,950.00","1,467,950.00","Consumer Discretionary","2900335","US8923561067","NASDAQ"
"CTXS","CITRIX SYSTEMS INC","Equity","0.10","99.69","14,552.00","1,450,688.88","1,450,688.88","Information Technology","2182553","US1773761002","NASDAQ"
"XRAY","DENTSPLY SIRONA INC","Equity","0.10","58.32","24,582.00","1,433,622.24","1,433,622.24","Health Care","BYNPPC6","US24906P1093","NASDAQ"
"EXPD","EXPEDITORS INTERNATIONAL OF WASHIN","Equity","0.10","75.47","18,875.00","1,424,496.25","1,424,496.25","Industrials","2325507","US3021301094","NASDAQ"
"HOLX","HOLOGIC INC","Equity","0.10","47.95","29,530.00","1,415,963.50","1,415,963.50","Health Care","2433530","US4364401012","NASDAQ"
"GWW","WW GRAINGER INC","Equity","0.10","268.78","5,241.00","1,408,675.98","1,408,675.98","Industrials","2380863","US3848021040","New York Stock Exchange Inc."
"UDR","UDR REIT INC","Equity","0.10","46.26","30,447.00","1,408,478.22","1,408,478.22","Real Estate","2727910","US9026531049","New York Stock Exchange Inc."
"ALLY","ALLY FINANCIAL INC","Equity","0.09","31.47","44,482.00","1,399,848.54","1,399,848.54","Financials","B72XK05","US02005N1000","New York Stock Exchange Inc."
"HAS","HASBRO INC","Equity","0.09","106.39","13,140.00","1,397,964.60","1,397,964.60","Consumer Discretionary","2414580","US4180561072","NASDAQ"
"BHGE","BAKER HUGHES CLASS A","Equity","0.09","24.51","56,714.00","1,390,060.14","1,390,060.14","Energy","BDHLTQ5","US05722G1004","New York Stock Exchange Inc."
"KSU","KANSAS CITY SOUTHERN","Equity","0.09","124.49","11,107.00","1,382,710.43","1,382,710.43","Industrials","2607647","US4851703029","New York Stock Exchange Inc."
"VAR","VARIAN MEDICAL SYSTEMS INC","Equity","0.09","138.87","9,953.00","1,382,173.11","1,382,173.11","Health Care","2927516","US92220P1057","New York Stock Exchange Inc."
"HRL","HORMEL FOODS CORP","Equity","0.09","41.77","32,371.00","1,352,136.67","1,352,136.67","Consumer Staples","2437264","US4404521001","New York Stock Exchange Inc."
"DVN","DEVON ENERGY CORP","Equity","0.09","27.52","48,419.00","1,332,490.88","1,332,490.88","Energy","2480677","US25179M1036","New York Stock Exchange Inc."
"LNT","ALLIANT ENERGY CORP","Equity","0.09","50.18","26,046.00","1,306,988.28","1,306,988.28","Utilities","2973821","US0188021085","NASDAQ"
"ABMD","ABIOMED INC","Equity","0.09","261.33","4,981.00","1,301,684.73","1,301,684.73","Health Care","2003698","US0036541003","NASDAQ"
"MAS","MASCO CORP","Equity","0.09","39.79","32,533.00","1,294,488.07","1,294,488.07","Industrials","2570200","US5745991068","New York Stock Exchange Inc."
"DRE","DUKE REALTY REIT CORP","Equity","0.09","32.62","39,561.00","1,290,479.82","1,290,479.82","Real Estate","2284084","US2644115055","New York Stock Exchange Inc."
"CHRW","CH ROBINSON WORLDWIDE INC","Equity","0.09","85.04","15,018.00","1,277,130.72","1,277,130.72","Industrials","2116228","US12541W2098","NASDAQ"
"WAB","WESTINGHOUSE AIR BRAKE TECHNOLOGIE","Equity","0.09","73.53","17,337.00","1,274,789.61","1,274,789.61","Industrials","2955733","US9297401088","New York Stock Exchange Inc."
"TRMB","TRIMBLE INC","Equity","0.09","45.94","27,744.00","1,274,559.36","1,274,559.36","Information Technology","2903958","US8962391004","NASDAQ"
"AES","AES CORP","Equity","0.09","17.28","73,143.00","1,263,911.04","1,263,911.04","Utilities","2002479","US00130H1059","New York Stock Exchange Inc."
"CTL","CENTURYLINK INC","Equity","0.09","11.75","107,391.00","1,261,844.25","1,261,844.25","Communication","2185046","US1567001060","New York Stock Exchange Inc."
"FTNT","FORTINET INC","Equity","0.09","78.84","15,985.00","1,260,257.40","1,260,257.40","Information Technology","B5B2106","US34959E1091","NASDAQ"
"SIVB","SVB FINANCIAL GROUP","Equity","0.09","218.27","5,765.00","1,258,326.55","1,258,326.55","Financials","2808053","US78486Q1013","NASDAQ"
"CMA","COMERICA INC","Equity","0.08","71.73","17,488.00","1,254,414.24","1,254,414.24","Financials","2212870","US2003401070","New York Stock Exchange Inc."
"FDS","FACTSET RESEARCH SYSTEMS INC","Equity","0.08","296.06","4,203.00","1,244,340.18","1,244,340.18","Financials","2329770","US3030751057","New York Stock Exchange Inc."
"VNO","VORNADO REALTY TRUST REIT","Equity","0.08","65.50","18,906.00","1,238,343.00","1,238,343.00","Real Estate","2933632","US9290421091","New York Stock Exchange Inc."
"MRO","MARATHON OIL CORP","Equity","0.08","13.66","89,960.00","1,228,853.60","1,228,853.60","Energy","2910970","US5658491064","New York Stock Exchange Inc."
"NI","NISOURCE INC","Equity","0.08","29.51","41,081.00","1,212,300.31","1,212,300.31","Utilities","2645409","US65473P1057","New York Stock Exchange Inc."
"DPZ","DOMINOS PIZZA INC","Equity","0.08","280.96","4,306.00","1,209,813.76","1,209,813.76","Consumer Discretionary","B01SD70","US25754A2015","New York Stock Exchange Inc."
"BEN","FRANKLIN RESOURCES INC","Equity","0.08","35.25","33,570.00","1,183,342.50","1,183,342.50","Financials","2350684","US3546131018","New York Stock Exchange Inc."
"GRMN","GARMIN LTD","Equity","0.08","80.56","14,650.00","1,180,204.00","1,180,204.00","Consumer Discretionary","B3Z5T14","CH0114405324","NASDAQ"
"FTI","TECHNIPFMC PLC","Equity","0.08","25.14","46,866.00","1,178,211.24","1,178,211.24","Energy","BDSFG98","GB00BDSFG982","New York Stock Exchange Inc."
"NBL","NOBLE ENERGY INC","Equity","0.08","22.10","52,994.00","1,171,167.40","1,171,167.40","Energy","2640761","US6550441058","New York Stock Exchange Inc."
"URI","UNITED RENTALS INC","Equity","0.08","132.92","8,792.00","1,168,632.64","1,168,632.64","Industrials","2134781","US9113631090","New York Stock Exchange Inc."
"HSIC","HENRY SCHEIN INC","Equity","0.08","69.23","16,644.00","1,152,264.12","1,152,264.12","Health Care","2416962","US8064071025","NASDAQ"
"ALLE","ALLEGION PLC","Equity","0.08","110.51","10,368.00","1,145,767.68","1,145,767.68","Industrials","BFRT3W7","IE00BFRT3W74","New York Stock Exchange Inc."
"LII","LENNOX INTERNATIONAL INC","Equity","0.08","288.57","3,951.00","1,140,140.07","1,140,140.07","Industrials","2442053","US5261071071","New York Stock Exchange Inc."
"TIF","TIFFANY","Equity","0.08","93.60","12,111.00","1,133,589.60","1,133,589.60","Consumer Discretionary","2892090","US8865471085","New York Stock Exchange Inc."
"APA","APACHE CORP","Equity","0.08","27.28","41,408.00","1,129,610.24","1,129,610.24","Energy","2043962","US0374111054","New York Stock Exchange Inc."
"DISCK","DISCOVERY INC SERIES C","Equity","0.08","28.38","39,768.00","1,128,615.84","1,128,615.84","Communication","B3D7KG4","US25470F3029","NASDAQ"
"AVY","AVERY DENNISON CORP","Equity","0.08","120.15","9,277.00","1,114,631.55","1,114,631.55","Materials","2066408","US0536111091","New York Stock Exchange Inc."
"DAL","DELTA AIR LINES INC","Equity","0.07","59.15","18,670.00","1,104,330.50","1,104,330.50","Industrials","B1W9D46","US2473617023","New York Stock Exchange Inc."
"FRT","FEDERAL REALTY INVESTMENT TRUST RE","Equity","0.07","131.80","8,162.00","1,075,751.60","1,075,751.60","Real Estate","2333931","US3137472060","New York Stock Exchange Inc."
"MHK","MOHAWK INDUSTRIES INC","Equity","0.07","153.25","6,791.00","1,040,720.75","1,040,720.75","Consumer Discretionary","2598699","US6081901042","New York Stock Exchange Inc."
"LW","LAMB WESTON HOLDINGS INC","Equity","0.07","63.72","16,175.00","1,030,671.00","1,030,671.00","Consumer Staples","BDQZFJ3","US5132721045","New York Stock Exchange Inc."
"WHR","WHIRLPOOL CORP","Equity","0.07","146.23","6,947.00","1,015,859.81","1,015,859.81","Consumer Discretionary","2960384","US9633201069","New York Stock Exchange Inc."
"MTN","VAIL RESORTS INC","Equity","0.07","226.58","4,470.00","1,012,812.60","1,012,812.60","Consumer Discretionary","2954194","US91879Q1094","New York Stock Exchange Inc."
"IRM","IRON MOUNTAIN INC","Equity","0.07","31.97","31,633.00","1,011,307.01","1,011,307.01","Real Estate","BVFTF03","US46284V1017","New York Stock Exchange Inc."
"UGI","UGI CORP","Equity","0.07","52.43","19,193.00","1,006,288.99","1,006,288.99","Utilities","2910118","US9026811052","New York Stock Exchange Inc."
"MOS","MOSAIC","Equity","0.07","24.76","40,451.00","1,001,566.76","1,001,566.76","Materials","B3NPHP6","US61945C1036","New York Stock Exchange Inc."
"SNA","SNAP ON INC","Equity","0.07","162.81","6,111.00","994,931.91","994,931.91","Industrials","2818740","US8330341012","New York Stock Exchange Inc."
"ARMK","ARAMARK","Equity","0.07","35.93","27,253.00","979,200.29","979,200.29","Consumer Discretionary","BH3XG17","US03852U1060","New York Stock Exchange Inc."
"WU","WESTERN UNION","Equity","0.07","20.25","48,153.00","975,098.25","975,098.25","Information Technology","B1F76F9","US9598021098","New York Stock Exchange Inc."
"FFIV","F5 NETWORKS INC","Equity","0.07","147.80","6,567.00","970,602.60","970,602.60","Information Technology","2427599","US3156161024","NASDAQ"
"BWA","BORGWARNER INC","Equity","0.06","40.69","23,006.00","936,114.14","936,114.14","Consumer Discretionary","2111955","US0997241064","New York Stock Exchange Inc."
"ZION","ZIONS BANCORPORATION","Equity","0.06","45.37","20,566.00","933,079.42","933,079.42","Financials","2989828","US9897011071","NASDAQ"
"LKQ","LKQ CORP","Equity","0.06","26.69","34,610.00","923,740.90","923,740.90","Consumer Discretionary","2971029","US5018892084","NASDAQ"
"NOV","NATIONAL OILWELL VARCO INC","Equity","0.06","21.78","42,366.00","922,731.48","922,731.48","Energy","2624486","US6370711011","New York Stock Exchange Inc."
"GGG","GRACO INC","Equity","0.06","50.83","18,089.00","919,463.87","919,463.87","Industrials","2380443","US3841091040","New York Stock Exchange Inc."
"IVZ","INVESCO LTD","Equity","0.06","20.82","43,866.00","913,290.12","913,290.12","Financials","B28XP76","BMG491BT1088","New York Stock Exchange Inc."
"SPR","SPIRIT AEROSYSTEMS INC CLASS A","Equity","0.06","78.80","11,534.00","908,879.20","908,879.20","Industrials","B1HMMS7","US8485741099","New York Stock Exchange Inc."
"VOYA","VOYA FINANCIAL INC","Equity","0.06","56.31","16,122.00","907,829.82","907,829.82","Financials","BKWQ2N2","US9290891004","New York Stock Exchange Inc."
"TECH","BIO TECHNE CORP","Equity","0.06","216.72","4,175.00","904,806.00","904,806.00","Health Care","BSHZ3Q0","US09073M1045","NASDAQ"
"DELL","DELL TECHNOLOGIES INC CLASS C","Equity","0.06","52.92","17,080.00","903,873.60","903,873.60","Information Technology","BHKD3S6","US24703L2025","New York Stock Exchange Inc."
"JAZZ","JAZZ PHARMACEUTICALS PLC","Equity","0.06","143.24","6,303.00","902,841.72","902,841.72","Health Care","B4Q5ZN4","IE00B4Q5ZN47","NASDAQ"
"BG","BUNGE LTD","Equity","0.06","56.73","15,585.00","884,137.05","884,137.05","Consumer Staples","2788713","BMG169621056","New York Stock Exchange Inc."
"ST","SENSATA TECHNOLOGIES HOLDING PLC","Equity","0.06","48.25","18,122.00","874,386.50","874,386.50","Industrials","BFMBMT8","GB00BFMBMT84","New York Stock Exchange Inc."
"FBHS","FORTUNE BRANDS HOME AND SECURITY I","Equity","0.06","56.86","15,351.00","872,857.86","872,857.86","Industrials","B3MC7D6","US34964C1062","New York Stock Exchange Inc."
"KSS","KOHLS CORP","Equity","0.06","47.52","18,113.00","860,729.76","860,729.76","Consumer Discretionary","2496113","US5002551043","New York Stock Exchange Inc."
"CGNX","COGNEX CORP","Equity","0.06","45.81","18,705.00","856,876.05","856,876.05","Information Technology","2208288","US1924221039","NASDAQ"
"MIDD","MIDDLEBY CORP","Equity","0.06","138.56","6,163.00","853,945.28","853,945.28","Industrials","2590930","US5962781010","NASDAQ"
"USD","USD CASH","Cash","0.06","100.00","850,738.00","850,737.87","850,737.87","Cash and/or Derivatives","-","-","-"
"LPT","LIBERTY PROPERTY REIT TRUST","Equity","0.06","51.57","16,320.00","841,622.40","841,622.40","Real Estate","2513681","US5311721048","New York Stock Exchange Inc."
"POOL","POOL CORP","Equity","0.06","193.33","4,350.00","840,985.50","840,985.50","Consumer Discretionary","2781585","US73278L1052","NASDAQ"
"ALB","ALBEMARLE CORP","Equity","0.06","71.54","11,725.00","838,806.50","838,806.50","Materials","2046853","US0126531013","New York Stock Exchange Inc."
"XRX","XEROX CORP","Equity","0.06","36.48","22,839.00","833,166.72","833,166.72","Information Technology","BYWTW73","US9841216081","New York Stock Exchange Inc."
"JLL","JONES LANG LASALLE INC","Equity","0.05","140.04","5,681.00","795,567.24","795,567.24","Real Estate","2040640","US48020Q1076","New York Stock Exchange Inc."
"HDS","HD SUPPLY HOLDINGS INC","Equity","0.05","40.25","19,675.00","791,918.75","791,918.75","Industrials","BBL5981","US40416M1053","NASDAQ"
"LUV","SOUTHWEST AIRLINES","Equity","0.05","51.89","15,259.00","791,789.51","791,789.51","Industrials","2831543","US8447411088","New York Stock Exchange Inc."
"PVH","PVH CORP","Equity","0.05","93.66","8,341.00","781,218.06","781,218.06","Consumer Discretionary","B3V9F12","US6936561009","New York Stock Exchange Inc."
"FLS","FLOWSERVE CORP","Equity","0.05","53.46","14,460.00","773,031.60","773,031.60","Industrials","2288406","US34354P1057","New York Stock Exchange Inc."
"RHI","ROBERT HALF","Equity","0.05","58.00","13,155.00","762,990.00","762,990.00","Industrials","2110703","US7703231032","New York Stock Exchange Inc."
"CPB","CAMPBELL SOUP","Equity","0.05","41.67","18,290.00","762,144.30","762,144.30","Consumer Staples","2162845","US1344291091","New York Stock Exchange Inc."
"SBNY","SIGNATURE BANK","Equity","0.05","123.97","6,112.00","757,704.64","757,704.64","Financials","B00JQL9","US82669G1040","NASDAQ"
"SEE","SEALED AIR CORP","Equity","0.05","44.32","17,004.00","753,617.28","753,617.28","Materials","2232793","US81211K1007","New York Stock Exchange Inc."
"WBC","WABCO HOLDINGS INC","Equity","0.05","132.35","5,657.00","748,703.95","748,703.95","Industrials","B23CNQ3","US92927K1025","New York Stock Exchange Inc."
"NWL","NEWELL BRANDS INC","Equity","0.05","15.46","48,242.00","745,821.32","745,821.32","Consumer Discretionary","2635701","US6512291062","NASDAQ"
"PBCT","PEOPLES UNITED FINANCIAL INC","Equity","0.05","16.86","43,860.00","739,479.60","739,479.60","Financials","B1W41J2","US7127041058","NASDAQ"
"SON","SONOCO PRODUCTS","Equity","0.05","66.12","11,030.00","729,303.60","729,303.60","Materials","2821395","US8354951027","New York Stock Exchange Inc."
"AOS","A O SMITH CORP","Equity","0.05","46.79","15,578.00","728,894.62","728,894.62","Industrials","2816023","US8318652091","New York Stock Exchange Inc."
"AXTA","AXALTA COATING SYSTEMS LTD","Equity","0.05","30.43","23,167.00","704,971.81","704,971.81","Materials","BSFWCF5","BMG0750C1082","New York Stock Exchange Inc."
"OC","OWENS CORNING","Equity","0.05","57.87","12,081.00","699,127.47","699,127.47","Industrials","B1FW7Q2","US6907421019","New York Stock Exchange Inc."
"HBI","HANESBRANDS INC","Equity","0.05","17.38","39,835.00","692,332.30","692,332.30","Consumer Discretionary","B1BJSL9","US4103451021","New York Stock Exchange Inc."
"GWR","GENESEE & WYOMING INC CLASS A","Equity","0.05","109.53","6,217.00","680,948.01","680,948.01","Industrials","2374060","US3715591059","New York Stock Exchange Inc."
"MAN","MANPOWER INC","Equity","0.04","95.97","6,670.00","640,119.90","640,119.90","Industrials","2562490","US56418H1005","New York Stock Exchange Inc."
"HOG","HARLEY DAVIDSON INC","Equity","0.04","36.26","17,577.00","637,342.02","637,342.02","Consumer Discretionary","2411053","US4128221086","New York Stock Exchange Inc."
"S","SPRINT CORP","Equity","0.04","6.98","90,072.00","628,702.56","628,702.56","Communication","BC4FF21","US85207U1051","New York Stock Exchange Inc."
"ALV","AUTOLIV INC","Equity","0.04","67.67","9,147.00","618,977.49","618,977.49","Consumer Discretionary","2064253","US0528001094","New York Stock Exchange Inc."
"INGR","INGREDION INC","Equity","0.04","83.77","7,365.00","616,966.05","616,966.05","Consumer Staples","B7K24P7","US4571871023","New York Stock Exchange Inc."
"PWR","QUANTA SERVICES INC","Equity","0.04","38.89","15,620.00","607,461.80","607,461.80","Industrials","2150204","US74762E1029","New York Stock Exchange Inc."
"AYI","ACUITY BRANDS INC","Equity","0.04","135.17","4,433.00","599,208.61","599,208.61","Industrials","2818461","US00508Y1029","New York Stock Exchange Inc."
"CIT","CIT GROUP INC","Equity","0.04","52.09","11,136.00","580,074.24","580,074.24","Financials","B4Z73G0","US1255818015","New York Stock Exchange Inc."
"CPRI","CAPRI HOLDINGS LTD","Equity","0.04","34.76","16,599.00","576,981.24","576,981.24","Consumer Discretionary","BJ1N1M9","VGG1890L1076","New York Stock Exchange Inc."
"MDU","MDU RESOURCES GROUP INC","Equity","0.04","26.23","21,714.00","569,558.22","569,558.22","Utilities","2547323","US5526901096","New York Stock Exchange Inc."
"DECK","DECKERS OUTDOOR CORP","Equity","0.04","176.08","3,218.00","566,625.44","566,625.44","Consumer Discretionary","2267278","US2435371073","New York Stock Exchange Inc."
"NYT","NEW YORK TIMES CLASS A","Equity","0.04","34.19","16,416.00","561,263.04","561,263.04","Communication","2632003","US6501111073","New York Stock Exchange Inc."
"LBTYA","LIBERTY GLOBAL PLC CLASS A","Equity","0.04","27.60","20,324.00","560,942.40","560,942.40","Communication","B8W6766","GB00B8W67662","NASDAQ"
"AGCO","AGCO CORP","Equity","0.04","78.43","7,140.00","559,990.20","559,990.20","Industrials","2010278","US0010841023","New York Stock Exchange Inc."
"FLEX","FLEX LTD","Equity","0.04","9.78","56,640.00","553,939.20","553,939.20","Information Technology","2353058","SG9999000020","NASDAQ"
"EME","EMCOR GROUP INC","Equity","0.04","88.90","6,183.00","549,668.70","549,668.70","Industrials","2474164","US29084Q1004","New York Stock Exchange Inc."
"LECO","LINCOLN ELECTRIC HOLDINGS INC","Equity","0.04","82.76","6,585.00","544,974.60","544,974.60","Industrials","2516851","US5339001068","NASDAQ"
"UAA","UNDER ARMOUR INC CLASS A","Equity","0.04","25.93","20,718.00","537,217.74","537,217.74","Consumer Discretionary","B0PZN11","US9043111072","New York Stock Exchange Inc."
"NYCB","NEW YORK COMMUNITY BANCORP INC","Equity","0.04","10.24","52,310.00","535,654.40","535,654.40","Financials","2711656","US6494451031","New York Stock Exchange Inc."
"DISCA","DISCOVERY INC SERIES A","Equity","0.04","30.90","17,306.00","534,755.40","534,755.40","Communication","B3D7K31","US25470F1049","NASDAQ"
"FL","FOOT LOCKER INC","Equity","0.03","41.20","12,428.00","512,033.60","512,033.60","Consumer Discretionary","2980906","US3448491049","New York Stock Exchange Inc."
"TTEK","TETRA TECH INC","Equity","0.03","81.57","6,113.00","498,637.41","498,637.41","Industrials","2883890","US88162G1031","NASDAQ"
"NJR","NEW JERSEY RESOURCES CORP","Equity","0.03","50.02","9,777.00","489,045.54","489,045.54","Utilities","2630513","US6460251068","New York Stock Exchange Inc."
"TDC","TERADATA CORP","Equity","0.03","37.32","13,050.00","487,026.00","487,026.00","Information Technology","B247H10","US88076W1036","New York Stock Exchange Inc."
"UA","UNDER ARMOUR INC CLASS C","Equity","0.03","22.70","21,242.00","482,193.40","482,193.40","Consumer Discretionary","BDF9YM2","US9043112062","New York Stock Exchange Inc."
"AL","AIR LEASE CORP CLASS A","Equity","0.03","41.07","11,662.00","478,958.34","478,958.34","Industrials","B3XS562","US00912X3026","New York Stock Exchange Inc."
"GPS","GAP INC","Equity","0.03","18.12","25,270.00","457,892.40","457,892.40","Consumer Discretionary","2360326","US3647601083","New York Stock Exchange Inc."
"MAT","MATTEL INC","Equity","0.03","11.52","38,123.00","439,176.96","439,176.96","Consumer Discretionary","2572303","US5770811025","NASDAQ"
"EQT","EQT CORP","Equity","0.03","15.06","28,143.00","423,833.58","423,833.58","Energy","2319414","US26884L1098","New York Stock Exchange Inc."
"MAC","MACERICH REIT","Equity","0.03","33.27","12,475.00","415,043.25","415,043.25","Real Estate","2543967","US5543821012","New York Stock Exchange Inc."
"UMPQ","UMPQUA HOLDINGS CORP","Equity","0.03","16.90","24,328.00","411,143.20","411,143.20","Financials","2484389","US9042141039","NASDAQ"
"JWN","NORDSTROM INC","Equity","0.03","31.25","13,053.00","407,906.25","407,906.25","Consumer Discretionary","2641827","US6556641008","New York Stock Exchange Inc."
"BOH","BANK OF HAWAII CORP.","Equity","0.03","82.16","4,605.00","378,346.80","378,346.80","Financials","2074070","US0625401098","New York Stock Exchange Inc."
"UHAL","AMERCO","Equity","0.03","378.52","980.00","370,949.60","370,949.60","Industrials","2028174","US0235861004","NASDAQ"
"TKR","TIMKEN","Equity","0.02","50.31","7,348.00","369,677.88","369,677.88","Industrials","2892807","US8873891043","New York Stock Exchange Inc."
"DAR","DARLING INGREDIENTS INC","Equity","0.02","19.76","18,186.00","359,355.36","359,355.36","Consumer Staples","2250289","US2372661015","New York Stock Exchange Inc."
"LM","LEGG MASON INC","Equity","0.02","37.83","9,452.00","357,569.16","357,569.16","Financials","2510615","US5249011058","New York Stock Exchange Inc."
"CHH","CHOICE HOTELS INTERNATIONAL INC","Equity","0.02","89.20","3,954.00","352,696.80","352,696.80","Consumer Discretionary","2106780","US1699051066","New York Stock Exchange Inc."
"ASGN","ASGN INC","Equity","0.02","59.42","5,798.00","344,517.16","344,517.16","Industrials","BFY8W20","US00191U1025","New York Stock Exchange Inc."
"COLM","COLUMBIA SPORTSWEAR","Equity","0.02","101.45","3,355.00","340,364.75","340,364.75","Consumer Discretionary","2229126","US1985161066","NASDAQ"
"COMM","COMMSCOPE HOLDING INC","Equity","0.02","15.91","21,228.00","337,737.48","337,737.48","Information Technology","BFRBX34","US20337X1090","NASDAQ"
"EXPO","EXPONENT INC","Equity","0.02","59.38","5,594.00","332,171.72","332,171.72","Industrials","2330318","US30214U1025","NASDAQ"
"OFC","CORPORATE OFFICE PROPERTIES TRUST","Equity","0.02","27.55","11,936.00","328,836.80","328,836.80","Real Estate","2756152","US22002T1088","New York Stock Exchange Inc."
"R","RYDER SYSTEM INC","Equity","0.02","55.76","5,861.00","326,809.36","326,809.36","Industrials","2760669","US7835491082","New York Stock Exchange Inc."
"AVA","AVISTA CORP","Equity","0.02","44.83","7,249.00","324,972.67","324,972.67","Utilities","2942605","US05379B1070","New York Stock Exchange Inc."
"CATY","CATHAY GENERAL BANCORP","Equity","0.02","35.90","8,505.00","305,329.50","305,329.50","Financials","2264235","US1491501045","NASDAQ"
"PCH","POTLATCHDELTIC CORP","Equity","0.02","40.43","7,496.00","303,063.28","303,063.28","Real Estate","B0XXJN1","US7376301039","NASDAQ"
"UFS","DOMTAR CORP","Equity","0.02","43.53","6,867.00","298,920.51","298,920.51","Materials","B1T84Z4","US2575592033","New York Stock Exchange Inc."
"ONB","OLD NATIONAL BANCORP","Equity","0.02","16.81","17,515.00","294,427.15","294,427.15","Financials","2658441","US6800331075","NASDAQ"
"WWW","WOLVERINE WORLD WIDE INC","Equity","0.02","27.78","9,971.00","276,994.38","276,994.38","Consumer Discretionary","2977500","US9780971035","New York Stock Exchange Inc."
"ORA","ORMAT TECH INC","Equity","0.02","62.73","4,200.00","263,466.00","263,466.00","Utilities","B03L311","US6866881021","New York Stock Exchange Inc."
"FUL","HB FULLER","Equity","0.02","46.83","5,597.00","262,107.51","262,107.51","Materials","2354664","US3596941068","New York Stock Exchange Inc."
"AIT","APPLIED INDUSTRIAL TECHNOLOGIES IN","Equity","0.02","61.07","4,278.00","261,257.46","261,257.46","Industrials","2086309","US03820C1053","New York Stock Exchange Inc."
"CLB","CORE LABORATORIES NV","Equity","0.02","52.50","4,877.00","256,042.50","256,042.50","Energy","2182531","NL0000200384","New York Stock Exchange Inc."
"AN","AUTONATION INC","Equity","0.02","42.57","5,951.00","253,334.07","253,334.07","Consumer Discretionary","2732635","US05329W1027","New York Stock Exchange Inc."
"CAR","AVIS BUDGET GROUP INC","Equity","0.02","34.87","7,254.00","252,946.98","252,946.98","Industrials","B1CL8J2","US0537741052","NASDAQ"
"MD","MEDNAX INC","Equity","0.02","25.01","9,772.00","244,397.72","244,397.72","Health Care","2677640","US58502B1061","New York Stock Exchange Inc."
"ITRI","ITRON INC","Equity","0.02","62.70","3,878.00","243,150.60","243,150.60","Information Technology","2471949","US4657411066","NASDAQ"
"GVA","GRANITE CONSTRUCTION INC","Equity","0.02","47.32","5,128.00","242,656.96","242,656.96","Industrials","2381189","US3873281071","New York Stock Exchange Inc."
"IBOC","INTERNATIONAL BANCSHARES CORP","Equity","0.02","37.49","6,203.00","232,550.47","232,550.47","Financials","2243911","US4590441030","NASDAQ"
"JWA","JOHN WILEY AND SONS INC CLASS A","Equity","0.02","45.83","5,076.00","232,633.08","232,633.08","Communication","2965668","US9682232064","New York Stock Exchange Inc."
"HAIN","HAIN CELESTIAL GROUP INC","Equity","0.02","21.89","10,278.00","224,985.42","224,985.42","Consumer Staples","2492337","US4052171000","NASDAQ"
"NWN","NORTHWEST NATURAL HOLDING COMPANY","Equity","0.01","69.61","3,185.00","221,707.85","221,707.85","Utilities","BFNR303","US66765N1054","New York Stock Exchange Inc."
"BLDR","BUILDERS FIRSTSOURCE INC","Equity","0.01","16.96","12,674.00","214,951.04","214,951.04","Industrials","B0BV2M7","US12008R1077","NASDAQ"
"PDCO","PATTERSON COMPANIES INC","Equity","0.01","22.34","9,436.00","210,800.24","210,800.24","Health Care","2672689","US7033951036","NASDAQ"
"JACK","JACK IN THE BOX INC","Equity","0.01","81.82","2,567.00","210,031.94","210,031.94","Consumer Discretionary","2344922","US4663671091","NASDAQ"
"MTX","MINERALS TECHNOLOGIES INC","Equity","0.01","53.39","3,900.00","208,221.00","208,221.00","Materials","2595612","US6031581068","New York Stock Exchange Inc."
"MTH","MERITAGE CORP","Equity","0.01","52.97","3,923.00","207,801.31","207,801.31","Consumer Discretionary","2601326","US59001A1025","New York Stock Exchange Inc."
"CMP","COMPASS MINERALS INTERNATIONAL INC","Equity","0.01","54.55","3,737.00","203,853.35","203,853.35","Materials","2202763","US20451N1019","New York Stock Exchange Inc."
"SEM","SELECT MEDICAL HOLDINGS CORP","Equity","0.01","15.60","12,779.00","199,352.40","199,352.40","Health Care","B4MF0Q6","US81619Q1058","New York Stock Exchange Inc."
"DLX","DELUXE CORP","Equity","0.01","41.05","4,751.00","195,028.55","195,028.55","Industrials","2260363","US2480191012","New York Stock Exchange Inc."
"MTOR","MERITOR INC","Equity","0.01","23.56","8,217.00","193,592.52","193,592.52","Industrials","2608349","US59001K1007","New York Stock Exchange Inc."
"AVP","AVON PRODUCTS INC","Equity","0.01","3.90","49,265.00","192,133.50","192,133.50","Consumer Staples","2066721","US0543031027","New York Stock Exchange Inc."
"SFLY","SHUTTERFLY INC","Equity","0.01","50.55","3,802.00","192,191.10","192,191.10","Consumer Discretionary","B188HK1","US82568P3047","NASDAQ"
"QEP","QEP RESOURCES INC","Equity","0.01","7.18","26,156.00","187,800.08","187,800.08","Energy","B60X657","US74733V1008","New York Stock Exchange Inc."
"ELY","CALLAWAY GOLF","Equity","0.01","17.75","9,648.00","171,252.00","171,252.00","Consumer Discretionary","2173933","US1311931042","New York Stock Exchange Inc."
"SWN","SOUTHWESTERN ENERGY","Equity","0.01","2.85","59,800.00","170,430.00","170,430.00","Energy","2828619","US8454671095","New York Stock Exchange Inc."
"HNI","HNI CORP","Equity","0.01","34.87","4,835.00","168,596.45","168,596.45","Industrials","2435246","US4042511000","New York Stock Exchange Inc."
"LZB","LA-Z-BOY INC","Equity","0.01","31.55","5,283.00","166,678.65","166,678.65","Consumer Discretionary","2508405","US5053361078","New York Stock Exchange Inc."
"SCS","STEELCASE INC CLASS A","Equity","0.01","17.26","9,536.00","164,591.36","164,591.36","Industrials","2150420","US8581552036","New York Stock Exchange Inc."
"ICFI","ICF INTERNATIONAL INC","Equity","0.01","78.36","1,963.00","153,820.68","153,820.68","Industrials","B1FP363","US44925C1036","NASDAQ"
"HTLF","HEARTLAND FINANCIAL USA INC","Equity","0.01","44.89","3,390.00","152,177.10","152,177.10","Financials","2828147","US42234Q1022","NASDAQ"
"PLT","PLANTRONICS INC","Equity","0.01","36.90","3,735.00","137,821.50","137,821.50","Information Technology","2692030","US7274931085","New York Stock Exchange Inc."
"KNL","KNOLL INC","Equity","0.01","23.25","5,631.00","130,920.75","130,920.75","Industrials","B051B48","US4989042001","New York Stock Exchange Inc."
"ODP","OFFICE DEPOT INC","Equity","0.01","2.12","55,555.00","117,776.60","117,776.60","Consumer Discretionary","2655981","US6762201068","NASDAQ"
"TNC","TENNANT","Equity","0.01","60.41","1,899.00","114,718.59","114,718.59","Industrials","2883641","US8803451033","New York Stock Exchange Inc."
"NCI","NAVIGANT CONSULTING INC","Equity","0.01","23.52","4,787.00","112,590.24","112,590.24","Industrials","2564797","US63935N1072","New York Stock Exchange Inc."
"SCHL","SCHOLASTIC CORP","Equity","0.01","32.99","3,208.00","105,831.92","105,831.92","Communication","2779234","US8070661058","NASDAQ"
"TILE","INTERFACE INC","Equity","0.01","15.32","6,691.00","102,506.12","102,506.12","Industrials","B86V808","US4586653044","NASDAQ"
"TUP","TUPPERWARE BRANDS CORP","Equity","0.01","18.83","5,298.00","99,761.34","99,761.34","Consumer Discretionary","2872069","US8998961044","New York Stock Exchange Inc."
"TBI","TRUEBLUE INC","Equity","0.01","21.62","4,551.00","98,392.62","98,392.62","Industrials","2519849","US89785X1019","New York Stock Exchange Inc."
"HEES","H AND E EQUIPMENT SERVICES INC","Equity","0.01","27.73","3,506.00","97,221.38","97,221.38","Industrials","B0WR848","US4040301081","NASDAQ"
"KELYA","KELLY SERVICES INC CLASS A","Equity","0.01","26.31","3,531.00","92,900.61","92,900.61","Industrials","2487117","US4881522084","NASDAQ"
"SIG","SIGNET JEWELERS LTD","Equity","0.01","16.35","5,658.00","92,508.30","92,508.30","Consumer Discretionary","B3CTNK6","BMG812761002","New York Stock Exchange Inc."
"CAL","CALERES INC","Equity","0.01","19.24","4,671.00","89,870.04","89,870.04","Consumer Discretionary","BWX4MD9","US1295001044","New York Stock Exchange Inc."
"ACCO","ACCO BRANDS CORP","Equity","0.01","7.75","11,350.00","87,962.50","87,962.50","Industrials","B0G7SZ5","US00081T1088","New York Stock Exchange Inc."
"HTZ","HERTZ GLOBAL HOLDINGS INC","Equity","0.01","16.01","5,345.00","85,573.45","85,573.45","Industrials","BZBYZY4","US42806J1060","New York Stock Exchange Inc."
"RLGY","REALOGY HOLDINGS CORP","Equity","0.01","6.45","13,046.00","84,146.70","84,146.70","Real Estate","B5T0CW1","US75605Y1064","New York Stock Exchange Inc."
"ARCB","ARCBEST CORP","Equity","0.01","27.45","2,842.00","78,012.90","78,012.90","Industrials","BLTFST7","US03937C1053","NASDAQ"
"SCHN","SCHNITZER STEEL INDUSTRIES INC CLA","Equity","0.00","24.39","2,743.00","66,901.77","66,901.77","Materials","2821298","US8068821060","NASDAQ"
"DNR","DENBURY RESOURCES INC","Equity","0.00","1.20","52,583.00","63,099.60","63,099.60","Energy","2418474","US2479162081","New York Stock Exchange Inc."
"ECHO","ECHO GLOBAL LOGISTICS INC","Equity","0.00","19.48","3,237.00","63,056.76","63,056.76","Industrials","B4M7GZ3","US27875T1016","NASDAQ"
"WAIR","WESCO AIRCRAFT HOLDINGS INC","Equity","0.00","11.03","5,553.00","61,249.59","61,249.59","Industrials","B3Y05W3","US9508141036","New York Stock Exchange Inc."
"RECN","RESOURCES CONNECTION INC","Equity","0.00","16.04","3,595.00","57,663.80","57,663.80","Industrials","2697853","US76122Q1058","NASDAQ"
"GME","GAMESTOP CORP CLASS A","Equity","0.00","5.31","10,634.00","56,466.54","56,466.54","Consumer Discretionary","B0LLFT5","US36467W1099","New York Stock Exchange Inc."
"BKE","BUCKLE INC","Equity","0.00","16.63","3,325.00","55,294.75","55,294.75","Consumer Discretionary","2149934","US1184401065","New York Stock Exchange Inc."
"UNFI","UNITED NATURAL FOODS INC","Equity","0.00","9.16","5,997.00","54,932.52","54,932.52","Consumer Staples","2895163","US9111631035","New York Stock Exchange Inc."
"ETH","ETHAN ALLEN INC","Equity","0.00","21.03","2,580.00","54,257.40","54,257.40","Consumer Discretionary","2320825","US2976021046","New York Stock Exchange Inc."
"HSII","HEIDRICK AND STRUGGLES INTERNATION","Equity","0.00","29.55","1,834.00","54,194.70","54,194.70","Industrials","2413071","US4228191023","NASDAQ"
"TISI","TEAM INC","Equity","0.00","14.96","2,775.00","41,514.00","41,514.00","Industrials","2879123","US8781551002","New York Stock Exchange Inc."
"CBB","CINCINNATI BELL INC","Equity","0.00","4.81","4,029.00","19,379.49","19,379.49","Communication","BD5CWW7","US1718715022","New York Stock Exchange Inc."
"RRD","RR DONNELLEY AND SONS","Equity","0.00","2.05","7,449.00","15,270.45","15,270.45","Industrials","BYND5W0","US2578672006","New York Stock Exchange Inc."
"HTZ RT","HERTZ GLOBAL HOLDINGS RIGHTS INC","Equity","0.00","2.19","5,345.00","11,705.55","11,705.55","Industrials","BJMJ8K3","US42806J1144","New York Stock Exchange Inc."
 