﻿Fund Holdings as of,"Jul 4, 2019"
 
Issuer Ticker,Name,Asset Class,Weight (%),Price,Shares,Market Value,Notional Value,Sector,ISIN,Coupon (%),Maturity,Exchange,Country,Market Currency,Duration
"TBOND","TREASURY BOND (2OLD)","Fixed Income","3.94","118.99","24,809,000.00","29,643,637.64","29,643,637.64","Treasury","US912810SE91","3.38","Nov 15, 2048","-","United States","USD","19.19"
"TBOND","TREASURY BOND (OLD)","Fixed Income","3.75","111.05","25,159,000.00","28,237,420.74","28,237,420.74","Treasury","US912810SF66","3.00","Feb 15, 2049","-","United States","USD","19.63"
"TBOND","TREASURY BOND","Fixed Income","3.62","110.90","24,314,000.00","27,252,936.00","27,252,936.00","Treasury","US912810SD19","3.00","Aug 15, 2048","-","United States","USD","19.42"
"TBOND","TREASURY BOND","Fixed Income","3.51","124.33","21,141,000.00","26,400,540.80","26,400,540.80","Treasury","US912810RD28","3.75","Nov 15, 2043","-","United States","USD","16.67"
"TBOND","TREASURY BOND","Fixed Income","3.47","113.46","22,880,000.00","26,065,673.87","26,065,673.87","Treasury","US912810SC36","3.13","May 15, 2048","-","United States","USD","19.28"
"TBOND","TREASURY BOND","Fixed Income","3.23","112.74","21,318,600.00","24,297,392.83","24,297,392.83","Treasury","US912810RH32","3.13","Aug 15, 2044","-","United States","USD","17.49"
"TBOND","TREASURY BOND","Fixed Income","3.21","122.05","19,554,100.00","24,145,941.42","24,145,941.42","Treasury","US912810RE01","3.63","Feb 15, 2044","-","United States","USD","16.77"
"TBOND","TREASURY BOND","Fixed Income","3.17","117.42","20,195,600.00","23,813,281.16","23,813,281.16","Treasury","US912810RG58","3.38","May 15, 2044","-","United States","USD","17.24"
"TBOND","TREASURY BOND","Fixed Income","3.14","110.54","21,278,200.00","23,614,392.60","23,614,392.60","Treasury","US912810RM27","3.00","May 15, 2045","-","United States","USD","18.11"
"TBOND","TREASURY BOND","Fixed Income","3.10","110.41","21,050,300.00","23,334,336.99","23,334,336.99","Treasury","US912810RJ97","3.00","Nov 15, 2044","-","United States","USD","17.87"
"TBOND","TREASURY BOND","Fixed Income","3.09","110.77","20,740,300.00","23,218,911.63","23,218,911.63","Treasury","US912810SA79","3.00","Feb 15, 2048","-","United States","USD","19.20"
"TBOND","TREASURY BOND","Fixed Income","3.05","108.06","21,128,600.00","22,920,403.53","22,920,403.53","Treasury","US912810RB61","2.88","May 15, 2043","-","United States","USD","17.29"
"TBOND","TREASURY BOND","Fixed Income","3.02","110.88","20,245,400.00","22,688,593.18","22,688,593.18","Treasury","US912810RV26","3.00","Feb 15, 2047","-","United States","USD","18.78"
"TBOND","TREASURY BOND","Fixed Income","2.98","108.05","20,505,500.00","22,388,434.85","22,388,434.85","Treasury","US912810RN00","2.88","Aug 15, 2045","-","United States","USD","18.25"
"TBOND","TREASURY BOND","Fixed Income","2.97","108.19","20,565,200.00","22,336,539.29","22,336,539.29","Treasury","US912810RU43","2.88","Nov 15, 2046","-","United States","USD","18.95"
"TBOND","TREASURY BOND","Fixed Income","2.92","105.55","20,604,000.00","21,970,705.76","21,970,705.76","Treasury","US912810RY64","2.75","Aug 15, 2047","-","United States","USD","19.32"
"TBOND","TREASURY BOND","Fixed Income","2.91","105.56","20,621,900.00","21,851,402.96","21,851,402.96","Treasury","US912810RZ30","2.75","Nov 15, 2047","-","United States","USD","19.56"
"TBOND","TREASURY BOND","Fixed Income","2.89","110.62","19,582,200.00","21,748,247.34","21,748,247.34","Treasury","US912810RP57","3.00","Nov 15, 2045","-","United States","USD","18.34"
"TBOND","TREASURY BOND","Fixed Income","2.89","110.75","19,530,900.00","21,716,450.17","21,716,450.17","Treasury","US912810RX81","3.00","May 15, 2047","-","United States","USD","19.01"
"TBOND","TREASURY BOND","Fixed Income","2.87","121.91","17,493,000.00","21,575,555.72","21,575,555.72","Treasury","US912810RC45","3.63","Aug 15, 2043","-","United States","USD","16.54"
"TBOND","TREASURY BOND","Fixed Income","2.80","100.75","20,693,200.00","21,052,758.64","21,052,758.64","Treasury","US912810RK60","2.50","Feb 15, 2045","-","United States","USD","18.51"
"TBOND","TREASURY BOND","Fixed Income","2.72","100.57","20,166,500.00","20,481,458.19","20,481,458.19","Treasury","US912810RQ31","2.50","Feb 15, 2046","-","United States","USD","18.99"
"TBOND","TREASURY BOND","Fixed Income","2.62","95.54","20,467,200.00","19,736,885.72","19,736,885.72","Treasury","US912810RT79","2.25","Aug 15, 2046","-","United States","USD","19.62"
"TBOND","TREASURY BOND","Fixed Income","2.50","100.54","18,640,000.00","18,808,861.22","18,808,861.22","Treasury","US912810RS96","2.50","May 15, 2046","-","United States","USD","19.22"
"TBOND","TREASURY BOND (OTR)","Fixed Income","2.39","108.48","16,520,000.00","17,991,313.33","17,991,313.33","Treasury","US912810SH23","2.88","May 15, 2049","-","United States","USD","20.04"
"TBOND","TREASURY BOND","Fixed Income","2.12","112.63","14,002,600.00","15,943,832.43","15,943,832.43","Treasury","US912810QZ49","3.13","Feb 15, 2043","-","United States","USD","16.79"
"TBOND","TREASURY BOND","Fixed Income","2.10","138.41","11,273,700.00","15,810,356.69","15,810,356.69","Treasury","US912810QE10","4.63","Feb 15, 2040","-","United States","USD","14.22"
"TBOND","TREASURY BOND","Fixed Income","2.04","105.88","14,472,200.00","15,381,407.66","15,381,407.66","Treasury","US912810QY73","2.75","Nov 15, 2042","-","United States","USD","17.18"
"TBOND","TREASURY BOND","Fixed Income","1.89","141.11","9,953,400.00","14,231,555.58","14,231,555.58","Treasury","US912810QN19","4.75","Feb 15, 2041","-","United States","USD","14.60"
"TBOND","TREASURY BOND","Fixed Income","1.86","134.24","10,398,800.00","14,026,335.45","14,026,335.45","Treasury","US912810QH41","4.38","May 15, 2040","-","United States","USD","14.60"
"TBOND","TREASURY BOND","Fixed Income","1.78","106.00","12,492,500.00","13,377,759.27","13,377,759.27","Treasury","US912810QX90","2.75","Aug 15, 2042","-","United States","USD","16.94"
"TBOND","TREASURY BOND","Fixed Income","1.62","125.98","9,553,800.00","12,181,791.67","12,181,791.67","Treasury","US912810QK79","3.88","Aug 15, 2040","-","United States","USD","14.94"
"TBOND","TREASURY BOND","Fixed Income","1.50","112.88","9,909,700.00","11,308,679.24","11,308,679.24","Treasury","US912810QU51","3.13","Feb 15, 2042","-","United States","USD","16.31"
"TBOND","TREASURY BOND","Fixed Income","1.39","134.69","7,747,200.00","10,484,548.68","10,484,548.68","Treasury","US912810QQ40","4.38","May 15, 2041","-","United States","USD","15.07"
"TBOND","TREASURY BOND","Fixed Income","1.34","132.33","7,592,800.00","10,094,761.33","10,094,761.33","Treasury","US912810QL52","4.25","Nov 15, 2040","-","United States","USD","14.92"
"TBOND","TREASURY BOND","Fixed Income","1.31","123.90","7,829,900.00","9,817,112.46","9,817,112.46","Treasury","US912810QS06","3.75","Aug 15, 2041","-","United States","USD","15.51"
"TBOND","TREASURY BOND","Fixed Income","1.20","110.57","8,126,500.00","9,021,270.51","9,021,270.51","Treasury","US912810QW18","3.00","May 15, 2042","-","United States","USD","16.66"
"TBOND","TREASURY BOND","Fixed Income","1.18","134.03","6,600,000.00","8,888,433.42","8,888,433.42","Treasury","US912810QD37","4.38","Nov 15, 2039","-","United States","USD","14.36"
"TBOND","TREASURY BOND","Fixed Income","1.17","112.97","7,755,900.00","8,797,308.72","8,797,308.72","Treasury","US912810QT88","3.13","Nov 15, 2041","-","United States","USD","16.29"
"TBOND","TREASURY BOND","Fixed Income","0.67","136.15","3,642,800.00","5,024,512.74","5,024,512.74","Treasury","US912810QC53","4.50","Aug 15, 2039","-","United States","USD","14.05"
"ICSUAGD","BLK ICS USD LIQ AGENCY DIS","Money Market","0.27","1.00","2,060,847.00","2,060,846.71","2,060,846.71","Cash and/or Derivatives","IE00B50QMP13","2.36","-","-","United States","USD","0.10"
"EUR","EUR CASH","Cash","0.01","112.82","57,077.00","64,394.12","64,394.12","Cash and/or Derivatives","-","0.00","-","-","European Union","EUR","0.00"
"GBP","GBP CASH","Cash","0.00","125.74","8,660.00","10,888.98","10,888.98","Cash and/or Derivatives","-","0.00","-","-","United Kingdom","GBP","0.00"
"CHF","CHF CASH","Cash","0.00","101.46","1,134.00","1,150.51","1,150.51","Cash and/or Derivatives","-","0.00","-","-","Switzerland","CHF","0.00"
"USD","USD CASH","Cash","-0.22","100.00","-1,622,527.00","-1,622,526.59","-1,622,526.59","Cash and/or Derivatives","-","0.00","-","-","United States","USD","0.00"
 