﻿Fund Holdings as of,"Jul 4, 2019"
 
Issuer Ticker,Name,Asset Class,Weight (%),Price,Shares,Market Value,Notional Value,Sector,ISIN,Coupon (%),Maturity,Exchange,Country,Market Currency,Duration
"DB","DEUTSCHE BANK AG RegS","Fixed Income","1.30","97.81","600,000.00","586,972.80","586,972.80","Banking","DE000DB7XJC7","0.33","Sep 10, 2021","-","Germany","EUR","0.18"
"T","AT&T INC","Fixed Income","1.22","100.22","550,000.00","551,289.75","551,289.75","Communications","XS1862437909","0.09","Aug 3, 2020","-","United States","EUR","0.09"
"ISPIM","INTESA SANPAOLO SPA MTN RegS","Fixed Income","1.12","100.60","500,000.00","503,147.83","503,147.83","Banking","XS1246144650","0.73","Jun 15, 2020","-","Italy","EUR","0.21"
"BFCM","BANQUE FEDERATIVE DU CREDIT MUTUEL MTN RegS","Fixed Income","1.11","100.35","500,000.00","501,834.53","501,834.53","Banking","XS1426782170","0.15","Jun 3, 2020","-","France","EUR","0.17"
"ISPIM","INTESA SANPAOLO SPA MTN RegS","Fixed Income","1.00","100.05","450,000.00","450,791.10","450,791.10","Banking","XS1599167589","0.64","Apr 19, 2022","-","Italy","EUR","0.05"
"ACAFP","CREDIT AGRICOLE SA (LONDON BRANCH) MTN RegS","Fixed Income","0.90","100.80","400,000.00","403,416.00","403,416.00","Banking","FR0013396777","0.24","Jan 17, 2022","-","France","EUR","0.05"
"WFC","WELLS FARGO & COMPANY MTN RegS","Fixed Income","0.90","100.74","400,000.00","403,204.13","403,204.13","Banking","XS1400169428","0.31","Apr 26, 2021","-","United States","EUR","0.37"
"INTNED","ING BANK NV MTN RegS","Fixed Income","0.89","100.62","400,000.00","402,534.44","402,534.44","Banking","XS1914936726","0.11","Nov 26, 2021","-","Netherlands","EUR","0.16"
"RBS","NATWEST MARKETS PLC MTN RegS","Fixed Income","0.89","100.60","400,000.00","402,459.17","402,459.17","Banking","XS1884702207","0.56","Sep 27, 2021","-","United Kingdom","EUR","0.25"
"HSBC","HSBC HOLDINGS PLC MTN RegS","Fixed Income","0.89","100.58","400,000.00","402,351.61","402,351.61","Banking","XS1586214956","0.35","Sep 27, 2022","-","United Kingdom","EUR","0.25"
"WFC","WELLS FARGO & COMPANY MTN RegS","Fixed Income","0.89","100.43","400,000.00","401,845.26","401,845.26","Banking","XS1558022866","0.19","Jan 31, 2022","-","United States","EUR","1.18"
"KO","COCA-COLA COMPANY (THE)","Fixed Income","0.89","100.06","400,000.00","400,244.00","400,244.00","Consumer Non-Cyclical","XS1197832832","0.00","Sep 9, 2019","-","United States","EUR","0.18"
"UBS","UBS AG (LONDON BRANCH) MTN RegS","Fixed Income","0.89","100.05","400,000.00","400,237.03","400,237.03","Banking","XS1673620107","0.18","Sep 5, 2019","-","Switzerland","EUR","0.09"
"BBVASM","BANCO BILBAO VIZCAYA ARGENTARIA SA MTN RegS","Fixed Income","0.88","99.32","400,000.00","397,349.87","397,349.87","Banking","XS1788584321","0.28","Mar 9, 2023","-","Spain","EUR","0.67"
"CBAAU","COMMONWEALTH BANK OF AUSTRALIA RegS","Fixed Income","0.78","100.79","350,000.00","352,796.77","352,796.77","Banking","XS1789454326","0.18","Mar 8, 2023","-","Australia","EUR","1.42"
"C","CITIGROUP INC MTN RegS","Fixed Income","0.78","100.27","350,000.00","350,962.23","350,962.23","Banking","XS1795253134","0.16","Mar 21, 2023","-","United States","EUR","1.70"
"ABIBB","ANHEUSER BUSCH INBEV NV MTN RegS","Fixed Income","0.77","98.98","350,000.00","346,440.50","346,440.50","Consumer Non-Cyclical","BE6301509012","0.00","Apr 15, 2024","-","Belgium","EUR","0.02"
"ICSEAGD","BLK ICS EUR LIQ FUND AGEN ACC T0","Money Market","0.72","99.87","3,237.00","323,336.16","323,336.16","Cash and/or Derivatives","IE00B568BM13","0.00","-","-","European Union","EUR","0.15"
"BPCEGP","BPCE SA MTN RegS","Fixed Income","0.68","101.76","300,000.00","305,434.40","305,434.40","Banking","FR0013241130","0.73","Mar 9, 2022","-","France","EUR","0.21"
"BNP","BNP PARIBAS SA MTN RegS","Fixed Income","0.68","101.44","300,000.00","304,356.67","304,356.67","Banking","XS1584041252","0.51","Sep 22, 2022","-","France","EUR","0.25"
"BNS","BANK OF NOVA SCOTIA MTN RegS","Fixed Income","0.67","101.03","300,000.00","303,292.50","303,292.50","Banking","XS1694774420","0.29","Oct 5, 2022","-","Canada","EUR","0.76"
"BBVASM","BANCO BILBAO VIZCAYA ARGENTARIA SA MTN RegS","Fixed Income","0.67","100.73","300,000.00","302,381.58","302,381.58","Banking","XS1594368539","0.29","Apr 12, 2022","-","Spain","EUR","0.52"
"BMO","BANK OF MONTREAL MTN RegS","Fixed Income","0.67","100.75","300,000.00","302,242.85","302,242.85","Banking","XS1691466756","0.16","Sep 28, 2021","-","Canada","EUR","0.25"
"UCGIM","UNICREDIT SPA MTN RegS","Fixed Income","0.67","100.45","300,000.00","301,619.97","301,619.97","Banking","XS1169707087","0.69","Feb 19, 2020","-","Italy","EUR","0.13"
"TD","TORONTO-DOMINION BANK/THE MTN RegS","Fixed Income","0.67","100.49","300,000.00","301,501.40","301,501.40","Banking","XS1287714502","0.16","Sep 8, 2020","-","Canada","EUR","0.71"
"RY","ROYAL BANK OF CANADA MTN RegS","Fixed Income","0.67","100.45","300,000.00","301,473.80","301,473.80","Banking","XS1859424811","0.19","Jul 24, 2020","-","Canada","EUR","0.06"
"ABNANV","ABN AMRO BANK NV MTN RegS","Fixed Income","0.67","100.41","300,000.00","301,290.03","301,290.03","Banking","XS1935134095","0.09","Jan 15, 2021","-","Netherlands","EUR","0.04"
"GM","GENERAL MOTORS FINANCIAL CO INC MTN RegS","Fixed Income","0.67","100.35","300,000.00","301,208.53","301,208.53","Consumer Cyclical","XS1609252645","0.37","May 10, 2021","-","United States","EUR","0.20"
"RY","ROYAL BANK OF CANADA MTN RegS","Fixed Income","0.67","100.37","300,000.00","301,156.48","301,156.48","Banking","XS1272154565","0.12","Aug 6, 2020","-","Canada","EUR","0.09"
"SOCGEN","SOCIETE GENERALE SA MTN RegS","Fixed Income","0.67","100.34","300,000.00","301,072.00","301,072.00","Banking","FR0013394699","0.06","Jan 14, 2021","-","France","EUR","0.04"
"SANTAN","SANTANDER INTERNATIONAL DEBT SA MTN RegS","Fixed Income","0.67","100.33","300,000.00","301,056.50","301,056.50","Banking","XS1195284705","0.28","Mar 4, 2020","-","Spain","EUR","0.17"
"RABOBK","COOPERATIEVE CENTRALE RAIFFEISEN B MTN RegS","Fixed Income","0.67","100.30","300,000.00","300,906.00","300,906.00","Banking","XS1239520494","0.00","May 29, 2020","-","Netherlands","EUR","0.16"
"TOTAL","TOTAL CAPITAL INTERNATIONAL SA MTN RegS","Fixed Income","0.67","100.20","300,000.00","300,594.00","300,594.00","Energy","XS1139316555","0.00","Mar 19, 2020","-","France","EUR","0.21"
"BNS","BANK OF NOVA SCOTIA MTN RegS","Fixed Income","0.67","100.17","300,000.00","300,547.67","300,547.67","Banking","XS1166454915","0.07","Jan 14, 2020","-","Canada","EUR","0.03"
"DNBNO","DNB BANK ASA MTN RegS","Fixed Income","0.67","100.16","300,000.00","300,471.67","300,471.67","Banking","XS1165750198","0.01","Jan 13, 2020","-","Norway","EUR","0.03"
"ACAFP","CREDIT AGRICOLE SA (LONDON BRANCH) MTN RegS","Fixed Income","0.67","100.12","300,000.00","300,421.87","300,421.87","Banking","XS1787278008","0.28","Mar 6, 2023","-","France","EUR","0.67"
"ALDFP","ALD SA MTN RegS","Fixed Income","0.67","100.09","300,000.00","300,317.03","300,317.03","Banking","XS1723613581","0.12","Nov 27, 2020","-","France","EUR","0.15"
"SCANIA","SCANIA CV AB MTN RegS","Fixed Income","0.67","100.08","300,000.00","300,302.43","300,302.43","Consumer Cyclical","XS1808497264","0.09","Oct 19, 2020","-","Sweden","EUR","0.91"
"RBS","ROYAL BANK OF SCOTLAND PLC MTN RegS","Fixed Income","0.67","100.09","300,000.00","300,281.67","300,281.67","Banking","XS1788516083","0.08","Mar 2, 2020","-","United Kingdom","EUR","0.49"
"VW","VOLKSWAGEN FINANCIAL SERVICES AG RegS","Fixed Income","0.67","100.04","300,000.00","300,142.00","300,142.00","Consumer Cyclical","XS1806435324","0.04","Oct 11, 2019","-","Germany","EUR","0.02"
"BATSLN","BAT CAPITAL CORP MTN RegS","Fixed Income","0.67","99.95","300,000.00","299,918.17","299,918.17","Consumer Non-Cyclical","XS1664643746","0.19","Aug 16, 2021","-","United States","EUR","0.12"
"SANUK","SANTANDER UK GROUP HOLDINGS PLC MTN RegS","Fixed Income","0.66","98.80","300,000.00","296,587.50","296,587.50","Banking","XS1615065320","0.47","May 18, 2023","-","United Kingdom","EUR","0.12"
"LLOYDS","LLOYDS BANKING GROUP PLC MTN RegS","Fixed Income","0.66","98.57","300,000.00","295,749.10","295,749.10","Banking","XS1633845158","0.44","Jun 21, 2024","-","United Kingdom","EUR","0.21"
"RENAUL","RCI BANQUE SA MTN RegS","Fixed Income","0.66","98.43","300,000.00","295,376.00","295,376.00","Consumer Cyclical","FR0013309606","0.12","Jan 12, 2023","-","France","EUR","0.01"
"SEB","SKANDINAVISKA ENSKILDA BANKEN AB MTN RegS","Fixed Income","0.61","100.45","275,000.00","276,332.65","276,332.65","Banking","XS1419638215","0.29","May 26, 2020","-","Sweden","EUR","0.15"
"DT","DEUTSCHE TELEKOM INTERNATIONAL FIN MTN RegS","Fixed Income","0.61","100.17","275,000.00","275,456.53","275,456.53","Communications","XS1382791892","0.00","Apr 3, 2020","-","Netherlands","EUR","0.67"
"BMW","BMW FINANCE NV MTN RegS","Fixed Income","0.61","100.01","275,000.00","275,240.78","275,240.78","Consumer Cyclical","XS1363560548","0.34","Jul 15, 2019","-","Germany","EUR","0.03"
"C","CITIGROUP INC MTN RegS","Fixed Income","0.56","101.17","250,000.00","253,082.77","253,082.77","Banking","XS1417876759","0.52","May 24, 2021","-","United States","EUR","0.16"
"NDASS","NORDEA BANK ABP MTN","Fixed Income","0.56","100.84","250,000.00","252,184.43","252,184.43","Banking","XS1766857434","0.19","Feb 7, 2022","-","Finland","EUR","1.21"
"BAC","BANK OF AMERICA CORP MTN RegS","Fixed Income","0.56","100.69","250,000.00","251,912.76","251,912.76","Banking","XS1560862580","0.49","Feb 7, 2022","-","United States","EUR","0.10"
"BAC","BANK OF AMERICA CORP MTN RegS","Fixed Income","0.56","100.66","250,000.00","251,849.07","251,849.07","Banking","XS1811433983","0.39","Apr 25, 2024","-","United States","EUR","0.79"
"MS","MORGAN STANLEY MTN","Fixed Income","0.56","100.50","250,000.00","251,430.33","251,430.33","Banking","XS1511787407","0.39","Jan 27, 2022","-","United States","EUR","0.08"
"ABIBB","ANHEUSER-BUSCH INBEV NV MTN RegS","Fixed Income","0.56","100.43","250,000.00","251,113.50","251,113.50","Consumer Non-Cyclical","BE6285450449","0.43","Mar 17, 2020","-","Belgium","EUR","0.21"
"MS","MORGAN STANLEY","Fixed Income","0.56","100.14","250,000.00","250,379.08","250,379.08","Banking","XS1824289901","0.09","May 21, 2021","-","United States","EUR","0.13"
"GS","GOLDMAN SACHS GROUP INC/THE MTN RegS","Fixed Income","0.56","100.11","250,000.00","250,283.08","250,283.08","Banking","XS1791719534","0.13","Dec 16, 2020","-","United States","EUR","0.20"
"UTX","UNITED TECHNOLOGIES CORPORATION","Fixed Income","0.56","100.11","250,000.00","250,280.00","250,280.00","Capital Goods","XS1822301039","0.00","May 18, 2020","-","United States","EUR","0.88"
"BASGR","BASF SE MTN RegS","Fixed Income","0.56","100.11","250,000.00","250,265.00","250,265.00","Basic Industry","XS1718416586","0.00","Nov 15, 2019","-","Germany","EUR","0.12"
"RDSALN","INTERNATIONAL FINANCE BV MTN RegS","Fixed Income","0.56","100.08","250,000.00","250,217.21","250,217.21","Energy","XS1292468987","0.08","Sep 15, 2019","-","Netherlands","EUR","0.20"
"GE","GE CAPITAL EUROPEAN FUNDING MTN RegS","Fixed Income","0.56","100.03","250,000.00","250,107.02","250,107.02","Finance Companies","XS1169331367","0.07","Jan 21, 2020","-","United States","EUR","0.05"
"GS","GOLDMAN SACHS GROUP INC/THE MTN RegS","Fixed Income","0.55","99.91","250,000.00","249,787.89","249,787.89","Banking","XS1691349523","0.28","Sep 26, 2023","-","United States","EUR","0.24"
"BACRED","MEDIOBANCA BANCA DI CREDITO FINANZ MTN RegS","Fixed Income","0.55","99.12","250,000.00","247,960.00","247,960.00","Banking","XS1615501837","0.49","May 18, 2022","-","Italy","EUR","0.13"
"MDT","MEDTRONIC GLOBAL HOLDINGS SCA","Fixed Income","0.50","100.25","225,000.00","225,564.73","225,564.73","Consumer Non-Cyclical","XS1960675822","0.00","Mar 7, 2021","-","United States","EUR","0.19"
"F","FCE BANK PLC MTN RegS","Fixed Income","0.50","100.12","225,000.00","225,338.09","225,338.09","Consumer Cyclical","XS1292513105","0.66","Sep 17, 2019","-","United Kingdom","EUR","0.21"
"GE","GE CAPITAL EUROPEAN FUNDING MTN","Fixed Income","0.50","99.90","225,000.00","224,781.75","224,781.75","Finance Companies","XS0254356057","0.00","May 17, 2021","-","United States","EUR","0.13"
"F","FORD MOTOR CREDIT COMPANY LLC MTN","Fixed Income","0.48","96.17","225,000.00","216,408.38","216,408.38","Consumer Cyclical","XS1767930826","0.10","Dec 7, 2022","-","United States","EUR","2.05"
"VW","VOLKSWAGEN INTERNATIONAL FINANCE N RegS","Fixed Income","0.45","102.15","200,000.00","204,633.28","204,633.28","Consumer Cyclical","XS1910947941","1.24","Nov 16, 2024","-","Germany","EUR","0.20"
"TACHEM","TAKEDA PHARMACEUTICAL CO LTD RegS","Fixed Income","0.45","101.97","200,000.00","204,132.38","204,132.38","Consumer Non-Cyclical","XS1843449809","0.79","Nov 21, 2022","-","Japan","EUR","0.18"
"DNBNO","DNB BANK ASA MTN RegS","Fixed Income","0.45","101.43","200,000.00","203,028.72","203,028.72","Banking","XS1940133298","0.44","Jul 25, 2022","-","Norway","EUR","0.09"
"INTNED","ING GROEP NV MTN RegS","Fixed Income","0.45","101.38","200,000.00","202,799.07","202,799.07","Banking","XS1882544205","0.53","Sep 20, 2023","-","Netherlands","EUR","0.26"
"ACAFP","CREDIT AGRICOLE SA (LONDON BRANCH) MTN RegS","Fixed Income","0.45","101.20","200,000.00","202,597.60","202,597.60","Banking","XS1598861588","0.49","Apr 20, 2022","-","France","EUR","0.08"
"T","AT&T INC","Fixed Income","0.45","101.22","200,000.00","202,526.00","202,526.00","Communications","XS1907118464","0.53","Sep 5, 2023","-","United States","EUR","0.21"
"SOCGEN","SOCIETE GENERALE SA MTN RegS","Fixed Income","0.45","101.00","200,000.00","202,006.43","202,006.43","Banking","XS1586146851","0.51","Apr 1, 2022","-","France","EUR","0.27"
"NDASS","NORDEA BANK ABP MTN RegS","Fixed Income","0.45","100.75","200,000.00","201,506.05","201,506.05","Banking","XS1689534029","0.16","Sep 27, 2021","-","Finland","EUR","0.25"
"BMO","BANK OF MONTREAL MTN RegS","Fixed Income","0.45","100.71","200,000.00","201,434.24","201,434.24","Banking","XS1791326728","0.18","Mar 14, 2022","-","Canada","EUR","1.33"
"UBS","UBS GROUP FUNDING (SWITZERLAND) AG RegS","Fixed Income","0.45","100.66","200,000.00","201,339.40","201,339.40","Banking","CH0359915425","0.38","Sep 20, 2022","-","Switzerland","EUR","0.23"
"UBS","UBS AG (LONDON BRANCH) MTN RegS","Fixed Income","0.45","100.60","200,000.00","201,271.60","201,271.60","Banking","XS1810806049","0.19","Apr 23, 2021","-","Switzerland","EUR","0.06"
"ALVGR","ALLIANZ FINANCE II BV MTN RegS","Fixed Income","0.45","100.61","200,000.00","201,251.00","201,251.00","Insurance","DE000A19S4T0","0.18","Dec 7, 2020","-","Germany","EUR","0.19"
"WSTP","WESTPAC BANKING CORP MTN RegS","Fixed Income","0.45","100.57","200,000.00","201,175.69","201,175.69","Banking","XS1917808849","0.18","Dec 4, 2020","-","Australia","EUR","0.18"
"KBCBB","KBC GROEP NV MTN RegS","Fixed Income","0.45","100.55","200,000.00","201,156.42","201,156.42","Banking","BE0002281500","0.24","Nov 24, 2022","-","Belgium","EUR","0.17"
"INTNED","ING BANK NV MTN RegS","Fixed Income","0.45","100.52","200,000.00","201,073.50","201,073.50","Banking","XS1976946027","0.09","Apr 8, 2022","-","Netherlands","EUR","0.28"
"GS","GOLDMAN SACHS GROUP INC MTN RegS","Fixed Income","0.45","100.48","200,000.00","201,043.80","201,043.80","Banking","XS1240146891","0.39","May 29, 2020","-","United States","EUR","0.16"
"CMZB","COMMERZBANK AG MTN RegS","Fixed Income","0.45","100.43","200,000.00","200,877.31","200,877.31","Banking","DE000CZ40NL4","0.13","Dec 4, 2020","-","Germany","EUR","0.18"
"INTNED","ING BANK NV MTN RegS","Fixed Income","0.45","100.40","200,000.00","200,809.00","200,809.00","Banking","XS1914936999","0.09","Nov 26, 2020","-","Netherlands","EUR","0.15"
"KO","COCA-COLA CO","Fixed Income","0.45","100.38","200,000.00","200,764.00","200,764.00","Consumer Non-Cyclical","XS1955024390","0.00","Mar 8, 2021","-","United States","EUR","0.19"
"SWEDA","SWEDBANK AB MTN RegS","Fixed Income","0.45","100.36","200,000.00","200,757.00","200,757.00","Banking","XS1277337678","0.19","Aug 18, 2020","-","Sweden","EUR","0.58"
"EUROCL","EUROCLEAR BANK SA MTN RegS","Fixed Income","0.45","100.36","200,000.00","200,740.27","200,740.27","Brokerage/Asset Managers/Exchanges","BE6307617959","0.08","Mar 8, 2021","-","Belgium","EUR","0.19"
"JPM","JPMORGAN CHASE & CO MTN RegS","Fixed Income","0.45","100.28","200,000.00","200,649.27","200,649.27","Banking","XS1174472511","0.24","Jan 27, 2020","-","United States","EUR","0.07"
"ABBNVX","ABB FINANCE BV MTN RegS","Fixed Income","0.45","100.28","200,000.00","200,576.89","200,576.89","Capital Goods","XS1979288328","0.04","Oct 12, 2020","-","Switzerland","EUR","0.03"
"ARRFP","SOCIETE DES AUTOROUTES PARIS-RHIN- MTN RegS","Fixed Income","0.45","100.29","200,000.00","200,573.99","200,573.99","Transportation","FR0013054020","0.35","Jan 3, 2020","-","France","EUR","0.25"
"HSBC","HSBC BANK PLC MTN RegS","Fixed Income","0.45","100.27","200,000.00","200,550.91","200,550.91","Banking","XS1789496244","0.13","Mar 9, 2020","-","United Kingdom","EUR","0.19"
"MIZUHO","MIZUHO FINANCIAL GROUP INC MTN RegS","Fixed Income","0.45","100.21","200,000.00","200,513.74","200,513.74","Banking","XS1801906279","0.19","Apr 10, 2023","-","Japan","EUR","1.26"
"UBS","UBS AG (LONDON BRANCH) MTN RegS","Fixed Income","0.45","100.20","200,000.00","200,483.70","200,483.70","Banking","XS1746116299","0.19","Jan 10, 2020","-","Switzerland","EUR","0.02"
"GSK","GLAXOSMITHKLINE CAPITAL PLC MTN RegS","Fixed Income","0.45","100.24","200,000.00","200,470.00","200,470.00","Consumer Non-Cyclical","XS1822824642","0.00","May 21, 2020","-","United Kingdom","EUR","0.13"
"BNP","BNP PARIBAS SA MTN RegS","Fixed Income","0.45","100.19","200,000.00","200,449.10","200,449.10","Banking","XS1823532996","0.31","May 22, 2023","-","France","EUR","0.50"
"NDASS","NORDEA BANK ABP MTN RegS","Fixed Income","0.45","100.22","200,000.00","200,442.00","200,442.00","Banking","XS1242968979","0.00","Jun 5, 2020","-","Finland","EUR","0.18"
"SANFP","SANOFI SA MTN RegS","Fixed Income","0.45","100.22","200,000.00","200,434.02","200,434.02","Consumer Non-Cyclical","FR0013324316","0.00","Mar 21, 2020","-","France","EUR","0.22"
"DAIGR","DAIMLER INTERNATIONAL FINANCE BV MTN RegS","Fixed Income","0.45","100.17","200,000.00","200,414.36","200,414.36","Consumer Cyclical","DE000A19RXA1","0.29","Nov 13, 2019","-","Germany","EUR","0.11"
"SANUK","SANTANDER UK PLC MTN RegS","Fixed Income","0.45","100.17","200,000.00","200,366.29","200,366.29","Banking","XS1784284975","0.09","Feb 27, 2020","-","United Kingdom","EUR","0.15"
"RABOBK","COOPERATIEVE RABOBANK UA MTN RegS","Fixed Income","0.45","100.14","200,000.00","200,360.57","200,360.57","Banking","XS1705802574","0.19","Oct 24, 2019","-","Netherlands","EUR","0.06"
"SUMIBK","SUMITOMO MITSUI FINANCIAL GROUP IN MTN RegS","Fixed Income","0.44","100.16","200,000.00","200,332.67","200,332.67","Banking","XS1621087359","0.13","Jun 14, 2022","-","Japan","EUR","1.73"
"CS","CREDIT SUISSE AG (LONDON BRANCH) MTN RegS","Fixed Income","0.44","100.11","200,000.00","200,291.44","200,291.44","Banking","XS1121919333","0.14","Oct 16, 2019","-","Switzerland","EUR","0.03"
"ANZ","AUSTRALIA AND NEW ZEALAND BANKING MTN RegS","Fixed Income","0.44","100.12","200,000.00","200,274.25","200,274.25","Banking","XS1130526780","0.09","Oct 28, 2019","-","Australia","EUR","0.07"
"SANTAN","BANCO SANTANDER SA RegS","Fixed Income","0.44","100.12","200,000.00","200,261.57","200,261.57","Banking","XS1689234570","0.41","Mar 28, 2023","-","Spain","EUR","0.26"
"RENAUL","RCI BANQUE SA MTN RegS","Fixed Income","0.44","100.09","200,000.00","200,253.69","200,253.69","Consumer Cyclical","FR0013241379","0.14","Jul 8, 2020","-","France","EUR","0.27"
"SANUK","SANTANDER UK PLC MTN RegS","Fixed Income","0.44","100.06","200,000.00","200,241.24","200,241.24","Banking","XS1098036939","0.39","Aug 13, 2019","-","United Kingdom","EUR","0.11"
"BMW","BMW FINANCE NV MTN RegS","Fixed Income","0.44","100.11","200,000.00","200,228.00","200,228.00","Consumer Cyclical","XS1766515479","0.00","Feb 6, 2020","-","Germany","EUR","0.59"
"MS","MORGAN STANLEY MTN","Fixed Income","0.44","100.09","200,000.00","200,208.42","200,208.42","Banking","XS1706111876","0.07","Nov 9, 2021","-","United States","EUR","0.10"
"BMW","BMW FINANCE NV MTN RegS","Fixed Income","0.44","100.10","200,000.00","200,192.00","200,192.00","Consumer Cyclical","XS1618349804","0.00","Nov 22, 2019","-","Germany","EUR","0.37"
"BACR","BARCLAYS BANK PLC MTN RegS","Fixed Income","0.44","100.06","200,000.00","200,120.35","200,120.35","Banking","XS1620524204","0.08","Sep 11, 2019","-","United Kingdom","EUR","0.19"
"BAC","BANK OF AMERICA CORP MTN RegS","Fixed Income","0.44","100.02","200,000.00","200,120.07","200,120.07","Banking","XS1458405112","0.19","Jul 26, 2019","-","United States","EUR","0.06"
"MCD","MCDONALDS CORPORATION MTN RegS","Fixed Income","0.44","100.03","200,000.00","200,061.98","200,061.98","Consumer Cyclical","XS1237187718","0.00","Aug 26, 2019","-","United States","EUR","0.15"
"DAIGR","MERCEDES BENZ FINANCIAL SERVICES I RegS","Fixed Income","0.44","99.99","200,000.00","199,980.66","199,980.66","Consumer Cyclical","IT0005260085","0.05","Jun 22, 2020","-","Germany","EUR","0.86"
"SOCGEN","SOCIETE GENERALE SA MTN RegS","Fixed Income","0.44","99.90","200,000.00","199,924.10","199,924.10","Banking","XS1616341829","0.49","May 22, 2024","-","France","EUR","0.15"
"AGN","ALLERGAN FUNDING SCS","Fixed Income","0.44","99.94","200,000.00","199,884.83","199,884.83","Consumer Non-Cyclical","XS1909193077","0.04","Nov 15, 2020","-","United States","EUR","0.12"
"BPCEGP","BPCE SA MTN RegS","Fixed Income","0.44","99.84","200,000.00","199,683.00","199,683.00","Banking","FR0013323672","0.16","Mar 23, 2023","-","France","EUR","0.23"
"ANNGR","VONOVIA FINANCE BV RegS","Fixed Income","0.44","99.75","200,000.00","199,505.47","199,505.47","Financial Other","DE000A19X793","0.11","Dec 22, 2022","-","Germany","EUR","1.85"
"HSBC","HSBC HOLDINGS PLC MTN RegS","Fixed Income","0.44","99.70","200,000.00","199,503.00","199,503.00","Banking","XS1681855539","0.19","Oct 5, 2023","-","United Kingdom","EUR","0.27"
"BAYNGR","BAYER CAPITAL CORPORATION BV RegS","Fixed Income","0.44","99.65","200,000.00","199,313.20","199,313.20","Consumer Non-Cyclical","XS1840614736","0.21","Jun 26, 2022","-","Germany","EUR","0.24"
"FCABNK","FCA BANK SPA (IRISH BRANCH) MTN RegS","Fixed Income","0.44","99.53","200,000.00","199,065.13","199,065.13","Consumer Cyclical","XS1753030490","0.01","Jun 17, 2021","-","Italy","EUR","0.21"
"DAIGR","DAIMLER AG MTN RegS","Fixed Income","0.44","99.46","200,000.00","198,922.58","198,922.58","Consumer Cyclical","DE000A2GSCY9","0.10","Jul 3, 2024","-","Germany","EUR","0.26"
"DAIGR","DAIMLER INTERNATIONAL FINANCE BV MTN RegS","Fixed Income","0.44","99.45","200,000.00","198,908.00","198,908.00","Consumer Cyclical","DE000A19UNN9","0.00","Jan 11, 2023","-","Germany","EUR","0.02"
"SOCGEN","SOCIETE GENERALE SA MTN RegS","Fixed Income","0.44","99.27","200,000.00","198,565.91","198,565.91","Banking","FR0013321791","0.13","Mar 6, 2023","-","France","EUR","0.18"
"BNP","BNP PARIBAS SA MTN RegS","Fixed Income","0.44","99.19","200,000.00","198,377.60","198,377.60","Banking","XS1756434194","0.02","Jan 19, 2023","-","France","EUR","2.79"
"DB","DEUTSCHE BANK AG MTN RegS","Fixed Income","0.44","98.84","200,000.00","197,705.00","197,705.00","Banking","DE000DL19TX8","0.18","Dec 7, 2020","-","Germany","EUR","0.18"
"GM","GENERAL MOTORS FINANCIAL CO INC MTN RegS","Fixed Income","0.44","98.80","200,000.00","197,599.20","197,599.20","Consumer Cyclical","XS1792505197","0.21","Mar 26, 2022","-","United States","EUR","0.23"
"DB","DEUTSCHE BANK AG (FRANKFURT AM MAI MTN RegS","Fixed Income","0.43","97.05","200,000.00","194,229.12","194,229.12","Banking","DE000DL19TQ2","0.49","May 16, 2022","-","Germany","EUR","0.09"
"MS","MORGAN STANLEY MTN","Fixed Income","0.39","100.45","175,000.00","175,894.38","175,894.38","Banking","XS1603892065","0.39","Nov 8, 2022","-","United States","EUR","0.11"
"TD","TORONTO-DOMINION BANK/THE (TORONTO MTN RegS","Fixed Income","0.39","100.46","175,000.00","175,882.39","175,882.39","Banking","XS1856309270","0.19","Jul 13, 2020","-","Canada","EUR","0.03"
"NAB","NATIONAL AUSTRALIA BANK LIMITED MTN RegS","Fixed Income","0.39","100.32","175,000.00","175,556.52","175,556.52","Banking","XS1799522468","0.16","Mar 27, 2020","-","Australia","EUR","0.24"
"SAPGR","SAP SE MTN RegS","Fixed Income","0.33","100.18","150,000.00","150,270.02","150,270.02","Technology","DE000A14KJE8","0.00","Apr 1, 2020","-","Germany","EUR","0.25"
"RENAUL","RCI BANQUE SA MTN RegS","Fixed Income","0.33","100.07","150,000.00","150,132.83","150,132.83","Consumer Cyclical","FR0013260486","0.35","Mar 14, 2022","-","France","EUR","0.21"
"TACHEM","TAKEDA PHARMACEUTICAL CO LTD RegS","Fixed Income","0.28","100.39","125,000.00","125,523.72","125,523.72","Consumer Non-Cyclical","XS1843450138","0.24","Nov 21, 2020","-","Japan","EUR","0.14"
"SKYLN","SKY PLC MTN RegS","Fixed Income","0.28","100.38","125,000.00","125,482.99","125,482.99","Communications","XS1212467911","0.41","Apr 1, 2020","-","United Kingdom","EUR","0.25"
"GS","GOLDMAN SACHS GROUP INC/THE MTN RegS","Fixed Income","0.28","100.35","125,000.00","125,461.83","125,461.83","Banking","XS1577427526","0.31","Sep 9, 2022","-","United States","EUR","0.19"
"RBS","NATWEST MARKETS PLC MTN RegS","Fixed Income","0.28","100.28","125,000.00","125,374.83","125,374.83","Banking","XS2013531228","0.40","Jun 18, 2021","-","United Kingdom","EUR","0.22"
"SUMIBK","SUMITOMO MITSUI BANKING CORPORATIO MTN RegS","Fixed Income","0.28","100.24","125,000.00","125,356.53","125,356.53","Banking","XS1856094641","0.19","Jul 13, 2020","-","Japan","EUR","0.43"
"LPTY","LEASEPLAN CORPORATION NV MTN RegS","Fixed Income","0.28","100.15","125,000.00","125,233.23","125,233.23","Financial Other","XS1604200904","0.21","Nov 4, 2020","-","Netherlands","EUR","0.09"
"VW","VOLKSWAGEN BANK GMBH MTN RegS","Fixed Income","0.23","101.76","100,000.00","101,960.82","101,960.82","Consumer Cyclical","XS1944384350","1.16","Aug 1, 2022","-","Germany","EUR","0.12"
"OPBANK","OP CORPORATE BANK PLC MTN RegS","Fixed Income","0.23","101.36","100,000.00","101,381.14","101,381.14","Banking","XS1629769826","0.43","Jun 13, 2022","-","Finland","EUR","0.22"
"RY","ROYAL BANK OF CANADA MTN RegS","Fixed Income","0.22","100.93","100,000.00","101,019.35","101,019.35","Banking","XS1939278070","0.44","Jan 25, 2021","-","Canada","EUR","0.07"
"SANTAN","BANCO SANTANDER SA MTN RegS","Fixed Income","0.22","100.91","100,000.00","100,930.71","100,930.71","Banking","XS1578916261","0.68","Mar 21, 2022","-","Spain","EUR","0.24"
"HSBC","HSBC HOLDINGS PLC MTN RegS","Fixed Income","0.22","100.84","100,000.00","100,888.17","100,888.17","Banking","XS1917614569","0.58","Dec 4, 2021","-","United Kingdom","EUR","0.18"
"BAC","BANK OF AMERICA CORP MTN RegS","Fixed Income","0.22","100.78","100,000.00","100,860.19","100,860.19","Banking","XS1602557495","0.47","May 4, 2023","-","United States","EUR","0.11"
"NAB","NATIONAL AUSTRALIA BANK LIMITED MTN RegS","Fixed Income","0.22","100.78","100,000.00","100,831.80","100,831.80","Banking","XS1412416486","0.26","Apr 19, 2021","-","Australia","EUR","0.05"
"RY","ROYAL BANK OF CANADA MTN RegS","Fixed Income","0.22","100.74","100,000.00","100,796.80","100,796.80","Banking","XS1346650929","0.29","Jan 19, 2021","-","Canada","EUR","0.37"
"SANTAN","BANCO SANTANDER SA MTN RegS","Fixed Income","0.22","100.49","100,000.00","100,662.50","100,662.50","Banking","XS1608362379","0.69","Jan 5, 2023","-","Spain","EUR","0.28"
"OPBANK","OP CORPORATE BANK PLC MTN RegS","Fixed Income","0.22","100.64","100,000.00","100,657.22","100,657.22","Banking","XS1823485112","0.19","May 22, 2021","-","Finland","EUR","0.14"
"JYBC","JYSKE BANK A/S MTN RegS","Fixed Income","0.22","100.61","100,000.00","100,629.11","100,629.11","Banking","XS1726323436","0.28","Dec 1, 2022","-","Denmark","EUR","0.66"
"ABNANV","ABN AMRO BANK NV MTN RegS","Fixed Income","0.22","100.61","100,000.00","100,614.89","100,614.89","Banking","XS1917574755","0.08","Dec 3, 2021","-","Netherlands","EUR","0.18"
"SWEDA","SWEDBANK AB MTN RegS","Fixed Income","0.22","100.41","100,000.00","100,563.11","100,563.11","Banking","XS1548503173","0.64","Jan 10, 2020","-","Sweden","EUR","0.02"
"BPCEGP","BPCE SA MTN RegS","Fixed Income","0.22","100.49","100,000.00","100,542.55","100,542.55","Banking","FR0012431393","0.25","Jan 13, 2022","-","France","EUR","0.04"
"BNP","BNP PARIBAS SA MTN RegS","Fixed Income","0.22","100.45","100,000.00","100,486.24","100,486.24","Banking","XS1626933102","0.43","Jun 7, 2024","-","France","EUR","0.21"
"RENAUL","RCI BANQUE SA MTN RegS","Fixed Income","0.22","100.37","100,000.00","100,448.39","100,448.39","Consumer Cyclical","FR0013250685","0.34","Apr 12, 2021","-","France","EUR","0.03"
"PCAR","PACCAR FINANCIAL EUROPE BV MTN RegS","Fixed Income","0.22","100.42","100,000.00","100,440.25","100,440.25","Consumer Cyclical","XS1823165631","0.14","May 18, 2021","-","United States","EUR","0.13"
"DVB","DVB BANK SE MTN RegS","Fixed Income","0.22","100.35","100,000.00","100,439.44","100,439.44","Banking","XS1562586955","0.59","Feb 10, 2020","-","Germany","EUR","0.11"
"SUMITR","SUMITOMO MITSUI TRUST BANK LTD RegS","Fixed Income","0.22","100.43","100,000.00","100,432.90","100,432.90","Banking","XS1882030510","0.16","Sep 25, 2020","-","Japan","EUR","0.23"
"SEB","SKANDINAVISKA ENSKILDA BANKEN AB MTN RegS","Fixed Income","0.22","100.42","100,000.00","100,422.18","100,422.18","Banking","XS1291152624","0.15","Sep 15, 2020","-","Sweden","EUR","0.76"
"SHBASS","SVENSKA HANDELSBANKEN AB MTN RegS","Fixed Income","0.22","100.39","100,000.00","100,422.31","100,422.31","Banking","XS1860992574","0.19","Jul 30, 2020","-","Sweden","EUR","0.08"
"CAFP","CARREFOUR BANQUE SA MTN RegS","Fixed Income","0.22","100.33","100,000.00","100,406.80","100,406.80","Consumer Non-Cyclical","FR0013155868","0.37","Apr 20, 2021","-","France","EUR","0.31"
"VW","VOLKSWAGEN BANK GMBH MTN RegS","Fixed Income","0.22","100.33","100,000.00","100,350.13","100,350.13","Consumer Cyclical","XS1830992563","0.38","Dec 8, 2021","-","Germany","EUR","0.20"
"UPS","UNITED PARCEL SERVICE INC","Fixed Income","0.22","100.32","100,000.00","100,345.67","100,345.67","Transportation","XS1323463056","0.12","Jul 15, 2020","-","United States","EUR","0.61"
"GIS","GENERAL MILLS INC","Fixed Income","0.22","100.25","100,000.00","100,346.33","100,346.33","Consumer Non-Cyclical","XS1346107433","0.42","Jan 15, 2020","-","United States","EUR","0.03"
"BFCM","BANQUE FEDERATIVE DU CREDIT MUTUEL MTN RegS","Fixed Income","0.22","100.33","100,000.00","100,340.13","100,340.13","Banking","FR0013398278","0.03","Jan 28, 2021","-","France","EUR","0.07"
"BNS","BANK OF NOVA SCOTIA MTN RegS","Fixed Income","0.22","100.31","100,000.00","100,325.25","100,325.25","Banking","XS1937716022","0.09","Jan 18, 2021","-","Canada","EUR","0.04"
"CAFP","CARREFOUR BANQUE SA RegS","Fixed Income","0.22","100.21","100,000.00","100,324.80","100,324.80","Consumer Non-Cyclical","XS1301773799","0.57","Oct 21, 2019","-","France","EUR","0.04"
"MQGAU","MACQUARIE BANK LTD MTN RegS","Fixed Income","0.22","100.31","100,000.00","100,318.50","100,318.50","Banking","XS1796271598","0.16","Mar 23, 2020","-","Australia","EUR","0.63"
"SAPGR","SAP SE RegS","Fixed Income","0.22","100.28","100,000.00","100,282.00","100,282.00","Technology","DE000A2TSTC2","0.00","Dec 10, 2020","-","Germany","EUR","0.19"
"WFC","WELLS FARGO & COMPANY MTN RegS","Fixed Income","0.22","100.27","100,000.00","100,274.62","100,274.62","Banking","XS1240966348","0.10","Jun 2, 2020","-","United States","EUR","0.17"
"VLVY","VOLVO TREASURY AB MTN RegS","Fixed Income","0.22","100.24","100,000.00","100,272.58","100,272.58","Consumer Cyclical","XS1948813123","0.21","Feb 8, 2021","-","Sweden","EUR","0.10"
"BACR","BARCLAYS BANK PLC MTN RegS","Fixed Income","0.22","100.26","100,000.00","100,263.23","100,263.23","Banking","XS1620536042","0.13","Sep 15, 2020","-","United Kingdom","EUR","0.81"
"SUMIBK","SUMITOMO MITSUI BANKING CORPORATIO MTN RegS","Fixed Income","0.22","100.24","100,000.00","100,261.23","100,261.23","Banking","XS1823563017","0.19","May 22, 2020","-","Japan","EUR","0.45"
"DE","JOHN DEERE CASH MANAGEMENT SA MTN RegS","Fixed Income","0.22","100.25","100,000.00","100,247.00","100,247.00","Capital Goods","XS1683495052","0.00","Sep 15, 2020","-","United States","EUR","1.18"
"ABNANV","ABN AMRO BANK NV MTN RegS","Fixed Income","0.22","100.23","100,000.00","100,237.45","100,237.45","Banking","XS1199643427","0.10","Mar 11, 2020","-","Netherlands","EUR","0.50"
"HSBC","HSBC FRANCE SA MTN RegS","Fixed Income","0.22","100.21","100,000.00","100,236.33","100,236.33","Banking","FR0013062684","0.24","Nov 27, 2019","-","France","EUR","0.15"
"EUROCL","EUROCLEAR BANK SA MTN RegS","Fixed Income","0.22","100.22","100,000.00","100,229.44","100,229.44","Brokerage/Asset Managers/Exchanges","BE6305976068","0.04","Jul 10, 2020","-","Belgium","EUR","0.02"
"SORNO","SPAREBANKEN SOR MTN RegS","Fixed Income","0.22","100.19","100,000.00","100,220.72","100,220.72","Banking","XS1815076838","0.19","May 3, 2021","-","Norway","EUR","0.91"
"SAPGR","SAP SE RegS","Fixed Income","0.22","100.22","100,000.00","100,216.00","100,216.00","Technology","DE000A2G8VS7","0.00","Mar 13, 2021","-","Germany","EUR","1.70"
"BZLNZ","BNZ INTERNATIONAL FUNDING LIMITED MTN RegS","Fixed Income","0.22","100.20","100,000.00","100,215.00","100,215.00","Banking","XS1145855646","0.18","Dec 2, 2019","-","New Zealand","EUR","0.17"
"MMM","3M CO MTN","Fixed Income","0.22","100.21","100,000.00","100,207.99","100,207.99","Capital Goods","XS1234366448","0.00","May 15, 2020","-","United States","EUR","0.86"
"CCDJ","LA CAISSE CENTRALE DESJARDINS DU Q RegS","Fixed Income","0.22","100.18","100,000.00","100,198.79","100,198.79","Banking","XS1170332107","0.09","Jan 20, 2020","-","Canada","EUR","0.05"
"CBAAU","COMMONWEALTH BANK OF AUSTRALIA MTN RegS","Fixed Income","0.22","100.18","100,000.00","100,201.80","100,201.80","Banking","XS1170317645","0.09","Jan 21, 2020","-","Australia","EUR","0.05"
"C","CITIGROUP INC MTN RegS","Fixed Income","0.22","100.17","100,000.00","100,201.96","100,201.96","Banking","XS1135549167","0.24","Nov 11, 2019","-","United States","EUR","0.11"
"CBSBKF","CENTRAL BANK OF SAVINGS BANKS FINL MTN RegS","Fixed Income","0.22","100.18","100,000.00","100,186.80","100,186.80","Banking","XS1788972765","0.18","Mar 8, 2021","-","Finland","EUR","0.92"
"OPBANK","OP CORPORATE BANK PLC MTN RegS","Fixed Income","0.22","100.19","100,000.00","100,188.00","100,188.00","Banking","XS1199650638","0.00","Mar 11, 2020","-","Finland","EUR","0.19"
"CCE","COCA-COLA EUROPEAN PARTNERS PLC RegS","Fixed Income","0.22","100.17","100,000.00","100,174.00","100,174.00","Consumer Non-Cyclical","XS1717567587","0.00","Nov 16, 2021","-","United Kingdom","EUR","2.38"
"ALDFP","ALD SA MTN RegS","Fixed Income","0.22","100.10","100,000.00","100,168.02","100,168.02","Banking","XS1856041287","0.31","Jul 16, 2021","-","France","EUR","0.04"
"LLOYDS","LLOYDS BANK PLC MTN RegS","Fixed Income","0.22","100.14","100,000.00","100,162.18","100,162.18","Banking","XS1181809762","0.11","Feb 4, 2020","-","United Kingdom","EUR","0.09"
"BACR","BARCLAYS BANK PLC MTN RegS","Fixed Income","0.22","100.12","100,000.00","100,150.34","100,150.34","Banking","XS1683852930","0.14","Jan 17, 2020","-","United Kingdom","EUR","0.25"
"JYBC","JYSKE BANK A/S MTN RegS","Fixed Income","0.22","100.15","100,000.00","100,152.58","100,152.58","Banking","XS1622575360","0.03","Jun 2, 2020","-","Denmark","EUR","0.78"
"CAFP","CARREFOUR BANQUE SA RegS","Fixed Income","0.22","100.14","100,000.00","100,145.29","100,145.29","Consumer Non-Cyclical","XS1206712868","0.19","Mar 20, 2020","-","France","EUR","0.22"
"HOFP","THALES SA MTN RegS","Fixed Income","0.22","100.14","100,000.00","100,141.00","100,141.00","Capital Goods","FR0013330107","0.00","Apr 19, 2020","-","France","EUR","0.04"
"BAC","BANK OF AMERICA CORP MTN RegS","Fixed Income","0.22","100.14","100,000.00","100,136.23","100,136.23","Banking","XS1687279841","0.03","Sep 21, 2021","-","United States","EUR","0.23"
"CAFP","CARREFOUR BANQUE SA MTN RegS","Fixed Income","0.22","100.12","100,000.00","100,139.94","100,139.94","Consumer Non-Cyclical","FR0013342664","0.30","Jun 15, 2022","-","France","EUR","0.93"
"RBS","ROYAL BANK OF SCOTLAND PLC MTN RegS","Fixed Income","0.22","100.12","100,000.00","100,129.13","100,129.13","Banking","XS1627773606","0.11","Jun 8, 2020","-","United Kingdom","EUR","0.19"
"SCANIA","SCANIA CV AB MTN RegS","Fixed Income","0.22","100.11","100,000.00","100,124.80","100,124.80","Consumer Cyclical","XS1599109896","0.09","Apr 20, 2020","-","Sweden","EUR","0.52"
"LPTY","LEASEPLAN CORPORATION NV MTN RegS","Fixed Income","0.22","100.08","100,000.00","100,118.75","100,118.75","Financial Other","XS1757442071","0.19","Jan 25, 2021","-","Netherlands","EUR","0.06"
"SPOLNO","SPAREBANK 1 OSTLANDET MTN RegS","Fixed Income","0.22","100.10","100,000.00","100,103.39","100,103.39","Banking","XS1884795375","0.17","Sep 27, 2021","-","Norway","EUR","0.24"
"TOYOTA","TOYOTA MOTOR FINANCE (NETHERLANDS) MTN RegS","Fixed Income","0.22","100.10","100,000.00","100,099.99","100,099.99","Consumer Cyclical","XS1781813511","0.00","Feb 26, 2020","-","Japan","EUR","0.65"
"BNFP","DANONE SA MTN RegS","Fixed Income","0.22","100.09","100,000.00","100,096.44","100,096.44","Consumer Non-Cyclical","FR0012432904","0.02","Jan 14, 2020","-","France","EUR","0.03"
"SYK","STRYKER CORPORATION","Fixed Income","0.22","100.09","100,000.00","100,093.01","100,093.01","Consumer Non-Cyclical","XS1914503021","0.00","Nov 30, 2020","-","United States","EUR","0.17"
"BNP","BNP PARIBAS SA MTN RegS","Fixed Income","0.22","100.07","100,000.00","100,093.42","100,093.42","Banking","XS1280841427","0.19","Aug 28, 2019","-","France","EUR","0.15"
"VLVY","VOLVO TREASURY AB MTN RegS","Fixed Income","0.22","100.08","100,000.00","100,091.44","100,091.44","Consumer Cyclical","XS1747818000","0.04","Jan 10, 2020","-","Sweden","EUR","0.35"
"DT","DEUTSCHE TELEKOM INTERNATIONAL FIN MTN RegS","Fixed Income","0.22","100.09","100,000.00","100,093.58","100,093.58","Communications","XS1828028677","0.03","Dec 1, 2022","-","Germany","EUR","2.63"
"FIS","FIDELITY NATIONAL INFORMATION SERV","Fixed Income","0.22","100.08","100,000.00","100,088.88","100,088.88","Technology","XS1843436491","0.09","May 21, 2021","-","United States","EUR","0.14"
"AKZANA","AKZO NOBEL NV MTN RegS","Fixed Income","0.22","100.09","100,000.00","100,088.00","100,088.00","Basic Industry","XS1715353105","0.00","Nov 8, 2019","-","Netherlands","EUR","0.10"
"ALFASS","ALFA LAVAL TREASURY INTERNATIONAL MTN RegS","Fixed Income","0.22","100.08","100,000.00","100,089.18","100,089.18","Capital Goods","XS1108681625","0.23","Sep 12, 2019","-","Sweden","EUR","0.19"
"NYKRE","NYKREDIT REALKREDIT A/S RegS","Fixed Income","0.22","100.07","100,000.00","100,084.13","100,084.13","Banking","LU1105951401","0.23","Sep 10, 2019","-","Denmark","EUR","0.19"
"STANLN","STANDARD CHARTERED BANK RegS","Fixed Income","0.22","100.06","100,000.00","100,081.82","100,081.82","Banking","XS1669196906","0.19","Aug 23, 2019","-","United Kingdom","EUR","0.14"
"TMO","THERMO FISHER SCIENTIFIC (FINANCE MTN","Fixed Income","0.22","100.08","100,000.00","100,083.01","100,083.01","Consumer Non-Cyclical","XS1865072661","0.00","Aug 7, 2020","-","United States","EUR","0.83"
"NIBCAP","NIBC BANK NV RegS","Fixed Income","0.22","100.05","100,000.00","100,081.30","100,081.30","Banking","XS1860797288","0.19","Jul 30, 2020","-","Netherlands","EUR","0.07"
"LLOYDS","LLOYDS BANK PLC MTN RegS","Fixed Income","0.22","100.07","100,000.00","100,073.47","100,073.47","Banking","XS1109333986","0.13","Sep 10, 2019","-","United Kingdom","EUR","0.19"
"BMW","BMW FINANCE NV MTN RegS","Fixed Income","0.22","100.08","100,000.00","100,075.89","100,075.89","Consumer Cyclical","XS1999675926","0.00","Dec 21, 2020","-","Germany","EUR","0.23"
"VLVY","VOLVO TREASURY AB MTN RegS","Fixed Income","0.22","100.06","100,000.00","100,072.51","100,072.51","Consumer Cyclical","XS1485660895","0.15","Sep 6, 2019","-","Sweden","EUR","0.18"
"AMSSM","AMADEUS IT GROUP SA MTN RegS","Fixed Income","0.22","100.06","100,000.00","100,066.87","100,066.87","Technology","XS1878190757","0.13","Mar 18, 2022","-","Spain","EUR","0.22"
"UTX","UNITED TECHNOLOGIES CORPORATION","Fixed Income","0.22","100.07","100,000.00","100,066.01","100,066.01","Capital Goods","XS1715323298","0.00","Nov 13, 2019","-","United States","EUR","0.36"
"ANNGR","VONOVIA FINANCE BV RegS","Fixed Income","0.22","100.05","100,000.00","100,058.75","100,058.75","Financial Other","DE000A19SE11","0.04","Nov 20, 2019","-","Germany","EUR","0.30"
"PHIANA","KONINKLIJKE PHILIPS NV RegS","Fixed Income","0.22","100.05","100,000.00","100,046.01","100,046.01","Consumer Non-Cyclical","XS1671754650","0.00","Sep 6, 2019","-","Netherlands","EUR","0.18"
"SCANIA","SCANIA CV AB MTN RegS","Fixed Income","0.22","100.03","100,000.00","100,035.18","100,035.18","Consumer Cyclical","XS1678632487","0.03","Sep 6, 2019","-","Sweden","EUR","0.18"
"SRGIM","SNAM SPA MTN RegS","Fixed Income","0.22","100.01","100,000.00","100,024.13","100,024.13","Natural Gas","XS1759770669","0.09","Jan 29, 2020","-","Italy","EUR","0.36"
"VW","VOLKSWAGEN FINANCIAL SERVICES AG MTN RegS","Fixed Income","0.22","100.01","100,000.00","100,020.78","100,020.78","Consumer Cyclical","XS1856798027","0.04","Jul 16, 2020","-","Germany","EUR","0.82"
"GE","GENERAL ELECTRIC CO","Fixed Income","0.22","100.01","100,000.00","100,011.00","100,011.00","Capital Goods","XS1238900515","0.00","May 28, 2020","-","United States","EUR","0.15"
"GFCFP","GECINA SA MTN RegS","Fixed Income","0.22","99.97","100,000.00","99,975.62","99,975.62","Reits","FR0013266343","0.04","Jun 30, 2022","-","France","EUR","0.25"
"ADNA","KONINKLIJKE AHOLD DELHAIZE NV RegS","Fixed Income","0.22","99.96","100,000.00","99,963.00","99,963.00","Consumer Non-Cyclical","XS1787517199","0.00","Mar 19, 2021","-","Netherlands","EUR","1.71"
"SANSCF","SANTANDER CONSUMER FINANCE SA MTN RegS","Fixed Income","0.22","99.94","100,000.00","99,953.14","99,953.14","Banking","XS1861488275","0.09","Feb 8, 2020","-","Spain","EUR","0.10"
"AUCHAN","AUCHAN HOLDING SA MTN RegS","Fixed Income","0.22","99.94","100,000.00","99,945.00","99,945.00","Consumer Non-Cyclical","FR0013313269","0.00","Feb 3, 2020","-","France","EUR","0.59"
"MUFG","MITSUBISHI UFJ FINANCIAL GROUP INC MTN RegS","Fixed Income","0.22","99.91","100,000.00","99,936.85","99,936.85","Banking","XS1828132735","0.23","May 30, 2023","-","Japan","EUR","0.17"
"DE","JOHN DEERE BANK SA MTN RegS","Fixed Income","0.22","99.90","100,000.00","99,902.00","99,902.00","Capital Goods","XS1692846790","0.00","Oct 3, 2022","-","United States","EUR","0.26"
"VW","VOLKSWAGEN BANK GMBH RegS","Fixed Income","0.22","99.90","100,000.00","99,903.82","99,903.82","Consumer Cyclical","XS1734547919","0.10","Jun 15, 2021","-","Germany","EUR","0.21"
"MYL","MYLAN NV RegS","Fixed Income","0.22","99.88","100,000.00","99,900.52","99,900.52","Consumer Non-Cyclical","XS1619284372","0.19","May 24, 2020","-","United States","EUR","0.47"
"ALDFP","ALD SA MTN RegS","Fixed Income","0.22","99.89","100,000.00","99,888.17","99,888.17","Banking","XS1782508508","0.03","Feb 26, 2021","-","France","EUR","1.48"
"SRGIM","SNAM SPA MTN RegS","Fixed Income","0.22","99.82","100,000.00","99,859.08","99,859.08","Natural Gas","XS1568906421","0.29","Feb 21, 2022","-","Italy","EUR","0.14"
"DAIGR","DAIMLER INTERNATIONAL FINANCE BV MTN RegS","Fixed Income","0.22","99.69","100,000.00","99,690.00","99,690.00","Consumer Cyclical","DE000A19HBM3","0.00","May 11, 2022","-","Germany","EUR","2.63"
"F","FCE BANK PLC MTN RegS","Fixed Income","0.22","99.54","100,000.00","99,563.43","99,563.43","Consumer Cyclical","XS1590503279","0.19","Aug 26, 2020","-","United Kingdom","EUR","0.61"
"BPCEGP","BPCE SA MTN RegS","Fixed Income","0.22","99.51","100,000.00","99,550.33","99,550.33","Banking","FR0013309317","0.19","Jan 11, 2023","-","France","EUR","1.26"
"NYKRE","NYKREDIT REALKREDIT A/S MTN RegS","Fixed Income","0.22","99.40","100,000.00","99,417.96","99,417.96","Banking","DK0009514473","0.26","Jun 2, 2022","-","Denmark","EUR","0.17"
"F","FORD MOTOR CREDIT COMPANY LLC MTN","Fixed Income","0.22","98.95","100,000.00","98,965.14","98,965.14","Consumer Cyclical","XS1821814800","0.12","May 14, 2021","-","United States","EUR","1.26"
"F","FORD MOTOR CREDIT COMPANY LLC MTN","Fixed Income","0.22","97.93","100,000.00","97,935.31","97,935.31","Consumer Cyclical","XS1729872652","0.05","Dec 1, 2021","-","United States","EUR","1.95"
"SANTAN","BANCO SANTANDER SA RegS","Fixed Income","0.22","97.69","100,000.00","97,745.41","97,745.41","Banking","XS1717591884","0.44","Nov 21, 2024","-","Spain","EUR","0.10"
"RENAUL","RCI BANQUE SA MTN RegS","Fixed Income","0.22","97.38","100,000.00","97,421.77","97,421.77","Consumer Cyclical","FR0013292687","0.26","Nov 4, 2024","-","France","EUR","0.72"
"RENAUL","RCI BANQUE SA MTN RegS","Fixed Income","0.21","95.55","100,000.00","95,563.01","95,563.01","Consumer Cyclical","FR0013322146","0.26","Mar 12, 2025","-","France","EUR","0.10"
"F","FORD MOTOR CREDIT COMPANY LLC MTN","Fixed Income","0.21","95.01","100,000.00","95,065.19","95,065.19","Consumer Cyclical","XS1821814982","0.42","Nov 15, 2023","-","United States","EUR","0.03"
"F","FORD MOTOR CREDIT COMPANY LLC MTN","Fixed Income","0.21","93.41","100,000.00","93,446.72","93,446.72","Consumer Cyclical","XS1729872736","0.38","Dec 1, 2024","-","United States","EUR","0.05"
"GS","GOLDMAN SACHS GROUP INC MTN RegS","Fixed Income","0.17","101.51","75,000.00","76,229.15","76,229.15","Banking","XS1173867323","0.69","Jul 26, 2022","-","United States","EUR","0.09"
"EUR","EUR CASH","Cash","0.02","100.00","10,232.00","10,231.82","10,231.82","Cash and/or Derivatives","-","0.00","-","-","European Union","EUR","0.00"
 