﻿Fund Holdings as of,"Jul 4, 2019"
 
Issuer Ticker,Name,Asset Class,Weight (%),Price,Shares,Market Value,Notional Value,Sector,ISIN,Exchange,Country,Market Currency
"USD","USD CASH","Cash","2.09","100.00","20,028,573.00","20,028,573.13","20,028,573.13","Cash and/or Derivatives","-","-","United States","USD"
"BBCA","BANK CENTRAL ASIA","Equity","1.55","2.12","7,004,100.00","14,835,416.90","14,835,416.90","Financials","ID1000109507","Indonesia Stock Exchange","Indonesia","IDR"
"3045","TAIWAN MOBILE LTD","Equity","1.53","3.92","3,742,000.00","14,685,366.87","14,685,366.87","Communication","TW0003045001","Taiwan Stock Exchange","Taiwan","TWD"
"2892","FIRST FINANCIAL HOLDING LTD","Equity","1.52","0.73","19,849,423.00","14,558,073.93","14,558,073.93","Financials","TW0002892007","Taiwan Stock Exchange","Taiwan","TWD"
"5880","TAIWAN COOPERATIVE FINANCIAL HOLDI","Equity","1.50","0.67","21,550,459.00","14,384,534.51","14,384,534.51","Financials","TW0005880009","Taiwan Stock Exchange","Taiwan","TWD"
"270","GUANGDONG INVESTMENT LTD","Equity","1.50","2.06","6,960,000.00","14,355,491.63","14,355,491.63","Utilities","HK0270001396","Hong Kong Exchanges And Clearing Ltd","China","HKD"
"2412","CHUNGHWA TELECOM LTD","Equity","1.46","3.63","3,857,840.00","14,023,093.90","14,023,093.90","Communication","TW0002412004","Taiwan Stock Exchange","Taiwan","TWD"
"4904","FAR EASTONE TELECOMMUNICATIONS LTD","Equity","1.44","2.52","5,491,000.00","13,812,725.58","13,812,725.58","Communication","TW0004904008","Taiwan Stock Exchange","Taiwan","TWD"
"941","CHINA MOBILE LTD","Equity","1.43","9.14","1,502,000.00","13,734,511.46","13,734,511.46","Communication","HK0941009539","Hong Kong Exchanges And Clearing Ltd","China","HKD"
"CHILE","BANCO DE CHILE","Equity","1.37","0.15","88,634,073.00","13,112,796.10","13,112,796.10","Financials","CLP0939W1081","Santiago Stock Exchange","Chile","CLP"
"PBBANK","PUBLIC BANK","Equity","1.31","5.56","2,252,670.00","12,536,029.52","12,536,029.52","Financials","MYL1295OO004","Bursa Malaysia","Malaysia","MYR"
"BABA","ALIBABA GROUP HOLDING ADR REPRESEN","Equity","1.13","174.67","61,792.00","10,793,208.64","10,793,208.64","Consumer Discretionary","US01609W1027","New York Stock Exchange Inc.","China","USD"
"AOT.R","AIRPORTS OF THAILAND NON-VOTING DR","Equity","1.09","2.42","4,295,900.00","10,400,083.96","10,400,083.96","Industrials","TH0765010R16","Stock Exchange Of Thailand","Thailand","THB"
"MAYBANK","MALAYAN BANKING","Equity","1.08","2.17","4,772,000.00","10,368,391.00","10,368,391.00","Financials","MYL1155OO000","Bursa Malaysia","Malaysia","MYR"
"BAP","CREDICORP LTD","Equity","1.08","234.77","44,159.00","10,367,208.43","10,367,208.43","Financials","BMG2519Y1084","New York Stock Exchange Inc.","Peru","USD"
"FAB","FIRST ABU DHABI BANK","Equity","1.04","4.03","2,479,894.00","10,005,588.96","10,005,588.96","Financials","AEN000101016","Abu Dhabi Securities Exchange","United Arab Emirates","AED"
"CPALL.R","CP ALL NON-VOTING DR PCL","Equity","1.04","2.79","3,576,000.00","9,968,959.90","9,968,959.90","Consumer Staples","TH0737010R15","Stock Exchange Of Thailand","Thailand","THB"
"728","CHINA TELECOM CORP LTD H","Equity","0.95","0.50","18,296,000.00","9,140,480.84","9,140,480.84","Communication","CNE1000002V2","Hong Kong Exchanges And Clearing Ltd","China","HKD"
"INFY","INFOSYS LTD","Equity","0.92","10.71","818,273.00","8,765,035.07","8,765,035.07","Information Technology","INE009A01021","National Stock Exchange Of India","India","INR"
"7010","SAUDI TELECOM","Equity","0.88","27.89","301,946.00","8,421,606.70","8,421,606.70","Communication","SA0007879543","Saudi Stock Exchange","Saudi Arabia","SAR"
"2880","HUA NAN FINANCIAL HOLDINGS LTD","Equity","0.88","0.67","12,512,091.00","8,411,963.26","8,411,963.26","Financials","TW0002880002","Taiwan Stock Exchange","Taiwan","TWD"
"3988","BANK OF CHINA LTD H","Equity","0.88","0.42","19,819,000.00","8,399,607.01","8,399,607.01","Financials","CNE1000001Z5","Hong Kong Exchanges And Clearing Ltd","China","HKD"
"BTS.R","BTS GROUP HOLDINGS NON-VOTING DR P","Equity","0.87","0.41","20,337,200.00","8,288,718.62","8,288,718.62","Industrials","TH0221010R10","Stock Exchange Of Thailand","Thailand","THB"
"2330","TAIWAN SEMICONDUCTOR MANUFACTURING","Equity","0.83","7.85","1,015,000.00","7,966,674.17","7,966,674.17","Information Technology","TW0002330008","Taiwan Stock Exchange","Taiwan","TWD"
"TCS","TATA CONSULTANCY SERVICES LTD","Equity","0.80","32.74","235,076.00","7,695,689.24","7,695,689.24","Information Technology","INE467B01029","National Stock Exchange Of India","India","INR"
"HLBANK","HONG LEONG BANK","Equity","0.79","4.60","1,650,244.00","7,594,396.54","7,594,396.54","Financials","MYL5819OO007","Bursa Malaysia","Malaysia","MYR"
"033780","KT&G CORP","Equity","0.79","84.03","90,367.00","7,593,735.58","7,593,735.58","Consumer Staples","KR7033780008","Korea Exchange (Stock Market)","Korea (South)","KRW"
"BDMS.R","BANGKOK DUSIT MEDICAL SERVICES NON","Equity","0.78","0.84","8,920,200.00","7,489,245.19","7,489,245.19","Health Care","TH0264010R10","Stock Exchange Of Thailand","Thailand","THB"
"ETISALAT","EMIRATES TELECOM","Equity","0.78","4.57","1,635,853.00","7,473,044.48","7,473,044.48","Communication","AEE000401019","Abu Dhabi Securities Exchange","United Arab Emirates","AED"
"QIBK","QATAR ISLAMIC BANK","Equity","0.76","4.74","1,542,320.00","7,305,559.14","7,305,559.14","Financials","QA0006929853","Qatar Exchange","Qatar","QAR"
"2313","SHENZHOU INTERNATIONAL GROUP LTD","Equity","0.76","14.09","514,700.00","7,251,437.12","7,251,437.12","Consumer Discretionary","KYG8087W1015","Hong Kong Exchanges And Clearing Ltd","China","HKD"
"YUMC","YUM CHINA HOLDINGS INC","Equity","0.76","44.45","162,659.00","7,230,192.55","7,230,192.55","Consumer Discretionary","US98850P1093","New York Stock Exchange Inc.","China","USD"
"2010","SAUDI BASIC INDUSTRIES","Equity","0.74","30.66","231,772.00","7,107,106.10","7,107,106.10","Materials","SA0007879121","Saudi Stock Exchange","Saudi Arabia","SAR"
"BDO","BDO UNIBANK INC","Equity","0.70","2.77","2,417,843.00","6,686,217.18","6,686,217.18","Financials","PHY077751022","Philippine Stock Exchange Inc.","Philippines","PHP"
"386","CHINA PETROLEUM AND CHEMICAL CORP","Equity","0.68","0.67","9,660,400.00","6,501,142.50","6,501,142.50","Energy","CNE1000002Q2","Hong Kong Exchanges And Clearing Ltd","China","HKD"
"FALABELLA","FALABELLA SACI","Equity","0.68","6.53","993,208.00","6,489,686.36","6,489,686.36","Consumer Discretionary","CLP3880F1085","Santiago Stock Exchange","Chile","CLP"
"017670","SK TELECOM LTD","Equity","0.67","224.20","28,777.00","6,451,800.44","6,451,800.44","Communication","KR7017670001","Korea Exchange (Stock Market)","Korea (South)","KRW"
"ASIANPAINT","ASIAN PAINTS LTD","Equity","0.67","19.85","322,548.00","6,401,992.78","6,401,992.78","Materials","INE021A01026","National Stock Exchange Of India","India","INR"
"DABUR","DABUR INDIA LTD","Equity","0.67","5.88","1,084,215.00","6,377,409.45","6,377,409.45","Consumer Staples","INE016A01026","National Stock Exchange Of India","India","INR"
"1288","AGRICULTURAL BANK OF CHINA LTD H","Equity","0.65","0.42","14,959,000.00","6,263,015.00","6,263,015.00","Financials","CNE100000Q43","Hong Kong Exchanges And Clearing Ltd","China","HKD"
"2912","PRESIDENT CHAIN STORE CORP","Equity","0.65","9.88","634,000.00","6,261,073.76","6,261,073.76","Consumer Staples","TW0002912003","Taiwan Stock Exchange","Taiwan","TWD"
"HINDUNILVR","HINDUSTAN UNILEVER LTD","Equity","0.64","26.18","233,415.00","6,111,278.65","6,111,278.65","Consumer Staples","INE030A01027","National Stock Exchange Of India","India","INR"
"BEM.R","BANGKOK EXPRESSWAY AND METRO PCL N","Equity","0.64","0.37","16,577,400.00","6,107,747.64","6,107,747.64","Industrials","TH6999010R15","Stock Exchange Of Thailand","Thailand","THB"
"WIPRO","WIPRO LTD","Equity","0.62","4.14","1,444,248.00","5,984,231.73","5,984,231.73","Information Technology","INE075A01022","National Stock Exchange Of India","India","INR"
"TLKM","TELEKOMUNIKASI INDONESIA","Equity","0.62","0.30","19,892,900.00","5,979,124.82","5,979,124.82","Communication","ID1000129000","Indonesia Stock Exchange","Indonesia","IDR"
"177","JIANGSU EXPRESSWAY LTD H","Equity","0.62","1.42","4,184,000.00","5,932,312.75","5,932,312.75","Industrials","CNE1000003J5","Hong Kong Exchanges And Clearing Ltd","China","HKD"
"EQTL3","EQUATORIAL ENERGIA SA","Equity","0.61","24.80","236,458.00","5,864,083.61","5,864,083.61","Utilities","BREQTLACNOR0","XBSP","Brazil","BRL"
"1150","ALINMA BANK","Equity","0.60","6.53","885,784.00","5,786,659.20","5,786,659.20","Financials","SA122050HV19","Saudi Stock Exchange","Saudi Arabia","SAR"
"JFC","JOLLIBEE FOODS CORP","Equity","0.60","5.59","1,021,020.00","5,706,889.28","5,706,889.28","Consumer Discretionary","PHY4466S1007","Philippine Stock Exchange Inc.","Philippines","PHP"
"QNBK","QATAR NATIONAL BANK","Equity","0.60","5.29","1,076,965.00","5,701,622.90","5,701,622.90","Financials","QA0006929895","Qatar Exchange","Qatar","QAR"
"MARK","MASRAF AL RAYAN","Equity","0.59","1.05","5,350,313.00","5,612,190.75","5,612,190.75","Financials","QA000A0M8VM3","Qatar Exchange","Qatar","QAR"
"WALMEX*","WALMART DE MEXICO V","Equity","0.57","2.84","1,914,227.00","5,437,346.50","5,437,346.50","Consumer Staples","MX01WA000038","Bolsa Mexicana De Valores","Mexico","MXN"
"HCLTECH","HCL TECHNOLOGIES LTD","Equity","0.56","15.19","355,256.00","5,397,163.45","5,397,163.45","Information Technology","INE860A01027","National Stock Exchange Of India","India","INR"
"UNVR","UNILEVER INDONESIA","Equity","0.56","3.18","1,678,991.00","5,340,355.04","5,340,355.04","Consumer Staples","ID1000095706","Indonesia Stock Exchange","Indonesia","IDR"
"2395","ADVANTECH LTD","Equity","0.55","8.46","622,237.00","5,264,204.68","5,264,204.68","Information Technology","TW0002395001","Taiwan Stock Exchange","Taiwan","TWD"
"2884","E.SUN FINANCIAL HOLDING LTD","Equity","0.55","0.85","6,183,664.00","5,251,350.39","5,251,350.39","Financials","TW0002884004","Taiwan Stock Exchange","Taiwan","TWD"
"1398","INDUSTRIAL AND COMMERCIAL BANK OF","Equity","0.52","0.72","6,959,000.00","4,987,056.92","4,987,056.92","Financials","CNE1000003G1","Hong Kong Exchanges And Clearing Ltd","China","HKD"
"EGCO.R","ELECTRICITY GENERATING NON-VOTING","Equity","0.51","10.63","463,800.00","4,929,859.80","4,929,859.80","Utilities","TH0465010R13","Stock Exchange Of Thailand","Thailand","THB"
"000810","SAMSUNG FIRE & MARINE INSURANCE LT","Equity","0.50","223.34","21,592.00","4,822,447.37","4,822,447.37","Financials","KR7000810002","Korea Exchange (Stock Market)","Korea (South)","KRW"
"857","PETROCHINA LTD H","Equity","0.49","0.55","8,656,000.00","4,724,648.10","4,724,648.10","Energy","CNE1000003W8","Hong Kong Exchanges And Clearing Ltd","China","HKD"
"992","LENOVO GROUP LTD","Equity","0.49","0.79","5,952,717.00","4,724,621.27","4,724,621.27","Information Technology","HK0992009065","Hong Kong Exchanges And Clearing Ltd","China","HKD"
"4190","JARIR MARKETING","Equity","0.48","45.33","101,635.00","4,607,084.77","4,607,084.77","Consumer Discretionary","SA000A0BLA62","Saudi Stock Exchange","Saudi Arabia","SAR"
"900932","SHANGHAI LUJIAZUI FINANCE & TRADE","Equity","0.48","1.21","3,804,432.00","4,599,558.29","4,599,558.29","Real Estate","CNE000000HH6","Shanghai Stock Exchange","China","USD"
"QEWS","QATAR ELECTRICITY AND WATER","Equity","0.47","4.58","992,267.00","4,542,072.05","4,542,072.05","Utilities","QA0006929812","Qatar Exchange","Qatar","QAR"
"2385","CHICONY ELECTRONICS LTD","Equity","0.47","2.51","1,802,591.00","4,522,858.37","4,522,858.37","Information Technology","TW0002385002","Taiwan Stock Exchange","Taiwan","TWD"
"035250","KANGWON LAND INC","Equity","0.46","26.48","168,001.00","4,449,453.15","4,449,453.15","Consumer Discretionary","KR7035250000","Korea Exchange (Stock Market)","Korea (South)","KRW"
"BPI","BANK OF THE PHILIPPINE ISLANDS","Equity","0.46","1.54","2,838,256.00","4,374,019.91","4,374,019.91","Financials","PHY0967S1694","Philippine Stock Exchange Inc.","Philippines","PHP"
"KTB.R","KRUNG THAI BANK PUBLIC NON-VOTING","Equity","0.45","0.64","6,850,800.00","4,355,741.77","4,355,741.77","Financials","TH0150010R11","Stock Exchange Of Thailand","Thailand","THB"
"BH.R","BUMRUNGRAD HOSPITAL NON-VOTING DR","Equity","0.45","5.56","782,300.00","4,348,945.22","4,348,945.22","Health Care","TH0168010R13","Stock Exchange Of Thailand","Thailand","THB"
"005930","SAMSUNG ELECTRONICS LTD","Equity","0.45","39.36","109,159.00","4,296,862.91","4,296,862.91","Information Technology","KR7005930003","Korea Exchange (Stock Market)","Korea (South)","KRW"
"IHH","IHH HEALTHCARE","Equity","0.45","1.41","3,030,700.00","4,275,098.23","4,275,098.23","Health Care","MYL5225OO007","Bursa Malaysia","Malaysia","MYR"
"012750","S-1 CORP","Equity","0.44","85.06","49,851.00","4,240,278.45","4,240,278.45","Industrials","KR7012750006","Korea Exchange (Stock Market)","Korea (South)","KRW"
"032830","SAMSUNG LIFE LTD","Equity","0.44","70.00","60,251.00","4,217,466.88","4,217,466.88","Financials","KR7032830002","Korea Exchange (Stock Market)","Korea (South)","KRW"
"RICHTER","GEDEON RICHTER","Equity","0.42","18.50","219,618.00","4,063,802.88","4,063,802.88","Health Care","HU0000123096","Budapest Stock Exchange","Hungary","HUF"
"600900","CHINA YANGTZE POWER LTD A","Equity","0.42","2.66","1,525,940.00","4,057,542.29","4,057,542.29","Utilities","CNE000001G87","Shanghai Stock Exchange","China","CNY"
"1818","ZHAOJIN MINING INDUSTRY LTD H","Equity","0.42","1.12","3,617,000.00","4,041,392.68","4,041,392.68","Materials","CNE1000004R6","Hong Kong Exchanges And Clearing Ltd","China","HKD"
"267","CITIC LTD","Equity","0.42","1.44","2,786,000.00","4,000,241.45","4,000,241.45","Industrials","HK0267001375","Hong Kong Exchanges And Clearing Ltd","China","HKD"
"291","CHINA RESOURCES BEER HOLDINGS LTD","Equity","0.42","4.71","845,333.00","3,984,347.21","3,984,347.21","Consumer Staples","HK0291001490","Hong Kong Exchanges And Clearing Ltd","China","HKD"
"FFA","FORTRESS REIT LTD A","Equity","0.41","1.52","2,602,675.00","3,965,804.29","3,965,804.29","Real Estate","ZAE000248498","Johannesburg Stock Exchange","South Africa","ZAR"
"BBSE3","BB SEGURIDADE SA","Equity","0.41","8.72","453,854.00","3,958,362.90","3,958,362.90","Financials","BRBBSEACNOR5","XBSP","Brazil","BRL"
"3969","CHINA RAILWAY SIGNAL COMMUNICATION","Equity","0.41","0.78","5,086,000.00","3,958,332.48","3,958,332.48","Information Technology","CNE1000021L3","Hong Kong Exchanges And Clearing Ltd","China","HKD"
"005830","DB INSURANCE LTD","Equity","0.41","47.15","82,485.00","3,889,203.75","3,889,203.75","Financials","KR7005830005","Korea Exchange (Stock Market)","Korea (South)","KRW"
"COMI","COMMERCIAL INTERNATIONAL BANK","Equity","0.40","4.41","871,086.00","3,845,590.03","3,845,590.03","Financials","EGS60121C018","Egyptian Exchange","Egypt","EGP"
"700","TENCENT HOLDINGS LTD","Equity","0.40","46.23","82,700.00","3,823,589.85","3,823,589.85","Communication","KYG875721634","Hong Kong Exchanges And Clearing Ltd","China","HKD"
"TENAGA","TENAGA NASIONAL","Equity","0.40","3.42","1,116,800.00","3,820,844.91","3,820,844.91","Utilities","MYL5347OO009","Bursa Malaysia","Malaysia","MYR"
"2357","ASUSTEK COMPUTER INC","Equity","0.40","7.33","516,000.00","3,784,475.83","3,784,475.83","Information Technology","TW0002357001","Taiwan Stock Exchange","Taiwan","TWD"
"MARICO","MARICO LTD","Equity","0.39","5.46","683,438.00","3,733,194.65","3,733,194.65","Consumer Staples","INE196A01026","National Stock Exchange Of India","India","INR"
"TECHM","TECH MAHINDRA LTD","Equity","0.39","10.23","361,547.00","3,697,537.82","3,697,537.82","Information Technology","INE669C01036","National Stock Exchange Of India","India","INR"
"AP","ABOITIZ POWER CORP","Equity","0.38","0.72","5,092,200.00","3,674,809.17","3,674,809.17","Utilities","PHY0005M1090","Philippine Stock Exchange Inc.","Philippines","PHP"
"ADVANC.R","ADVANCED INFO SERVICE NON-VOTING D","Equity","0.38","6.91","530,500.00","3,666,970.98","3,666,970.98","Communication","TH0268010R11","Stock Exchange Of Thailand","Thailand","THB"
"2347","SYNNEX TECHNOLOGY INTERNATIONAL CO","Equity","0.38","1.26","2,886,150.00","3,639,369.51","3,639,369.51","Information Technology","TW0002347002","Taiwan Stock Exchange","Taiwan","TWD"
"2020","ANTA SPORTS PRODUCTS LTD","Equity","0.37","7.12","504,000.00","3,589,181.14","3,589,181.14","Consumer Discretionary","KYG040111059","Hong Kong Exchanges And Clearing Ltd","China","HKD"
"1044","HENGAN INTERNATIONAL GROUP LTD","Equity","0.37","7.54","474,000.00","3,573,384.36","3,573,384.36","Consumer Staples","KYG4402L1510","Hong Kong Exchanges And Clearing Ltd","China","HKD"
"902","HUANENG POWER INTERNATIONAL INC H","Equity","0.37","0.60","5,888,000.00","3,554,094.32","3,554,094.32","Utilities","CNE1000006Z4","Hong Kong Exchanges And Clearing Ltd","China","HKD"
"BIDU","BAIDU ADR REPTG INC CLASS A","Equity","0.37","118.56","29,843.00","3,538,186.08","3,538,186.08","Communication","US0567521085","NASDAQ","China","USD"
"HAPSENG","HAP SENG CONSOLIDATED","Equity","0.36","2.41","1,446,300.00","3,478,398.74","3,478,398.74","Industrials","MYL3034OO005","Bursa Malaysia","Malaysia","MYR"
"AGUAS.A","AGUAS ANDINAS SA","Equity","0.36","0.60","5,816,436.00","3,476,274.28","3,476,274.28","Utilities","CL0000000035","Santiago Stock Exchange","Chile","CLP"
"1508","CHINA REINSURANCE (GROUP) CORP H","Equity","0.36","0.18","19,673,000.00","3,461,421.20","3,461,421.20","Financials","CNE100002342","Hong Kong Exchanges And Clearing Ltd","China","HKD"
"HMSP","HM SAMPOERNA","Equity","0.36","0.22","15,403,500.00","3,442,366.34","3,442,366.34","Consumer Staples","ID1000074008","Indonesia Stock Exchange","Indonesia","IDR"
"HMPRO.R","HOME PRODUCT CENTER NON-VOTING DR","Equity","0.36","0.57","5,978,900.00","3,430,995.76","3,430,995.76","Consumer Discretionary","TH0661010R17","Stock Exchange Of Thailand","Thailand","THB"
"BRITANNIA","BRITANNIA INDUSTRIES LTD","Equity","0.36","41.48","82,237.00","3,410,905.77","3,410,905.77","Consumer Staples","INE216A01030","National Stock Exchange Of India","India","INR"
"1816","CGN POWER LTD H","Equity","0.35","0.28","11,783,000.00","3,344,347.84","3,344,347.84","Utilities","CNE100001T80","Hong Kong Exchanges And Clearing Ltd","China","HKD"
"EDU","NEW ORIENTAL EDUCATION & TECHNOLOG","Equity","0.35","97.08","34,149.00","3,315,184.92","3,315,184.92","Consumer Discretionary","US6475811070","New York Stock Exchange Inc.","China","USD"
"BRES","BARWA REAL ESTATE","Equity","0.34","0.97","3,353,810.00","3,241,686.33","3,241,686.33","Real Estate","QA000A0KD6J5","Qatar Exchange","Qatar","QAR"
"PCHEM","PETRONAS CHEMICALS GROUP","Equity","0.34","2.09","1,549,000.00","3,230,675.05","3,230,675.05","Materials","MYL5183OO008","Bursa Malaysia","Malaysia","MYR"
"2834","TAIWAN BUSINESS BANK","Equity","0.33","0.43","7,314,668.00","3,129,445.89","3,129,445.89","Financials","TW0002834009","Taiwan Stock Exchange","Taiwan","TWD"
"601166","INDUSTRIAL BANK LTD A","Equity","0.32","2.66","1,157,394.00","3,079,245.66","3,079,245.66","Financials","CNE000001QZ7","Shanghai Stock Exchange","China","CNY"
"1120","AL RAJHI BANK","Equity","0.32","18.72","162,676.00","3,045,051.12","3,045,051.12","Financials","SA0007879113","Saudi Stock Exchange","Saudi Arabia","SAR"
"2886","MEGA FINANCIAL HOLDING LTD","Equity","0.32","1.00","3,033,000.00","3,044,024.83","3,044,024.83","Financials","TW0002886009","Taiwan Stock Exchange","Taiwan","TWD"
"KLK","KUALA LUMPUR KEPONG","Equity","0.31","5.93","507,000.00","3,005,443.99","3,005,443.99","Consumer Staples","MYL2445OO004","Bursa Malaysia","Malaysia","MYR"
"MOL","MOL HUNGARIAN OIL AND GAS","Equity","0.31","10.71","279,840.00","2,996,382.76","2,996,382.76","Energy","HU0000153937","Budapest Stock Exchange","Hungary","HUF"
"6505","FORMOSA PETROCHEMICAL CORP","Equity","0.31","3.46","863,000.00","2,984,286.04","2,984,286.04","Energy","TW0006505001","Taiwan Stock Exchange","Taiwan","TWD"
"NTES","NETEASE ADR INC","Equity","0.30","265.57","10,995.00","2,919,942.15","2,919,942.15","Communication","US64110W1027","NASDAQ","China","USD"
"PPB","PPB GROUP","Equity","0.30","4.49","649,600.00","2,917,148.80","2,917,148.80","Consumer Staples","MYL4065OO008","Bursa Malaysia","Malaysia","MYR"
"BAJAJFINSV","BAJAJ FINSERV LTD","Equity","0.30","124.63","23,404.00","2,916,762.57","2,916,762.57","Financials","INE918I01018","National Stock Exchange Of India","India","INR"
"036570","NCSOFT CORP","Equity","0.30","400.91","7,266.00","2,912,990.76","2,912,990.76","Communication","KR7036570000","Korea Exchange (Stock Market)","Korea (South)","KRW"
"601328","BANK OF COMMUNICATIONS LTD A","Equity","0.29","0.90","3,068,100.00","2,771,472.14","2,771,472.14","Financials","CNE1000000S2","Shanghai Stock Exchange","China","CNY"
"HYPE3","HYPERMARCAS SA","Equity","0.29","7.78","353,291.00","2,749,784.72","2,749,784.72","Health Care","BRHYPEACNOR0","XBSP","Brazil","BRL"
"1199","COSCO SHIPPING PORTS LTD","Equity","0.29","0.98","2,802,000.00","2,749,316.76","2,749,316.76","Industrials","BMG2442N1048","Hong Kong Exchanges And Clearing Ltd","China","HKD"
"600000","SHANGHAI PUDONG DEVELOPMENT BANK L","Equity","0.28","1.69","1,608,526.00","2,718,839.80","2,718,839.80","Financials","CNE0000011B7","Shanghai Stock Exchange","China","CNY"
"BAJFINANCE","BAJAJ FINANCE LTD","Equity","0.28","54.49","48,525.00","2,643,888.22","2,643,888.22","Financials","INE296A01024","National Stock Exchange Of India","India","INR"
"2633","TAIWAN HIGH SPEED RAIL CORP","Equity","0.27","1.42","1,835,000.00","2,609,032.71","2,609,032.71","Industrials","TW0002633005","Taiwan Stock Exchange","Taiwan","TWD"
"RELIANCE","RELIANCE INDUSTRIES LTD","Equity","0.27","18.74","135,412.00","2,538,048.43","2,538,048.43","Energy","INE002A01018","National Stock Exchange Of India","India","INR"
"600016","CHINA MINSHENG BANKING CORP LTD A","Equity","0.26","0.94","2,664,038.00","2,495,604.09","2,495,604.09","Financials","CNE0000015Y0","Shanghai Stock Exchange","China","CNY"
"AC*","ARCA CONTINENTAL","Equity","0.26","5.38","457,990.00","2,465,668.98","2,465,668.98","Consumer Staples","MX01AC100006","Bolsa Mexicana De Valores","Mexico","MXN"
"HDFC","HOUSING DEVELOPMENT FINANCE CORPOR","Equity","0.26","33.29","74,062.00","2,465,219.70","2,465,219.70","Financials","INE001A01036","National Stock Exchange Of India","India","INR"
"ICT","INTERNATIONAL CONTAINER TERMINAL S","Equity","0.26","2.86","859,390.00","2,453,839.34","2,453,839.34","Industrials","PHY411571011","Philippine Stock Exchange Inc.","Philippines","PHP"
"BAAKOMB","KOMERCNI BANK","Equity","0.26","39.43","62,213.00","2,453,188.57","2,453,188.57","Financials","CZ0008019106","Prague Stock Exchange","Czech Republic","CZK"
"MER","MANILA ELECTRIC","Equity","0.25","7.45","327,320.00","2,438,936.49","2,438,936.49","Utilities","PHY5764J1483","Philippine Stock Exchange Inc.","Philippines","PHP"
"1193","CHINA RESOURCES GAS GROUP LTD","Equity","0.24","5.14","452,000.00","2,321,997.33","2,321,997.33","Utilities","BMG2113B1081","Hong Kong Exchanges And Clearing Ltd","China","HKD"
"TITAN","TITAN COMPANY LTD","Equity","0.24","18.84","122,350.00","2,304,566.42","2,304,566.42","Consumer Discretionary","INE280A01028","National Stock Exchange Of India","India","INR"
"900948","INNER MONGOLIA YITAI COAL LTD B","Equity","0.23","1.07","2,079,790.00","2,229,534.88","2,229,534.88","Energy","CNE000000SK7","Shanghai Stock Exchange","China","USD"
"000660","SK HYNIX INC","Equity","0.23","60.07","36,899.00","2,216,592.33","2,216,592.33","Information Technology","KR7000660001","Korea Exchange (Stock Market)","Korea (South)","KRW"
"CBQK","COMMERCIAL BANK OF QATAR","Equity","0.23","1.33","1,671,026.00","2,216,257.45","2,216,257.45","Financials","QA0007227752","Qatar Exchange","Qatar","QAR"
"2319","CHINA MENGNIU DAIRY LTD","Equity","0.23","4.08","541,000.00","2,205,993.78","2,205,993.78","Consumer Staples","KYG210961051","Hong Kong Exchanges And Clearing Ltd","China","HKD"
"F&N","FRASER & NEAVE HOLDINGS","Equity","0.23","8.40","261,000.00","2,191,313.82","2,191,313.82","Consumer Staples","MYL3689OO006","Bursa Malaysia","Malaysia","MYR"
"MAXIS","MAXIS","Equity","0.23","1.38","1,588,300.00","2,190,493.59","2,190,493.59","Communication","MYL6012OO008","Bursa Malaysia","Malaysia","MYR"
"3320","CHINA RESOURCES PHARMACEUTICAL GRO","Equity","0.23","1.14","1,889,500.00","2,154,880.30","2,154,880.30","Health Care","HK0000311099","Hong Kong Exchanges And Clearing Ltd","China","HKD"
"GGRM","GUDANG GARAM","Equity","0.22","5.53","389,100.00","2,152,570.54","2,152,570.54","Consumer Staples","ID1000068604","Indonesia Stock Exchange","Indonesia","IDR"
"2318","PING AN INSURANCE (GROUP) CO OF CH","Equity","0.22","12.37","173,500.00","2,146,913.21","2,146,913.21","Financials","CNE1000003X6","Hong Kong Exchanges And Clearing Ltd","China","HKD"
"PETRONET","PETRONET LNG LTD","Equity","0.22","3.69","582,108.00","2,146,844.55","2,146,844.55","Energy","INE347G01014","National Stock Exchange Of India","India","INR"
"ANG","ANGLOGOLD ASHANTI LTD","Equity","0.22","17.90","119,209.00","2,133,336.65","2,133,336.65","Materials","ZAE000043485","Johannesburg Stock Exchange","South Africa","ZAR"
"TITK","TITAN CEMENT COMPANY SA","Equity","0.22","20.58","103,280.00","2,125,333.85","2,125,333.85","Materials","GRS074083007","Athens Exchange S.A. Cash Market","Greece","EUR"
"998","CHINA CITIC BANK CORP LTD H","Equity","0.22","0.58","3,693,000.00","2,124,812.49","2,124,812.49","Financials","CNE1000001Q4","Hong Kong Exchanges And Clearing Ltd","China","HKD"
"KBANK.R","KASIKORNBANK PUBLIC NON-VOTING DR","Equity","0.22","6.10","345,300.00","2,105,350.51","2,105,350.51","Financials","TH0016010R14","Stock Exchange Of Thailand","Thailand","THB"
"035420","NAVER CORP","Equity","0.21","100.98","20,115.00","2,031,122.71","2,031,122.71","Communication","KR7035420009","Korea Exchange (Stock Market)","Korea (South)","KRW"
"1066","SHANDONG WEIGAO GROUP MEDICAL POLY","Equity","0.21","0.92","2,204,000.00","2,018,200.97","2,018,200.97","Health Care","CNE100000171","Hong Kong Exchanges And Clearing Ltd","China","HKD"
"2020","SAUDI ARABIA FERTILIZERS","Equity","0.21","24.00","81,859.00","1,964,458.84","1,964,458.84","Materials","SA0007879139","Saudi Stock Exchange","Saudi Arabia","SAR"
"1301","FORMOSA PLASTICS CORP","Equity","0.20","3.36","582,880.00","1,959,370.80","1,959,370.80","Materials","TW0001301000","Taiwan Stock Exchange","Taiwan","TWD"
"489","DONGFENG MOTOR GROUP LTD H","Equity","0.20","0.86","2,262,000.00","1,952,203.84","1,952,203.84","Consumer Discretionary","CNE100000312","Hong Kong Exchanges And Clearing Ltd","China","HKD"
"000270","KIA MOTORS CORP","Equity","0.20","36.50","51,902.00","1,894,249.79","1,894,249.79","Consumer Discretionary","KR7000270009","Korea Exchange (Stock Market)","Korea (South)","KRW"
"VOD","VODACOM GROUP LTD","Equity","0.20","8.44","221,740.00","1,871,584.37","1,871,584.37","Communication","ZAE000132577","Johannesburg Stock Exchange","South Africa","ZAR"
"ICSUAGD","BLK ICS USD LIQ AGENCY DIS","Money Market","0.19","1.00","1,854,111.00","1,854,110.81","1,854,110.81","Cash and/or Derivatives","IE00B50QMP13","-","Ireland","USD"
"3702","WPG HOLDINGS LTD","Equity","0.19","1.32","1,368,120.00","1,806,585.58","1,806,585.58","Information Technology","TW0003702007","Taiwan Stock Exchange","Taiwan","TWD"
"INTUCH.R","INTOUCH HOLDINGS NON-VOTING DR PCL","Equity","0.19","2.03","890,100.00","1,806,609.88","1,806,609.88","Communication","TH0201010R12","Stock Exchange Of Thailand","Thailand","THB"
"601006","DAQIN RAILWAY LTD A","Equity","0.19","1.18","1,519,099.00","1,789,865.93","1,789,865.93","Industrials","CNE000001NG4","Shanghai Stock Exchange","China","CNY"
"URC","UNIVERSAL ROBINA CORP","Equity","0.19","3.36","531,110.00","1,786,552.98","1,786,552.98","Consumer Staples","PHY9297P1004","Philippine Stock Exchange Inc.","Philippines","PHP"
"ICBP","INDOFOOD CBP SUKSES MAKMUR","Equity","0.18","0.71","2,469,500.00","1,763,928.57","1,763,928.57","Consumer Staples","ID1000116700","Indonesia Stock Exchange","Indonesia","IDR"
"PEO","BANK PEKAO SA","Equity","0.18","29.47","59,329.00","1,748,705.65","1,748,705.65","Financials","PLPEKAO00016","Warsaw Stock Exchange/Equities/Main Market","Poland","PLN"
"MOH","MOTOR OIL (HELLAS) CORINTH REFINER","Equity","0.18","27.05","64,455.00","1,743,780.78","1,743,780.78","Energy","GRS426003000","Athens Exchange S.A. Cash Market","Greece","EUR"
"SCC.R","SIAM CEMENT NON-VOTING DR PCL","Equity","0.18","15.26","113,000.00","1,724,290.84","1,724,290.84","Materials","TH0003010R12","Stock Exchange Of Thailand","Thailand","THB"
"INDF","INDOFOOD SUKSES MAKMUR","Equity","0.18","0.50","3,442,900.00","1,716,580.27","1,716,580.27","Consumer Staples","ID1000057003","Indonesia Stock Exchange","Indonesia","IDR"
"493","GOME RETAIL HOLDINGS LTD","Equity","0.18","0.11","15,823,000.00","1,706,991.68","1,706,991.68","Consumer Discretionary","BMG3978C1249","Hong Kong Exchanges And Clearing Ltd","China","HKD"
"1140","BANK ALBILAD","Equity","0.18","7.12","236,939.00","1,686,870.73","1,686,870.73","Financials","SA000A0D9HK3","Saudi Stock Exchange","Saudi Arabia","SAR"
"3328","BANK OF COMMUNICATIONS LTD H","Equity","0.18","0.77","2,189,000.00","1,681,164.59","1,681,164.59","Financials","CNE100000205","Hong Kong Exchanges And Clearing Ltd","China","HKD"
"384","CHINA GAS HOLDINGS LTD","Equity","0.18","4.03","416,800.00","1,678,141.37","1,678,141.37","Utilities","BMG2109G1033","Hong Kong Exchanges And Clearing Ltd","China","HKD"
"601169","BANK OF BEIJING LTD A","Equity","0.17","0.87","1,873,131.00","1,634,815.73","1,634,815.73","Financials","CNE100000734","Shanghai Stock Exchange","China","CNY"
"2290","YANBU NATIONAL PETROCHEMICALS","Equity","0.17","16.27","99,814.00","1,623,511.19","1,623,511.19","Materials","SA000A0HNF36","Saudi Stock Exchange","Saudi Arabia","SAR"
"OTP","OTP BANK","Equity","0.16","41.94","37,277.00","1,563,223.00","1,563,223.00","Financials","HU0000061726","Budapest Stock Exchange","Hungary","HUF"
"1099","SINOPHARM GROUP LTD H","Equity","0.16","3.50","446,000.00","1,560,862.53","1,560,862.53","Health Care","CNE100000FN7","Hong Kong Exchanges And Clearing Ltd","China","HKD"
"6004","SAUDI AIRLINES CATERING","Equity","0.16","22.80","68,447.00","1,560,466.76","1,560,466.76","Consumer Discretionary","SA1330R2TQ16","Saudi Stock Exchange","Saudi Arabia","SAR"
"PETDAG","PETRONAS DAGANGAN","Equity","0.16","6.22","246,300.00","1,531,553.35","1,531,553.35","Energy","MYL5681OO001","Bursa Malaysia","Malaysia","MYR"
"TAL","TAL EDUCATION GROUP ADR REPTG","Equity","0.16","38.50","39,595.00","1,524,407.50","1,524,407.50","Consumer Discretionary","US8740801043","New York Stock Exchange Inc.","China","USD"
"IENOVA*","INFRAESTRUCTURA ENERGETICA NOVA","Equity","0.16","4.01","379,260.00","1,520,133.35","1,520,133.35","Utilities","MX01IE060002","Bolsa Mexicana De Valores","Mexico","MXN"
"1766","CRRC CORP LTD H","Equity","0.16","0.84","1,792,000.00","1,505,147.44","1,505,147.44","Industrials","CNE100000BG0","Hong Kong Exchanges And Clearing Ltd","China","HKD"
"6818","CHINA EVERBRIGHT BANK LTD H","Equity","0.16","0.46","3,253,046.00","1,499,850.40","1,499,850.40","Financials","CNE100001QW3","Hong Kong Exchanges And Clearing Ltd","China","HKD"
"600015","HUA XIA BANK LTD A","Equity","0.16","1.14","1,310,618.00","1,488,937.84","1,488,937.84","Financials","CNE000001FW7","Shanghai Stock Exchange","China","CNY"
"MGLU3","MAGAZINE LUIZA SA","Equity","0.15","58.28","25,392.00","1,479,749.92","1,479,749.92","Consumer Discretionary","BRMGLUACNOR2","XBSP","Brazil","BRL"
"MONET","MONETA MONEY BNK","Equity","0.15","3.39","434,930.00","1,475,109.78","1,475,109.78","Financials","CZ0008040318","Prague Stock Exchange","Czech Republic","CZK"
"RAIL3","RUMO SA","Equity","0.15","5.65","259,524.00","1,465,209.30","1,465,209.30","Industrials","BRRAILACNOR9","XBSP","Brazil","BRL"
"GRUMAB","GRUMA","Equity","0.15","9.57","151,613.00","1,451,687.24","1,451,687.24","Consumer Staples","MXP4948K1056","Bolsa Mexicana De Valores","Mexico","MXN"
"ROSN","ROSNEFT OIL COMPANY GDR","Equity","0.15","6.66","216,887.00","1,444,901.19","1,444,901.19","Energy","US67812M2070","London Stock Exchange","Russian Federation","USD"
"7020","ETIHAD ETISALAT","Equity","0.15","6.64","217,609.00","1,444,808.18","1,444,808.18","Communication","SA000A0DM9P2","Saudi Stock Exchange","Saudi Arabia","SAR"
"6239","POWERTECH TECHNOLOGY INC","Equity","0.15","2.51","575,000.00","1,440,875.61","1,440,875.61","Information Technology","TW0006239007","Taiwan Stock Exchange","Taiwan","TWD"
"001450","HYUNDAI MARINE & FIRE INSURANCE LT","Equity","0.15","23.49","60,863.00","1,429,650.31","1,429,650.31","Financials","KR7001450006","Korea Exchange (Stock Market)","Korea (South)","KRW"
"POWERGRID","POWER GRID CORPORATION OF INDIA LT","Equity","0.15","3.07","457,170.00","1,402,775.48","1,402,775.48","Utilities","INE752E01010","National Stock Exchange Of India","India","INR"
"2688","ENN ENERGY HOLDINGS LTD","Equity","0.14","10.43","132,000.00","1,377,401.62","1,377,401.62","Utilities","KYG3066L1014","Hong Kong Exchanges And Clearing Ltd","China","HKD"
"300498","WENS FOODSTUFF GROUP LTD","Equity","0.14","5.08","268,114.00","1,362,283.46","1,362,283.46","Consumer Staples","CNE100002508","Shenzhen Stock Exchange","China","CNY"
"601088","CHINA SHENHUA ENERGY LTD A","Equity","0.14","2.99","449,200.00","1,341,461.16","1,341,461.16","Energy","CNE100000767","Shanghai Stock Exchange","China","CNY"
"AEV","ABOITIZ EQUITY VENTURES PHP1 INC","Equity","0.14","1.08","1,240,290.00","1,336,527.24","1,336,527.24","Industrials","PHY0001Z1040","Philippine Stock Exchange Inc.","Philippines","PHP"
"2382","QUANTA COMPUTER INC","Equity","0.14","1.96","674,000.00","1,322,546.40","1,322,546.40","Information Technology","TW0002382009","Taiwan Stock Exchange","Taiwan","TWD"
"2607","SHANGHAI PHARMACEUTICALS HOLDING L","Equity","0.14","1.96","668,000.00","1,310,880.51","1,310,880.51","Health Care","CNE1000012B3","Hong Kong Exchanges And Clearing Ltd","China","HKD"
"694","BEIJING CAPITAL INTERNATIONAL AIRP","Equity","0.14","0.90","1,464,000.00","1,310,500.36","1,310,500.36","Industrials","CNE100000221","Hong Kong Exchanges And Clearing Ltd","China","HKD"
"MBT","METROPOLITAN BANK AND TRUST CO","Equity","0.13","1.40","913,459.00","1,282,674.55","1,282,674.55","Financials","PHY6028G1361","Philippine Stock Exchange Inc.","Philippines","PHP"
"338","SINOPEC SHANGHAI PETROCHEMICAL LTD","Equity","0.13","0.40","3,240,000.00","1,281,619.23","1,281,619.23","Materials","CNE1000004C8","Hong Kong Exchanges And Clearing Ltd","China","HKD"
"NESTLEIND","NESTLE INDIA LTD","Equity","0.13","173.48","7,298.00","1,266,078.62","1,266,078.62","Consumer Staples","INE239A01016","National Stock Exchange Of India","India","INR"
"600919","BANK OF JIANGSU CORPORATION LTD A","Equity","0.13","1.07","1,180,299.00","1,265,344.94","1,265,344.94","Financials","CNE100002G76","Shanghai Stock Exchange","China","CNY"
"2883","CHINA DEVELOPMENT FINANCIAL HOLDIN","Equity","0.13","0.30","4,200,000.00","1,259,175.86","1,259,175.86","Financials","TW0002883006","Taiwan Stock Exchange","Taiwan","TWD"
"DPW","DP WORLD PLC","Equity","0.13","15.70","79,668.00","1,250,787.60","1,250,787.60","Industrials","AEDFXA0M6V00","Nasdaq Dubai","United Arab Emirates","USD"
"DIB","DB ISLAMIC BANK","Equity","0.13","1.40","884,272.00","1,234,993.22","1,234,993.22","Financials","AED000201015","Dubai Financial Market","United Arab Emirates","AED"
"000120","CJ LOGISTICS CORP","Equity","0.13","114.24","10,777.00","1,231,156.51","1,231,156.51","Industrials","KR7000120006","Korea Exchange (Stock Market)","Korea (South)","KRW"
"2409","AU OPTRONICS CORP","Equity","0.13","0.30","4,087,000.00","1,229,242.13","1,229,242.13","Information Technology","TW0002409000","Taiwan Stock Exchange","Taiwan","TWD"
"2882","CATHAY FINANCIAL HOLDING LTD","Equity","0.13","1.37","884,000.00","1,208,543.76","1,208,543.76","Financials","TW0002882008","Taiwan Stock Exchange","Taiwan","TWD"
"ABEV3","AMBEV SA","Equity","0.12","5.01","237,820.00","1,190,980.50","1,190,980.50","Consumer Staples","BRABEVACNOR1","XBSP","Brazil","BRL"
"BCI","BANCO DE CREDITO E INVERSION","Equity","0.12","69.40","16,951.00","1,176,397.70","1,176,397.70","Financials","CLP321331116","Santiago Stock Exchange","Chile","CLP"
"HCM","HUTCHISON CHINA MEDITECH ADR REPRE","Equity","0.12","22.32","52,128.00","1,163,496.96","1,163,496.96","Health Care","US44842L1035","NASDAQ","China","USD"
"BVN","BUENAVENTURA ADR REPRESENTING","Equity","0.12","16.53","70,219.00","1,160,720.07","1,160,720.07","Materials","US2044481040","New York Stock Exchange Inc.","Peru","USD"
"015760","KOREA ELECTRIC POWER CORP","Equity","0.12","21.99","52,057.00","1,144,844.17","1,144,844.17","Utilities","KR7015760002","Korea Exchange (Stock Market)","Korea (South)","KRW"
"600547","SHANDONG GOLD-MINING LTD A","Equity","0.12","5.99","189,798.00","1,136,361.22","1,136,361.22","Materials","CNE000001FR7","Shanghai Stock Exchange","China","CNY"
"000538","YUNNAN BAIYAO GROUP LTD A","Equity","0.12","12.11","93,100.00","1,127,007.48","1,127,007.48","Health Care","CNE0000008X7","Shenzhen Stock Exchange","China","CNY"
"601988","BANK OF CHINA LTD A","Equity","0.12","0.55","2,031,400.00","1,114,002.60","1,114,002.60","Financials","CNE000001N05","Shanghai Stock Exchange","China","CNY"
"TU.R","THAI UNION GROUP NON-VOTING DR PCL","Equity","0.11","0.60","1,843,300.00","1,099,849.69","1,099,849.69","Consumer Staples","TH0450010R15","Stock Exchange Of Thailand","Thailand","THB"
"1020","BANK ALJAZIRA","Equity","0.11","4.09","267,843.00","1,094,140.40","1,094,140.40","Financials","SA0007879055","Saudi Stock Exchange","Saudi Arabia","SAR"
"MINT.R","MINOR INTERNATIONAL PUBLIC NON VOT","Equity","0.11","1.34","811,500.00","1,091,437.07","1,091,437.07","Consumer Discretionary","TH0128010R17","Stock Exchange Of Thailand","Thailand","THB"
"600276","JIANGSU HENGRUI MEDICINE LTD A","Equity","0.11","9.62","113,338.00","1,089,913.69","1,089,913.69","Health Care","CNE0000014W7","Shanghai Stock Exchange","China","CNY"
"763","ZTE CORP H","Equity","0.11","2.97","365,200.00","1,085,788.04","1,085,788.04","Information Technology","CNE1000004Y2","Hong Kong Exchanges And Clearing Ltd","China","HKD"
"601288","AGRICULTURAL BANK OF CHINA LTD A","Equity","0.11","0.53","2,021,500.00","1,076,227.88","1,076,227.88","Financials","CNE100000RJ0","Shanghai Stock Exchange","China","CNY"
"IRPC.R","IRPC NON-VOTING DR PCL","Equity","0.11","0.16","6,579,700.00","1,072,660.58","1,072,660.58","Energy","TH0471010R11","Stock Exchange Of Thailand","Thailand","THB"
"021240","WOONGJIN COWAY LTD","Equity","0.11","66.40","16,131.00","1,071,166.87","1,071,166.87","Consumer Discretionary","KR7021240007","Korea Exchange (Stock Market)","Korea (South)","KRW"
"SECB","SECURITY BANK CORP","Equity","0.11","3.35","316,440.00","1,061,349.63","1,061,349.63","Financials","PHY7571C1000","Philippine Stock Exchange Inc.","Philippines","PHP"
"VIVT4","TELEFONICA BRASIL PREF SA","Equity","0.11","13.49","78,278.00","1,055,742.03","1,055,742.03","Communication","BRVIVTACNPR7","XBSP","Brazil","BRL"
"601229","BANK OF SHANGHAI LTD A","Equity","0.11","1.30","801,062.00","1,042,890.16","1,042,890.16","Financials","CNE100002FM5","Shanghai Stock Exchange","China","CNY"
"2588","BOC AVIATION LTD","Equity","0.11","8.44","121,600.00","1,026,815.99","1,026,815.99","Industrials","SG9999015267","Hong Kong Exchanges And Clearing Ltd","China","HKD"
"086280","HYUNDAI GLOVIS LTD","Equity","0.11","138.20","7,402.00","1,022,953.11","1,022,953.11","Industrials","KR7086280005","Korea Exchange (Stock Market)","Korea (South)","KRW"
"600104","SAIC MOTOR CORP LTD A","Equity","0.11","3.91","260,798.00","1,018,586.59","1,018,586.59","Consumer Discretionary","CNE000000TY6","Shanghai Stock Exchange","China","CNY"
"CPS","CYFROWY POLSAT SA","Equity","0.11","8.16","123,310.00","1,006,585.48","1,006,585.48","Communication","PLCFRPT00013","Warsaw Stock Exchange/Equities/Main Market","Poland","PLN"
"HTO","HELLENIC TELECOMMUNICATIONS ORGANI","Equity","0.10","14.49","69,311.00","1,004,045.25","1,004,045.25","Communication","GRS260333000","Athens Exchange S.A. Cash Market","Greece","EUR"
"030000","CHEIL WORLDWIDE INC","Equity","0.10","24.90","40,112.00","998,852.64","998,852.64","Communication","KR7030000004","Korea Exchange (Stock Market)","Korea (South)","KRW"
"000895","HENAN SHUANGHUI INVESTMENT & DEVEL","Equity","0.10","3.81","262,000.00","997,746.79","997,746.79","Consumer Staples","CNE000000XM3","Shenzhen Stock Exchange","China","CNY"
"002142","BANK OF NINGBO LTD A","Equity","0.10","3.46","286,329.00","990,436.40","990,436.40","Financials","CNE1000005P7","Shenzhen Stock Exchange","China","CNY"
"002415","HANGZHOU HIKVISION DIGITAL TECHNOL","Equity","0.10","4.09","241,799.00","987,997.04","987,997.04","Information Technology","CNE100000PM8","Shenzhen Stock Exchange","China","CNY"
"SULA11","SUL AMERICA UNITS SA","Equity","0.10","10.77","91,485.00","985,501.30","985,501.30","Financials","BRSULACDAM12","XBSP","Brazil","BRL"
"836","CHINA RESOURCES POWER LTD","Equity","0.10","1.44","681,825.00","984,243.42","984,243.42","Utilities","HK0836012952","Hong Kong Exchanges And Clearing Ltd","China","HKD"
"6808","SUN ART RETAIL GROUP LTD","Equity","0.10","0.96","997,000.00","956,486.95","956,486.95","Consumer Staples","HK0000083920","Hong Kong Exchanges And Clearing Ltd","China","HKD"
"002024","SUNING.COM LTD A","Equity","0.10","1.66","573,997.00","951,839.84","951,839.84","Consumer Discretionary","CNE000001KF2","Shenzhen Stock Exchange","China","CNY"
"RNI","REINET INVESTMENTS S.C.A.","Equity","0.10","16.64","56,810.00","945,399.38","945,399.38","Financials","LU0383812293","Johannesburg Stock Exchange","South Africa","ZAR"
"788","CHINA TOWER CORP LTD H","Equity","0.10","0.28","3,268,000.00","919,156.48","919,156.48","Communication","CNE100003688","Hong Kong Exchanges And Clearing Ltd","China","HKD"
"DIGI","DIGI.COM","Equity","0.10","1.23","747,200.00","918,406.97","918,406.97","Communication","MYL6947OO005","Bursa Malaysia","Malaysia","MYR"
"OPAP","GREEK ORGANITION OF FOOTBALL PROGN","Equity","0.10","11.17","81,773.00","913,337.36","913,337.36","Consumer Discretionary","GRS419003009","Athens Exchange S.A. Cash Market","Greece","EUR"
"BVT","BIDVEST GROUP LTD","Equity","0.09","13.57","66,907.00","907,813.25","907,813.25","Industrials","ZAE000117321","Johannesburg Stock Exchange","South Africa","ZAR"
"152","SHENZHEN INTERNATIONAL HOLDINGS LT","Equity","0.09","2.00","453,500.00","906,254.50","906,254.50","Industrials","BMG8086V1467","Hong Kong Exchanges And Clearing Ltd","China","HKD"
"1138","COSCO SHIPPING ENERGY TRANSPORTATI","Equity","0.09","0.59","1,540,000.00","901,880.20","901,880.20","Industrials","CNE1000002S8","Hong Kong Exchanges And Clearing Ltd","China","HKD"
"ROBINS.R","ROBINSON PCL NON-VOTING DR","Equity","0.09","1.92","464,100.00","892,791.00","892,791.00","Consumer Discretionary","TH0279010R18","Stock Exchange Of Thailand","Thailand","THB"
"KOFUBL","COCA-COLA FEMSA CLASS UBL","Equity","0.09","6.37","137,417.00","874,812.01","874,812.01","Consumer Staples","MX01KO000002","Bolsa Mexicana De Valores","Mexico","MXN"
"SUNPHARMA","SUN PHARMACEUTICAL INDUSTRIES LTD","Equity","0.09","5.72","150,457.00","861,166.19","861,166.19","Health Care","INE044A01036","National Stock Exchange Of India","India","INR"
"2628","CHINA LIFE INSURANCE LTD H","Equity","0.09","2.56","327,000.00","835,726.39","835,726.39","Financials","CNE1000002L3","Hong Kong Exchanges And Clearing Ltd","China","HKD"
"600886","SDIC POWER HOLDINGS LTD A","Equity","0.09","1.20","693,695.00","833,485.44","833,485.44","Utilities","CNE000000JM2","Shanghai Stock Exchange","China","CNY"
"2324","COMPAL ELECTRONICS INC","Equity","0.09","0.66","1,253,000.00","828,293.18","828,293.18","Information Technology","TW0002324001","Taiwan Stock Exchange","Taiwan","TWD"
"068270","CELLTRION INC","Equity","0.09","174.14","4,703.00","818,980.40","818,980.40","Health Care","KR7068270008","Korea Exchange (Stock Market)","Korea (South)","KRW"
"COLBUN","COLBUN MACHICURA SA","Equity","0.08","0.20","3,994,312.00","808,039.85","808,039.85","Utilities","CLP3615W1037","Santiago Stock Exchange","Chile","CLP"
"CPN.R","CENTRAL PATTANA NON-VOTING DR PCL","Equity","0.08","2.41","334,600.00","807,316.60","807,316.60","Real Estate","TH0481010R10","Stock Exchange Of Thailand","Thailand","THB"
"1227","STANDARD FOODS CORP","Equity","0.08","1.98","405,613.00","801,127.10","801,127.10","Consumer Staples","TW0001227007","Taiwan Stock Exchange","Taiwan","TWD"
"MCB","MCB BANK LTD","Equity","0.08","1.14","697,786.00","797,706.45","797,706.45","Financials","PK0055601014","Karachi Stock Exchange (Guarantee) Limited","Pakistan","PKR"
"600519","KWEICHOW MOUTAI LTD A","Equity","0.08","142.73","5,515.00","787,140.87","787,140.87","Consumer Staples","CNE0000018R8","Shanghai Stock Exchange","China","CNY"
"GFI","GOLD FIELDS LTD","Equity","0.08","5.25","149,843.00","785,991.61","785,991.61","Materials","ZAE000018123","Johannesburg Stock Exchange","South Africa","ZAR"
"135","KUNLUN ENERGY LTD","Equity","0.08","0.87","896,000.00","783,643.28","783,643.28","Utilities","BMG5320C1082","Hong Kong Exchanges And Clearing Ltd","China","HKD"
"2314","LEE & MAN PAPER MANUFACTURING LTD","Equity","0.08","0.72","1,093,000.00","783,281.11","783,281.11","Materials","KYG5427W1309","Hong Kong Exchanges And Clearing Ltd","China","HKD"
"INDIGO","INTERGLOBE AVIATION LTD","Equity","0.08","23.88","32,549.00","777,199.14","777,199.14","Industrials","INE646L01027","National Stock Exchange Of India","India","INR"
"023530","LOTTE SHOPPING LTD","Equity","0.08","137.34","5,620.00","771,872.33","771,872.33","Consumer Discretionary","KR7023530009","Korea Exchange (Stock Market)","Korea (South)","KRW"
"2618","EVA AIRWAYS CORP","Equity","0.08","0.48","1,580,924.00","757,736.92","757,736.92","Industrials","TW0002618006","Taiwan Stock Exchange","Taiwan","TWD"
"ENELAM","ENEL AMERICAS SA","Equity","0.08","0.17","4,312,375.00","748,211.90","748,211.90","Utilities","CLP371861061","Santiago Stock Exchange","Chile","CLP"
"600795","GD POWER DEVELOPMENT LTD A","Equity","0.08","0.37","2,008,800.00","745,120.11","745,120.11","Utilities","CNE000000PC0","Shanghai Stock Exchange","China","CNY"
"601899","ZIJIN MINING GROUP LTD A","Equity","0.08","0.54","1,373,600.00","743,280.31","743,280.31","Materials","CNE100000B24","Shanghai Stock Exchange","China","CNY"
"139480","E-MART INC","Equity","0.08","120.23","6,181.00","743,137.51","743,137.51","Consumer Staples","KR7139480008","Korea Exchange (Stock Market)","Korea (South)","KRW"
"939","CHINA CONSTRUCTION BANK CORP H","Equity","0.08","0.81","909,000.00","735,474.67","735,474.67","Financials","CNE1000002H1","Hong Kong Exchanges And Clearing Ltd","China","HKD"
"PTTGC.R","PTT GLOBAL CHEMICAL NON VOTING DR","Equity","0.08","2.05","354,100.00","727,365.50","727,365.50","Materials","TH1074010R12","Stock Exchange Of Thailand","Thailand","THB"
"INFRATEL","BHARTI INFRATEL LTD","Equity","0.07","3.84","184,974.00","710,410.33","710,410.33","Communication","INE121J01017","National Stock Exchange Of India","India","INR"
"WPRTS","WESTPORTS HOLDINGSINARY","Equity","0.07","0.97","726,800.00","701,653.04","701,653.04","Industrials","MYL5246OO003","Bursa Malaysia","Malaysia","MYR"
"097950","CJ CHEILJEDANG CORP","Equity","0.07","251.58","2,744.00","690,344.00","690,344.00","Consumer Staples","KR7097950000","Korea Exchange (Stock Market)","Korea (South)","KRW"
"600660","FUYAO GLASS INDUSTRY GROUP LTD A","Equity","0.07","3.37","204,700.00","689,315.82","689,315.82","Consumer Discretionary","CNE000000230","Shanghai Stock Exchange","China","CNY"
"BELA","JUMBO SA","Equity","0.07","20.33","33,762.00","686,387.00","686,387.00","Consumer Discretionary","GRS282183003","Athens Exchange S.A. Cash Market","Greece","EUR"
"PIDILITIND","PIDILITE INDUSTRIES LTD","Equity","0.07","17.91","37,624.00","673,804.90","673,804.90","Materials","INE318A01026","National Stock Exchange Of India","India","INR"
"601601","CHINA PACIFIC INSURANCE (GROUP) LT","Equity","0.07","5.24","128,100.00","671,744.01","671,744.01","Financials","CNE1000008M8","Shanghai Stock Exchange","China","CNY"
"696","TRAVELSKY TECHNOLOGY LTD H","Equity","0.07","2.08","322,000.00","670,764.41","670,764.41","Information Technology","CNE1000004J3","Hong Kong Exchanges And Clearing Ltd","China","HKD"
"3799","DALI FOODS GROUP LTD","Equity","0.07","0.67","991,000.00","660,547.88","660,547.88","Consumer Staples","KYG2743Y1061","Hong Kong Exchanges And Clearing Ltd","China","HKD"
"151","WANT WANT CHINA HOLDINGS LTD","Equity","0.07","0.82","795,000.00","649,362.99","649,362.99","Consumer Staples","KYG9431R1039","Hong Kong Exchanges And Clearing Ltd","China","HKD"
"601857","PETROCHINA LTD A","Equity","0.07","1.00","646,700.00","649,084.68","649,084.68","Energy","CNE1000007Q1","Shanghai Stock Exchange","China","CNY"
"1269","CHINA FIRST CAPITAL GROUP LTD","Equity","0.07","0.30","2,062,000.00","627,625.09","627,625.09","Consumer Discretionary","KYG2114R1103","Hong Kong Exchanges And Clearing Ltd","China","HKD"
"762","CHINA UNICOM (HONG KONG) LTD","Equity","0.06","1.10","552,000.00","606,133.77","606,133.77","Communication","HK0000049939","Hong Kong Exchanges And Clearing Ltd","China","HKD"
"207940","SAMSUNG BIOLOGICS LTD","Equity","0.06","268.27","2,258.00","605,753.04","605,753.04","Health Care","KR7207940008","Korea Exchange (Stock Market)","Korea (South)","KRW"
"600674","SICHUAN CHUANTOU ENERGY LTD A","Equity","0.06","1.34","449,693.00","603,764.03","603,764.03","Utilities","CNE000000BQ0","Shanghai Stock Exchange","China","CNY"
"RADL3","RAIA DROGASIL SA","Equity","0.06","21.24","28,147.00","597,956.83","597,956.83","Consumer Staples","BRRADLACNOR0","XBSP","Brazil","BRL"
"3606","FUYAO GLASS INDUSTRY GROUP LTD H","Equity","0.06","3.13","190,400.00","596,650.57","596,650.57","Consumer Discretionary","CNE100001TR7","Hong Kong Exchanges And Clearing Ltd","China","HKD"
"5110","SAUDI ELECTRICITY","Equity","0.06","4.86","122,322.00","594,274.28","594,274.28","Utilities","SA0007879550","Saudi Stock Exchange","Saudi Arabia","SAR"
"600482","CHINA SHIPBUILDING INDUSTRY GROUP","Equity","0.06","3.78","156,500.00","591,201.73","591,201.73","Consumer Discretionary","CNE000001KB1","Shanghai Stock Exchange","China","CNY"
"CEZ","CEZ","Equity","0.06","23.30","25,291.00","589,401.89","589,401.89","Utilities","CZ0005112300","Prague Stock Exchange","Czech Republic","CZK"
"000725","BOE TECHNOLOGY GROUP LTD A","Equity","0.06","0.53","1,094,800.00","579,676.34","579,676.34","Information Technology","CNE0000016L5","Shenzhen Stock Exchange","China","CNY"
"IRBR3","IRB BRASIL RESSEGUROS SA","Equity","0.06","25.31","22,893.00","579,505.46","579,505.46","Financials","BRIRBRACNOR4","XBSP","Brazil","BRL"
"883","CNOOC LTD","Equity","0.06","1.71","338,000.00","579,076.34","579,076.34","Energy","HK0883013259","Hong Kong Exchanges And Clearing Ltd","China","HKD"
"2303","UNITED MICRO ELECTRONICS CORP","Equity","0.06","0.46","1,251,000.00","569,422.91","569,422.91","Information Technology","TW0002303005","Taiwan Stock Exchange","Taiwan","TWD"
"007070","GS RETAIL LTD","Equity","0.06","33.33","16,621.00","553,985.92","553,985.92","Consumer Staples","KR7007070006","Korea Exchange (Stock Market)","Korea (South)","KRW"
"CCU","COMPANIA CERVECERIAS UNIDAS SA","Equity","0.06","14.18","38,710.00","548,737.49","548,737.49","Consumer Staples","CLP249051044","Santiago Stock Exchange","Chile","CLP"
"SM","SM INVESTMENTS CORP","Equity","0.06","19.10","28,670.00","547,523.69","547,523.69","Industrials","PHY806761029","Philippine Stock Exchange Inc.","Philippines","PHP"
"MARUTI","MARUTI SUZUKI INDIA LTD","Equity","0.06","95.53","5,699.00","544,439.39","544,439.39","Consumer Discretionary","INE585B01010","National Stock Exchange Of India","India","INR"
"012330","HYUNDAI MOBIS LTD","Equity","0.06","198.53","2,713.00","538,606.88","538,606.88","Consumer Discretionary","KR7012330007","Korea Exchange (Stock Market)","Korea (South)","KRW"
"000157","ZOOMLION HEAVY INDUSTRY SCIENCE AN","Equity","0.06","0.82","656,200.00","538,350.02","538,350.02","Industrials","CNE000001527","Shenzhen Stock Exchange","China","CNY"
"601009","BANK OF NANJING LTD A","Equity","0.06","1.25","430,308.00","538,303.59","538,303.59","Financials","CNE100000627","Shanghai Stock Exchange","China","CNY"
"PFGRUPSURA","GRUPO DE INVERSIONES SURAMERICANA","Equity","0.06","9.99","53,026.00","529,574.80","529,574.80","Financials","COT13PA00060","Bolsa De Valores De Colombia","Colombia","COP"
"ITC","ITC LTD","Equity","0.05","4.05","129,550.00","525,064.70","525,064.70","Consumer Staples","INE154A01025","National Stock Exchange Of India","India","INR"
"COALINDIA","COAL INDIA LTD","Equity","0.05","3.67","143,261.00","525,112.58","525,112.58","Energy","INE522F01014","National Stock Exchange Of India","India","INR"
"CIPLA","CIPLA LTD","Equity","0.05","8.05","64,725.00","521,116.32","521,116.32","Health Care","INE059A01026","National Stock Exchange Of India","India","INR"
"1071","HUADIAN POWER INTERNATIONAL CORP L","Equity","0.05","0.39","1,334,000.00","520,826.06","520,826.06","Utilities","CNE1000003D8","Hong Kong Exchanges And Clearing Ltd","China","HKD"
"SPP","SPAR GROUP LTD","Equity","0.05","13.34","38,698.00","516,239.94","516,239.94","Consumer Staples","ZAE000058517","Johannesburg Stock Exchange","South Africa","ZAR"
"2301","LITE ON TECHNOLOGY CORP","Equity","0.05","1.50","341,926.00","511,453.63","511,453.63","Information Technology","TW0002301009","Taiwan Stock Exchange","Taiwan","TWD"
"JOBS","51JOB ADR REPRESENTING INC","Equity","0.05","75.45","6,775.00","511,173.75","511,173.75","Industrials","US3168271043","NASDAQ","China","USD"
"GRUPOARGOS","INVERSIONES ARGOS SA","Equity","0.05","5.51","92,676.00","510,915.11","510,915.11","Materials","COT09PA00035","Bolsa De Valores De Colombia","Colombia","COP"
"3898","ZHUZHOU CRRC TIMES ELECTRIC LTD H","Equity","0.05","5.33","95,600.00","509,529.44","509,529.44","Industrials","CNE1000004X4","Hong Kong Exchanges And Clearing Ltd","China","HKD"
"LUPIN","LUPIN LTD","Equity","0.05","11.01","45,294.00","498,759.64","498,759.64","Health Care","INE326A01037","National Stock Exchange Of India","India","INR"
"011170","LOTTE CHEMICAL CORP","Equity","0.05","231.47","2,124.00","491,649.84","491,649.84","Materials","KR7011170008","Korea Exchange (Stock Market)","Korea (South)","KRW"
"EMAARDEV","EMAAR DEVELOPMENT","Equity","0.05","1.07","459,036.00","489,885.01","489,885.01","Real Estate","AEE001901017","Dubai Financial Market","United Arab Emirates","AED"
"036460","KOREA GAS CORP","Equity","0.05","37.95","12,897.00","489,459.14","489,459.14","Utilities","KR7036460004","Korea Exchange (Stock Market)","Korea (South)","KRW"
"BZFUT","CASH COLLATERAL USD BZFUT","Cash Collateral and Margins","0.05","100.00","486,160.00","486,160.00","486,160.00","Cash and/or Derivatives","-","-","United States","USD"
"8210","BUPA ARABIA","Equity","0.05","26.13","18,600.00","486,041.12","486,041.12","Financials","SA1210540914","Saudi Stock Exchange","Saudi Arabia","SAR"
"ROSN","NK ROSNEFT","Equity","0.05","6.66","71,898.00","478,781.79","478,781.79","Energy","RU000A0J2Q06","Standard-Classica-Forts","Russian Federation","RUB"
"DRREDDY","DR REDDYS LABORATORIES LTD","Equity","0.05","37.99","12,573.00","477,629.01","477,629.01","Health Care","INE089A01023","National Stock Exchange Of India","India","INR"
"1216","UNI-PRESIDENT ENTERPRISES CORP","Equity","0.05","2.62","182,000.00","477,144.79","477,144.79","Consumer Staples","TW0001216000","Taiwan Stock Exchange","Taiwan","TWD"
"300144","SONGCHENG PERFORMANCE DEVELOPMENT","Equity","0.05","3.34","142,993.00","476,944.93","476,944.93","Consumer Discretionary","CNE100000XG4","Shenzhen Stock Exchange","China","CNY"
"601888","CHINA INTERNATIONAL TRAVEL SERVICE","Equity","0.05","12.12","39,200.00","474,985.63","474,985.63","Consumer Discretionary","CNE100000G29","Shanghai Stock Exchange","China","CNY"
"600926","BANK OF HANGZHOU LTD A","Equity","0.05","1.19","398,138.00","474,894.23","474,894.23","Financials","CNE100002GQ4","Shanghai Stock Exchange","China","CNY"
"600688","SINOPEC SHANGHAI PETROCHEMICAL LTD","Equity","0.05","0.75","623,994.00","470,175.05","470,175.05","Materials","CNE000000BB2","Shanghai Stock Exchange","China","CNY"
"000651","GREE ELECTRIC APPLIANCES INC OF ZH","Equity","0.05","8.27","55,500.00","459,200.10","459,200.10","Consumer Discretionary","CNE0000001D4","Shenzhen Stock Exchange","China","CNY"
"EICHERMOT","EICHER MOTORS LTD","Equity","0.05","289.40","1,561.00","451,754.61","451,754.61","Consumer Discretionary","INE066A01013","National Stock Exchange Of India","India","INR"
"NESTLE","NESTLE MALAYSIA","Equity","0.05","36.00","12,500.00","450,036.29","450,036.29","Consumer Staples","MYL4707OO005","Bursa Malaysia","Malaysia","MYR"
"144","CHINA MERCHANTS PORT HOLDINGS LTD","Equity","0.05","1.74","256,195.00","446,163.08","446,163.08","Industrials","HK0144000764","Hong Kong Exchanges And Clearing Ltd","China","HKD"
"ZTO","ZTO EXPRESS CAYMAN ADR REPRESENTIN","Equity","0.05","19.68","22,568.00","444,138.24","444,138.24","Industrials","US98980A1051","New York Stock Exchange Inc.","China","USD"
"004990","LOTTE CORP","Equity","0.05","37.65","11,702.00","440,602.43","440,602.43","Industrials","KR7004990008","Korea Exchange (Stock Market)","Korea (South)","KRW"
"CTRP","CTRIP.COM INTERNATIONAL ADR REPRE","Equity","0.05","38.69","11,363.00","439,634.47","439,634.47","Consumer Discretionary","US22943F1003","NASDAQ","China","USD"
"IOICORP","IOI CORPORATION","Equity","0.05","1.03","426,900.00","438,985.00","438,985.00","Consumer Staples","MYL1961OO001","Bursa Malaysia","Malaysia","MYR"
"081660","FILA KOREA LTD","Equity","0.05","65.55","6,625.00","434,258.94","434,258.94","Consumer Discretionary","KR7081660003","Korea Exchange (Stock Market)","Korea (South)","KRW"
"3481","INNOLUX CORP","Equity","0.05","0.24","1,830,000.00","430,906.81","430,906.81","Information Technology","TW0003481008","Taiwan Stock Exchange","Taiwan","TWD"
"TBS","TIGER BRANDS LTD","Equity","0.04","16.25","25,634.00","416,666.11","416,666.11","Consumer Staples","ZAE000071080","Johannesburg Stock Exchange","South Africa","ZAR"
"088350","HANWHA LIFE INSURANCE LTD","Equity","0.04","2.61","153,127.00","399,000.27","399,000.27","Financials","KR7088350004","Korea Exchange (Stock Market)","Korea (South)","KRW"
"SKM","SK TELECOM ADR REPSG LTD","Equity","0.04","24.65","16,009.00","394,621.85","394,621.85","Communication","US78440P1084","New York Stock Exchange Inc.","Korea (South)","USD"
"086900","MEDY-TOX INC","Equity","0.04","372.75","1,021.00","380,581.55","380,581.55","Health Care","KR7086900008","Korea Exchange (Kosdaq)","Korea (South)","KRW"
"ATHM","AUTOHOME ADR REPRESENTING INC CLAS","Equity","0.04","87.39","4,267.00","372,893.13","372,893.13","Communication","US05278C1071","New York Stock Exchange Inc.","China","USD"
"TRNFP","TRANSNEFT PREF","Equity","0.03","2,657.84","126.00","334,888.01","334,888.01","Energy","RU0009091573","Standard-Classica-Forts","Russian Federation","RUB"
"008930","HANMI SCIENCE LTD","Equity","0.03","41.89","7,294.00","305,529.09","305,529.09","Health Care","KR7008930000","Korea Exchange (Stock Market)","Korea (South)","KRW"
"COP","COP CASH","Cash","0.01","0.03","205,187,981.00","64,198.88","64,198.88","Cash and/or Derivatives","-","-","Colombia","COP"
"EUR","EUR CASH","Cash","0.01","112.82","48,649.00","54,886.13","54,886.13","Cash and/or Derivatives","-","-","European Union","EUR"
"HUF","HUF CASH","Cash","0.00","0.35","12,258,484.00","42,838.62","42,838.62","Cash and/or Derivatives","-","-","Hungary","HUF"
"PLN","PLN CASH","Cash","0.00","26.59","118,567.00","31,526.72","31,526.72","Cash and/or Derivatives","-","-","Poland","PLN"
"ENELAM.OSA","ENEL AM RICAS RIGHTS SA","Equity","0.00","0.01","1,376,544.00","14,271.16","14,271.16","Utilities","CL0002539444","Santiago Stock Exchange","Chile","CLP"
"GBP","GBP CASH","Cash","0.00","125.74","10,367.00","13,035.47","13,035.47","Cash and/or Derivatives","-","-","United Kingdom","GBP"
"RUB","RUB CASH","Cash","0.00","1.58","733,144.00","11,553.99","11,553.99","Cash and/or Derivatives","-","-","Russian Federation","RUB"
"612","CHINA DING YI FENG HOLDINGS LTD","Equity","0.00","0.02","327,428.00","6,307.69","6,307.69","Financials","KYG2120F1000","Hong Kong Exchanges And Clearing Ltd","China","HKD"
"QAR","QAR/USD","FX","0.00","1.00","1,800,610.00","1,921.21","1,921.21","Cash and/or Derivatives","-","-","United States","USD"
"INR","INR/USD","FX","0.00","1.00","11,573,229.00","1,029.45","1,029.45","Cash and/or Derivatives","-","-","United States","USD"
"INR","INR/USD","FX","0.00","1.00","10,185,909.00","906.04","906.04","Cash and/or Derivatives","-","-","United States","USD"
"6863","CHINA HUISHAN DAIRY HOLDINGS COMPA","Equity","0.00","0.00","332,135.00","725.15","725.15","Consumer Staples","KYG2117A1067","Hong Kong Exchanges And Clearing Ltd","China","HKD"
"INR","INR/USD","FX","0.00","1.00","8,102,545.00","720.73","720.73","Cash and/or Derivatives","-","-","United States","USD"
"INR","INR/USD","FX","0.00","1.00","8,498,792.00","755.97","755.97","Cash and/or Derivatives","-","-","United States","USD"
"INR","INR/USD","FX","0.00","1.00","8,517,342.00","757.62","757.62","Cash and/or Derivatives","-","-","United States","USD"
"INR","INR/USD","FX","0.00","1.00","7,175,924.00","638.30","638.30","Cash and/or Derivatives","-","-","United States","USD"
"INR","INR/USD","FX","0.00","1.00","7,962,909.00","708.31","708.31","Cash and/or Derivatives","-","-","United States","USD"
"INR","INR/USD","FX","0.00","1.00","4,988,133.00","443.70","443.70","Cash and/or Derivatives","-","-","United States","USD"
"INR","INR/USD","FX","0.00","1.00","5,038,941.00","448.22","448.22","Cash and/or Derivatives","-","-","United States","USD"
"INR","INR/USD","FX","0.00","1.00","3,943,866.00","350.81","350.81","Cash and/or Derivatives","-","-","United States","USD"
"INR","INR/USD","FX","0.00","1.00","4,592,151.00","408.48","408.48","Cash and/or Derivatives","-","-","United States","USD"
"INR","INR/USD","FX","0.00","1.00","2,937,500.00","261.29","261.29","Cash and/or Derivatives","-","-","United States","USD"
"INR","INR/USD","FX","0.00","1.00","3,173,645.00","282.30","282.30","Cash and/or Derivatives","-","-","United States","USD"
"INR","INR/USD","FX","0.00","1.00","3,373,585.00","300.08","300.08","Cash and/or Derivatives","-","-","United States","USD"
"INR","INR/USD","FX","0.00","1.00","3,485,462.00","310.03","310.03","Cash and/or Derivatives","-","-","United States","USD"
"INR","INR/USD","FX","0.00","1.00","3,601,061.00","320.32","320.32","Cash and/or Derivatives","-","-","United States","USD"
"INR","INR/USD","FX","0.00","1.00","1,788,254.00","159.07","159.07","Cash and/or Derivatives","-","-","United States","USD"
"INR","INR/USD","FX","0.00","1.00","1,988,030.00","176.84","176.84","Cash and/or Derivatives","-","-","United States","USD"
"PKR","PKR/USD","FX","0.00","1.00","2,569,097.00","178.51","178.51","Cash and/or Derivatives","-","-","United States","USD"
"INR","INR/USD","FX","0.00","1.00","659,208.00","58.64","58.64","Cash and/or Derivatives","-","-","United States","USD"
"INR","INR/USD","FX","0.00","1.00","674,074.00","59.96","59.96","Cash and/or Derivatives","-","-","United States","USD"
"INR","INR/USD","FX","0.00","1.00","710,582.00","63.21","63.21","Cash and/or Derivatives","-","-","United States","USD"
"INR","INR/USD","FX","0.00","1.00","744,399.00","66.21","66.21","Cash and/or Derivatives","-","-","United States","USD"
"INR","INR/USD","FX","0.00","1.00","745,453.00","66.31","66.31","Cash and/or Derivatives","-","-","United States","USD"
"INR","INR/USD","FX","0.00","1.00","750,307.00","66.74","66.74","Cash and/or Derivatives","-","-","United States","USD"
"INR","INR/USD","FX","0.00","1.00","768,731.00","68.38","68.38","Cash and/or Derivatives","-","-","United States","USD"
"INR","INR/USD","FX","0.00","1.00","965,168.00","85.85","85.85","Cash and/or Derivatives","-","-","United States","USD"
"INR","INR/USD","FX","0.00","1.00","1,017,042.00","90.47","90.47","Cash and/or Derivatives","-","-","United States","USD"
"INR","INR/USD","FX","0.00","1.00","1,094,341.00","97.34","97.34","Cash and/or Derivatives","-","-","United States","USD"
"INR","INR/USD","FX","0.00","1.00","1,234,490.00","109.81","109.81","Cash and/or Derivatives","-","-","United States","USD"
"MESU9","MSCI EMER MKT INDEX (ICE) SEP 19","Futures","0.00","1,062.00","185.00","0.00","9,823,500.00","Cash and/or Derivatives","-","Ice Futures U.S.","-","USD"
"-","China Common Rich Renewable Energy","Equity","0.00","0.00","150,900.00","0.19","0.19","Information Technology","-","Hong Kong Exchanges And Clearing Ltd","China","HKD"
"THB","THB/USD","FX","0.00","1.00","548,614.00","-46.55","-46.55","Cash and/or Derivatives","-","-","United States","USD"
"THB","THB/USD","FX","0.00","1.00","512,973.00","-43.52","-43.52","Cash and/or Derivatives","-","-","United States","USD"
"THB","THB/USD","FX","0.00","1.00","457,824.00","-38.85","-38.85","Cash and/or Derivatives","-","-","United States","USD"
"CLP","CLP/USD","FX","0.00","1.00","85,230,876.00","-31.96","-31.96","Cash and/or Derivatives","-","-","United States","USD"
"AED","AED/USD","FX","0.00","1.00","1,368,119.00","-25.35","-25.35","Cash and/or Derivatives","-","-","United States","USD"
"CLP","CLP/USD","FX","0.00","1.00","46,188,258.00","-17.32","-17.32","Cash and/or Derivatives","-","-","United States","USD"
"CNH","CNH/USD","FX","0.00","1.00","6,241,369.00","-13.60","-13.60","Cash and/or Derivatives","-","-","United States","USD"
"CLP","CLP/USD","FX","0.00","1.00","16,497,269.00","-6.19","-6.19","Cash and/or Derivatives","-","-","United States","USD"
"ZAR","ZAR/USD","FX","0.00","1.00","3,247,921.00","-5.28","-5.28","Cash and/or Derivatives","-","-","United States","USD"
"COP","COP/USD","FX","0.00","1.00","35,100,995.00","-5.10","-5.10","Cash and/or Derivatives","-","-","United States","USD"
"COP","COP/USD","FX","0.00","1.00","34,163,120.00","-4.96","-4.96","Cash and/or Derivatives","-","-","United States","USD"
"CLP","CLP/USD","FX","0.00","1.00","11,471,691.00","-4.30","-4.30","Cash and/or Derivatives","-","-","United States","USD"
"CLP","CLP/USD","FX","0.00","1.00","10,540,161.00","-3.95","-3.95","Cash and/or Derivatives","-","-","United States","USD"
"MXN","MXN/USD","FX","0.00","1.00","4,417,927.00","-3.49","-3.49","Cash and/or Derivatives","-","-","United States","USD"
"CLP","CLP/USD","FX","0.00","1.00","7,740,634.00","-2.90","-2.90","Cash and/or Derivatives","-","-","United States","USD"
"HUF","HUF/USD","FX","0.00","1.00","48,821,496.00","-2.56","-2.56","Cash and/or Derivatives","-","-","United States","USD"
"EUR","EUR/USD","FX","0.00","1.00","115,019.00","-1.96","-1.96","Cash and/or Derivatives","-","-","United States","USD"
"CZK","CZK/USD","FX","0.00","1.00","2,073,229.00","-1.38","-1.38","Cash and/or Derivatives","-","-","United States","USD"
"PLN","PLN/USD","FX","0.00","1.00","215,046.00","-0.85","-0.85","Cash and/or Derivatives","-","-","United States","USD"
"MYR","MYR/USD","FX","0.00","1.00","4,564,887.00","0.00","0.00","Cash and/or Derivatives","-","-","United States","USD"
"SAR","SAR/USD","FX","0.00","1.00","37,983.00","0.28","0.28","Cash and/or Derivatives","-","-","United States","USD"
"SAR","SAR/USD","FX","0.00","1.00","46,267.00","0.34","0.34","Cash and/or Derivatives","-","-","United States","USD"
"SAR","SAR/USD","FX","0.00","1.00","85,560.00","0.63","0.63","Cash and/or Derivatives","-","-","United States","USD"
"SAR","SAR/USD","FX","0.00","1.00","112,122.00","0.82","0.82","Cash and/or Derivatives","-","-","United States","USD"
"SAR","SAR/USD","FX","0.00","1.00","120,546.00","0.88","0.88","Cash and/or Derivatives","-","-","United States","USD"
"SAR","SAR/USD","FX","0.00","1.00","124,885.00","0.92","0.92","Cash and/or Derivatives","-","-","United States","USD"
"SAR","SAR/USD","FX","0.00","1.00","129,704.00","0.95","0.95","Cash and/or Derivatives","-","-","United States","USD"
"SAR","SAR/USD","FX","0.00","1.00","149,463.00","1.10","1.10","Cash and/or Derivatives","-","-","United States","USD"
"SAR","SAR/USD","FX","0.00","1.00","226,719.00","1.66","1.66","Cash and/or Derivatives","-","-","United States","USD"
"SAR","SAR/USD","FX","0.00","1.00","337,516.00","2.48","2.48","Cash and/or Derivatives","-","-","United States","USD"
"SAR","SAR/USD","FX","0.00","1.00","421,441.00","3.09","3.09","Cash and/or Derivatives","-","-","United States","USD"
"SAR","SAR/USD","FX","0.00","1.00","516,320.00","3.79","3.79","Cash and/or Derivatives","-","-","United States","USD"
"SAR","SAR/USD","FX","0.00","1.00","607,787.00","4.46","4.46","Cash and/or Derivatives","-","-","United States","USD"
"IDR","IDR/USD","FX","0.00","1.00","507,348,770.00","-141.37","-141.37","Cash and/or Derivatives","-","-","United States","USD"
"IDR","IDR/USD","FX","0.00","1.00","495,750,726.00","-138.14","-138.14","Cash and/or Derivatives","-","-","United States","USD"
"THB","THB/USD","FX","0.00","1.00","1,304,117.00","-110.65","-110.65","Cash and/or Derivatives","-","-","United States","USD"
"THB","THB/USD","FX","0.00","1.00","1,128,066.00","-95.71","-95.71","Cash and/or Derivatives","-","-","United States","USD"
"THB","THB/USD","FX","0.00","1.00","985,028.00","-83.58","-83.58","Cash and/or Derivatives","-","-","United States","USD"
"CLP","CLP/USD","FX","0.00","1.00","169,904,628.00","-63.71","-63.71","Cash and/or Derivatives","-","-","United States","USD"
"BRL","BRL/USD","FX","0.00","1.00","1,429,728.00","-59.60","-59.60","Cash and/or Derivatives","-","-","United States","USD"
"THB","THB/USD","FX","0.00","1.00","697,443.00","-59.18","-59.18","Cash and/or Derivatives","-","-","United States","USD"
"THB","THB/USD","FX","0.00","1.00","695,151.00","-58.98","-58.98","Cash and/or Derivatives","-","-","United States","USD"
"THB","THB/USD","FX","0.00","1.00","693,201.00","-58.82","-58.82","Cash and/or Derivatives","-","-","United States","USD"
"HKD","HKD/USD","FX","0.00","1.00","25,541,724.00","-49.29","-49.29","Cash and/or Derivatives","-","-","United States","USD"
"THB","THB/USD","FX","0.00","1.00","2,623,790.00","-222.62","-222.62","Cash and/or Derivatives","-","-","United States","USD"
"THB","THB/USD","FX","0.00","1.00","2,603,194.00","-220.88","-220.88","Cash and/or Derivatives","-","-","United States","USD"
"KRW","KRW/USD","FX","0.00","1.00","1,460,314,830.00","-213.90","-213.90","Cash and/or Derivatives","-","-","United States","USD"
"THB","THB/USD","FX","0.00","1.00","2,167,943.00","-183.95","-183.95","Cash and/or Derivatives","-","-","United States","USD"
"THB","THB/USD","FX","0.00","1.00","2,080,496.00","-176.53","-176.53","Cash and/or Derivatives","-","-","United States","USD"
"IDR","IDR/USD","FX","0.00","1.00","610,562,607.00","-170.13","-170.13","Cash and/or Derivatives","-","-","United States","USD"
"PHP","PHP/USD","Forwards","0.00","1.00","31,661,079.00","-310.59","-310.59","Cash and/or Derivatives","-","-","United States","USD"
"THB","THB/USD","FX","0.00","1.00","3,658,665.00","-310.43","-310.43","Cash and/or Derivatives","-","-","United States","USD"
"IDR","IDR/USD","FX","0.00","1.00","961,964,596.00","-268.04","-268.04","Cash and/or Derivatives","-","-","United States","USD"
"THB","THB/USD","FX","0.00","1.00","2,960,287.00","-251.18","-251.18","Cash and/or Derivatives","-","-","United States","USD"
"THB","THB/USD","FX","0.00","1.00","4,956,378.00","-420.54","-420.54","Cash and/or Derivatives","-","-","United States","USD"
"IDR","IDR/USD","FX","0.00","1.00","1,458,360,900.00","-406.36","-406.36","Cash and/or Derivatives","-","-","United States","USD"
"THB","THB/USD","FX","0.00","1.00","4,420,195.00","-375.05","-375.05","Cash and/or Derivatives","-","-","United States","USD"
"THB","THB/USD","FX","0.00","1.00","6,168,608.00","-523.40","-523.40","Cash and/or Derivatives","-","-","United States","USD"
"THB","THB/USD","FX","0.00","1.00","5,927,499.00","-502.94","-502.94","Cash and/or Derivatives","-","-","United States","USD"
"IDR","IDR/USD","FX","0.00","1.00","1,638,277,458.00","-456.49","-456.49","Cash and/or Derivatives","-","-","United States","USD"
"TWD","TWD/USD","FX","0.00","1.00","84,214,140.00","-765.69","-765.69","Cash and/or Derivatives","-","-","United States","USD"
"IDR","IDR/USD","FX","0.00","1.00","4,028,087,227.00","-1,122.39","-1,122.39","Cash and/or Derivatives","-","-","United States","USD"
"PKR","PKR CASH","Cash","0.00","0.64","-2,564,184.00","-16,458.17","-16,458.17","Cash and/or Derivatives","-","-","Pakistan","PKR"
"CZK","CZK CASH","Cash","0.00","4.43","-1,038,186.00","-45,997.58","-45,997.58","Cash and/or Derivatives","-","-","Czech Republic","CZK"
"PHP","PHP CASH","Cash","-0.01","1.96","-5,191,510.00","-101,530.53","-101,530.53","Cash and/or Derivatives","-","-","Philippines","PHP"
"ZAR","ZAR CASH","Cash","-0.02","7.13","-2,279,073.00","-162,428.37","-162,428.37","Cash and/or Derivatives","-","-","South Africa","ZAR"
"BRL","BRL CASH","Cash","-0.02","26.36","-741,859.00","-195,534.73","-195,534.73","Cash and/or Derivatives","-","-","Brazil","BRL"
"MXN","MXN CASH","Cash","-0.02","5.26","-4,115,037.00","-216,538.14","-216,538.14","Cash and/or Derivatives","-","-","Mexico","MXN"
"AED","AED CASH","Cash","-0.04","27.22","-1,354,805.00","-368,840.18","-368,840.18","Cash and/or Derivatives","-","-","United Arab Emirates","AED"
"HKD","HKD CASH","Cash","-0.04","12.84","-2,993,976.00","-384,513.51","-384,513.51","Cash and/or Derivatives","-","-","Hong Kong","HKD"
"IDR","IDR CASH","Cash","-0.05","0.01","-6,454,574,799.00","-456,476.29","-456,476.29","Cash and/or Derivatives","-","-","Indonesia","IDR"
"QAR","QAR CASH","Cash","-0.05","27.46","-1,742,605.00","-478,507.68","-478,507.68","Cash and/or Derivatives","-","-","Qatar","QAR"
"CLP","CLP CASH","Cash","-0.05","0.15","-336,146,226.00","-496,361.93","-496,361.93","Cash and/or Derivatives","-","-","Chile","CLP"
"CNH","CNH CASH","Cash","-0.06","14.55","-3,947,604.00","-574,226.22","-574,226.22","Cash and/or Derivatives","-","-","China","CNH"
"SAR","SAR CASH(COMMITTED)","Cash","-0.08","26.66","-2,727,817.00","-727,359.65","-727,359.65","Cash and/or Derivatives","-","-","Saudi Arabia","SAR"
"MYR","MYR CASH","Cash","-0.09","24.20","-3,461,781.00","-837,595.18","-837,595.18","Cash and/or Derivatives","-","-","Malaysia","MYR"
"KRW","KRW CASH","Cash","-0.11","0.09","-1,229,702,966.00","-1,052,287.32","-1,052,287.32","Cash and/or Derivatives","-","-","Korea (South)","KRW"
"THB","THB CASH","Cash","-0.14","3.26","-40,401,662.00","-1,317,302.30","-1,317,302.30","Cash and/or Derivatives","-","-","Thailand","THB"
"INR","INR CASH","Cash","-0.16","1.46","-106,586,106.00","-1,555,887.98","-1,555,887.98","Cash and/or Derivatives","-","-","India","INR"
"TWD","TWD CASH","Cash","-0.20","3.22","-60,627,228.00","-1,950,243.75","-1,950,243.75","Cash and/or Derivatives","-","-","Taiwan","TWD"
 