﻿Fund Holdings as of,"Jul 4, 2019"
 
Issuer Ticker,Name,Asset Class,Weight (%),Price,Shares,Market Value,Notional Value,Sector,ISIN,Exchange,Country,Market Currency
"SAP","SAP","Equity","2.99","139.63","48,356.00","6,751,756.40","6,751,756.40","Information Technology","DE0007164600","Xetra","Germany","EUR"
"FP","TOTAL SA","Equity","2.89","55.79","116,984.00","6,527,137.60","6,527,137.60","Energy","FR0000120271","Nyse Euronext - Euronext Paris","France","EUR"
"MC","LVMH","Equity","2.61","430.24","13,668.00","5,880,507.61","5,880,507.61","Consumer Discretionary","FR0000121014","Nyse Euronext - Euronext Paris","France","EUR"
"ALV","ALLIANZ","Equity","2.27","245.04","20,885.00","5,117,765.66","5,117,765.66","Financials","DE0008404005","Xetra","Germany","EUR"
"SAN","SANOFI SA","Equity","2.15","87.97","55,237.00","4,858,964.35","4,858,964.35","Health Care","FR0000120578","Nyse Euronext - Euronext Paris","France","EUR"
"UNA","UNILEVER NV","Equity","2.03","61.98","73,733.00","4,570,215.25","4,570,215.25","Consumer Staples","NL0000388619","Euronext Amsterdam","Netherlands","EUR"
"SIE","SIEMENS N AG","Equity","1.99","119.07","37,640.00","4,481,803.38","4,481,803.38","Industrials","DE0007236101","Xetra","Germany","EUR"
"ASML","ASML HOLDING NV","Equity","1.98","213.34","20,943.00","4,468,034.49","4,468,034.49","Information Technology","NL0010273215","Euronext Amsterdam","Netherlands","EUR"
"AIR","AIRBUS GROUP","Equity","1.80","141.45","28,648.00","4,052,366.06","4,052,366.06","Industrials","NL0000235190","Nyse Euronext - Euronext Paris","France","EUR"
"SAN","BANCO SANTANDER SA","Equity","1.68","4.76","795,838.00","3,786,743.24","3,786,743.24","Financials","ES0113900J37","Bolsa De Madrid","Spain","EUR"
"OR","LOREAL SA","Equity","1.58","288.03","12,406.00","3,573,293.48","3,573,293.48","Consumer Staples","FR0000120321","Nyse Euronext - Euronext Paris","France","EUR"
"ABI","ANHEUSER BUSCH INBEV NV","Equity","1.55","93.32","37,490.00","3,498,743.15","3,498,743.15","Consumer Staples","BE0974293251","Nyse Euronext - Euronext Brussels","Belgium","EUR"
"BAS","BASF N","Equity","1.42","70.72","45,190.00","3,195,636.88","3,195,636.88","Materials","DE000BASF111","Xetra","Germany","EUR"
"BAYN","BAYER AG","Equity","1.40","68.73","45,882.00","3,153,467.29","3,153,467.29","Health Care","DE000BAY0017","Xetra","Germany","EUR"
"AI","AIR LIQUIDE SA","Equity","1.30","138.49","21,129.00","2,926,082.31","2,926,082.31","Materials","FR0000120073","Nyse Euronext - Euronext Paris","France","EUR"
"ENEL","ENEL","Equity","1.29","7.27","400,168.00","2,910,624.11","2,910,624.11","Utilities","IT0003128367","Borsa Italiana","Italy","EUR"
"DTE","DEUTSCHE TELEKOM N AG","Equity","1.27","17.51","163,988.00","2,871,374.78","2,871,374.78","Communication","DE0005557508","Xetra","Germany","EUR"
"IBE","IBERDROLA SA","Equity","1.26","9.85","287,570.00","2,832,979.29","2,832,979.29","Utilities","ES0144580Y14","Bolsa De Madrid","Spain","EUR"
"ADS","ADIDAS N AG","Equity","1.24","313.92","8,875.00","2,786,054.64","2,786,054.64","Consumer Discretionary","DE000A1EWWW0","Xetra","Germany","EUR"
"BNP","BNP PARIBAS SA","Equity","1.19","48.56","55,343.00","2,687,642.53","2,687,642.53","Financials","FR0000131104","Nyse Euronext - Euronext Paris","France","EUR"
"DG","VINCI SA","Equity","1.15","103.82","25,020.00","2,597,500.44","2,597,500.44","Industrials","FR0000125486","Nyse Euronext - Euronext Paris","France","EUR"
"BN","DANONE SA","Equity","1.15","85.38","30,336.00","2,590,153.69","2,590,153.69","Consumer Staples","FR0000120644","Nyse Euronext - Euronext Paris","France","EUR"
"CS","AXA SA","Equity","1.13","26.77","95,446.00","2,555,298.06","2,555,298.06","Financials","FR0000120628","Nyse Euronext - Euronext Paris","France","EUR"
"DAI","DAIMLER AG","Equity","1.10","55.32","44,741.00","2,475,129.70","2,475,129.70","Consumer Discretionary","DE0007100000","Xetra","Germany","EUR"
"SU","SCHNEIDER ELECTRIC","Equity","1.10","91.38","27,062.00","2,473,039.22","2,473,039.22","Industrials","FR0000121972","Nyse Euronext - Euronext Paris","France","EUR"
"SAF","SAFRAN SA","Equity","1.06","148.02","16,147.00","2,390,076.36","2,390,076.36","Industrials","FR0000073272","Nyse Euronext - Euronext Paris","France","EUR"
"INGA","ING GROEP NV","Equity","1.00","11.74","191,476.00","2,248,369.71","2,248,369.71","Financials","NL0011821202","Euronext Amsterdam","Netherlands","EUR"
"KER","KERING SA","Equity","0.98","594.67","3,727.00","2,216,350.82","2,216,350.82","Consumer Discretionary","FR0000121485","Nyse Euronext - Euronext Paris","France","EUR"
"EUR","EUR/USD","Forwards","0.96","1.00","-193,145,514.00","2,171,322.17","2,171,322.17","Cash and/or Derivatives","-","-","United States","USD"
"ENI","ENI","Equity","0.92","16.52","125,161.00","2,068,112.45","2,068,112.45","Energy","IT0003132476","Borsa Italiana","Italy","EUR"
"PHIA","KONINKLIJKE PHILIPS NV","Equity","0.90","44.68","45,569.00","2,035,873.45","2,035,873.45","Health Care","NL0000009538","Euronext Amsterdam","Netherlands","EUR"
"RI","PERNOD RICARD SA","Equity","0.85","184.52","10,448.00","1,927,834.77","1,927,834.77","Consumer Staples","FR0000120693","Nyse Euronext - Euronext Paris","France","EUR"
"TEF","TELEFONICA SA","Equity","0.85","8.38","228,939.00","1,918,570.54","1,918,570.54","Communication","ES0178430E18","Bolsa De Madrid","Spain","EUR"
"MUV2","MUENCHENER RUECKVERSICHERUNGS-GESE","Equity","0.84","256.89","7,357.00","1,889,948.12","1,889,948.12","Financials","DE0008430026","Xetra","Germany","EUR"
"BBVA","BANCO BILBAO VIZCAYA ARGENTARIA SA","Equity","0.83","5.74","326,816.00","1,875,647.16","1,875,647.16","Financials","ES0113211835","Bolsa De Madrid","Spain","EUR"
"EL","ESSILORLUXOTTICA SA","Equity","0.79","129.07","13,861.00","1,788,984.93","1,788,984.93","Consumer Discretionary","FR0000121667","Nyse Euronext - Euronext Paris","France","EUR"
"AMS","AMADEUS IT GROUP SA","Equity","0.77","80.55","21,456.00","1,728,355.47","1,728,355.47","Information Technology","ES0109067019","Bolsa De Madrid","Spain","EUR"
"ISP","INTESA SANPAOLO","Equity","0.74","2.29","732,232.00","1,673,686.99","1,673,686.99","Financials","IT0000072618","Borsa Italiana","Italy","EUR"
"DPW","DEUTSCHE POST AG","Equity","0.72","33.48","48,668.00","1,629,646.81","1,629,646.81","Industrials","DE0005552004","Xetra","Germany","EUR"
"ITX","INDUSTRIA DE DISENO TEXTIL INDITEX","Equity","0.72","30.55","53,333.00","1,629,411.47","1,629,411.47","Consumer Discretionary","ES0148396007","Bolsa De Madrid","Spain","EUR"
"VOW3","VOLKSWAGEN NON-VOTING PREF AG","Equity","0.71","174.46","9,130.00","1,592,864.06","1,592,864.06","Consumer Discretionary","DE0007664039","Xetra","Germany","EUR"
"ORA","ORANGE SA","Equity","0.69","15.78","98,156.00","1,548,693.29","1,548,693.29","Communication","FR0000133308","Nyse Euronext - Euronext Paris","France","EUR"
"HEIA","HEINEKEN NV","Equity","0.64","113.05","12,753.00","1,441,671.05","1,441,671.05","Consumer Staples","NL0000009165","Euronext Amsterdam","Netherlands","EUR"
"NXPI","NXP SEMICONDUCTORS NV","Equity","0.63","97.68","14,539.00","1,420,169.52","1,420,169.52","Information Technology","NL0009538784","NASDAQ","Netherlands","USD"
"NOKIA","NOKIA","Equity","0.63","5.07","278,798.00","1,414,485.95","1,414,485.95","Information Technology","FI0009000681","Nasdaq Omx Helsinki Ltd.","Finland","EUR"
"ENGI","ENGIE SA","Equity","0.63","15.60","90,542.00","1,412,727.37","1,412,727.37","Utilities","FR0010208488","Nyse Euronext - Euronext Paris","France","EUR"
"DB1","DEUTSCHE BOERSE AG","Equity","0.61","146.44","9,348.00","1,368,924.49","1,368,924.49","Financials","DE0005810055","Xetra","Germany","EUR"
"CRG","CRH PLC","Equity","0.60","34.15","39,941.00","1,364,009.67","1,364,009.67","Materials","IE0001827041","Irish Stock Exchange - All Market","Ireland","EUR"
"AD","KONINKLIJKE AHOLD DELHAIZE NV","Equity","0.59","22.99","58,239.00","1,338,744.26","1,338,744.26","Consumer Staples","NL0011794037","Euronext Amsterdam","Netherlands","EUR"
"UCG","UNICREDIT","Equity","0.58","13.19","99,488.00","1,312,113.21","1,312,113.21","Financials","IT0005239360","Borsa Italiana","Italy","EUR"
"VIV","VIVENDI SA","Equity","0.56","28.08","45,325.00","1,272,766.70","1,272,766.70","Communication","FR0000127771","Nyse Euronext - Euronext Paris","France","EUR"
"BMW","BMW AG","Equity","0.55","75.71","16,413.00","1,242,685.71","1,242,685.71","Consumer Discretionary","DE0005190003","Xetra","Germany","EUR"
"VNA","VONOVIA SE","Equity","0.54","50.53","24,214.00","1,223,583.74","1,223,583.74","Real Estate","DE000A1ML7J1","Xetra","Germany","EUR"
"EOAN","E.ON N","Equity","0.53","11.06","108,292.00","1,197,315.34","1,197,315.34","Utilities","DE000ENAG999","Xetra","Germany","EUR"
"DSM","KONINKILIJKE DSM NV","Equity","0.51","126.98","8,993.00","1,141,921.34","1,141,921.34","Materials","NL0000009827","Euronext Amsterdam","Netherlands","EUR"
"ICSEAGD","BLK ICS EUR LIQ FUND AGEN ACC T0","Money Market","0.50","112.68","10,023.00","1,129,365.94","1,129,365.94","Cash and/or Derivatives","IE00B568BM13","-","Ireland","EUR"
"IFX","INFINEON TECHNOLOGIES AG","Equity","0.50","18.22","61,935.00","1,128,761.83","1,128,761.83","Information Technology","DE0006231004","Xetra","Germany","EUR"
"RMS","HERMES INTERNATIONAL","Equity","0.50","722.72","1,558.00","1,126,005.43","1,126,005.43","Consumer Discretionary","FR0000052292","Nyse Euronext - Euronext Paris","France","EUR"
"FRE","FRESENIUS SE AND CO KGAA","Equity","0.50","54.30","20,690.00","1,123,472.50","1,123,472.50","Health Care","DE0005785604","Xetra","Germany","EUR"
"AKZAT","AKZO NOBEL NV","Equity","0.48","95.70","11,289.00","1,080,416.07","1,080,416.07","Materials","NL0013267909","Euronext Amsterdam","Netherlands","EUR"
"REP","REPSOL SA","Equity","0.47","15.54","68,675.00","1,066,887.69","1,066,887.69","Energy","ES0173516115","Bolsa De Madrid","Spain","EUR"
"ML","MICHELIN","Equity","0.47","125.46","8,407.00","1,054,707.25","1,054,707.25","Consumer Discretionary","FR0000121261","Nyse Euronext - Euronext Paris","France","EUR"
"DSY","DASSAULT SYSTEMES","Equity","0.46","161.95","6,433.00","1,041,844.36","1,041,844.36","Information Technology","FR0000130650","Nyse Euronext - Euronext Paris","France","EUR"
"G","ASSICURAZIONI GENERALI","Equity","0.46","19.29","53,901.00","1,039,869.95","1,039,869.95","Financials","IT0000062072","Borsa Italiana","Italy","EUR"
"SAMPO","SAMPO","Equity","0.46","47.45","21,704.00","1,029,900.20","1,029,900.20","Financials","FI0009003305","Nasdaq Omx Helsinki Ltd.","Finland","EUR"
"CAP","CAPGEMINI","Equity","0.45","128.39","7,907.00","1,015,173.09","1,015,173.09","Information Technology","FR0000125338","Nyse Euronext - Euronext Paris","France","EUR"
"RACE","FERRARI NV","Equity","0.45","167.20","6,056.00","1,012,558.60","1,012,558.60","Consumer Discretionary","NL0011585146","Borsa Italiana","Italy","EUR"
"WDI","WIRECARD AG","Equity","0.45","173.69","5,819.00","1,010,681.10","1,010,681.10","Information Technology","DE0007472060","Xetra","Germany","EUR"
"WKL","WOLTERS KLUWER NV","Equity","0.45","73.27","13,762.00","1,008,277.17","1,008,277.17","Industrials","NL0000395903","Euronext Amsterdam","Netherlands","EUR"
"URW","WFD UNIBAIL RODAMCO STAPLED UNITS","Equity","0.44","146.78","6,804.00","998,683.09","998,683.09","Real Estate","FR0013326246","Euronext Amsterdam","France","EUR"
"KNEBV","KONE","Equity","0.44","59.14","16,798.00","993,437.82","993,437.82","Industrials","FI0009013403","Nasdaq Omx Helsinki Ltd.","Finland","EUR"
"LR","LEGRAND SA","Equity","0.43","73.58","13,225.00","973,111.42","973,111.42","Industrials","FR0010307819","Nyse Euronext - Euronext Paris","France","EUR"
"GLE","SOCIETE GENERALE SA","Equity","0.42","25.29","37,760.00","954,897.65","954,897.65","Financials","FR0000130809","Nyse Euronext - Euronext Paris","France","EUR"
"SGO","COMPAGNIE DE SAINT GOBAIN SA","Equity","0.42","38.97","24,202.00","943,240.74","943,240.74","Industrials","FR0000125007","Nyse Euronext - Euronext Paris","France","EUR"
"KRZ","KERRY GROUP PLC","Equity","0.42","119.14","7,865.00","937,019.74","937,019.74","Consumer Staples","IE0004906560","Irish Stock Exchange - All Market","Ireland","EUR"
"HEN3","HENKEL & KGAA PREF AG","Equity","0.40","102.80","8,832.00","907,943.59","907,943.59","Consumer Staples","DE0006048432","Xetra","Germany","EUR"
"FME","FRESENIUS MEDICAL CARE AG & CO KGA","Equity","0.38","79.76","10,696.00","853,152.96","853,152.96","Health Care","DE0005785802","Xetra","Germany","EUR"
"KBC","KBC GROEP","Equity","0.37","67.80","12,383.00","839,627.09","839,627.09","Financials","BE0003565737","Nyse Euronext - Euronext Brussels","Belgium","EUR"
"DBK","DEUTSCHE BANK AG","Equity","0.34","7.90","97,662.00","771,496.24","771,496.24","Financials","DE0005140008","Xetra","Germany","EUR"
"CON","CONTINENTAL AG","Equity","0.34","140.80","5,452.00","767,638.11","767,638.11","Consumer Discretionary","DE0005439004","Xetra","Germany","EUR"
"FCA","FIAT CHRYSLER AUTOMOBILES NV","Equity","0.33","14.31","52,752.00","755,004.83","755,004.83","Consumer Discretionary","NL0010877643","Borsa Italiana","Italy","EUR"
"UG","PEUGEOT SA","Equity","0.32","24.85","29,318.00","728,676.78","728,676.78","Consumer Discretionary","FR0000121501","Nyse Euronext - Euronext Paris","France","EUR"
"NESTE","NESTE","Equity","0.32","34.48","20,814.00","717,620.76","717,620.76","Energy","FI0009013296","Nasdaq Omx Helsinki Ltd.","Finland","EUR"
"ACA","CREDIT AGRICOLE SA","Equity","0.32","12.55","57,098.00","716,327.76","716,327.76","Financials","FR0000045072","Nyse Euronext - Euronext Paris","France","EUR"
"UPM","UPM-KYMMENE","Equity","0.31","26.31","26,586.00","699,467.66","699,467.66","Materials","FI0009005987","Nasdaq Omx Helsinki Ltd.","Finland","EUR"
"RWE","RWE AG","Equity","0.31","25.80","26,908.00","694,278.44","694,278.44","Utilities","DE0007037129","Xetra","Germany","EUR"
"MRK","MERCK","Equity","0.30","107.77","6,358.00","685,174.09","685,174.09","Health Care","DE0006599905","Xetra","Germany","EUR"
"CCEP","COCA COLA EUROPEAN PARTNERS PLC","Equity","0.30","57.89","11,667.00","675,402.63","675,402.63","Consumer Staples","GB00BDCPN049","New York Stock Exchange Inc.","Netherlands","USD"
"AENA","AENA SME SA","Equity","0.30","200.31","3,323.00","665,636.48","665,636.48","Industrials","ES0105046009","Bolsa De Madrid","Spain","EUR"
"DWNI","DEUTSCHE WOHNEN","Equity","0.29","37.91","17,494.00","663,154.15","663,154.15","Real Estate","DE000A0HN5C6","Xetra","Germany","EUR"
"VIE","VEOLIA ENVIRON. SA","Equity","0.29","25.11","26,319.00","660,968.31","660,968.31","Utilities","FR0000124141","Nyse Euronext - Euronext Paris","France","EUR"
"ATL","ATLANTIA","Equity","0.29","26.76","24,257.00","649,139.25","649,139.25","Industrials","IT0003506190","Borsa Italiana","Italy","EUR"
"HO","THALES SA","Equity","0.28","122.41","5,242.00","641,671.65","641,671.65","Industrials","FR0000121329","Nyse Euronext - Euronext Paris","France","EUR"
"MTX","MTU AERO ENGINES HOLDING AG","Equity","0.28","242.22","2,597.00","629,057.13","629,057.13","Industrials","DE000A0D9PT0","Xetra","Germany","EUR"
"EDEN","EDENRED SA","Equity","0.27","51.54","11,998.00","618,331.04","618,331.04","Industrials","FR0010908533","Nyse Euronext - Euronext Paris","France","EUR"
"FER","FERROVIAL SA","Equity","0.27","25.95","23,818.00","618,043.75","618,043.75","Industrials","ES0118900010","Bolsa De Madrid","Spain","EUR"
"BEI","BEIERSDORF AG","Equity","0.27","122.01","5,014.00","611,782.36","611,782.36","Consumer Staples","DE0005200000","Xetra","Germany","EUR"
"NN","NN GROUP NV","Equity","0.27","40.73","15,018.00","611,653.40","611,653.40","Financials","NL0010773842","Euronext Amsterdam","Netherlands","EUR"
"STM","STMICROELECTRONICS NV","Equity","0.27","18.18","33,446.00","608,079.82","608,079.82","Information Technology","NL0000226223","Nyse Euronext - Euronext Paris","France","EUR"
"SY1","SYMRISE AG","Equity","0.27","95.51","6,330.00","604,599.90","604,599.90","Materials","DE000SYM9999","Xetra","Germany","EUR"
"HEIO","HEINEKEN HOLDING NV","Equity","0.27","107.46","5,565.00","598,020.74","598,020.74","Consumer Staples","NL0000008977","Euronext Amsterdam","Netherlands","EUR"
"HEI","HEIDELBERGCEMENT AG","Equity","0.26","79.58","7,427.00","591,064.63","591,064.63","Materials","DE0006047004","Xetra","Germany","EUR"
"RNO","RENAULT SA","Equity","0.26","61.45","9,456.00","581,100.08","581,100.08","Consumer Discretionary","FR0000131906","Nyse Euronext - Euronext Paris","France","EUR"
"MT","ARCELORMITTAL SA","Equity","0.25","17.61","32,639.00","574,738.38","574,738.38","Materials","LU1598757687","Euronext Amsterdam","France","EUR"
"TEP","TELEPERFORMANCE","Equity","0.25","200.71","2,805.00","562,982.52","562,982.52","Industrials","FR0000051807","Nyse Euronext - Euronext Paris","France","EUR"
"EBS","ERSTE GROUP BANK AG","Equity","0.25","38.01","14,739.00","560,215.51","560,215.51","Financials","AT0000652011","Wiener Boerse Ag","Austria","EUR"
"CA","CARREFOUR SA","Equity","0.25","19.34","28,686.00","554,711.16","554,711.16","Consumer Staples","FR0000120172","Nyse Euronext - Euronext Paris","France","EUR"
"CNHI","CNH INDUSTRIAL NV","Equity","0.24","10.71","50,872.00","544,667.07","544,667.07","Industrials","NL0010545661","Borsa Italiana","Italy","EUR"
"PUB","PUBLICIS GROUPE SA","Equity","0.24","52.91","10,258.00","542,777.25","542,777.25","Communication","FR0000130577","Nyse Euronext - Euronext Paris","France","EUR"
"UCB","UCB SA","Equity","0.24","84.52","6,346.00","536,394.03","536,394.03","Health Care","BE0003739530","Nyse Euronext - Euronext Brussels","Belgium","EUR"
"KPN","KONINKLIJKE KPN NV","Equity","0.24","3.07","172,881.00","531,495.84","531,495.84","Communication","NL0000009082","Euronext Amsterdam","Netherlands","EUR"
"SRG","SNAM","Equity","0.23","5.11","102,392.00","523,183.99","523,183.99","Utilities","IT0003153415","Borsa Italiana","Italy","EUR"
"SW","SODEXO SA","Equity","0.23","117.56","4,446.00","522,664.82","522,664.82","Consumer Discretionary","FR0000121220","Nyse Euronext - Euronext Paris","France","EUR"
"CABK","CAIXABANK SA","Equity","0.23","2.97","175,501.00","521,136.60","521,136.60","Financials","ES0140609019","Bolsa De Madrid","Spain","EUR"
"ACS","ACS ACTIVIDADES DE CONSTRUCCION Y","Equity","0.23","41.27","12,356.00","509,926.63","509,926.63","Industrials","ES0167050915","Bolsa De Madrid","Spain","EUR"
"PAH3","PORSCHE AUTOMOBIL HOLDING PREF","Equity","0.22","66.83","7,440.00","497,249.19","497,249.19","Consumer Discretionary","DE000PAH0038","Xetra","Germany","EUR"
"HNR1","HANNOVER RUECK","Equity","0.22","165.96","2,951.00","489,742.71","489,742.71","Financials","DE0008402215","Xetra","Germany","EUR"
"HEN","HENKEL AG","Equity","0.22","95.33","5,113.00","487,437.12","487,437.12","Consumer Staples","DE0006048408","Xetra","Germany","EUR"
"EDP","EDP ENERGIAS DE PORTUGAL SA","Equity","0.21","3.85","125,913.00","484,265.65","484,265.65","Utilities","PTEDP0AM0009","Nyse Euronext - Euronext Lisbon","Portugal","EUR"
"FORTUM","FORTUM","Equity","0.21","22.10","21,849.00","482,771.07","482,771.07","Utilities","FI0009007132","Nasdaq Omx Helsinki Ltd.","Finland","EUR"
"ABN","ABN AMRO BANK NV","Equity","0.21","22.15","21,208.00","469,804.01","469,804.01","Financials","NL0011540547","Euronext Amsterdam","Netherlands","EUR"
"AGS","AGEAS SA","Equity","0.21","53.35","8,724.00","465,447.89","465,447.89","Financials","BE0974264930","Nyse Euronext - Euronext Brussels","Belgium","EUR"
"REE","RED ELECTRICA SA","Equity","0.20","20.96","21,795.00","456,865.83","456,865.83","Utilities","ES0173093024","Bolsa De Madrid","Spain","EUR"
"TRN","TERNA RETE ELETTRICA NAZIONALE","Equity","0.20","6.59","68,389.00","450,902.41","450,902.41","Utilities","IT0003242622","Borsa Italiana","Italy","EUR"
"AGN","AEGON NV","Equity","0.20","5.11","87,625.00","447,631.40","447,631.40","Financials","NL0000303709","Euronext Amsterdam","Netherlands","EUR"
"GRF","GRIFOLS SA CLASS A","Equity","0.20","30.57","14,594.00","446,200.17","446,200.17","Health Care","ES0171996087","Bolsa De Madrid","Spain","EUR"
"QIA","QIAGEN NV","Equity","0.20","40.01","11,104.00","444,226.31","444,226.31","Health Care","NL0012169213","Xetra","Germany","EUR"
"1COV","COVESTRO AG","Equity","0.19","49.47","8,553.00","423,130.34","423,130.34","Materials","DE0006062144","Xetra","Germany","EUR"
"KRX","KINGSPAN GROUP PLC","Equity","0.19","55.46","7,580.00","420,404.32","420,404.32","Industrials","IE0004927939","Irish Stock Exchange - All Market","Ireland","EUR"
"ATO","ATOS","Equity","0.18","86.87","4,732.00","411,075.46","411,075.46","Information Technology","FR0000051732","Nyse Euronext - Euronext Paris","France","EUR"
"ELE","ENDESA SA","Equity","0.18","26.29","15,381.00","404,321.27","404,321.27","Utilities","ES0130670112","Bolsa De Madrid","Spain","EUR"
"AC","ACCOR SA","Equity","0.18","43.76","9,228.00","403,843.84","403,843.84","Consumer Discretionary","FR0000120404","Nyse Euronext - Euronext Paris","France","EUR"
"EN","BOUYGUES SA","Equity","0.18","37.16","10,737.00","399,018.14","399,018.14","Industrials","FR0000120503","Nyse Euronext - Euronext Paris","France","EUR"
"GBLB","GROUPE BRUXELLES LAMBERT NV","Equity","0.17","99.01","3,982.00","394,261.13","394,261.13","Financials","BE0003797140","Nyse Euronext - Euronext Brussels","Belgium","EUR"
"NTGY","NATURGY ENERGY SA","Equity","0.17","27.13","14,426.00","391,423.69","391,423.69","Utilities","ES0116870314","Bolsa De Madrid","Spain","EUR"
"FGR","EIFFAGE SA","Equity","0.17","101.63","3,818.00","388,016.68","388,016.68","Industrials","FR0000130452","Nyse Euronext - Euronext Paris","France","EUR"
"EXO","EXOR NV","Equity","0.17","72.66","5,338.00","387,838.16","387,838.16","Financials","NL0012059018","Borsa Italiana","Italy","EUR"
"MONC","MONCLER","Equity","0.17","43.56","8,809.00","383,718.30","383,718.30","Consumer Discretionary","IT0004965148","Borsa Italiana","Italy","EUR"
"ADYEN","ADYEN NV","Equity","0.17","742.13","509.00","377,744.15","377,744.15","Information Technology","NL0012969182","Euronext Amsterdam","Netherlands","EUR"
"BNR","BRENNTAG AG","Equity","0.17","49.69","7,569.00","376,072.79","376,072.79","Industrials","DE000A1DAHH0","Xetra","Germany","EUR"
"EDF","ELECTRICITE DE FRANCE SA","Equity","0.17","12.62","29,689.00","374,643.03","374,643.03","Utilities","FR0010242511","Nyse Euronext - Euronext Paris","France","EUR"
"ALO","ALSTOM SA","Equity","0.16","47.14","7,890.00","371,904.59","371,904.59","Industrials","FR0010220475","Nyse Euronext - Euronext Paris","France","EUR"
"GALP","GALP ENERGIA SGPS SA","Equity","0.16","15.04","24,513.00","368,648.70","368,648.70","Energy","PTGAL0AM0009","Nyse Euronext - Euronext Lisbon","Portugal","EUR"
"SOLB","SOLVAY SA","Equity","0.16","102.89","3,579.00","368,249.90","368,249.90","Materials","BE0003470755","Nyse Euronext - Euronext Brussels","Belgium","EUR"
"CBK","COMMERZBANK AG","Equity","0.16","7.24","49,599.00","359,303.70","359,303.70","Financials","DE000CBK1001","Xetra","Germany","EUR"
"SCR","SCOR","Equity","0.16","45.14","7,936.00","358,225.34","358,225.34","Financials","FR0010411983","Nyse Euronext - Euronext Paris","France","EUR"
"OMV","OMV AG","Equity","0.16","49.37","7,210.00","355,957.93","355,957.93","Energy","AT0000743059","Wiener Boerse Ag","Austria","EUR"
"SRT3","SARTORIUS PREF AG","Equity","0.16","206.01","1,717.00","353,718.00","353,718.00","Health Care","DE0007165631","Xetra","Germany","EUR"
"CLNX","CELLNEX TELECOM SA","Equity","0.16","37.79","9,344.00","353,153.68","353,153.68","Communication","ES0105066007","Bolsa De Madrid","Spain","EUR"
"FR","VALEO SA","Equity","0.15","30.17","11,584.00","349,466.90","349,466.90","Consumer Discretionary","FR0013176526","Nyse Euronext - Euronext Paris","France","EUR"
"BVI","BUREAU VERITAS SA","Equity","0.15","25.12","13,899.00","349,212.57","349,212.57","Industrials","FR0006174348","Nyse Euronext - Euronext Paris","France","EUR"
"GFC","GECINA REIT SA","Equity","0.15","150.28","2,317.00","348,190.05","348,190.05","Real Estate","FR0010040865","Nyse Euronext - Euronext Paris","France","EUR"
"LI","KLEPIERRE REIT SA","Equity","0.15","34.80","9,880.00","343,873.10","343,873.10","Real Estate","FR0000121964","Nyse Euronext - Euronext Paris","France","EUR"
"STERV","STORA ENSO CLASS R","Equity","0.15","11.86","28,981.00","343,802.27","343,802.27","Materials","FI0009005961","Nasdaq Omx Helsinki Ltd.","Finland","EUR"
"GET","GETLINK","Equity","0.15","15.87","21,643.00","343,556.09","343,556.09","Industrials","FR0010533075","Nyse Euronext - Euronext Paris","France","EUR"
"FLTR","FLUTTER ENTERTAINMENT PLC","Equity","0.15","86.49","3,938.00","340,589.00","340,589.00","Consumer Discretionary","IE00BWT6H894","Irish Stock Exchange - All Market","Ireland","EUR"
"ELISA","ELISA","Equity","0.15","49.27","6,912.00","340,543.83","340,543.83","Communication","FI0009007884","Nasdaq Omx Helsinki Ltd.","Finland","EUR"
"SK3","SMURFIT KAPPA GROUP PLC","Equity","0.15","31.57","10,753.00","339,440.34","339,440.34","Materials","IE00B1RR8406","Irish Stock Exchange - All Market","Ireland","EUR"
"AER","AERCAP HOLDINGS NV","Equity","0.15","50.50","6,547.00","330,623.50","330,623.50","Industrials","NL0000687663","New York Stock Exchange Inc.","Netherlands","USD"
"AT1","AROUNDTOWN PROPERTY HOLDINGS SA","Equity","0.15","8.61","38,175.00","328,530.60","328,530.60","Real Estate","LU1673108939","Xetra","Germany","EUR"
"UBI","UBISOFT ENTERTAINMENT SA CAT A","Equity","0.14","81.37","4,000.00","325,463.14","325,463.14","Communication","FR0000054470","Nyse Euronext - Euronext Paris","France","EUR"
"MB","MEDIOBANCA BANCA DI CREDITO FINANZ","Equity","0.14","10.69","30,154.00","322,235.00","322,235.00","Financials","IT0000062957","Borsa Italiana","Italy","EUR"
"UMI","UMICORE SA","Equity","0.14","31.92","10,031.00","320,157.20","320,157.20","Materials","BE0974320526","Nyse Euronext - Euronext Brussels","Belgium","EUR"
"WRT1V","WARTSILA","Equity","0.14","14.32","22,009.00","315,223.88","315,223.88","Industrials","FI0009003727","Nasdaq Omx Helsinki Ltd.","Finland","EUR"
"SHL","SIEMENS HEALTHINEERS AG","Equity","0.14","42.72","7,378.00","315,224.56","315,224.56","Health Care","DE000SHL1006","Xetra","Germany","EUR"
"RAND","RANDSTAD HOLDING","Equity","0.14","55.13","5,716.00","315,152.43","315,152.43","Industrials","NL0000379121","Euronext Amsterdam","Netherlands","EUR"
"AKE","ARKEMA SA","Equity","0.14","92.26","3,347.00","308,808.26","308,808.26","Materials","FR0010313833","Nyse Euronext - Euronext Paris","France","EUR"
"TEN","TENARIS SA","Equity","0.14","13.17","23,227.00","305,808.87","305,808.87","Energy","LU0156801721","Borsa Italiana","Italy","EUR"
"IGYB","INNOGY Z VERK","Equity","0.14","42.76","7,131.00","304,912.86","304,912.86","Utilities","DE000A2LQ2L3","Xetra","Germany","EUR"
"UN01","UNIPER","Equity","0.13","31.08","9,787.00","304,198.65","304,198.65","Utilities","DE000UNSE018","Xetra","Germany","EUR"
"FBK","FINECOBANK BANCA FINECO","Equity","0.13","12.08","25,037.00","302,381.39","302,381.39","Financials","IT0000072170","Borsa Italiana","Italy","EUR"
"SAB","BANCO DE SABADELL SA","Equity","0.13","1.07","275,602.00","295,076.53","295,076.53","Financials","ES0113860A34","Bolsa De Madrid","Spain","EUR"
"PST","POSTE ITALIANE","Equity","0.13","11.00","26,054.00","286,592.70","286,592.70","Financials","IT0003796171","Borsa Italiana","Italy","EUR"
"CPR","DAVIDE CAMPARI MILANO","Equity","0.13","9.99","28,523.00","284,950.79","284,950.79","Consumer Staples","IT0005252207","Borsa Italiana","Italy","EUR"
"WLN","WORLDLINE SA","Equity","0.13","71.53","3,970.00","283,965.68","283,965.68","Information Technology","FR0011981968","Nyse Euronext - Euronext Paris","France","EUR"
"VOW","VOLKSWAGEN AG","Equity","0.13","177.97","1,595.00","283,867.81","283,867.81","Consumer Discretionary","DE0007664005","Xetra","Germany","EUR"
"SESG","SES SA FDR","Equity","0.12","15.40","18,235.00","280,817.72","280,817.72","Communication","LU0088087324","Nyse Euronext - Euronext Paris","France","EUR"
"TKA","THYSSENKRUPP AG","Equity","0.12","13.94","19,902.00","277,412.21","277,412.21","Materials","DE0007500001","Xetra","Germany","EUR"
"PUM","PUMA","Equity","0.12","67.24","4,074.00","273,938.69","273,938.69","Consumer Discretionary","DE0006969603","Xetra","Germany","EUR"
"LDO","LEONARDO FINMECCANICA SPA","Equity","0.12","12.93","20,473.00","264,814.43","264,814.43","Industrials","IT0003856405","Borsa Italiana","Italy","EUR"
"EVK","EVONIK INDUSTRIES AG","Equity","0.12","29.31","9,012.00","264,147.45","264,147.45","Materials","DE000EVNK013","Xetra","Germany","EUR"
"ERF","EUROFINS SCIENTIFIC","Equity","0.12","462.56","565.00","261,347.53","261,347.53","Health Care","FR0000038259","Nyse Euronext - Euronext Paris","France","EUR"
"ZAL","ZALANDO","Equity","0.12","43.04","6,063.00","260,956.55","260,956.55","Consumer Discretionary","DE000ZAL1111","Xetra","Germany","EUR"
"ADP","AEROPORTS DE PARIS SA","Equity","0.11","178.93","1,432.00","256,231.37","256,231.37","Industrials","FR0010340141","Nyse Euronext - Euronext Paris","France","EUR"
"KBX","KNORR BREMSE AG","Equity","0.11","108.76","2,342.00","254,712.36","254,712.36","Industrials","DE000KBX1006","Xetra","Germany","EUR"
"LXS","LANXESS AG","Equity","0.11","59.75","4,242.00","253,457.26","253,457.26","Materials","DE0005470405","Xetra","Germany","EUR"
"IPN","IPSEN SA","Equity","0.11","136.51","1,849.00","252,411.06","252,411.06","Health Care","FR0010259150","Nyse Euronext - Euronext Paris","France","EUR"
"SEV","SUEZ SA","Equity","0.11","14.82","16,809.00","249,091.01","249,091.01","Utilities","FR0010613471","Nyse Euronext - Euronext Paris","France","EUR"
"ING","INGENICO GROUP SA","Equity","0.11","85.97","2,896.00","248,965.76","248,965.76","Information Technology","FR0000125346","Nyse Euronext - Euronext Paris","France","EUR"
"TIT","TELECOM ITALIA","Equity","0.11","0.56","441,166.00","247,965.84","247,965.84","Communication","IT0003497168","Borsa Italiana","Italy","EUR"
"BIRG","BANK OF IRELAND GROUP PLC","Equity","0.11","5.36","46,136.00","247,240.52","247,240.52","Financials","IE00BD1RP616","Irish Stock Exchange - All Market","Ireland","EUR"
"PRY","PRYSMIAN","Equity","0.11","20.73","11,679.00","242,113.55","242,113.55","Industrials","IT0004176001","Borsa Italiana","Italy","EUR"
"DHER","DELIVERY HERO","Equity","0.11","44.41","5,443.00","241,701.60","241,701.60","Consumer Discretionary","DE000A2E4K43","Xetra","Germany","EUR"
"COV","COVIVIO SA","Equity","0.11","106.39","2,243.00","238,631.11","238,631.11","Real Estate","FR0000064578","Nyse Euronext - Euronext Paris","France","EUR"
"BKT","BANKINTER SA","Equity","0.11","7.20","32,988.00","237,444.85","237,444.85","Financials","ES0113679I37","Bolsa De Madrid","Spain","EUR"
"ENG","ENAGAS SA","Equity","0.10","25.38","8,983.00","228,028.96","228,028.96","Utilities","ES0130960018","Bolsa De Madrid","Spain","EUR"
"REC","RECORDATI INDUSTRIA CHIMICA E FARM","Equity","0.10","42.57","5,101.00","217,134.20","217,134.20","Health Care","IT0003828271","Borsa Italiana","Italy","EUR"
"G1A","GEA GROUP AG","Equity","0.09","27.40","7,717.00","211,476.50","211,476.50","Industrials","DE0006602006","Xetra","Germany","EUR"
"PROX","PROXIMUS NV","Equity","0.09","29.75","7,038.00","209,384.96","209,384.96","Communication","BE0003810273","Nyse Euronext - Euronext Brussels","Belgium","EUR"
"AMUN","AMUNDI SA","Equity","0.09","70.40","2,932.00","206,411.86","206,411.86","Financials","FR0004125920","Nyse Euronext - Euronext Paris","France","EUR"
"SK","SEB SA","Equity","0.09","179.04","1,147.00","205,365.00","205,365.00","Consumer Discretionary","FR0000121709","Nyse Euronext - Euronext Paris","France","EUR"
"BOSS","HUGO BOSS N AG","Equity","0.09","64.98","3,150.00","204,700.61","204,700.61","Consumer Discretionary","DE000A1PHFF7","Xetra","Germany","EUR"
"KGX","KION GROUP AG","Equity","0.09","63.45","3,196.00","202,786.10","202,786.10","Industrials","DE000KGX8881","Xetra","Germany","EUR"
"DIM","SARTORIUS STEDIM BIOTECH SA","Equity","0.09","155.35","1,305.00","202,735.85","202,735.85","Health Care","FR0013154002","Nyse Euronext - Euronext Paris","France","EUR"
"JMT","JERONIMO MARTINS SA","Equity","0.09","15.95","12,658.00","201,858.48","201,858.48","Consumer Staples","PTJMT0AE0001","Nyse Euronext - Euronext Lisbon","Portugal","EUR"
"METSO","METSO","Equity","0.09","40.60","4,888.00","198,471.95","198,471.95","Industrials","FI0009007835","Nasdaq Omx Helsinki Ltd.","Finland","EUR"
"ORNBV","ORION CLASS B","Equity","0.09","37.99","5,190.00","197,149.90","197,149.90","Health Care","FI0009014377","Nasdaq Omx Helsinki Ltd.","Finland","EUR"
"CNP","CNP ASSURANCES SA","Equity","0.09","23.29","8,396.00","195,509.66","195,509.66","Financials","FR0000120222","Nyse Euronext - Euronext Paris","France","EUR"
"LHA","DEUTSCHE LUFTHANSA AG","Equity","0.09","17.34","11,180.00","193,866.05","193,866.05","Industrials","DE0008232125","Xetra","Germany","EUR"
"AFX","CARL ZEISS MEDITEC AG","Equity","0.09","99.34","1,949.00","193,609.78","193,609.78","Health Care","DE0005313704","Xetra","Germany","EUR"
"UTDI","UNITED INTERNET AG","Equity","0.09","33.07","5,852.00","193,511.26","193,511.26","Communication","DE0005089031","Xetra","Germany","EUR"
"BOL","BOLLORE SA","Equity","0.09","4.50","42,923.00","193,121.81","193,121.81","Industrials","FR0000039299","Nyse Euronext - Euronext Paris","France","EUR"
"SGRE","SIEMENS GAMESA RENEWABLE ENERGY SA","Equity","0.08","16.97","11,235.00","190,636.92","190,636.92","Industrials","ES0143416115","Bolsa De Madrid","Spain","EUR"
"KN","NATIXIS SA","Equity","0.08","4.21","45,216.00","190,175.31","190,175.31","Financials","FR0000120685","Nyse Euronext - Euronext Paris","France","EUR"
"MF","WENDEL","Equity","0.08","138.88","1,364.00","189,434.26","189,434.26","Financials","FR0000121204","Nyse Euronext - Euronext Paris","France","EUR"
"BMW3","BMW PREF AG","Equity","0.08","64.42","2,834.00","182,566.90","182,566.90","Consumer Discretionary","DE0005190037","Xetra","Germany","EUR"
"TYRES","NOKIAN RENKAAT","Equity","0.08","31.27","5,825.00","182,169.33","182,169.33","Consumer Discretionary","FI0009005318","Nasdaq Omx Helsinki Ltd.","Finland","EUR"
"VOE","VOESTALPINE AG","Equity","0.08","30.20","5,822.00","175,835.54","175,835.54","Materials","AT0000937503","Wiener Boerse Ag","Austria","EUR"
"COLR","ETABLISSEMENTEN FRANZ COLRUYT NV","Equity","0.08","58.40","2,945.00","171,975.14","171,975.14","Consumer Staples","BE0974256852","Nyse Euronext - Euronext Brussels","Belgium","EUR"
"AM","DASSAULT AVIATION SA","Equity","0.08","1,405.73","121.00","170,094.20","170,094.20","Industrials","FR0000121725","Nyse Euronext - Euronext Paris","France","EUR"
"EO","FAURECIA","Equity","0.08","43.86","3,863.00","169,448.24","169,448.24","Consumer Discretionary","FR0000121147","Nyse Euronext - Euronext Paris","France","EUR"
"RBI","RAIFFEISEN BANK INTERNATIONAL AG","Equity","0.07","23.80","7,038.00","167,539.73","167,539.73","Financials","AT0000606306","Wiener Boerse Ag","Austria","EUR"
"VER","VERBUND AG","Equity","0.07","52.46","3,172.00","166,407.24","166,407.24","Utilities","AT0000746409","Wiener Boerse Ag","Austria","EUR"
"FRA","FRAPORT FRANKFURT AIRPORT SERVICES","Equity","0.07","85.81","1,939.00","166,387.32","166,387.32","Industrials","DE0005773303","Xetra","Germany","EUR"
"A5G","AIB GROUP","Equity","0.07","4.14","40,041.00","165,608.82","165,608.82","Financials","IE00BF0L3536","Irish Stock Exchange - All Market","Ireland","EUR"
"VPK","KONINKLIJKE VOPAK NV","Equity","0.07","47.19","3,487.00","164,560.62","164,560.62","Energy","NL0009432491","Euronext Amsterdam","Netherlands","EUR"
"ETL","EUTELSAT COMMUNICATIONS SA","Equity","0.07","19.26","8,427.00","162,290.32","162,290.32","Communication","FR0010221234","Nyse Euronext - Euronext Paris","France","EUR"
"BIM","BIOMERIEUX SA","Equity","0.07","82.53","1,946.00","160,599.16","160,599.16","Health Care","FR0013280286","Nyse Euronext - Euronext Paris","France","EUR"
"ILD","ILIAD SA","Equity","0.07","113.50","1,397.00","158,555.20","158,555.20","Communication","FR0004035913","Nyse Euronext - Euronext Paris","France","EUR"
"RCO","REMY COINTREAU SA","Equity","0.07","147.00","1,078.00","158,470.81","158,470.81","Consumer Staples","FR0000130395","Nyse Euronext - Euronext Paris","France","EUR"
"SPR","AXEL SPRINGER","Equity","0.07","69.84","2,228.00","155,593.67","155,593.67","Communication","DE0005501357","Xetra","Germany","EUR"
"MAP","MAPFRE SA","Equity","0.07","3.03","51,019.00","154,432.50","154,432.50","Financials","ES0124244E34","Bolsa De Madrid","Spain","EUR"
"B4B","METRO AG","Equity","0.07","18.01","8,214.00","147,948.21","147,948.21","Consumer Staples","DE000BFB0019","Xetra","Germany","EUR"
"HOT","HOCHTIEF AG","Equity","0.07","123.65","1,196.00","147,886.26","147,886.26","Industrials","DE0006070006","Xetra","Germany","EUR"
"TITR","TELECOM ITALIA SAVING","Equity","0.06","0.52","277,253.00","145,231.57","145,231.57","Communication","IT0003497176","Borsa Italiana","Italy","EUR"
"FPE3","FUCHS PETROLUB PREF","Equity","0.06","40.84","3,503.00","143,065.46","143,065.46","Materials","DE0005790430","Xetra","Germany","EUR"
"ICAD","ICADE REIT SA","Equity","0.06","91.78","1,555.00","142,716.45","142,716.45","Real Estate","FR0000035081","Nyse Euronext - Euronext Paris","France","EUR"
"BKIA","BANKIA SA","Equity","0.06","2.40","58,895.00","141,528.57","141,528.57","Financials","ES0113307062","Bolsa De Madrid","Spain","EUR"
"RF","EURAZEO","Equity","0.06","71.25","1,976.00","140,781.76","140,781.76","Financials","FR0000121121","Nyse Euronext - Euronext Paris","France","EUR"
"ANDR","ANDRITZ AG","Equity","0.06","37.59","3,524.00","132,472.88","132,472.88","Industrials","AT0000730007","Wiener Boerse Ag","Austria","EUR"
"TNET","TELENET GROUP HOLDING NV","Equity","0.06","55.44","2,314.00","128,287.58","128,287.58","Communication","BE0003826436","Nyse Euronext - Euronext Brussels","Belgium","EUR"
"PIRC","PIRELLI & C","Equity","0.05","6.03","20,221.00","121,914.45","121,914.45","Consumer Discretionary","IT0005278236","Borsa Italiana","Italy","EUR"
"O2D","TELEFONICA DEUTSCHLAND HOLDING AG","Equity","0.05","2.76","43,123.00","119,195.85","119,195.85","Communication","DE000A1J5RX9","Xetra","Germany","EUR"
"RRTL","RTL GROUP SA","Equity","0.05","52.55","1,998.00","104,998.01","104,998.01","Communication","LU0061462528","Xetra","Germany","EUR"
"BB","BIC SA","Equity","0.05","78.86","1,313.00","103,544.73","103,544.73","Industrials","FR0000120966","Nyse Euronext - Euronext Paris","France","EUR"
"DEC","JCDECAUX SA","Equity","0.04","29.92","3,275.00","97,987.55","97,987.55","Communication","FR0000077919","Nyse Euronext - Euronext Paris","France","EUR"
"CO","CASINO GUICHARD PERRACHON SA","Equity","0.04","34.86","2,792.00","97,332.97","97,332.97","Consumer Staples","FR0000125585","Nyse Euronext - Euronext Paris","France","EUR"
"DRI","1&1 DRILLISCH AG","Equity","0.04","34.12","2,645.00","90,238.85","90,238.85","Communication","DE0005545503","Xetra","Germany","EUR"
"NK","IMERYS SA","Equity","0.04","52.26","1,535.00","80,216.37","80,216.37","Materials","FR0000120859","Nyse Euronext - Euronext Paris","France","EUR"
"IBE.D","IBERDROLA RIGHTS SA","Equity","0.03","0.23","287,570.00","65,536.17","65,536.17","Utilities","ES06445809I8","Bolsa De Madrid","Spain","EUR"
"GBP","GBP CASH","Cash","0.02","125.74","38,200.00","48,033.23","48,033.23","Cash and/or Derivatives","-","-","United Kingdom","GBP"
"MSIFT","CASH COLLATERAL EUR MSIFT","Cash Collateral and Margins","0.02","112.82","35,770.00","40,355.71","40,355.71","Cash and/or Derivatives","-","-","European Union","EUR"
"REP.D","REPSOL RIGHTS SA","Equity","0.02","0.55","71,392.00","39,507.05","39,507.05","Energy","ES06735169E5","Bolsa De Madrid","Spain","EUR"
"EUR","EUR/USD","Forwards","0.01","1.00","-2,470,611.00","27,774.36","27,774.36","Cash and/or Derivatives","-","-","United States","USD"
"ACS.D","ACS RIGHTS SA","Equity","0.01","1.64","12,706.00","20,893.13","20,893.13","Industrials","ES06670509F6","Bolsa De Madrid","Spain","EUR"
"-","CARREFOUR SA","Equity","0.00","0.00","29,498.00","0.33","0.33","Consumer Staples","FR0013421039","-","France","EUR"
"-","PUBLICIS GROUPE SA DIVIDEND COUPON","Equity","0.00","0.00","10,548.00","0.12","0.12","Communication","FR0013418555","Nyse Euronext - Euronext Paris","France","EUR"
"IBN9","IBEX 35 INDEX JUL 19","Futures","0.00","10,586.55","1.00","0.00","105,865.78","Cash and/or Derivatives","ES0B00053826","Meff Renta Variable","-","EUR"
"VGU9","EURO STOXX 50 SEP 19","Futures","0.00","3,987.05","11.00","0.00","438,576.47","Cash and/or Derivatives","DE000C1A16K1","Eurex Deutschland","European Union","EUR"
"-","INGENICO GROUP SA COUPON","Equity","0.00","0.00","2,978.00","0.03","0.03","Other","FR0013419249","-","France","EUR"
"EUR","EUR/USD","Forwards","-0.01","1.00","5,359,346.00","-25,692.16","-25,692.16","Cash and/or Derivatives","-","-","United States","USD"
"USD","USD CASH","Cash","-0.03","100.00","-78,505.00","-78,505.03","-78,505.03","Cash and/or Derivatives","-","-","United States","USD"
"EUR","EUR CASH","Cash","-0.24","112.82","-484,848.00","-547,005.31","-547,005.31","Cash and/or Derivatives","-","-","European Union","EUR"
 