﻿Fund Holdings as of,"Jul 4, 2019"
 
Issuer Ticker,Name,Asset Class,Weight (%),Price,Shares,Market Value,Notional Value,Sector,ISIN,Exchange,Country,Market Currency
"939","CHINA CONSTRUCTION BANK CORP H","Equity","3.24","0.81","2,505,000.00","2,026,803.14","2,026,803.14","Financials","CNE1000002H1","Hong Kong Exchanges And Clearing Ltd","China","HKD"
"GAZP","GAZPROM","Equity","3.14","4.02","487,685.00","1,962,537.51","1,962,537.51","Energy","RU0007661625","Standard-Classica-Forts","Russian Federation","RUB"
"VALE","VALE ADR REPRESENTING ONE SA","Equity","2.99","13.37","140,093.00","1,873,043.41","1,873,043.41","Materials","US91912E1055","New York Stock Exchange Inc.","Brazil","USD"
"941","CHINA MOBILE LTD","Equity","2.86","9.14","196,000.00","1,792,253.16","1,792,253.16","Communication","HK0941009539","Hong Kong Exchanges And Clearing Ltd","China","HKD"
"700","TENCENT HOLDINGS LTD","Equity","2.80","46.23","37,900.00","1,752,286.04","1,752,286.04","Communication","KYG875721634","Hong Kong Exchanges And Clearing Ltd","China","HKD"
"BABA","ALIBABA GROUP HOLDING ADR REPRESEN","Equity","2.52","174.67","9,030.00","1,577,270.10","1,577,270.10","Consumer Discretionary","US01609W1027","New York Stock Exchange Inc.","China","USD"
"000660","SK HYNIX INC","Equity","2.43","60.07","25,303.00","1,519,998.80","1,519,998.80","Information Technology","KR7000660001","Korea Exchange (Stock Market)","Korea (South)","KRW"
"3988","BANK OF CHINA LTD H","Equity","2.36","0.42","3,487,000.00","1,477,845.99","1,477,845.99","Financials","CNE1000001Z5","Hong Kong Exchanges And Clearing Ltd","China","HKD"
"005490","POSCO","Equity","2.29","211.79","6,758.00","1,431,289.58","1,431,289.58","Materials","KR7005490008","Korea Exchange (Stock Market)","Korea (South)","KRW"
"1918","SUNAC CHINA HOLDINGS LTD","Equity","2.12","5.01","265,000.00","1,327,314.29","1,327,314.29","Real Estate","KYG8569A1067","Hong Kong Exchanges And Clearing Ltd","China","HKD"
"005935","SAMSUNG ELECTRONICS NON VOTING PRE","Equity","2.11","32.52","40,620.00","1,320,862.57","1,320,862.57","Information Technology","KR7005931001","Korea Exchange (Stock Market)","Korea (South)","KRW"
"1288","AGRICULTURAL BANK OF CHINA LTD H","Equity","2.03","0.42","3,038,000.00","1,271,945.96","1,271,945.96","Financials","CNE100000Q43","Hong Kong Exchanges And Clearing Ltd","China","HKD"
"000270","KIA MOTORS CORP","Equity","1.69","36.50","29,016.00","1,058,987.16","1,058,987.16","Consumer Discretionary","KR7000270009","Korea Exchange (Stock Market)","Korea (South)","KRW"
"086790","HANA FINANCIAL GROUP INC","Equity","1.65","31.32","33,065.00","1,035,580.18","1,035,580.18","Financials","KR7086790003","Korea Exchange (Stock Market)","Korea (South)","KRW"
"2330","TAIWAN SEMICONDUCTOR MANUFACTURING","Equity","1.57","7.85","125,000.00","981,117.51","981,117.51","Information Technology","TW0002330008","Taiwan Stock Exchange","Taiwan","TWD"
"LKOH","NK LUKOIL","Equity","1.50","86.12","10,901.00","938,770.59","938,770.59","Energy","RU0009024277","Standard-Classica-Forts","Russian Federation","RUB"
"267","CITIC LTD","Equity","1.46","1.44","638,000.00","916,063.91","916,063.91","Industrials","HK0267001375","Hong Kong Exchanges And Clearing Ltd","China","HKD"
"NDIA","ISHARES MSCI INDIA UCITS ETF","Equity","1.44","5.61","160,910.00","903,187.83","903,187.83","Financials","IE00BZCQB185","London Stock Exchange","Ireland","USD"
"SBER","SBERBANK ROSSII","Equity","1.35","3.83","220,058.00","842,101.27","842,101.27","Financials","RU0009029540","Standard-Classica-Forts","Russian Federation","RUB"
"VEDL","VEDANTA ADR REPRESENTING LTD","Equity","1.30","10.03","81,219.00","814,626.57","814,626.57","Materials","US92242Y1001","New York Stock Exchange Inc.","India","USD"
"VIV","TELEFONICA BRASIL ADR REPRESENTING","Equity","1.23","13.15","58,415.00","768,157.25","768,157.25","Communication","US87936R1068","New York Stock Exchange Inc.","Brazil","USD"
"JBSAY","JBS ADR SA","Equity","1.22","12.09","63,279.00","765,043.11","765,043.11","Consumer Staples","US4661101034","Non-Nms Quotation Service (Nnqs)","Brazil","USD"
"728","CHINA TELECOM CORP LTD H","Equity","1.22","0.50","1,528,000.00","763,372.03","763,372.03","Communication","CNE1000002V2","Hong Kong Exchanges And Clearing Ltd","China","HKD"
"960","LONGFOR GROUP HOLDINGS LTD","Equity","1.22","3.87","197,000.00","761,545.77","761,545.77","Real Estate","KYG5635P1090","Hong Kong Exchanges And Clearing Ltd","China","HKD"
"005930","SAMSUNG ELECTRONICS LTD","Equity","1.21","39.36","19,206.00","756,012.32","756,012.32","Information Technology","KR7005930003","Korea Exchange (Stock Market)","Korea (South)","KRW"
"3328","BANK OF COMMUNICATIONS LTD H","Equity","1.18","0.77","961,000.00","738,053.53","738,053.53","Financials","CNE100000205","Hong Kong Exchanges And Clearing Ltd","China","HKD"
"762","CHINA UNICOM (HONG KONG) LTD","Equity","1.18","1.10","670,000.00","735,705.85","735,705.85","Communication","HK0000049939","Hong Kong Exchanges And Clearing Ltd","China","HKD"
"CEMEXCPO","CEMEX CPO","Equity","1.12","0.42","1,666,661.00","702,490.54","702,490.54","Materials","MXP225611567","Bolsa Mexicana De Valores","Mexico","MXN"
"HKD","HKD CASH","Cash","1.03","12.84","5,022,009.00","644,971.86","644,971.86","Cash and/or Derivatives","-","-","Hong Kong","HKD"
"015760","KOREA ELECTRIC POWER CORP","Equity","0.99","21.99","28,284.00","622,025.33","622,025.33","Utilities","KR7015760002","Korea Exchange (Stock Market)","Korea (South)","KRW"
"2303","UNITED MICRO ELECTRONICS CORP","Equity","0.95","0.46","1,304,000.00","593,547.14","593,547.14","Information Technology","TW0002303005","Taiwan Stock Exchange","Taiwan","TWD"
"MGNT","MAGNIT PJSC SPONSORED RUSSIA RU DR","Equity","0.94","14.95","39,254.00","586,847.30","586,847.30","Consumer Staples","US55953Q2021","London Stock Exchange","Russian Federation","USD"
"998","CHINA CITIC BANK CORP LTD H","Equity","0.90","0.58","982,000.00","565,005.65","565,005.65","Financials","CNE1000001Q4","Hong Kong Exchanges And Clearing Ltd","China","HKD"
"TTM","TATA MOTORS ADR REPSG LTD","Equity","0.89","11.77","47,460.00","558,604.20","558,604.20","Consumer Discretionary","US8765685024","New York Stock Exchange Inc.","India","USD"
"1988","CHINA MINSHENG BANKING CORP LTD H","Equity","0.86","0.70","777,000.00","540,858.42","540,858.42","Financials","CNE100000HF9","Hong Kong Exchanges And Clearing Ltd","China","HKD"
"SNGSP","SURGUTNEFTEGAZ PREF","Equity","0.84","0.69","763,426.00","524,079.93","524,079.93","Energy","RU0009029524","Standard-Classica-Forts","Russian Federation","RUB"
"2474","CATCHER TECHNOLOGY LTD","Equity","0.83","7.21","72,000.00","518,802.07","518,802.07","Information Technology","TW0002474004","Taiwan Stock Exchange","Taiwan","TWD"
"PTTGC.R","PTT GLOBAL CHEMICAL NON VOTING DR","Equity","0.81","2.05","248,300.00","510,039.13","510,039.13","Materials","TH1074010R12","Stock Exchange Of Thailand","Thailand","THB"
"017670","SK TELECOM LTD","Equity","0.80","224.20","2,221.00","497,947.97","497,947.97","Communication","KR7017670001","Korea Exchange (Stock Market)","Korea (South)","KRW"
"CBD","COMPANHIA BRASILEIRA DE DISTRIBUIC","Equity","0.79","23.90","20,678.00","494,204.20","494,204.20","Consumer Staples","US20440T2015","New York Stock Exchange Inc.","Brazil","USD"
"SUZ","SUZANO AMERICAN DEPOSITARY SHARES","Equity","0.73","15.93","28,701.00","457,206.93","457,206.93","Materials","US86959K1051","New York Stock Exchange Inc.","Brazil","USD"
"GARAN","TURKIYE GARANTI BANKASI A","Equity","0.72","1.77","254,397.00","450,927.94","450,927.94","Financials","TRAGARAN91N1","Istanbul Stock Exchange","Turkey","TRY"
"EBR","CENTRAIS ELETRICAS BRASILEIRAS ELE","Equity","0.69","8.96","48,339.00","433,117.44","433,117.44","Utilities","US15234Q2075","New York Stock Exchange Inc.","Brazil","USD"
"1800","CHINA COMMUNICATIONS CONSTRUCTIONS","Equity","0.69","0.89","484,000.00","430,766.46","430,766.46","Industrials","CNE1000002F5","Hong Kong Exchanges And Clearing Ltd","China","HKD"
"KGH","KGHM POLSKA MIEDZ SA","Equity","0.66","26.66","15,417.00","410,958.76","410,958.76","Materials","PLKGHM000017","Warsaw Stock Exchange/Equities/Main Market","Poland","PLN"
"GENTING","GENTING","Equity","0.62","1.65","235,000.00","387,212.68","387,212.68","Consumer Discretionary","MYL3182OO002","Bursa Malaysia","Malaysia","MYR"
"3323","CHINA NATIONAL BUILDING MATERIAL L","Equity","0.61","0.92","416,000.00","384,670.71","384,670.71","Materials","CNE1000002N9","Hong Kong Exchanges And Clearing Ltd","China","HKD"
"CPF.R","CHAROEN POKPHAND FOODS NON-VOTING","Equity","0.61","0.97","393,600.00","381,793.28","381,793.28","Consumer Staples","TH0101010R14","Stock Exchange Of Thailand","Thailand","THB"
"KOFUBL","COCA-COLA FEMSA CLASS UBL","Equity","0.59","6.37","57,863.00","368,362.34","368,362.34","Consumer Staples","MX01KO000002","Bolsa Mexicana De Valores","Mexico","MXN"
"TSU","TIM PARTICIPACOES ADR REPTG SA","Equity","0.59","14.95","24,625.00","368,143.75","368,143.75","Communication","US88706P2056","New York Stock Exchange Inc.","Brazil","USD"
"2888","SHIN KONG FINANCIAL HOLDING LTD","Equity","0.56","0.30","1,143,000.00","347,823.21","347,823.21","Financials","TW0002888005","Taiwan Stock Exchange","Taiwan","TWD"
"2238","GUANGZHOU AUTOMOBILE GROUP LTD H","Equity","0.55","1.10","314,000.00","346,003.29","346,003.29","Consumer Discretionary","CNE100000Q35","Hong Kong Exchanges And Clearing Ltd","China","HKD"
"2301","LITE ON TECHNOLOGY CORP","Equity","0.55","1.50","230,000.00","344,034.48","344,034.48","Information Technology","TW0002301009","Taiwan Stock Exchange","Taiwan","TWD"
"SNGS","SURGUTNEFTEGAZ","Equity","0.53","0.42","786,751.00","332,908.05","332,908.05","Energy","RU0008926258","Standard-Classica-Forts","Russian Federation","RUB"
"024110","INDUSTRIAL BANK OF KOREA","Equity","0.53","11.89","27,755.00","330,133.92","330,133.92","Financials","KR7024110009","Korea Exchange (Stock Market)","Korea (South)","KRW"
"APN","ASPEN PHARMACARE LTD","Equity","0.51","7.47","42,731.00","319,037.83","319,037.83","Health Care","ZAE000066692","Johannesburg Stock Exchange","South Africa","ZAR"
"CENCOSUD","CENCOSUD SA","Equity","0.50","2.00","157,652.00","315,899.95","315,899.95","Consumer Staples","CL0000000100","Santiago Stock Exchange","Chile","CLP"
"004020","HYUNDAI STEEL","Equity","0.50","35.68","8,814.00","314,516.34","314,516.34","Materials","KR7004020004","Korea Exchange (Stock Market)","Korea (South)","KRW"
"390","CHINA RAILWAY GROUP LTD H","Equity","0.50","0.76","412,000.00","312,185.35","312,185.35","Industrials","CNE1000007Z2","Hong Kong Exchanges And Clearing Ltd","China","HKD"
"ALPHA","ALPHA BANK SA","Equity","0.50","2.04","153,005.00","311,924.78","311,924.78","Financials","GRS015003007","Athens Exchange S.A. Cash Market","Greece","EUR"
"9904","POU CHEN CORP","Equity","0.50","1.26","247,000.00","311,064.11","311,064.11","Consumer Discretionary","TW0009904003","Taiwan Stock Exchange","Taiwan","TWD"
"000210","DAELIM INDUSTRIAL LTD","Equity","0.48","98.84","3,069.00","303,328.34","303,328.34","Industrials","KR7000210005","Korea Exchange (Stock Market)","Korea (South)","KRW"
"IRAO","INTER RAO YEES","Equity","0.48","0.07","4,042,202.00","303,099.46","303,099.46","Utilities","RU000A0JPNM1","Standard-Classica-Forts","Russian Federation","RUB"
"005387","HYUNDAI MOTOR PREF","Equity","0.47","73.68","4,022.00","296,332.53","296,332.53","Consumer Discretionary","KR7005382007","Korea Exchange (Stock Market)","Korea (South)","KRW"
"EUROB","EUROBANK ERGASIAS SA","Equity","0.46","1.01","285,933.00","287,749.93","287,749.93","Financials","GRS323003012","Athens Exchange S.A. Cash Market","Greece","EUR"
"2409","AU OPTRONICS CORP","Equity","0.46","0.30","955,000.00","287,234.21","287,234.21","Information Technology","TW0002409000","Taiwan Stock Exchange","Taiwan","TWD"
"RICHTER","GEDEON RICHTER","Equity","0.45","18.50","15,389.00","284,757.45","284,757.45","Health Care","HU0000123096","Budapest Stock Exchange","Hungary","HUF"
"PPB","PPB GROUP","Equity","0.45","4.49","62,500.00","280,667.80","280,667.80","Consumer Staples","MYL4065OO008","Bursa Malaysia","Malaysia","MYR"
"139480","E-MART INC","Equity","0.44","120.23","2,307.00","277,369.07","277,369.07","Consumer Staples","KR7139480008","Korea Exchange (Stock Market)","Korea (South)","KRW"
"RNI","REINET INVESTMENTS S.C.A.","Equity","0.43","16.64","16,184.00","269,324.83","269,324.83","Financials","LU0383812293","Johannesburg Stock Exchange","South Africa","ZAR"
"316140","WOORI FINANCIAL GROUP INC","Equity","0.43","11.98","22,262.00","266,702.04","266,702.04","Financials","KR7316140003","Korea Exchange (Stock Market)","Korea (South)","KRW"
"2333","GREAT WALL MOTOR LTD H","Equity","0.42","0.77","342,000.00","263,975.65","263,975.65","Consumer Discretionary","CNE100000338","Hong Kong Exchanges And Clearing Ltd","China","HKD"
"1186","CHINA RAILWAY CONSTRUCTION CORP LT","Equity","0.42","1.22","215,000.00","262,316.35","262,316.35","Industrials","CNE100000981","Hong Kong Exchanges And Clearing Ltd","China","HKD"
"2408","NANYA TECHNOLOGY CORP","Equity","0.42","1.90","137,000.00","260,893.62","260,893.62","Information Technology","TW0002408002","Taiwan Stock Exchange","Taiwan","TWD"
"AC*","ARCA CONTINENTAL","Equity","0.41","5.38","48,147.00","259,207.77","259,207.77","Consumer Staples","MX01AC100006","Bolsa Mexicana De Valores","Mexico","MXN"
"6488","GLOBALWAFERS LTD","Equity","0.41","10.74","24,000.00","257,856.98","257,856.98","Information Technology","TW0006488000","Gretai Securities Market","Taiwan","TWD"
"489","DONGFENG MOTOR GROUP LTD H","Equity","0.41","0.86","294,000.00","253,734.72","253,734.72","Consumer Discretionary","CNE100000312","Hong Kong Exchanges And Clearing Ltd","China","HKD"
"VTBR","BANK VTB","Equity","0.40","0.00","387,936,431.00","253,106.68","253,106.68","Financials","RU000A0JP5V6","Standard-Classica-Forts","Russian Federation","RUB"
"3380","LOGAN PROPERTY HOLDINGS LTD","Equity","0.40","1.66","152,000.00","251,823.69","251,823.69","Real Estate","KYG555551095","Hong Kong Exchanges And Clearing Ltd","China","HKD"
"3231","WISTRON CORP","Equity","0.40","0.78","317,000.00","247,791.68","247,791.68","Information Technology","TW0003231007","Taiwan Stock Exchange","Taiwan","TWD"
"656","FOSUN INTERNATIONAL LTD","Equity","0.39","1.36","181,000.00","246,403.99","246,403.99","Industrials","HK0656038673","Hong Kong Exchanges And Clearing Ltd","China","HKD"
"INDF","INDOFOOD SUKSES MAKMUR","Equity","0.39","0.50","483,900.00","241,265.56","241,265.56","Consumer Staples","ID1000057003","Indonesia Stock Exchange","Indonesia","IDR"
"PGE","PGE POLSKA GRUPA ENERGETYCZNA SA","Equity","0.38","2.57","92,656.00","237,746.89","237,746.89","Utilities","PLPGER000010","Warsaw Stock Exchange/Equities/Main Market","Poland","PLN"
"CCU","COMPANIA CERVECERIAS UNIDAS SA","Equity","0.37","14.18","16,282.00","230,807.12","230,807.12","Consumer Staples","CLP249051044","Santiago Stock Exchange","Chile","CLP"
"CPS","CYFROWY POLSAT SA","Equity","0.37","8.16","28,175.00","229,993.88","229,993.88","Communication","PLCFRPT00013","Warsaw Stock Exchange/Equities/Main Market","Poland","PLN"
"LHC","LIFE HEALTH LTD","Equity","0.37","1.56","146,856.00","229,108.44","229,108.44","Health Care","ZAE000145892","Johannesburg Stock Exchange","South Africa","ZAR"
"1359","CHINA CHINDA ASSET MANAGEMENT LTD","Equity","0.36","0.23","973,000.00","224,930.65","224,930.65","Financials","CNE100001QS1","Hong Kong Exchanges And Clearing Ltd","China","HKD"
"2327","YAGEO CORP","Equity","0.36","8.91","25,000.00","222,761.93","222,761.93","Information Technology","TW0002327004","Taiwan Stock Exchange","Taiwan","TWD"
"TU.R","THAI UNION GROUP NON-VOTING DR PCL","Equity","0.35","0.60","368,200.00","219,695.47","219,695.47","Consumer Staples","TH0450010R15","Stock Exchange Of Thailand","Thailand","THB"
"3481","INNOLUX CORP","Equity","0.35","0.24","930,000.00","218,985.43","218,985.43","Information Technology","TW0003481008","Taiwan Stock Exchange","Taiwan","TWD"
"2354","FOXCONN TECHNOLOGY LTD","Equity","0.33","2.07","101,000.00","209,232.15","209,232.15","Information Technology","TW0002354008","Taiwan Stock Exchange","Taiwan","TWD"
"148","KINGBOARD HOLDINGS LTD","Equity","0.33","2.80","73,500.00","205,781.88","205,781.88","Information Technology","KYG525621408","Hong Kong Exchanges And Clearing Ltd","China","HKD"
"2492","WALSIN TECHNOLOGY CORP","Equity","0.33","5.82","35,000.00","203,782.93","203,782.93","Information Technology","TW0002492006","Taiwan Stock Exchange","Taiwan","TWD"
"552","CHINA COMMUNICATIONS SERVICES CORP","Equity","0.32","0.77","258,000.00","199,139.53","199,139.53","Industrials","CNE1000002G3","Hong Kong Exchanges And Clearing Ltd","China","HKD"
"6239","POWERTECH TECHNOLOGY INC","Equity","0.32","2.51","79,000.00","197,963.78","197,963.78","Information Technology","TW0006239007","Taiwan Stock Exchange","Taiwan","TWD"
"TKG","TELKOM SOC LTD SA","Equity","0.31","6.36","30,961.00","196,980.92","196,980.92","Communication","ZAE000044897","Johannesburg Stock Exchange","South Africa","ZAR"
"ISCTR","TURKIYE IS BANKASI C","Equity","0.31","1.13","173,448.00","195,251.03","195,251.03","Financials","TRAISCTR91N2","Istanbul Stock Exchange","Turkey","TRY"
"2799","CHINA HUARONG ASSET MANAGEMENT LTD","Equity","0.31","0.18","1,102,000.00","193,894.48","193,894.48","Financials","CNE100002367","Hong Kong Exchanges And Clearing Ltd","China","HKD"
"138930","BNK FINANCIAL GROUP INC","Equity","0.30","6.30","30,129.00","189,756.49","189,756.49","Financials","KR7138930003","Korea Exchange (Stock Market)","Korea (South)","KRW"
"INKP","INDAH KIAT PULP & PAPER","Equity","0.30","0.62","301,500.00","185,505.66","185,505.66","Materials","ID1000062201","Indonesia Stock Exchange","Indonesia","IDR"
"2607","SHANGHAI PHARMACEUTICALS HOLDING L","Equity","0.28","1.96","90,700.00","177,989.31","177,989.31","Health Care","CNE1000012B3","Hong Kong Exchanges And Clearing Ltd","China","HKD"
"2344","WINBOND ELECTRONICS CORP","Equity","0.28","0.52","332,000.00","174,079.20","174,079.20","Information Technology","TW0002344009","Taiwan Stock Exchange","Taiwan","TWD"
"005385","HYUNDAI MOTOR PREF","Equity","0.28","68.03","2,547.00","173,272.72","173,272.72","Consumer Discretionary","KR7005381009","Korea Exchange (Stock Market)","Korea (South)","KRW"
"TEO","TELECOM ARGENTINA ADR REPRESENTING","Equity","0.28","17.79","9,677.00","172,153.83","172,153.83","Communication","US8792732096","New York Stock Exchange Inc.","Argentina","USD"
"USD","USD CASH","Cash","0.27","100.00","168,423.00","168,422.90","168,422.90","Cash and/or Derivatives","-","-","United States","USD"
"ORDS","OOREDOO","Equity","0.26","1.87","88,170.00","164,876.14","164,876.14","Communication","QA0007227737","Qatar Exchange","Qatar","QAR"
"GENM","GENTING MALAYSIA","Equity","0.26","0.80","206,300.00","164,720.54","164,720.54","Consumer Discretionary","MYL4715OO008","Bursa Malaysia","Malaysia","MYR"
"SAHOL","HACI OMER SABANCI HOLDING A","Equity","0.26","1.60","101,117.00","162,249.74","162,249.74","Financials","TRASAHOL91Q5","Istanbul Stock Exchange","Turkey","TRY"
"2689","NINE DRAGONS PAPER HOLDINGS LTD","Equity","0.25","0.90","177,000.00","159,578.24","159,578.24","Materials","BMG653181005","Hong Kong Exchanges And Clearing Ltd","China","HKD"
"6818","CHINA EVERBRIGHT BANK LTD H","Equity","0.25","0.46","344,000.00","158,604.75","158,604.75","Financials","CNE100001QW3","Hong Kong Exchanges And Clearing Ltd","China","HKD"
"EMAARMALLS","EMAAR MALLS GROUP","Equity","0.25","0.55","286,641.00","156,854.04","156,854.04","Real Estate","AEE001501015","Dubai Financial Market","United Arab Emirates","AED"
"165","CHINA EVERBRIGHT LTD","Equity","0.25","1.53","102,000.00","155,625.19","155,625.19","Financials","HK0165000859","Hong Kong Exchanges And Clearing Ltd","China","HKD"
"TRNFP","TRANSNEFT PREF","Equity","0.24","2,657.84","56.00","148,839.12","148,839.12","Energy","RU0009091573","Standard-Classica-Forts","Russian Federation","RUB"
"3618","CHONGQING RURAL COMMERCIAL BANK LT","Equity","0.23","0.55","268,000.00","146,969.07","146,969.07","Financials","CNE100000X44","Hong Kong Exchanges And Clearing Ltd","China","HKD"
"THYAO","TURK HAVA YOLLARI AO A","Equity","0.23","2.40","60,789.00","145,658.98","145,658.98","Industrials","TRATHYAO91M5","Istanbul Stock Exchange","Turkey","TRY"
"867","CHINA MEDICAL SYSTEM HOLDINGS LTD","Equity","0.23","0.96","149,000.00","142,371.31","142,371.31","Health Care","KYG211081248","Hong Kong Exchanges And Clearing Ltd","China","HKD"
"AGI","ALLIANCE GLOBAL GROUP INC","Equity","0.22","0.31","441,000.00","135,407.03","135,407.03","Industrials","PHY003341054","Philippine Stock Exchange Inc.","Philippines","PHP"
"OPL","ORANGE POLSKA SA","Equity","0.21","1.79","72,261.00","129,406.34","129,406.34","Communication","PLTLKPL00017","Warsaw Stock Exchange/Equities/Main Market","Poland","PLN"
"570","CHINA TRADITIONAL CHI MEDICINE CO","Equity","0.20","0.49","256,000.00","126,579.68","126,579.68","Health Care","HK0000056256","Hong Kong Exchanges And Clearing Ltd","China","HKD"
"363","SHANGHAI INDUSTRIAL HOLDINGS LTD","Equity","0.20","2.24","56,000.00","125,428.95","125,428.95","Industrials","HK0363006039","Hong Kong Exchanges And Clearing Ltd","China","HKD"
"PFGRUPSURA","GRUPO DE INVERSIONES SURAMERICANA","Equity","0.20","9.99","12,434.00","124,179.33","124,179.33","Financials","COT13PA00060","Bolsa De Valores De Colombia","Colombia","COP"
"2386","SINOPEC ENGINEERING GROUP LTD H","Equity","0.20","0.82","151,000.00","123,144.20","123,144.20","Industrials","CNE100001NV2","Hong Kong Exchanges And Clearing Ltd","China","HKD"
"1958","BAIC MOTOR CORP LTD H","Equity","0.19","0.67","181,500.00","121,444.44","121,444.44","Consumer Discretionary","CNE100001TJ4","Hong Kong Exchanges And Clearing Ltd","China","HKD"
"1434","FORMOSA TAFFETA LTD","Equity","0.19","1.25","97,000.00","121,066.68","121,066.68","Consumer Discretionary","TW0001434009","Taiwan Stock Exchange","Taiwan","TWD"
"AIRASIA","AIRASIA GROUP","Equity","0.19","0.72","166,000.00","120,091.94","120,091.94","Industrials","MYL5099OO006","Bursa Malaysia","Malaysia","MYR"
"RLC","ROBINSONS LAND CORP","Equity","0.19","0.52","228,400.00","118,370.90","118,370.90","Real Estate","PHY731961264","Philippine Stock Exchange Inc.","Philippines","PHP"
"601328","BANK OF COMMUNICATIONS LTD A","Equity","0.19","0.90","130,000.00","117,431.43","117,431.43","Financials","CNE1000000S2","Shanghai Stock Exchange","China","CNY"
"2618","EVA AIRWAYS CORP","Equity","0.19","0.48","244,000.00","116,949.21","116,949.21","Industrials","TW0002618006","Taiwan Stock Exchange","Taiwan","TWD"
"600016","CHINA MINSHENG BANKING CORP LTD A","Equity","0.18","0.94","117,100.00","109,696.35","109,696.35","Financials","CNE0000015Y0","Shanghai Stock Exchange","China","CNY"
"2915","RUENTEX INDUSTRIES LTD","Equity","0.15","2.44","39,000.00","95,345.32","95,345.32","Consumer Discretionary","TW0002915006","Taiwan Stock Exchange","Taiwan","TWD"
"460","SIHUAN PHARMACEUTICAL HOLDINGS GRO","Equity","0.15","0.23","413,000.00","94,413.34","94,413.34","Health Care","BMG8162K1137","Hong Kong Exchanges And Clearing Ltd","China","HKD"
"BBAR","BBVA BANCO FRANCES ADR REPTG SA","Equity","0.15","11.97","7,872.00","94,227.84","94,227.84","Financials","US07329M1009","New York Stock Exchange Inc.","Argentina","USD"
"ETE","NATIONAL BANK OF GREECE SA","Equity","0.15","2.79","33,605.00","93,835.07","93,835.07","Financials","GRS003003035","Athens Exchange S.A. Cash Market","Greece","EUR"
"1333","CHINA ZHONGWANG HOLDINGS LTD","Equity","0.15","0.51","182,000.00","93,496.35","93,496.35","Materials","KYG215AT1023","Hong Kong Exchanges And Clearing Ltd","China","HKD"
"4300","DAR AL ARKAN REAL ESTATE DEVELOPME","Equity","0.15","3.18","29,141.00","92,622.12","92,622.12","Real Estate","SA11U0S23612","Saudi Stock Exchange","Saudi Arabia","SAR"
"EAST","EASTERN CO.","Equity","0.15","0.93","99,329.00","91,904.77","91,904.77","Consumer Staples","EGS37091C013","Egyptian Exchange","Egypt","EGP"
"606","CHINA AGRI-INDUSTRIES HLDGS LTD","Equity","0.14","0.32","267,000.00","84,697.68","84,697.68","Consumer Staples","HK0606037437","Hong Kong Exchanges And Clearing Ltd","China","HKD"
"1618","METALLURGICAL CORPORATION OF CHINA","Equity","0.13","0.27","312,000.00","83,345.32","83,345.32","Industrials","CNE100000FF3","Hong Kong Exchanges And Clearing Ltd","China","HKD"
"AEFES","ANADOLU EFES BIRACILIK VE MALT SAN","Equity","0.13","3.64","22,827.00","83,044.35","83,044.35","Consumer Staples","TRAAEFES91A9","Istanbul Stock Exchange","Turkey","TRY"
"2009","BBMG CORP H","Equity","0.13","0.33","249,000.00","81,226.24","81,226.24","Materials","CNE100000F20","Hong Kong Exchanges And Clearing Ltd","China","HKD"
"323","MAANSHAN IRON AND STEEL LTD H","Equity","0.12","0.39","184,000.00","72,547.01","72,547.01","Materials","CNE1000003R8","Hong Kong Exchanges And Clearing Ltd","China","HKD"
"RUB","RUB CASH","Cash","0.12","1.58","4,570,971.00","72,036.27","72,036.27","Cash and/or Derivatives","-","-","Russian Federation","RUB"
"JSW","JASTRZEBSKA SPOLKA WEGLOWA SA","Equity","0.11","12.12","5,821.00","70,579.15","70,579.15","Materials","PLJSW0000015","Warsaw Stock Exchange/Equities/Main Market","Poland","PLN"
"AMBANK","AMMB HOLDINGS","Equity","0.11","1.07","65,400.00","69,783.21","69,783.21","Financials","MYL1015OO006","Bursa Malaysia","Malaysia","MYR"
"581","CHINA ORIENTAL LTD","Equity","0.11","0.57","116,000.00","65,997.12","65,997.12","Materials","BMG2108V1019","Hong Kong Exchanges And Clearing Ltd","China","HKD"
"601988","BANK OF CHINA LTD A","Equity","0.10","0.55","116,300.00","63,777.94","63,777.94","Financials","CNE000001N05","Shanghai Stock Exchange","China","CNY"
"TWD","TWD CASH","Cash","0.10","3.22","1,899,758.00","61,111.02","61,111.02","Cash and/or Derivatives","-","-","Taiwan","TWD"
"HSBFT","CASH COLLATERAL USD HSBFT","Cash Collateral and Margins","0.08","100.00","53,000.00","53,000.00","53,000.00","Cash and/or Derivatives","-","-","United States","USD"
"KRW","KRW CASH","Cash","0.08","0.09","56,810,327.00","48,614.01","48,614.01","Cash and/or Derivatives","-","-","Korea (South)","KRW"
"600015","HUA XIA BANK LTD A","Equity","0.08","1.14","42,300.00","48,055.25","48,055.25","Financials","CNE000001FW7","Shanghai Stock Exchange","China","CNY"
"347","ANGANG STEEL LTD H","Equity","0.06","0.45","79,600.00","35,984.79","35,984.79","Materials","CNE1000001V4","Hong Kong Exchanges And Clearing Ltd","China","HKD"
"600606","GREENLAND HOLDINGS GROUP CORPORATI","Equity","0.04","1.03","26,600.00","27,510.64","27,510.64","Real Estate","CNE000000388","Shanghai Stock Exchange","China","CNY"
"TCELL","TURKCELL ILETISIM HIZMETLERI A","Equity","0.04","2.36","9,513.00","22,454.52","22,454.52","Communication","TRATCELL91M1","Istanbul Stock Exchange","Turkey","TRY"
"002146","RISESUN REAL ESTATE DEVELOPMENT LT","Equity","0.03","1.46","14,799.00","21,656.08","21,656.08","Real Estate","CNE1000005Y9","Shenzhen Stock Exchange","China","CNY"
"000709","HBIS COMPANY LTD A","Equity","0.02","0.44","34,700.00","15,243.54","15,243.54","Materials","CNE000000H20","Shenzhen Stock Exchange","China","CNY"
"MYR","MYR CASH","Cash","0.02","24.20","62,055.00","15,014.40","15,014.40","Cash and/or Derivatives","-","-","Malaysia","MYR"
"601117","CHINA NATIONAL CHEMICAL ENGINEERIN","Equity","0.02","0.89","15,900.00","14,131.48","14,131.48","Industrials","CNE100000KC0","Shanghai Stock Exchange","China","CNY"
"601607","SHANGHAI PHARMACEUTICALS HOLDING L","Equity","0.02","2.64","4,600.00","12,164.69","12,164.69","Health Care","CNE000000C82","Shanghai Stock Exchange","China","CNY"
"000069","SHENZHEN OVERSEAS CHINESE TOWN LTD","Equity","0.02","1.09","10,500.00","11,439.86","11,439.86","Consumer Discretionary","CNE000000SS0","Shenzhen Stock Exchange","China","CNY"
"PLN","PLN CASH","Cash","0.02","26.59","36,420.00","9,683.90","9,683.90","Cash and/or Derivatives","-","-","Poland","PLN"
"600808","MAANSHAN IRON AND STEEL LTD A","Equity","0.02","0.50","19,300.00","9,601.36","9,601.36","Materials","CNE000000DD4","Shanghai Stock Exchange","China","CNY"
"HUF","HUF CASH","Cash","0.01","0.35","2,052,154.00","7,171.48","7,171.48","Cash and/or Derivatives","-","-","Hungary","HUF"
"PHP","PHP CASH","Cash","0.01","1.96","366,394.00","7,165.57","7,165.57","Cash and/or Derivatives","-","-","Philippines","PHP"
"QAR","QAR CASH","Cash","0.01","27.46","24,029.00","6,598.15","6,598.15","Cash and/or Derivatives","-","-","Qatar","QAR"
"ZAR","ZAR CASH","Cash","0.01","7.13","87,405.00","6,229.28","6,229.28","Cash and/or Derivatives","-","-","South Africa","ZAR"
"CNY","CNY CASH","Cash","0.01","14.56","40,635.00","5,914.67","5,914.67","Cash and/or Derivatives","-","-","China","CNY"
"IDR","IDR CASH","Cash","0.01","0.01","66,197,520.00","4,681.58","4,681.58","Cash and/or Derivatives","-","-","Indonesia","IDR"
"TRY","TRY CASH","Cash","0.01","17.87","19,425.00","3,470.87","3,470.87","Cash and/or Derivatives","-","-","Turkey","TRY"
"MXN","MXN CASH","Cash","0.00","5.26","55,322.00","2,911.11","2,911.11","Cash and/or Derivatives","-","-","Mexico","MXN"
"GBP","GBP CASH","Cash","0.00","125.74","2,095.00","2,633.65","2,633.65","Cash and/or Derivatives","-","-","United Kingdom","GBP"
"CNH","CNH CASH","Cash","0.00","14.55","12,778.00","1,858.74","1,858.74","Cash and/or Derivatives","-","-","China","CNH"
"GRUPOSURA","GRUPO DE INVERSIONES SURAMERICANA","Equity","0.00","10.62","102.00","1,083.15","1,083.15","Financials","COT13PA00086","Bolsa De Valores De Colombia","Colombia","COP"
"COP","COP CASH","Cash","0.00","0.03","1,715,082.00","536.61","536.61","Cash and/or Derivatives","-","-","Colombia","COP"
"AED","AED CASH","Cash","0.00","27.22","322.00","87.67","87.67","Cash and/or Derivatives","-","-","United Arab Emirates","AED"
"MESU9","MSCI EMER MKT INDEX (ICE) SEP 19","Futures","0.00","1,062.00","20.00","0.00","1,062,000.00","Cash and/or Derivatives","-","Ice Futures U.S.","-","USD"
 