﻿iShares MSCI New Zealand ETF
Inception Date,"Sep 1, 2010"
Fund Holdings as of,"Jul 3, 2019"
Total Net Assets,"174,799,320.94"
Shares Outstanding,"3,250,000.00"
Stock,"-"
Bond,"-"
Cash,"-"
Other,"-"
 
Issuer Ticker,Name,Asset Class,Weight (%),Price,Shares,Market Value,Notional Value,Sector,SEDOL,ISIN,Exchange,Country,Currency,Market Currency,FX Rate
"ATM","THE A2 MILK COMPANY LTD","Equity","12.97","10.11","2,241,878.00","22,666,424.57","22,666,424.57","Consumer Staples","6287250","NZATME0002S8","New Zealand Exchange Ltd","New Zealand","USD","NZD","1.49"
"AIA","AUCKLAND INTERNATIONAL AIRPORT LTD","Equity","10.98","6.45","2,973,019.00","19,188,037.06","19,188,037.06","Industrials","BKX3XG2","NZAIAE0002S6","New Zealand Exchange Ltd","New Zealand","USD","NZD","1.49"
"FPH","FISHER AND PAYKEL HEALTHCARE CORPO","Equity","10.95","10.87","1,761,186.00","19,141,590.94","19,141,590.94","Health Care","6340250","NZFAPE0001S2","New Zealand Exchange Ltd","New Zealand","USD","NZD","1.49"
"SPK","SPARK NEW ZEALAND LTD","Equity","8.69","2.68","5,675,161.00","15,191,787.40","15,191,787.40","Communication","6881436","NZTELE0001S4","New Zealand Exchange Ltd","New Zealand","USD","NZD","1.49"
"CEN","CONTACT ENERGY LTD","Equity","4.78","5.35","1,561,745.00","8,361,242.27","8,361,242.27","Utilities","6152529","NZCENE0001S6","New Zealand Exchange Ltd","New Zealand","USD","NZD","1.49"
"MEL","MERIDIAN ENERGY LTD","Equity","4.75","3.13","2,652,778.00","8,311,426.71","8,311,426.71","Utilities","BWFD052","NZMELE0002S7","New Zealand Exchange Ltd","New Zealand","USD","NZD","1.49"
"RYM","RYMAN HEALTHCARE LTD","Equity","4.42","8.00","966,288.00","7,734,011.65","7,734,011.65","Health Care","6161525","NZRYME0001S4","New Zealand Exchange Ltd","New Zealand","USD","NZD","1.49"
"FBU","FLETCHER BUILDING LTD","Equity","4.32","3.40","2,221,897.00","7,557,700.44","7,557,700.44","Materials","6341606","NZFBUE0001S0","New Zealand Exchange Ltd","New Zealand","USD","NZD","1.49"
"MCY","MERCURY NZ LTD","Equity","3.92","2.99","2,289,822.00","6,851,637.45","6,851,637.45","Utilities","B8W6K56","NZMRPE0001S2","New Zealand Exchange Ltd","New Zealand","USD","NZD","1.49"
"IFT","INFRATIL LTD","Equity","3.82","3.12","2,139,572.00","6,674,790.67","6,674,790.67","Utilities","6459286","NZIFTE0003S3","New Zealand Exchange Ltd","New Zealand","USD","NZD","1.49"
"SKC","SKY CITY ENTERTAINMENT GROUP LTD","Equity","3.23","2.56","2,210,161.00","5,649,456.63","5,649,456.63","Consumer Discretionary","6823193","NZSKCE0001S2","New Zealand Exchange Ltd","New Zealand","USD","NZD","1.49"
"CNU","CHORUS LTD","Equity","3.03","3.78","1,400,121.00","5,297,884.25","5,297,884.25","Communication","B4P0G71","NZCNUE0001S2","New Zealand Exchange Ltd","New Zealand","USD","NZD","1.49"
"KPG","KIWI PROPERTY GROUP LTD","Equity","2.96","1.08","4,768,510.00","5,166,697.27","5,166,697.27","Real Estate","BTDY2M7","NZKPGE0001S9","New Zealand Exchange Ltd","New Zealand","USD","NZD","1.49"
"ZEL","Z ENERGY LTD","Equity","2.83","4.19","1,178,729.00","4,942,558.04","4,942,558.04","Energy","BCZVPY0","NZZELE0001S1","New Zealand Exchange Ltd","New Zealand","USD","NZD","1.49"
"GMT","GOODMAN PROPERTY TRUST UNITS","Equity","2.53","1.29","3,419,988.00","4,428,327.00","4,428,327.00","Real Estate","6299192","NZCPTE0001S9","New Zealand Exchange Ltd","New Zealand","USD","NZD","1.49"
"PCT","PRECINCT PROPERTIES NEW ZEALAND LT","Equity","2.46","1.17","3,662,043.00","4,299,513.14","4,299,513.14","Real Estate","6093275","NZAPTE0001S3","New Zealand Exchange Ltd","New Zealand","USD","NZD","1.49"
"GNE","GENESIS ENERGY LTD","Equity","2.32","2.28","1,778,078.00","4,055,902.60","4,055,902.60","Utilities","BL10N28","NZGNEE0001S7","New Zealand Exchange Ltd","New Zealand","USD","NZD","1.49"
"AIR","AIR NEW ZEALAND LTD","Equity","1.94","1.79","1,900,994.00","3,398,879.37","3,398,879.37","Industrials","6426484","NZAIRE0001S2","New Zealand Exchange Ltd","New Zealand","USD","NZD","1.49"
"ARG","ARGOSY PROPERTY LTD","Equity","1.67","0.95","3,094,387.00","2,927,194.18","2,927,194.18","Real Estate","B6ZFBN1","NZARGE0010S7","New Zealand Exchange Ltd","New Zealand","USD","NZD","1.49"
"SUM","SUMMERSET GROUP HOLDINGS LTD","Equity","1.60","3.77","742,773.00","2,800,594.40","2,800,594.40","Health Care","B6R3JL7","NZSUME0001S0","New Zealand Exchange Ltd","New Zealand","USD","NZD","1.49"
"MET","METLIFECARE LTD","Equity","1.06","2.93","631,250.00","1,850,719.58","1,850,719.58","Health Care","6584519","NZMETE0001S2","New Zealand Exchange Ltd","New Zealand","USD","NZD","1.49"
"SML","SYNLAIT MILK LTD","Equity","1.03","6.07","296,944.00","1,802,938.55","1,802,938.55","Consumer Staples","B4JWJZ2","NZSMLE0001S9","New Zealand Exchange Ltd","New Zealand","USD","NZD","1.49"
"PPH","PUSHPAY HOLDINGS LTD","Equity","0.86","2.54","592,935.00","1,507,662.35","1,507,662.35","Information Technology","BYW3KV5","NZPAYE0003S9","New Zealand Exchange Ltd","New Zealand","USD","NZD","1.49"
"SKT","SKY NETWORK TELEVISION LTD","Equity","0.72","0.78","1,624,859.00","1,264,536.77","1,264,536.77","Communication","B0C5VF4","NZSKTE0001S6","New Zealand Exchange Ltd","New Zealand","USD","NZD","1.49"
"NZR","THE NEW ZEALAND REFINING COMPANY L","Equity","0.66","1.40","828,435.00","1,156,057.85","1,156,057.85","Energy","6634522","NZNZRE0001S9","New Zealand Exchange Ltd","New Zealand","USD","NZD","1.49"
"THL","TOURISM HOLDINGS LTD","Equity","0.66","2.42","475,840.00","1,149,267.80","1,149,267.80","Industrials","6419644","NZHELE0001S9","New Zealand Exchange Ltd","New Zealand","USD","NZD","1.49"
"RBD","RESTAURANT BRANDS NEW ZEALAND LTD","Equity","0.55","6.24","153,507.00","957,786.97","957,786.97","Consumer Discretionary","6002981","NZRBDE0001S1","New Zealand Exchange Ltd","New Zealand","USD","NZD","1.49"
"NZD","NZD CASH","Cash","0.21","67.09","554,356.00","371,917.33","371,917.33","Cash and/or Derivatives","-","-","-","New Zealand","USD","NZD","1.49"
"XTSLA","BLK CSH FND TREASURY SL AGENCY","Money Market","0.09","1.00","159,538.00","159,537.80","159,537.80","Cash and/or Derivatives","-","US0669224778","-","United States","USD","USD","1.00"
"-","TOURISM HOLDINGS LTD DUMMY RIGHTS","Equity","0.00","0.13","49,171.00","6,597.76","118,759.77","Industrials","9919644","-","New Zealand Exchange Ltd","New Zealand","USD","NZD","1.49"
"USD","USD CASH","Cash","-0.04","100.00","-72,220.00","-72,219.80","-72,219.80","Cash and/or Derivatives","-","-","-","United States","USD","USD","1.00"
 