﻿iShares MSCI Pacific ex Japan ETF
Inception Date,"Oct 25, 2001"
Fund Holdings as of,"Jul 3, 2019"
Total Net Assets,"2,501,008,610.51"
Shares Outstanding,"52,200,000.00"
Stock,"-"
Bond,"-"
Cash,"-"
Other,"-"
 
Issuer Ticker,Name,Asset Class,Weight (%),Price,Shares,Market Value,Notional Value,Sector,SEDOL,ISIN,Exchange,Country,Currency,Market Currency,FX Rate
"1299","AIA GROUP LTD","Equity","7.42","11.12","16,699,814.00","185,708,186.21","185,708,186.21","Financials","B4TX8S1","HK0000069689","Hong Kong Exchanges And Clearing Ltd","Hong Kong","USD","HKD","7.80"
"CBA","COMMONWEALTH BANK OF AUSTRALIA","Equity","5.57","56.92","2,447,744.00","139,325,570.12","139,325,570.12","Financials","6215035","AU000000CBA7","Asx - All Markets","Australia","USD","AUD","1.42"
"BHP","BHP GROUP LTD","Equity","4.82","29.59","4,073,284.00","120,522,575.44","120,522,575.44","Materials","6144690","AU000000BHP4","Asx - All Markets","Australia","USD","AUD","1.42"
"CSL","CSL LTD","Equity","3.82","152.76","626,361.00","95,682,491.40","95,682,491.40","Health Care","6185495","AU000000CSL8","Asx - All Markets","Australia","USD","AUD","1.42"
"WBC","WESTPAC BANKING CORP","Equity","3.74","19.62","4,767,021.00","93,518,869.77","93,518,869.77","Financials","6076146","AU000000WBC1","Asx - All Markets","Australia","USD","AUD","1.42"
"ANZ","AUSTRALIA AND NEW ZEALAND BANKING","Equity","3.08","19.54","3,950,416.00","77,193,255.94","77,193,255.94","Financials","6065586","AU000000ANZ3","Asx - All Markets","Australia","USD","AUD","1.42"
"NAB","NATIONAL AUSTRALIA BANK LTD","Equity","2.87","18.72","3,840,432.00","71,884,641.63","71,884,641.63","Financials","6624608","AU000000NAB4","Asx - All Markets","Australia","USD","AUD","1.42"
"388","HONG KONG EXCHANGES AND CLEARING L","Equity","2.36","35.86","1,643,800.00","58,950,359.78","58,950,359.78","Financials","6267359","HK0388045442","Hong Kong Exchanges And Clearing Ltd","Hong Kong","USD","HKD","7.80"
"D05","DBS GROUP HOLDINGS LTD","Equity","1.91","19.28","2,481,800.00","47,857,141.80","47,857,141.80","Financials","6175203","SG1L01001701","Singapore Exchange","Singapore","USD","SGD","1.36"
"WOW","WOOLWORTHS GROUP LTD","Equity","1.65","23.78","1,738,658.00","41,346,213.94","41,346,213.94","Consumer Staples","6981239","AU000000WOW2","Asx - All Markets","Australia","USD","AUD","1.42"
"WES","WESFARMERS LTD","Equity","1.61","25.60","1,569,090.00","40,171,358.12","40,171,358.12","Consumer Discretionary","6948836","AU000000WES1","Asx - All Markets","Australia","USD","AUD","1.42"
"MQG","MACQUARIE GROUP LTD DEF","Equity","1.60","89.53","446,697.00","39,993,715.78","39,993,715.78","Financials","B28YTC2","AU000000MQG1","Asx - All Markets","Australia","USD","AUD","1.42"
"TCL","TRANSURBAN GROUP STAPLED UNITS","Equity","1.56","10.59","3,695,755.00","39,135,972.13","39,135,972.13","Industrials","6200882","AU000000TCL6","Asx - All Markets","Australia","USD","AUD","1.42"
"RIO","RIO TINTO LTD","Equity","1.54","75.27","512,836.00","38,602,297.81","38,602,297.81","Materials","6220103","AU000000RIO1","Asx - All Markets","Australia","USD","AUD","1.42"
"16","SUN HUNG KAI PROPERTIES LTD","Equity","1.52","17.28","2,206,500.00","38,121,663.57","38,121,663.57","Real Estate","6859927","HK0016000132","Hong Kong Exchanges And Clearing Ltd","Hong Kong","USD","HKD","7.80"
"O39","OVERSEA-CHINESE BANKING LTD","Equity","1.49","8.47","4,414,624.00","37,371,789.34","37,371,789.34","Financials","B0F9V20","SG1S04926220","Singapore Exchange","Singapore","USD","SGD","1.36"
"1","CK HUTCHISON HOLDINGS LTD","Equity","1.49","9.97","3,731,232.00","37,185,496.88","37,185,496.88","Industrials","BW9P816","KYG217651051","Hong Kong Exchanges And Clearing Ltd","Hong Kong","USD","HKD","7.80"
"823","LINK REAL ESTATE INVESTMENT TRUST","Equity","1.46","12.56","2,917,586.00","36,635,883.97","36,635,883.97","Real Estate","B0PB4M7","HK0823032773","Hong Kong Exchanges And Clearing Ltd","Hong Kong","USD","HKD","7.80"
"UOB","UNITED OVERSEAS BANK LTD","Equity","1.37","19.61","1,743,900.00","34,193,865.50","34,193,865.50","Financials","6916781","SG1M31001969","Singapore Exchange","Singapore","USD","SGD","1.36"
"WPL","WOODSIDE PETROLEUM LTD","Equity","1.30","25.21","1,293,724.00","32,621,197.62","32,621,197.62","Energy","6979728","AU000000WPL2","Asx - All Markets","Australia","USD","AUD","1.42"
"3","HONG KONG AND CHINA GAS LTD","Equity","1.27","2.26","14,036,366.00","31,686,018.29","31,686,018.29","Utilities","6436557","HK0003000038","Hong Kong Exchanges And Clearing Ltd","Hong Kong","USD","HKD","7.80"
"Z74","SINGAPORE TELECOMMUNICATIONS LTD","Equity","1.17","2.60","11,286,528.00","29,379,429.13","29,379,429.13","Communication","B02PY22","SG1T75931496","Singapore Exchange","Singapore","USD","SGD","1.36"
"1113","CK ASSET HOLDINGS LTD","Equity","1.14","7.95","3,574,732.00","28,404,367.01","28,404,367.01","Real Estate","BYZQ077","KYG2177B1014","Hong Kong Exchanges And Clearing Ltd","Hong Kong","USD","HKD","7.80"
"11","HANG SENG BANK LTD","Equity","1.06","25.01","1,057,600.00","26,451,869.43","26,451,869.43","Financials","6408374","HK0011000095","Hong Kong Exchanges And Clearing Ltd","Hong Kong","USD","HKD","7.80"
"2","CLP HOLDINGS LTD","Equity","1.03","11.29","2,271,500.00","25,653,251.46","25,653,251.46","Utilities","6097017","HK0002007356","Hong Kong Exchanges And Clearing Ltd","Hong Kong","USD","HKD","7.80"
"GMG","GOODMAN GROUP UNITS","Equity","0.99","10.99","2,257,794.00","24,813,685.51","24,813,685.51","Real Estate","B03FYZ4","AU000000GMG2","Asx - All Markets","Australia","USD","AUD","1.42"
"NCM","NEWCREST MINING LTD","Equity","0.96","22.50","1,062,562.00","23,908,495.05","23,908,495.05","Materials","6637101","AU000000NCM7","Asx - All Markets","Australia","USD","AUD","1.42"
"27","GALAXY ENTERTAINMENT GROUP LTD","Equity","0.85","7.12","2,987,000.00","21,282,351.05","21,282,351.05","Consumer Discretionary","6465874","HK0027032686","Hong Kong Exchanges And Clearing Ltd","Hong Kong","USD","HKD","7.80"
"SCG","SCENTRE GROUP","Equity","0.82","2.80","7,358,184.00","20,592,150.18","20,592,150.18","Real Estate","BLZH0Z7","AU000000SCG8","Asx - All Markets","Australia","USD","AUD","1.42"
"2388","BOC HONG KONG HOLDINGS LTD","Equity","0.81","3.97","5,122,000.00","20,332,957.10","20,332,957.10","Financials","6536112","HK2388011192","Hong Kong Exchanges And Clearing Ltd","Hong Kong","USD","HKD","7.80"
"BXB","BRAMBLES LTD","Equity","0.79","8.96","2,205,439.00","19,756,611.47","19,756,611.47","Industrials","B1FJ0C0","AU000000BXB1","Asx - All Markets","Australia","USD","AUD","1.42"
"J36","JARDINE MATHESON HOLDINGS LTD","Equity","0.78","63.78","306,100.00","19,523,058.00","19,523,058.00","Industrials","6472119","BMG507361001","Singapore Exchange","Hong Kong","USD","USD","1.00"
"IAG","INSURANCE AUSTRALIA GROUP LTD","Equity","0.76","5.98","3,199,551.00","19,122,996.43","19,122,996.43","Financials","6271026","AU000000IAG3","Asx - All Markets","Australia","USD","AUD","1.42"
"SUN","SUNCORP GROUP LTD","Equity","0.69","9.62","1,798,201.00","17,297,060.85","17,297,060.85","Financials","6585084","AU000000SUN6","Asx - All Markets","Australia","USD","AUD","1.42"
"1928","SANDS CHINA LTD","Equity","0.68","5.10","3,342,400.00","17,041,031.23","17,041,031.23","Consumer Discretionary","B5B23W2","KYG7800X1079","Hong Kong Exchanges And Clearing Ltd","Hong Kong","USD","HKD","7.80"
"ALL","ARISTOCRAT LEISURE LTD","Equity","0.67","20.96","795,799.00","16,680,664.45","16,680,664.45","Consumer Discretionary","6253983","AU000000ALL7","Asx - All Markets","Australia","USD","AUD","1.42"
"S32","SOUTH32 LTD","Equity","0.64","2.31","6,997,579.00","16,138,740.37","16,138,740.37","Materials","BWSW5D9","AU000000S320","Asx - All Markets","Australia","USD","AUD","1.42"
"ASX","ASX LTD","Equity","0.64","59.48","268,196.00","15,952,152.85","15,952,152.85","Financials","6129222","AU000000ASX7","Asx - All Markets","Australia","USD","AUD","1.42"
"TLS","TELSTRA CORPORATION LTD","Equity","0.63","2.71","5,766,983.00","15,652,508.81","15,652,508.81","Communication","6087289","AU000000TLS2","Asx - All Markets","Australia","USD","AUD","1.42"
"QBE","QBE INSURANCE GROUP LTD","Equity","0.61","8.33","1,832,001.00","15,251,950.60","15,251,950.60","Financials","6715740","AU000000QBE9","Asx - All Markets","Australia","USD","AUD","1.42"
"COL","COLES GROUP LTD","Equity","0.60","9.60","1,571,397.00","15,082,264.48","15,082,264.48","Consumer Staples","BYWR0T5","AU0000030678","Asx - All Markets","Australia","USD","AUD","1.42"
"669","TECHTRONIC INDUSTRIES LTD","Equity","0.59","7.84","1,895,207.00","14,852,452.73","14,852,452.73","Industrials","B0190C7","HK0669013440","Hong Kong Exchanges And Clearing Ltd","Hong Kong","USD","HKD","7.80"
"66","MTR CORP LTD","Equity","0.58","6.85","2,128,286.00","14,577,114.40","14,577,114.40","Industrials","6290054","HK0066009694","Hong Kong Exchanges And Clearing Ltd","Hong Kong","USD","HKD","7.80"
"DXS","DEXUS STAPLED UNITS","Equity","0.57","9.49","1,505,083.00","14,287,038.00","14,287,038.00","Real Estate","B033YN6","AU000000DXS1","Asx - All Markets","Australia","USD","AUD","1.42"
"6","POWER ASSETS HOLDINGS LTD","Equity","0.56","7.34","1,923,500.00","14,124,334.64","14,124,334.64","Utilities","6435327","HK0006000050","Hong Kong Exchanges And Clearing Ltd","Hong Kong","USD","HKD","7.80"
"288","WH GROUP LTD","Equity","0.55","1.05","13,219,000.00","13,818,360.80","13,818,360.80","Consumer Staples","BLLHKZ1","KYG960071028","Hong Kong Exchanges And Clearing Ltd","Hong Kong","USD","HKD","7.80"
"17","NEW WORLD DEVELOPMENT LTD","Equity","0.55","1.63","8,494,921.00","13,815,891.53","13,815,891.53","Real Estate","6633767","HK0017000149","Hong Kong Exchanges And Clearing Ltd","Hong Kong","USD","HKD","7.80"
"AGL","AGL ENERGY LTD","Equity","0.53","14.65","904,263.00","13,250,749.89","13,250,749.89","Utilities","BSS7GP5","AU000000AGL7","Asx - All Markets","Australia","USD","AUD","1.42"
"APA","APA GROUP UNITS","Equity","0.51","7.86","1,635,983.00","12,860,817.37","12,860,817.37","Utilities","6247306","AU000000APA1","Asx - All Markets","Australia","USD","AUD","1.42"
"ORG","ORIGIN ENERGY LTD","Equity","0.51","5.22","2,425,942.00","12,674,102.30","12,674,102.30","Energy","6214861","AU000000ORG5","Asx - All Markets","Australia","USD","AUD","1.42"
"FMG","FORTESCUE METALS GROUP LTD","Equity","0.50","6.61","1,910,393.00","12,626,952.68","12,626,952.68","Materials","6086253","AU000000FMG4","Asx - All Markets","Australia","USD","AUD","1.42"
"MGR","MIRVAC GROUP STAPLED UNITS","Equity","0.49","2.26","5,445,986.00","12,292,197.63","12,292,197.63","Real Estate","6161978","AU000000MGR9","Asx - All Markets","Australia","USD","AUD","1.42"
"COH","COCHLEAR LTD","Equity","0.48","151.49","79,580.00","12,055,306.49","12,055,306.49","Health Care","6211798","AU000000COH5","Asx - All Markets","Australia","USD","AUD","1.42"
"1997","WHARF REAL ESTATE INVESTMENT COMPA","Equity","0.48","7.16","1,676,600.00","11,999,522.86","11,999,522.86","Real Estate","BF0GWS4","KYG9593A1040","Hong Kong Exchanges And Clearing Ltd","Hong Kong","USD","HKD","7.80"
"J37","JARDINE STRATEGIC HOLDINGS LTD","Equity","0.48","39.25","305,700.00","11,998,725.00","11,998,725.00","Industrials","6472960","BMG507641022","Singapore Exchange","Hong Kong","USD","USD","1.00"
"SHL","SONIC HEALTHCARE LTD","Equity","0.48","19.20","620,583.00","11,912,708.17","11,912,708.17","Health Care","6821120","AU000000SHL7","Asx - All Markets","Australia","USD","AUD","1.42"
"STO","SANTOS LTD","Equity","0.48","4.85","2,453,589.00","11,904,163.63","11,904,163.63","Energy","6776703","AU000000STO6","Asx - All Markets","Australia","USD","AUD","1.42"
"GPT","GPT GROUP STAPLED UNITS","Equity","0.47","4.42","2,677,891.00","11,843,812.47","11,843,812.47","Real Estate","6365866","AU000000GPT8","Asx - All Markets","Australia","USD","AUD","1.42"
"12","HENDERSON LAND DEVELOPMENT LTD","Equity","0.45","5.65","2,004,442.00","11,325,039.45","11,325,039.45","Real Estate","6420538","HK0012000102","Hong Kong Exchanges And Clearing Ltd","Hong Kong","USD","HKD","7.80"
"H78","HONGKONG LAND HOLDINGS LTD","Equity","0.43","6.73","1,609,200.00","10,829,916.00","10,829,916.00","Real Estate","6434915","BMG4587L1090","Singapore Exchange","Hong Kong","USD","USD","1.00"
"TWE","TREASURY WINE ESTATES LTD","Equity","0.43","10.86","996,701.00","10,820,819.96","10,820,819.96","Consumer Staples","B61JC67","AU000000TWE9","Asx - All Markets","Australia","USD","AUD","1.42"
"AZJ","AURIZON HOLDINGS LTD","Equity","0.42","3.85","2,744,015.00","10,573,408.73","10,573,408.73","Industrials","B87CVM3","AU000000AZJ1","Asx - All Markets","Australia","USD","AUD","1.42"
"ATM","THE A2 MILK COMPANY LTD","Equity","0.41","10.11","1,011,220.00","10,223,902.39","10,223,902.39","Consumer Staples","6287250","NZATME0002S8","New Zealand Exchange Ltd","New Zealand","USD","NZD","1.49"
"SGP","STOCKLAND STAPLED UNITS LTD","Equity","0.40","3.05","3,316,376.00","10,120,488.46","10,120,488.46","Real Estate","6850856","AU000000SGP0","Asx - All Markets","Australia","USD","AUD","1.42"
"RHC","RAMSAY HEALTH CARE LTD","Equity","0.40","51.15","195,045.00","9,975,992.17","9,975,992.17","Health Care","6041995","AU000000RHC8","Asx - All Markets","Australia","USD","AUD","1.42"
"BN4","KEPPEL LTD","Equity","0.40","4.93","2,021,000.00","9,970,127.57","9,970,127.57","Industrials","B1VQ5C0","SG1U68934629","Singapore Exchange","Singapore","USD","SGD","1.36"
"C31","CAPITALAND","Equity","0.39","2.71","3,564,600.00","9,673,127.35","9,673,127.35","Real Estate","6309303","SG1J27887962","Singapore Exchange","Singapore","USD","SGD","1.36"
"AUD","AUD CASH","Cash","0.38","70.32","13,671,938.00","9,613,423.10","9,613,423.10","Cash and/or Derivatives","-","-","-","Australia","USD","AUD","1.42"
"MPL","MEDIBANK PRIVATE LTD","Equity","0.37","2.46","3,797,256.00","9,345,141.95","9,345,141.95","Financials","BRTNNQ5","AU000000MPL3","Asx - All Markets","Australia","USD","AUD","1.42"
"OSH","OIL SEARCH LTD","Equity","0.37","4.89","1,890,723.00","9,253,054.67","9,253,054.67","Energy","6657604","PG0008579883","Asx - All Markets","Australia","USD","AUD","1.42"
"TAH","TABCORP HOLDINGS LTD","Equity","0.36","3.20","2,793,228.00","8,936,465.12","8,936,465.12","Consumer Discretionary","6873262","AU000000TAH8","Asx - All Markets","Australia","USD","AUD","1.42"
"SYD","SYDNEY AIRPORT STAPLED UNITS LTD","Equity","0.35","5.74","1,524,927.00","8,749,579.75","8,749,579.75","Industrials","B70DWB2","AU000000SYD9","Asx - All Markets","Australia","USD","AUD","1.42"
"19","SWIRE PACIFIC LTD A","Equity","0.35","12.54","690,500.00","8,657,266.08","8,657,266.08","Real Estate","6867748","HK0019000162","Hong Kong Exchanges And Clearing Ltd","Hong Kong","USD","HKD","7.80"
"AIA","AUCKLAND INTERNATIONAL AIRPORT LTD","Equity","0.35","6.45","1,339,246.00","8,643,571.36","8,643,571.36","Industrials","BKX3XG2","NZAIAE0002S6","New Zealand Exchange Ltd","New Zealand","USD","NZD","1.49"
"FPH","FISHER AND PAYKEL HEALTHCARE CORPO","Equity","0.34","10.87","789,171.00","8,577,168.15","8,577,168.15","Health Care","6340250","NZFAPE0001S2","New Zealand Exchange Ltd","New Zealand","USD","NZD","1.49"
"6823","HKT TRUST AND HKT UNITS LTD","Equity","0.34","1.61","5,220,338.00","8,383,073.40","8,383,073.40","Communication","B4TXDZ3","HK0000093390","Hong Kong Exchanges And Clearing Ltd","Hong Kong","USD","HKD","7.80"
"VCX","VICINITY CENTRES","Equity","0.33","1.81","4,511,632.00","8,184,673.43","8,184,673.43","Real Estate","BY7QXS7","AU000000VCX7","Asx - All Markets","Australia","USD","AUD","1.42"
"20","WHEELOCK AND LTD","Equity","0.33","7.21","1,131,000.00","8,159,911.50","8,159,911.50","Real Estate","6981488","HK0020000177","Hong Kong Exchanges And Clearing Ltd","Hong Kong","USD","HKD","7.80"
"JHX","JAMES HARDIE INDUSTRIES CDI PLC","Equity","0.32","13.05","614,249.00","8,016,234.46","8,016,234.46","Materials","B60QWJ2","AU000000JHX1","Asx - All Markets","Australia","USD","AUD","1.42"
"CPU","COMPUTERSHARE LTD","Equity","0.32","11.78","678,027.00","7,990,408.52","7,990,408.52","Information Technology","6180412","AU000000CPU5","Asx - All Markets","Australia","USD","AUD","1.42"
"A17U","ASCENDAS REAL ESTATE INVESTMENT TR","Equity","0.32","2.32","3,431,125.00","7,969,945.98","7,969,945.98","Real Estate","6563875","SG1M77906915","Singapore Exchange","Singapore","USD","SGD","1.36"
"ORI","ORICA LTD","Equity","0.31","14.55","526,584.00","7,660,835.39","7,660,835.39","Materials","6458001","AU000000ORI1","Asx - All Markets","Australia","USD","AUD","1.42"
"LLC","LENDLEASE GROUP STAPLED UNITS","Equity","0.30","9.66","783,575.00","7,570,338.26","7,570,338.26","Real Estate","6512004","AU000000LLC3","Asx - All Markets","Australia","USD","AUD","1.42"
"1038","CHEUNG KONG INFRASTRUCTURE HOLDING","Equity","0.30","8.26","914,208.00","7,551,464.79","7,551,464.79","Utilities","BYVS6J1","BMG2178K1009","Hong Kong Exchanges And Clearing Ltd","Hong Kong","USD","HKD","7.80"
"F34","WILMAR INTERNATIONAL LTD","Equity","0.30","2.76","2,676,600.00","7,381,818.45","7,381,818.45","Consumer Staples","B17KC69","SG1T56930848","Singapore Exchange","Singapore","USD","SGD","1.36"
"83","SINO LAND LTD","Equity","0.29","1.75","4,194,800.00","7,328,054.38","7,328,054.38","Real Estate","6810429","HK0083000502","Hong Kong Exchanges And Clearing Ltd","Hong Kong","USD","HKD","7.80"
"C38U","CAPITALAND MALL TRUST","Equity","0.29","2.00","3,583,600.00","7,161,386.33","7,161,386.33","Real Estate","6420129","SG1M51904654","Singapore Exchange","Singapore","USD","SGD","1.36"
"SEK","SEEK LTD","Equity","0.28","15.26","459,944.00","7,017,988.83","7,017,988.83","Industrials","B0767Y3","AU000000SEK6","Asx - All Markets","Australia","USD","AUD","1.42"
"101","HANG LUNG PROPERTIES LTD","Equity","0.28","2.44","2,816,736.00","6,886,037.09","6,886,037.09","Real Estate","6030506","HK0101000591","Hong Kong Exchanges And Clearing Ltd","Hong Kong","USD","HKD","7.80"
"SPK","SPARK NEW ZEALAND LTD","Equity","0.27","2.68","2,552,878.00","6,833,776.14","6,833,776.14","Communication","6881436","NZTELE0001S4","New Zealand Exchange Ltd","New Zealand","USD","NZD","1.49"
"S63","SINGAPORE TECHNOLOGIES ENGINEERING","Equity","0.27","3.10","2,152,900.00","6,683,658.28","6,683,658.28","Industrials","6043214","SG1F60858221","Singapore Exchange","Singapore","USD","SGD","1.36"
"MLCO","MELCO RESORTS ENTERTAINMENT ADR LT","Equity","0.27","23.32","285,365.00","6,654,711.80","6,654,711.80","Consumer Discretionary","B1KYHF2","US5854641009","NASDAQ","Hong Kong","USD","USD","1.00"
"S68","SINGAPORE EXCHANGE LTD","Equity","0.26","5.86","1,127,300.00","6,600,370.18","6,600,370.18","Financials","6303866","SG1J26887955","Singapore Exchange","Singapore","USD","SGD","1.36"
"1972","SWIRE PROPERTIES LTD","Equity","0.26","4.09","1,613,400.00","6,591,007.50","6,591,007.50","Real Estate","B67C2G0","HK0000063609","Hong Kong Exchanges And Clearing Ltd","Hong Kong","USD","HKD","7.80"
"BGNE","BEIGENE ADR REPRESENTING LTD","Equity","0.26","129.96","49,655.00","6,453,163.80","6,453,163.80","Health Care","BYYWPW6","US07725L1026","NASDAQ","Hong Kong","USD","USD","1.00"
"BSL","BLUESCOPE STEEL LTD","Equity","0.25","8.48","743,721.00","6,306,745.90","6,306,745.90","Materials","6533232","AU000000BSL0","Asx - All Markets","Australia","USD","AUD","1.42"
"AMP","AMP LTD","Equity","0.25","1.53","4,050,167.00","6,179,888.59","6,179,888.59","Financials","6709958","AU000000AMP6","Asx - All Markets","Australia","USD","AUD","1.42"
"CTX","CALTEX AUSTRALIA LTD","Equity","0.24","17.50","344,591.00","6,030,826.13","6,030,826.13","Energy","6161503","AU000000CTX1","Asx - All Markets","Australia","USD","AUD","1.42"
"BLD","BORAL LTD","Equity","0.24","3.71","1,615,257.00","5,996,854.83","5,996,854.83","Materials","6218670","AU000000BLD2","Asx - All Markets","Australia","USD","AUD","1.42"
"C61U","CAPITALAND COMMERCIAL TRUST","Equity","0.24","1.64","3,646,193.00","5,995,878.17","5,995,878.17","Real Estate","B011YD2","SG1P32918333","Singapore Exchange","Singapore","USD","SGD","1.36"
"C52","COMFORTDELGRO CORPORATION LTD","Equity","0.24","1.99","2,986,000.00","5,945,136.79","5,945,136.79","Industrials","6603737","SG1N31909426","Singapore Exchange","Singapore","USD","SGD","1.36"
"AWC","ALUMINA LTD","Equity","0.23","1.69","3,380,957.00","5,705,567.79","5,705,567.79","Materials","6954985","AU000000AWC3","Asx - All Markets","Australia","USD","AUD","1.42"
"G13","GENTING SINGAPORE LTD","Equity","0.23","0.67","8,445,800.00","5,667,486.17","5,667,486.17","Consumer Discretionary","BDRTVP2","SGXE21576413","Singapore Exchange","Singapore","USD","SGD","1.36"
"MEL","MERIDIAN ENERGY LTD","Equity","0.22","3.13","1,784,481.00","5,590,962.77","5,590,962.77","Utilities","BWFD052","NZMELE0002S7","New Zealand Exchange Ltd","New Zealand","USD","NZD","1.49"
"BEN","BENDIGO AND ADELAIDE BANK LTD","Equity","0.21","8.00","671,886.00","5,376,328.97","5,376,328.97","Financials","6091280","AU000000BEN6","Asx - All Markets","Australia","USD","AUD","1.42"
"IPL","INCITEC PIVOT LTD","Equity","0.21","2.38","2,214,078.00","5,277,650.13","5,277,650.13","Materials","6673042","AU000000IPL1","Asx - All Markets","Australia","USD","AUD","1.42"
"C6L","SINGAPORE AIRLINES LTD","Equity","0.21","6.95","744,700.00","5,172,976.92","5,172,976.92","Industrials","6811734","SG1V61937297","Singapore Exchange","Singapore","USD","SGD","1.36"
"1128","WYNN MACAU LTD","Equity","0.20","2.37","2,150,800.00","5,098,029.12","5,098,029.12","Consumer Discretionary","B4JSTL6","KYG981491007","Hong Kong Exchanges And Clearing Ltd","Hong Kong","USD","HKD","7.80"
"CCL","COCA-COLA AMATIL LTD","Equity","0.20","7.26","700,096.00","5,080,252.22","5,080,252.22","Consumer Staples","6123451","AU000000CCL2","Asx - All Markets","Australia","USD","AUD","1.42"
"23","BANK OF EAST ASIA LTD","Equity","0.20","2.83","1,765,920.00","5,005,686.14","5,005,686.14","Financials","6075648","HK0023000190","Hong Kong Exchanges And Clearing Ltd","Hong Kong","USD","HKD","7.80"
"REA","REA GROUP LTD","Equity","0.20","68.70","72,645.00","4,991,059.22","4,991,059.22","Communication","6198578","AU000000REA9","Asx - All Markets","Australia","USD","AUD","1.42"
"345","VITASOY INTERNATIONAL HOLDINGS LTD","Equity","0.20","4.75","1,044,000.00","4,961,226.19","4,961,226.19","Consumer Staples","6927590","HK0345001611","Hong Kong Exchanges And Clearing Ltd","Hong Kong","USD","HKD","7.80"
"WOR","WORLEYPARSONS LTD","Equity","0.19","10.74","444,721.00","4,775,014.07","4,775,014.07","Energy","6562474","AU000000WOR2","Asx - All Markets","Australia","USD","AUD","1.42"
"V03","VENTURE CORPORATION LTD","Equity","0.19","12.26","379,900.00","4,658,754.52","4,658,754.52","Information Technology","6927374","SG0531000230","Singapore Exchange","Singapore","USD","SGD","1.36"
"14","HYSAN DEVELOPMENT LTD","Equity","0.18","5.26","870,830.00","4,579,494.65","4,579,494.65","Real Estate","6449629","HK0014000126","Hong Kong Exchanges And Clearing Ltd","Hong Kong","USD","HKD","7.80"
"CWN","CROWN RESORTS LTD","Equity","0.18","8.90","512,681.00","4,563,824.23","4,563,824.23","Consumer Discretionary","B29LCJ0","AU000000CWN6","Asx - All Markets","Australia","USD","AUD","1.42"
"659","NWS HOLDINGS LTD","Equity","0.18","2.09","2,165,000.00","4,526,325.92","4,526,325.92","Industrials","6568353","BMG668971101","Hong Kong Exchanges And Clearing Ltd","Hong Kong","USD","HKD","7.80"
"4","WHARF (HOLDINGS) LTD","Equity","0.18","2.67","1,677,600.00","4,486,366.96","4,486,366.96","Real Estate","6435576","HK0004000045","Hong Kong Exchanges And Clearing Ltd","Hong Kong","USD","HKD","7.80"
"522","ASM PACIFIC TECHNOLOGY LTD","Equity","0.18","10.61","421,700.00","4,473,108.45","4,473,108.45","Information Technology","6002453","KYG0535Q1331","Hong Kong Exchanges And Clearing Ltd","Hong Kong","USD","HKD","7.80"
"C09","CITY DEVELOPMENTS LTD","Equity","0.18","7.11","626,900.00","4,456,394.07","4,456,394.07","Real Estate","6197928","SG1R89002252","Singapore Exchange","Singapore","USD","SGD","1.36"
"RYM","RYMAN HEALTHCARE LTD","Equity","0.18","8.00","555,247.00","4,444,106.48","4,444,106.48","Health Care","6161525","NZRYME0001S4","New Zealand Exchange Ltd","New Zealand","USD","NZD","1.49"
"CIM","CIMIC GROUP LTD","Equity","0.18","32.72","134,128.00","4,389,285.28","4,389,285.28","Industrials","BX17Q13","AU000000CIM7","Asx - All Markets","Australia","USD","AUD","1.42"
"FBU","FLETCHER BUILDING LTD","Equity","0.16","3.40","1,176,606.00","4,002,181.77","4,002,181.77","Materials","6341606","NZFBUE0001S0","New Zealand Exchange Ltd","New Zealand","USD","NZD","1.49"
"T39","SINGAPORE PRESS HOLDINGS LTD","Equity","0.16","1.86","2,132,717.00","3,963,164.10","3,963,164.10","Communication","B012899","SG1P66918738","Singapore Exchange","Singapore","USD","SGD","1.36"
"683","KERRY PROPERTIES LTD","Equity","0.16","4.30","910,500.00","3,918,075.42","3,918,075.42","Real Estate","6486314","BMG524401079","Hong Kong Exchanges And Clearing Ltd","Hong Kong","USD","HKD","7.80"
"T82U","SUNTEC UNITS TRUST","Equity","0.15","1.45","2,587,400.00","3,758,703.64","3,758,703.64","Real Estate","B04PZ72","SG1Q52922370","Singapore Exchange","Singapore","USD","SGD","1.36"
"2638","HK ELECTRIC INVESTMENTS UNITS LTD","Equity","0.15","1.03","3,655,000.00","3,755,088.82","3,755,088.82","Utilities","BJ3WDZ1","HK0000179108","Hong Kong Exchanges And Clearing Ltd","Hong Kong","USD","HKD","7.80"
"C07","JARDINE CYCLE AND CARRIAGE LTD","Equity","0.15","26.99","137,900.00","3,721,805.18","3,721,805.18","Consumer Discretionary","6242260","SG1B51001017","Singapore Exchange","Singapore","USD","SGD","1.36"
"S58","SATS LTD","Equity","0.15","3.93","941,700.00","3,701,246.96","3,701,246.96","Industrials","6243586","SG1I52882764","Singapore Exchange","Singapore","USD","SGD","1.36"
"BS6","YANGZIJIANG SHIPBUILDING HOLDINGS","Equity","0.15","1.12","3,294,700.00","3,692,901.70","3,692,901.70","Industrials","B1VT035","SG1U76934819","Singapore Exchange","Singapore","USD","SGD","1.36"
"CGF","CHALLENGER LTD","Equity","0.15","4.78","770,499.00","3,684,079.33","3,684,079.33","Financials","6726300","AU000000CGF5","Asx - All Markets","Australia","USD","AUD","1.42"
"BOQ","BANK OF QUEENSLAND LTD","Equity","0.15","6.62","551,950.00","3,655,936.31","3,655,936.31","Financials","6076243","AU000000BOQ8","Asx - All Markets","Australia","USD","AUD","1.42"
"U14","UOL GROUP LTD","Equity","0.14","5.66","639,600.00","3,622,246.15","3,622,246.15","Real Estate","6916844","SG1S83002349","Singapore Exchange","Singapore","USD","SGD","1.36"
"D01","DAIRY FARM INTERNATIONAL HOLDINGS","Equity","0.14","7.34","473,100.00","3,472,554.00","3,472,554.00","Consumer Staples","6180274","BMG2624N1535","Singapore Exchange","Hong Kong","USD","USD","1.00"
"AST","AUSNET SERVICES","Equity","0.14","1.35","2,545,521.00","3,436,575.54","3,436,575.54","Utilities","BPXR7J0","AU000000AST5","Asx - All Markets","Australia","USD","AUD","1.42"
"8","PCCW LTD","Equity","0.14","0.58","5,855,867.00","3,394,923.21","3,394,923.21","Communication","6574071","HK0008011667","Hong Kong Exchanges And Clearing Ltd","Hong Kong","USD","HKD","7.80"
"880","SJM HLDGS LTD","Equity","0.13","1.20","2,735,000.00","3,276,457.38","3,276,457.38","Consumer Discretionary","B2NR3Y6","HK0880043028","Hong Kong Exchanges And Clearing Ltd","Hong Kong","USD","HKD","7.80"
"551","YUE YUEN INDUSTRIAL (HOLDINGS) LTD","Equity","0.11","2.82","1,013,500.00","2,859,873.02","2,859,873.02","Consumer Discretionary","6586537","BMG988031446","Hong Kong Exchanges And Clearing Ltd","Hong Kong","USD","HKD","7.80"
"SOL","WASHINGTON H SOUL PATTINSON & COMP","Equity","0.10","15.49","165,454.00","2,562,947.73","2,562,947.73","Energy","6821807","AU000000SOL3","Asx - All Markets","Australia","USD","AUD","1.42"
"U96","SEMBCORP INDUSTRIES LTD","Equity","0.10","1.78","1,365,840.00","2,427,309.49","2,427,309.49","Industrials","B08X163","SG1R50925390","Singapore Exchange","Singapore","USD","SGD","1.36"
"HKD","HKD CASH","Cash","0.10","12.83","18,911,333.00","2,425,618.24","2,425,618.24","Cash and/or Derivatives","-","-","-","Hong Kong","USD","HKD","7.80"
"TPM","TPG TELECOM LTD","Equity","0.10","4.70","511,735.00","2,403,640.79","2,403,640.79","Communication","6351876","AU000000TPM6","Asx - All Markets","Australia","USD","AUD","1.42"
"2282","MGM CHINA HOLDINGS LTD","Equity","0.10","1.83","1,308,800.00","2,397,186.43","2,397,186.43","Consumer Discretionary","B4P8HQ1","KYG607441022","Hong Kong Exchanges And Clearing Ltd","Hong Kong","USD","HKD","7.80"
"FLT","FLIGHT CENTRE TRAVEL GROUP LTD","Equity","0.09","30.22","77,328.00","2,336,959.41","2,336,959.41","Consumer Discretionary","6352147","AU000000FLT9","Asx - All Markets","Australia","USD","AUD","1.42"
"DMP","DOMINOS PIZZA ENTERPRISES LTD","Equity","0.09","27.11","83,891.00","2,273,985.73","2,273,985.73","Consumer Discretionary","B07SFG7","AU000000DMP0","Asx - All Markets","Australia","USD","AUD","1.42"
"69","SHANGRI LA ASIA LTD","Equity","0.09","1.28","1,755,000.00","2,251,010.07","2,251,010.07","Consumer Discretionary","6771032","BMG8063F1068","Hong Kong Exchanges And Clearing Ltd","Hong Kong","USD","HKD","7.80"
"HVN","HARVEY NORMAN HOLDINGS LTD","Equity","0.08","2.83","731,989.00","2,069,086.22","2,069,086.22","Consumer Discretionary","6173508","AU000000HVN7","Asx - All Markets","Australia","USD","AUD","1.42"
"E5H","GOLDEN AGRI RESOURCES LTD","Equity","0.08","0.22","8,817,187.00","1,950,561.24","1,950,561.24","Consumer Staples","6164472","MU0117U00026","Singapore Exchange","Singapore","USD","SGD","1.36"
"XTSLA","BLK CSH FND TREASURY SL AGENCY","Money Market","0.04","1.00","1,088,927.00","1,088,926.92","1,088,926.92","Cash and/or Derivatives","-","US0669224778","-","United States","USD","USD","1.00"
"SGD","SGD CASH","Cash","0.03","73.74","1,151,508.00","849,132.37","849,132.37","Cash and/or Derivatives","-","-","-","Singapore","USD","SGD","1.36"
"JPFFT","CASH COLLATERAL AUD JPFFT","Cash Collateral and Margins","0.01","70.32","520,000.00","365,638.00","365,638.00","Cash and/or Derivatives","-","-","-","Australia","USD","AUD","1.42"
"JPFFT","CASH COLLATERAL JPFFT HKD","Cash Collateral and Margins","0.01","12.83","2,292,000.00","325,297.86","325,297.86","Cash and/or Derivatives","-","-","-","Hong Kong","USD","HKD","7.80"
"NZD","NZD CASH","Cash","0.00","67.09","109,348.00","73,361.37","73,361.37","Cash and/or Derivatives","-","-","-","New Zealand","USD","NZD","1.49"
"JPFFT","CASH COLLATERAL SGD JPFFT","Cash Collateral and Margins","0.00","73.74","80,000.00","58,992.70","58,992.70","Cash and/or Derivatives","-","-","-","Singapore","USD","SGD","1.36"
"3357358Z","BGP HOLDINGS PLC - UNLISTED Prvt","Equity","0.00","0.00","27,004,595.00","304.65","304.65","Financials","9933572","MV3357358ZDD","NO MARKET (E.G. UNLISTED)","Malta","USD","EUR","0.89"
"QZN9","MSCI SING IX ETS JUL 19","Futures","0.00","281.80","65.00","0.00","1,831,704.89","Cash and/or Derivatives","-","SGXDB0080695","Singapore Exchange Derivatives Clearing Limited","-","USD","SGD","1.36"
"HIN9","HANG SENG INDEX JUL 19","Futures","0.00","3,710.13","20.00","0.00","3,710,126.34","Cash and/or Derivatives","-","-","Hong Kong Futures Exchange Ltd.","-","USD","HKD","7.80"
"XPU9","SPI 200 SEP 19","Futures","0.00","4,656.97","70.00","0.00","8,149,684.29","Cash and/or Derivatives","-","-","Asx - Trade24","-","USD","AUD","1.42"
"USD","USD CASH","Cash","-0.02","100.00","-469,383.00","-469,382.92","-469,382.92","Cash and/or Derivatives","-","-","-","United States","USD","USD","1.00"
 