﻿iShares ESG MSCI EAFE ETF
Inception Date,"Jun 28, 2016"
Fund Holdings as of,"Jul 3, 2019"
Total Net Assets,"851,737,836.81"
Shares Outstanding,"13,100,000.00"
Stock,"-"
Bond,"-"
Cash,"-"
Other,"-"
 
Issuer Ticker,Name,Asset Class,Weight (%),Price,Shares,Market Value,Notional Value,Sector,SEDOL,ISIN,Exchange,Country,Currency,Market Currency,FX Rate
"NESN","NESTLE SA","Equity","2.37","103.77","194,889.00","20,223,155.50","20,223,155.50","Consumer Staples","7123870","CH0038863350","Six Swiss Exchange Ag","Switzerland","USD","CHF","0.99"
"ROG","ROCHE HOLDING PAR AG","Equity","1.46","285.43","43,672.00","12,465,376.40","12,465,376.40","Health Care","7110388","CH0012032048","Six Swiss Exchange Ag","Switzerland","USD","CHF","0.99"
"BP.","BP PLC","Equity","1.42","6.86","1,760,689.00","12,083,902.47","12,083,902.47","Energy","0798059","GB0007980591","London Stock Exchange","United Kingdom","USD","GBP","0.80"
"SAP","SAP","Equity","1.19","140.32","72,531.00","10,177,498.93","10,177,498.93","Information Technology","4846288","DE0007164600","Xetra","Germany","USD","EUR","0.89"
"7203","TOYOTA MOTOR CORP","Equity","1.09","63.29","146,300.00","9,259,648.33","9,259,648.33","Consumer Discretionary","6900643","JP3633400001","Tokyo Stock Exchange","Japan","USD","JPY","107.77"
"FP","TOTAL SA","Equity","1.06","55.41","162,756.00","9,018,161.40","9,018,161.40","Energy","B15C557","FR0000120271","Nyse Euronext - Euronext Paris","France","USD","EUR","0.89"
"HSBA","HSBC HOLDINGS PLC","Equity","1.04","8.44","1,051,537.00","8,870,823.44","8,870,823.44","Financials","0540528","GB0005405286","London Stock Exchange","United Kingdom","USD","GBP","0.80"
"DGE","DIAGEO PLC","Equity","0.96","43.75","187,510.00","8,203,683.91","8,203,683.91","Consumer Staples","0237400","GB0002374006","London Stock Exchange","United Kingdom","USD","GBP","0.80"
"ALV","ALLIANZ","Equity","0.93","244.58","32,314.00","7,903,452.48","7,903,452.48","Financials","5231485","DE0008404005","Xetra","Germany","USD","EUR","0.89"
"1299","AIA GROUP LTD","Equity","0.91","11.12","693,400.00","7,710,867.70","7,710,867.70","Financials","B4TX8S1","HK0000069689","Hong Kong Exchanges And Clearing Ltd","Hong Kong","USD","HKD","7.80"
"SIE","SIEMENS N AG","Equity","0.85","118.88","60,796.00","7,227,698.84","7,227,698.84","Industrials","5727973","DE0007236101","Xetra","Germany","USD","EUR","0.89"
"AZN","ASTRAZENECA PLC","Equity","0.83","82.94","85,468.00","7,088,795.06","7,088,795.06","Health Care","0989529","GB0009895292","London Stock Exchange","United Kingdom","USD","GBP","0.80"
"MC","LVMH","Equity","0.80","428.70","15,981.00","6,851,006.76","6,851,006.76","Consumer Discretionary","4061412","FR0000121014","Nyse Euronext - Euronext Paris","France","USD","EUR","0.89"
"ASML","ASML HOLDING NV","Equity","0.78","214.01","30,998.00","6,633,883.68","6,633,883.68","Information Technology","B929F46","NL0010273215","Euronext Amsterdam","Netherlands","USD","EUR","0.89"
"SAN","SANOFI SA","Equity","0.77","88.27","74,131.00","6,543,280.65","6,543,280.65","Health Care","5671735","FR0000120578","Nyse Euronext - Euronext Paris","France","USD","EUR","0.89"
"NOVO B","NOVO NORDISK CLASS B","Equity","0.76","52.15","124,671.00","6,501,476.80","6,501,476.80","Health Care","BHC8X90","DK0060534915","Omx Nordic Exchange Copenhagen A/S","Denmark","USD","DKK","6.62"
"GSK","GLAXOSMITHKLINE PLC","Equity","0.74","20.62","305,419.00","6,297,249.77","6,297,249.77","Health Care","0925288","GB0009252882","London Stock Exchange","United Kingdom","USD","GBP","0.80"
"OR","LOREAL SA","Equity","0.70","289.82","20,587.00","5,966,560.06","5,966,560.06","Consumer Staples","4057808","FR0000120321","Nyse Euronext - Euronext Paris","France","USD","EUR","0.89"
"CBA","COMMONWEALTH BANK OF AUSTRALIA","Equity","0.64","56.92","96,026.00","5,465,799.20","5,465,799.20","Financials","6215035","AU000000CBA7","Asx - All Markets","Australia","USD","AUD","1.42"
"RIO","RIO TINTO PLC","Equity","0.61","62.39","83,437.00","5,205,979.82","5,205,979.82","Materials","0718875","GB0007188757","London Stock Exchange","United Kingdom","USD","GBP","0.80"
"UNA","UNILEVER NV","Equity","0.60","62.16","81,905.00","5,091,302.03","5,091,302.03","Consumer Staples","B1527V7","NL0000388619","Euronext Amsterdam","Netherlands","USD","EUR","0.89"
"BN","DANONE SA","Equity","0.57","85.33","57,257.00","4,885,926.81","4,885,926.81","Consumer Staples","B1Y9TB3","FR0000120644","Nyse Euronext - Euronext Paris","France","USD","EUR","0.89"
"IBE","IBERDROLA SA","Equity","0.57","10.16","480,696.00","4,881,759.33","4,881,759.33","Utilities","B288C92","ES0144580Y14","Bolsa De Madrid","Spain","USD","EUR","0.89"
"9984","SOFTBANK GROUP CORP","Equity","0.57","47.99","100,800.00","4,837,502.09","4,837,502.09","Communication","6770620","JP3436100006","Tokyo Stock Exchange","Japan","USD","JPY","107.77"
"CSL","CSL LTD","Equity","0.56","152.76","31,432.00","4,801,531.50","4,801,531.50","Health Care","6185495","AU000000CSL8","Asx - All Markets","Australia","USD","AUD","1.42"
"6758","SONY CORP","Equity","0.55","54.14","87,200.00","4,721,276.79","4,721,276.79","Consumer Discretionary","6821506","JP3435000009","Tokyo Stock Exchange","Japan","USD","JPY","107.77"
"ABI","ANHEUSER BUSCH INBEV NV","Equity","0.55","93.87","50,102.00","4,703,243.16","4,703,243.16","Consumer Staples","BYYHL23","BE0974293251","Nyse Euronext - Euronext Brussels","Belgium","USD","EUR","0.89"
"BAS","BASF N","Equity","0.55","70.60","66,001.00","4,659,645.98","4,659,645.98","Materials","5086577","DE000BASF111","Xetra","Germany","USD","EUR","0.89"
"ZURN","ZURICH INSURANCE GROUP AG","Equity","0.55","353.43","13,179.00","4,657,858.63","4,657,858.63","Financials","5983816","CH0011075394","Six Swiss Exchange Ag","Switzerland","USD","CHF","0.99"
"WBC","WESTPAC BANKING CORP","Equity","0.54","19.62","234,928.00","4,608,790.49","4,608,790.49","Financials","6076146","AU000000WBC1","Asx - All Markets","Australia","USD","AUD","1.42"
"SREN","SWISS RE AG","Equity","0.51","102.94","42,419.00","4,366,440.34","4,366,440.34","Financials","B545MG5","CH0126881561","Six Swiss Exchange Ag","Switzerland","USD","CHF","0.99"
"SU","SCHNEIDER ELECTRIC","Equity","0.51","91.02","47,500.00","4,323,409.24","4,323,409.24","Industrials","4834108","FR0000121972","Nyse Euronext - Euronext Paris","France","USD","EUR","0.89"
"CS","AXA SA","Equity","0.50","26.71","159,351.00","4,256,996.95","4,256,996.95","Financials","7088429","FR0000120628","Nyse Euronext - Euronext Paris","France","USD","EUR","0.89"
"ULVR","UNILEVER PLC","Equity","0.50","63.86","66,516.00","4,247,560.70","4,247,560.70","Consumer Staples","B10RZP7","GB00B10RZP78","London Stock Exchange","United Kingdom","USD","GBP","0.80"
"ENEL","ENEL","Equity","0.50","7.23","586,706.00","4,241,406.33","4,241,406.33","Utilities","7144569","IT0003128367","Borsa Italiana","Italy","USD","EUR","0.89"
"AIR","AIRBUS GROUP","Equity","0.48","141.74","29,088.00","4,122,955.40","4,122,955.40","Industrials","4012250","NL0000235190","Nyse Euronext - Euronext Paris","France","USD","EUR","0.89"
"REL","RELX PLC","Equity","0.47","24.79","162,578.00","4,030,809.44","4,030,809.44","Industrials","B2B0DG9","GB00B2B0DG97","London Stock Exchange","United Kingdom","USD","GBP","0.80"
"SAN","BANCO SANTANDER SA","Equity","0.47","4.72","842,264.00","3,971,836.55","3,971,836.55","Financials","5705946","ES0113900J37","Bolsa De Madrid","Spain","USD","EUR","0.89"
"UBSG","UBS GROUP AG","Equity","0.46","12.01","328,534.00","3,946,539.46","3,946,539.46","Financials","BRJL176","CH0244767585","Six Swiss Exchange Ag","Switzerland","USD","CHF","0.99"
"ISP","INTESA SANPAOLO","Equity","0.46","2.23","1,735,037.00","3,877,182.25","3,877,182.25","Financials","4076836","IT0000072618","Borsa Italiana","Italy","USD","EUR","0.89"
"EQNR","EQUINOR","Equity","0.45","19.91","194,597.00","3,873,772.09","3,873,772.09","Energy","7133608","NO0010096985","Oslo Bors Asa","Norway","USD","NOK","8.55"
"ADS","ADIDAS N AG","Equity","0.45","314.36","12,301.00","3,866,930.03","3,866,930.03","Consumer Discretionary","4031976","DE000A1EWWW0","Xetra","Germany","USD","EUR","0.89"
"9437","NTT DOCOMO INC","Equity","0.45","23.51","164,100.00","3,858,489.38","3,858,489.38","Communication","6129277","JP3165650007","Tokyo Stock Exchange","Japan","USD","JPY","107.77"
"9433","KDDI CORP","Equity","0.45","25.40","151,600.00","3,850,136.40","3,850,136.40","Communication","6248990","JP3496400007","Tokyo Stock Exchange","Japan","USD","JPY","107.77"
"8306","MITSUBISHI UFJ FINANCIAL GROUP INC","Equity","0.45","4.82","794,200.00","3,825,454.39","3,825,454.39","Financials","6335171","JP3902900004","Tokyo Stock Exchange","Japan","USD","JPY","107.77"
"7267","HONDA MOTOR LTD","Equity","0.43","25.89","142,900.00","3,699,461.82","3,699,461.82","Consumer Discretionary","6435145","JP3854600008","Tokyo Stock Exchange","Japan","USD","JPY","107.77"
"GIVN","GIVAUDAN SA","Equity","0.43","2,807.16","1,313.00","3,685,800.92","3,685,800.92","Materials","5980613","CH0010645932","Six Swiss Exchange Ag","Switzerland","USD","CHF","0.99"
"388","HONG KONG EXCHANGES AND CLEARING L","Equity","0.42","35.86","100,800.00","3,614,914.38","3,614,914.38","Financials","6267359","HK0388045442","Hong Kong Exchanges And Clearing Ltd","Hong Kong","USD","HKD","7.80"
"4502","TAKEDA PHARMACEUTICAL LTD","Equity","0.42","35.53","101,294.00","3,598,911.81","3,598,911.81","Health Care","6870445","JP3463000004","Tokyo Stock Exchange","Japan","USD","JPY","107.77"
"6861","KEYENCE CORP","Equity","0.41","623.36","5,600.00","3,490,841.61","3,490,841.61","Information Technology","6490995","JP3236200006","Tokyo Stock Exchange","Japan","USD","JPY","107.77"
"RB.","RECKITT BENCKISER GROUP PLC","Equity","0.41","80.47","42,899.00","3,451,911.58","3,451,911.58","Consumer Staples","B24CGK7","GB00B24CGK77","London Stock Exchange","United Kingdom","USD","GBP","0.80"
"BBVA","BANCO BILBAO VIZCAYA ARGENTARIA SA","Equity","0.40","5.67","605,568.00","3,434,303.33","3,434,303.33","Financials","5501906","ES0113211835","Bolsa De Madrid","Spain","USD","EUR","0.89"
"ANZ","AUSTRALIA AND NEW ZEALAND BANKING","Equity","0.39","19.54","171,677.00","3,354,661.03","3,354,661.03","Financials","6065586","AU000000ANZ3","Asx - All Markets","Australia","USD","AUD","1.42"
"8316","SUMITOMO MITSUI FINANCIAL GROUP IN","Equity","0.38","35.48","90,300.00","3,204,112.46","3,204,112.46","Financials","6563024","JP3890350006","Tokyo Stock Exchange","Japan","USD","JPY","107.77"
"PRU","PRUDENTIAL PLC","Equity","0.37","22.21","142,388.00","3,162,634.54","3,162,634.54","Financials","0709954","GB0007099541","London Stock Exchange","United Kingdom","USD","GBP","0.80"
"VOD","VODAFONE GROUP PLC","Equity","0.36","1.65","1,860,573.00","3,071,860.84","3,071,860.84","Communication","BH4HKS3","GB00BH4HKS39","London Stock Exchange","United Kingdom","USD","GBP","0.80"
"NAB","NATIONAL AUSTRALIA BANK LTD","Equity","0.36","18.72","163,678.00","3,063,700.74","3,063,700.74","Financials","6624608","AU000000NAB4","Asx - All Markets","Australia","USD","AUD","1.42"
"DAI","DAIMLER AG","Equity","0.35","55.30","54,324.00","3,004,221.12","3,004,221.12","Consumer Discretionary","5529027","DE0007100000","Xetra","Germany","USD","EUR","0.89"
"D05","DBS GROUP HOLDINGS LTD","Equity","0.35","19.28","155,600.00","3,000,471.94","3,000,471.94","Financials","6175203","SG1L01001701","Singapore Exchange","Singapore","USD","SGD","1.36"
"KER","KERING SA","Equity","0.35","594.19","5,020.00","2,982,866.96","2,982,866.96","Consumer Discretionary","5505072","FR0000121485","Nyse Euronext - Euronext Paris","France","USD","EUR","0.89"
"7974","NINTENDO LTD","Equity","0.35","376.91","7,908.00","2,980,634.31","2,980,634.31","Communication","6639550","JP3756600007","Tokyo Stock Exchange","Japan","USD","JPY","107.77"
"66","MTR CORP LTD","Equity","0.35","6.85","431,000.00","2,952,016.93","2,952,016.93","Industrials","6290054","HK0066009694","Hong Kong Exchanges And Clearing Ltd","Hong Kong","USD","HKD","7.80"
"8411","MIZUHO FINANCIAL GROUP INC","Equity","0.35","1.46","2,021,200.00","2,946,372.09","2,946,372.09","Financials","6591014","JP3885780001","Tokyo Stock Exchange","Japan","USD","JPY","107.77"
"BNP","BNP PARIBAS SA","Equity","0.35","48.03","61,310.00","2,944,433.93","2,944,433.93","Financials","7309681","FR0000131104","Nyse Euronext - Euronext Paris","France","USD","EUR","0.89"
"NG.","NATIONAL GRID PLC","Equity","0.35","10.89","270,048.00","2,941,395.49","2,941,395.49","Utilities","BDR05C0","GB00BDR05C01","London Stock Exchange","United Kingdom","USD","GBP","0.80"
"RI","PERNOD RICARD SA","Equity","0.34","186.14","15,785.00","2,938,294.88","2,938,294.88","Consumer Staples","4682329","FR0000120693","Nyse Euronext - Euronext Paris","France","USD","EUR","0.89"
"REP","REPSOL SA","Equity","0.34","15.54","185,991.00","2,890,349.66","2,890,349.66","Energy","5669354","ES0173516115","Bolsa De Madrid","Spain","USD","EUR","0.89"
"TCL","TRANSURBAN GROUP STAPLED UNITS","Equity","0.34","10.59","271,073.00","2,870,511.00","2,870,511.00","Industrials","6200882","AU000000TCL6","Asx - All Markets","Australia","USD","AUD","1.42"
"DPW","DEUTSCHE POST AG","Equity","0.33","33.23","85,826.00","2,851,968.65","2,851,968.65","Industrials","4617859","DE0005552004","Xetra","Germany","USD","EUR","0.89"
"MUV2","MUENCHENER RUECKVERSICHERUNGS-GESE","Equity","0.32","257.33","10,688.00","2,750,353.89","2,750,353.89","Financials","5294121","DE0008430026","Xetra","Germany","USD","EUR","0.89"
"AAL","ANGLO AMERICAN PLC","Equity","0.32","27.89","96,898.00","2,702,471.65","2,702,471.65","Materials","B1XZS82","GB00B1XZS820","London Stock Exchange","United Kingdom","USD","GBP","0.80"
"ABBN","ABB LTD","Equity","0.32","19.99","134,540.00","2,689,981.34","2,689,981.34","Industrials","7108899","CH0012221716","Six Swiss Exchange Ag","Switzerland","USD","CHF","0.99"
"4503","ASTELLAS PHARMA INC","Equity","0.31","14.75","181,100.00","2,671,044.35","2,671,044.35","Health Care","6985383","JP3942400007","Tokyo Stock Exchange","Japan","USD","JPY","107.77"
"6098","RECRUIT HOLDINGS LTD","Equity","0.31","33.67","78,400.00","2,640,007.42","2,640,007.42","Industrials","BQRRZ00","JP3970300004","Tokyo Stock Exchange","Japan","USD","JPY","107.77"
"DB1","DEUTSCHE BOERSE AG","Equity","0.30","145.98","17,600.00","2,569,293.94","2,569,293.94","Financials","7021963","DE0005810055","Xetra","Germany","USD","EUR","0.89"
"ALC","ALCON AG","Equity","0.30","62.70","40,874.00","2,562,993.17","2,562,993.17","Health Care","BJT1GR5","CH0432492467","Six Swiss Exchange Ag","Switzerland","USD","CHF","0.99"
"LONN","LONZA GROUP AG","Equity","0.30","337.20","7,586.00","2,558,029.51","2,558,029.51","Health Care","7333378","CH0013841017","Six Swiss Exchange Ag","Switzerland","USD","CHF","0.99"
"AMS","AMADEUS IT GROUP SA","Equity","0.30","80.41","31,456.00","2,529,519.52","2,529,519.52","Information Technology","B3MSM28","ES0109067019","Bolsa De Madrid","Spain","USD","EUR","0.89"
"4452","KAO CORP","Equity","0.29","76.71","32,400.00","2,485,392.97","2,485,392.97","Consumer Staples","6483809","JP3205800000","Tokyo Stock Exchange","Japan","USD","JPY","107.77"
"6367","DAIKIN INDUSTRIES LTD","Equity","0.29","137.19","18,100.00","2,483,144.66","2,483,144.66","Industrials","6250724","JP3481800005","Tokyo Stock Exchange","Japan","USD","JPY","107.77"
"16","SUN HUNG KAI PROPERTIES LTD","Equity","0.29","17.28","142,000.00","2,453,331.62","2,453,331.62","Real Estate","6859927","HK0016000132","Hong Kong Exchanges And Clearing Ltd","Hong Kong","USD","HKD","7.80"
"CRG","CRH PLC","Equity","0.29","33.46","72,828.00","2,436,892.54","2,436,892.54","Materials","4182249","IE0001827041","Irish Stock Exchange - All Market","Ireland","USD","EUR","0.89"
"ITX","INDUSTRIA DE DISENO TEXTIL INDITEX","Equity","0.28","30.31","79,838.00","2,420,160.47","2,420,160.47","Consumer Discretionary","BP9DL90","ES0148396007","Bolsa De Madrid","Spain","USD","EUR","0.89"
"ENI","ENI","Equity","0.28","16.43","147,233.00","2,419,758.04","2,419,758.04","Energy","7145056","IT0003132476","Borsa Italiana","Italy","USD","EUR","0.89"
"AI","AIR LIQUIDE SA","Equity","0.28","139.50","17,228.00","2,403,232.74","2,403,232.74","Materials","B1YXBJ7","FR0000120073","Nyse Euronext - Euronext Paris","France","USD","EUR","0.89"
"PHIA","KONINKLIJKE PHILIPS NV","Equity","0.28","44.58","53,719.00","2,395,034.11","2,395,034.11","Health Care","5986622","NL0000009538","Euronext Amsterdam","Netherlands","USD","EUR","0.89"
"LLOY","LLOYDS BANKING GROUP PLC","Equity","0.28","0.73","3,271,603.00","2,394,552.91","2,394,552.91","Financials","0870612","GB0008706128","London Stock Exchange","United Kingdom","USD","GBP","0.80"
"INGA","ING GROEP NV","Equity","0.28","11.62","205,061.00","2,382,334.86","2,382,334.86","Financials","BZ57390","NL0011821202","Euronext Amsterdam","Netherlands","USD","EUR","0.89"
"8766","TOKIO MARINE HOLDINGS INC","Equity","0.28","51.19","46,300.00","2,370,205.99","2,370,205.99","Financials","6513126","JP3910660004","Tokyo Stock Exchange","Japan","USD","JPY","107.77"
"RIO","RIO TINTO LTD","Equity","0.28","75.27","31,482.00","2,369,719.64","2,369,719.64","Materials","6220103","AU000000RIO1","Asx - All Markets","Australia","USD","AUD","1.42"
"9983","FAST RETAILING LTD","Equity","0.28","620.12","3,800.00","2,356,444.28","2,356,444.28","Consumer Discretionary","6332439","JP3802300008","Tokyo Stock Exchange","Japan","USD","JPY","107.77"
"EL","ESSILORLUXOTTICA SA","Equity","0.28","129.40","18,170.00","2,351,176.29","2,351,176.29","Consumer Discretionary","7212477","FR0000121667","Nyse Euronext - Euronext Paris","France","USD","EUR","0.89"
"MRK","MERCK","Equity","0.28","107.56","21,815.00","2,346,373.87","2,346,373.87","Health Care","4741844","DE0006599905","Xetra","Germany","USD","EUR","0.89"
"MQG","MACQUARIE GROUP LTD DEF","Equity","0.27","89.53","26,085.00","2,335,444.55","2,335,444.55","Financials","B28YTC2","AU000000MQG1","Asx - All Markets","Australia","USD","AUD","1.42"
"11","HANG SENG BANK LTD","Equity","0.27","25.01","91,500.00","2,288,526.90","2,288,526.90","Financials","6408374","HK0011000095","Hong Kong Exchanges And Clearing Ltd","Hong Kong","USD","HKD","7.80"
"6501","HITACHI LTD","Equity","0.27","38.51","59,000.00","2,271,968.08","2,271,968.08","Information Technology","6429104","JP3788600009","Tokyo Stock Exchange","Japan","USD","JPY","107.77"
"CPG","COMPASS GROUP PLC","Equity","0.27","24.54","92,278.00","2,264,670.11","2,264,670.11","Consumer Discretionary","BD6K457","GB00BD6K4575","London Stock Exchange","United Kingdom","USD","GBP","0.80"
"6752","PANASONIC CORP","Equity","0.26","8.61","262,200.00","2,257,299.43","2,257,299.43","Consumer Discretionary","6572707","JP3866800000","Tokyo Stock Exchange","Japan","USD","JPY","107.77"
"4568","DAIICHI SANKYO LTD","Equity","0.26","55.48","39,600.00","2,196,978.75","2,196,978.75","Health Care","B0J7D91","JP3475350009","Tokyo Stock Exchange","Japan","USD","JPY","107.77"
"8058","MITSUBISHI CORP","Equity","0.26","27.03","81,100.00","2,191,739.35","2,191,739.35","Industrials","6596785","JP3898400001","Tokyo Stock Exchange","Japan","USD","JPY","107.77"
"2","CLP HOLDINGS LTD","Equity","0.25","11.29","191,000.00","2,157,064.07","2,157,064.07","Utilities","6097017","HK0002007356","Hong Kong Exchanges And Clearing Ltd","Hong Kong","USD","HKD","7.80"
"STAN","STANDARD CHARTERED PLC","Equity","0.25","9.22","233,161.00","2,150,034.01","2,150,034.01","Financials","0408284","GB0004082847","London Stock Exchange","United Kingdom","USD","GBP","0.80"
"WPL","WOODSIDE PETROLEUM LTD","Equity","0.25","25.21","84,601.00","2,133,210.75","2,133,210.75","Energy","6979728","AU000000WPL2","Asx - All Markets","Australia","USD","AUD","1.42"
"ORA","ORANGE SA","Equity","0.25","15.61","135,355.00","2,113,378.29","2,113,378.29","Communication","5176177","FR0000133308","Nyse Euronext - Euronext Paris","France","USD","EUR","0.89"
"AV.","AVIVA PLC","Equity","0.25","5.44","387,236.00","2,107,451.23","2,107,451.23","Financials","0216238","GB0002162385","London Stock Exchange","United Kingdom","USD","GBP","0.80"
"GLEN","GLENCORE PLC","Equity","0.25","3.48","605,930.00","2,107,464.86","2,107,464.86","Materials","B4T3BW6","JE00B4T3BW64","London Stock Exchange","United Kingdom","USD","GBP","0.80"
"8309","SUMITOMO MITSUI TRUST HOLDINGS INC","Equity","0.25","36.59","57,500.00","2,103,762.64","2,103,762.64","Financials","6431897","JP3892100003","Tokyo Stock Exchange","Japan","USD","JPY","107.77"
"NOKIA","NOKIA","Equity","0.25","5.06","415,066.00","2,100,833.72","2,100,833.72","Information Technology","5902941","FI0009000681","Nasdaq Omx Helsinki Ltd.","Finland","USD","EUR","0.89"
"6902","DENSO CORP","Equity","0.25","42.88","48,900.00","2,096,751.42","2,096,751.42","Consumer Discretionary","6640381","JP3551500006","Tokyo Stock Exchange","Japan","USD","JPY","107.77"
"4661","ORIENTAL LAND LTD","Equity","0.24","127.96","16,300.00","2,085,710.31","2,085,710.31","Consumer Discretionary","6648891","JP3198900007","Tokyo Stock Exchange","Japan","USD","JPY","107.77"
"SAF","SAFRAN SA","Equity","0.24","148.29","14,031.00","2,080,731.60","2,080,731.60","Industrials","B058TZ6","FR0000073272","Nyse Euronext - Euronext Paris","France","USD","EUR","0.89"
"DSM","KONINKILIJKE DSM NV","Equity","0.24","126.80","16,311.00","2,068,301.02","2,068,301.02","Materials","B0HZL93","NL0000009827","Euronext Amsterdam","Netherlands","USD","EUR","0.89"
"9432","NIPPON TELEGRAPH AND TELEPHONE COR","Equity","0.24","47.40","43,500.00","2,061,779.72","2,061,779.72","Communication","6641373","JP3735400008","Tokyo Stock Exchange","Japan","USD","JPY","107.77"
"6503","MITSUBISHI ELECTRIC CORP","Equity","0.24","13.70","148,000.00","2,027,670.04","2,027,670.04","Industrials","6597045","JP3902400005","Tokyo Stock Exchange","Japan","USD","JPY","107.77"
"URW","WFD UNIBAIL RODAMCO STAPLED UNITS","Equity","0.23","146.21","13,657.00","1,996,765.93","1,996,765.93","Real Estate","BFYM460","FR0013326246","Euronext Amsterdam","France","USD","EUR","0.89"
"4005","SUMITOMO CHEMICAL LTD","Equity","0.23","4.69","423,500.00","1,984,480.84","1,984,480.84","Materials","6858560","JP3401400001","Tokyo Stock Exchange","Japan","USD","JPY","107.77"
"GALP","GALP ENERGIA SGPS SA","Equity","0.23","14.98","130,075.00","1,948,761.80","1,948,761.80","Energy","B1FW751","PTGAL0AM0009","Nyse Euronext - Euronext Lisbon","Portugal","USD","EUR","0.89"
"6301","KOMATSU LTD","Equity","0.23","24.25","80,200.00","1,944,535.59","1,944,535.59","Industrials","6496584","JP3304200003","Tokyo Stock Exchange","Japan","USD","JPY","107.77"
"G","ASSICURAZIONI GENERALI","Equity","0.23","19.25","100,627.00","1,937,258.90","1,937,258.90","Financials","4056719","IT0000062072","Borsa Italiana","Italy","USD","EUR","0.89"
"ESSITY B","ESSITY CLASS B","Equity","0.23","31.50","61,303.00","1,931,259.25","1,931,259.25","Consumer Staples","BF1K7P7","SE0009922164","Nasdaq Omx Nordic","Sweden","USD","SEK","9.31"
"CCEP","COCA COLA EUROPEAN PARTNERS PLC","Equity","0.22","57.89","33,018.00","1,911,412.02","1,911,412.02","Consumer Staples","BYQQ3P5","GB00BDCPN049","New York Stock Exchange Inc.","Netherlands","USD","USD","1.00"
"6981","MURATA MANUFACTURING LTD","Equity","0.22","46.08","41,300.00","1,903,088.06","1,903,088.06","Information Technology","6610403","JP3914400001","Tokyo Stock Exchange","Japan","USD","JPY","107.77"
"DTE","DEUTSCHE TELEKOM N AG","Equity","0.22","17.34","109,530.00","1,898,719.30","1,898,719.30","Communication","5842359","DE0005557508","Xetra","Germany","USD","EUR","0.89"
"5020","JXTG HOLDINGS INC","Equity","0.22","4.88","387,200.00","1,890,909.90","1,890,909.90","Energy","B627LW9","JP3386450005","Tokyo Stock Exchange","Japan","USD","JPY","107.77"
"POLI","BANK HAPOALIM BM","Equity","0.22","7.56","246,877.00","1,865,558.82","1,865,558.82","Financials","6075808","IL0006625771","Tel Aviv Stock Exchange","Israel","USD","ILS","3.57"
"FERG","FERGUSON PLC","Equity","0.22","73.42","25,360.00","1,861,884.84","1,861,884.84","Industrials","BJVNSS4","JE00BJVNSS43","London Stock Exchange","United Kingdom","USD","GBP","0.80"
"SCMN","SWISSCOM AG","Equity","0.22","501.09","3,671.00","1,839,502.16","1,839,502.16","Communication","5533976","CH0008742519","Six Swiss Exchange Ag","Switzerland","USD","CHF","0.99"
"1972","SWIRE PROPERTIES LTD","Equity","0.22","4.09","449,200.00","1,835,056.76","1,835,056.76","Real Estate","B67C2G0","HK0000063609","Hong Kong Exchanges And Clearing Ltd","Hong Kong","USD","HKD","7.80"
"HEIA","HEINEKEN NV","Equity","0.21","113.44","16,088.00","1,824,950.04","1,824,950.04","Consumer Staples","7792559","NL0000009165","Euronext Amsterdam","Netherlands","USD","EUR","0.89"
"8591","ORIX CORP","Equity","0.21","15.14","119,500.00","1,809,631.62","1,809,631.62","Financials","6661144","JP3200450009","Tokyo Stock Exchange","Japan","USD","JPY","107.77"
"BXB","BRAMBLES LTD","Equity","0.21","8.96","201,598.00","1,805,941.29","1,805,941.29","Industrials","B1FJ0C0","AU000000BXB1","Asx - All Markets","Australia","USD","AUD","1.42"
"OMV","OMV AG","Equity","0.21","48.77","36,883.00","1,798,781.13","1,798,781.13","Energy","4651459","AT0000743059","Wiener Boerse Ag","Austria","USD","EUR","0.89"
"4063","SHIN ETSU CHEMICAL LTD","Equity","0.21","93.63","18,800.00","1,760,155.89","1,760,155.89","Materials","6804585","JP3371200001","Tokyo Stock Exchange","Japan","USD","JPY","107.77"
"ORSTED","ORSTED","Equity","0.20","91.36","18,905.00","1,727,144.27","1,727,144.27","Utilities","BYT16L4","DK0060094928","Omx Nordic Exchange Copenhagen A/S","Denmark","USD","DKK","6.62"
"2388","BOC HONG KONG HOLDINGS LTD","Equity","0.20","3.97","433,500.00","1,720,877.96","1,720,877.96","Financials","6536112","HK2388011192","Hong Kong Exchanges And Clearing Ltd","Hong Kong","USD","HKD","7.80"
"8035","TOKYO ELECTRON LTD","Equity","0.20","150.04","11,400.00","1,710,476.01","1,710,476.01","Information Technology","6895675","JP3571400005","Tokyo Stock Exchange","Japan","USD","JPY","107.77"
"1928","SANDS CHINA LTD","Equity","0.20","5.10","335,200.00","1,708,997.63","1,708,997.63","Consumer Discretionary","B5B23W2","KYG7800X1079","Hong Kong Exchanges And Clearing Ltd","Hong Kong","USD","HKD","7.80"
"BARC","BARCLAYS PLC","Equity","0.20","1.95","874,369.00","1,702,408.46","1,702,408.46","Financials","3134865","GB0031348658","London Stock Exchange","United Kingdom","USD","GBP","0.80"
"6971","KYOCERA CORP","Equity","0.20","66.52","25,500.00","1,696,293.03","1,696,293.03","Information Technology","6499260","JP3249600002","Tokyo Stock Exchange","Japan","USD","JPY","107.77"
"IFX","INFINEON TECHNOLOGIES AG","Equity","0.20","18.02","93,731.00","1,688,921.25","1,688,921.25","Information Technology","5889505","DE0006231004","Xetra","Germany","USD","EUR","0.89"
"4507","SHIONOGI LTD","Equity","0.20","58.64","28,800.00","1,688,930.13","1,688,930.13","Health Care","6804682","JP3347200002","Tokyo Stock Exchange","Japan","USD","JPY","107.77"
"SAND","SANDVIK","Equity","0.20","18.33","91,238.00","1,672,766.06","1,672,766.06","Industrials","B1VQ252","SE0000667891","Nasdaq Omx Nordic","Sweden","USD","SEK","9.31"
"AKZAT","AKZO NOBEL NV","Equity","0.19","95.18","17,304.00","1,647,029.60","1,647,029.60","Materials","BJ2KSG2","NL0013267909","Euronext Amsterdam","Netherlands","USD","EUR","0.89"
"Z74","SINGAPORE TELECOMMUNICATIONS LTD","Equity","0.19","2.60","632,200.00","1,645,650.03","1,645,650.03","Communication","B02PY22","SG1T75931496","Singapore Exchange","Singapore","USD","SGD","1.36"
"BOL","BOLIDEN","Equity","0.19","25.45","64,494.00","1,641,218.48","1,641,218.48","Materials","BJV12J7","SE0012455673","Nasdaq Omx Nordic","Sweden","USD","SEK","9.31"
"6954","FANUC CORP","Equity","0.19","184.65","8,875.00","1,638,790.94","1,638,790.94","Industrials","6356934","JP3802400006","Tokyo Stock Exchange","Japan","USD","JPY","107.77"
"8001","ITOCHU CORP","Equity","0.19","19.55","83,500.00","1,632,499.77","1,632,499.77","Industrials","6467803","JP3143600009","Tokyo Stock Exchange","Japan","USD","JPY","107.77"
"19","SWIRE PACIFIC LTD A","Equity","0.19","12.54","129,000.00","1,617,360.35","1,617,360.35","Real Estate","6867748","HK0019000162","Hong Kong Exchanges And Clearing Ltd","Hong Kong","USD","HKD","7.80"
"KNIN","KUEHNE UND NAGEL INTERNATIONAL AG","Equity","0.19","146.65","10,981.00","1,610,316.52","1,610,316.52","Industrials","B142S60","CH0025238863","Six Swiss Exchange Ag","Switzerland","USD","CHF","0.99"
"LSE","LONDON STOCK EXCHANGE GROUP PLC","Equity","0.19","72.39","22,210.00","1,607,737.61","1,607,737.61","Financials","B0SWJX3","GB00B0SWJX34","London Stock Exchange","United Kingdom","USD","GBP","0.80"
"4911","SHISEIDO LTD","Equity","0.19","74.28","21,600.00","1,604,416.81","1,604,416.81","Consumer Staples","6805265","JP3351600006","Tokyo Stock Exchange","Japan","USD","JPY","107.77"
"4519","CHUGAI PHARMACEUTICAL LTD","Equity","0.19","67.92","23,600.00","1,602,969.29","1,602,969.29","Health Care","6196408","JP3519400000","Tokyo Stock Exchange","Japan","USD","JPY","107.77"
"TSCO","TESCO PLC","Equity","0.19","2.94","542,505.00","1,593,461.64","1,593,461.64","Consumer Staples","0884709","GB0008847096","London Stock Exchange","United Kingdom","USD","GBP","0.80"
"BT.A","BT GROUP PLC","Equity","0.19","2.51","632,861.00","1,590,126.55","1,590,126.55","Communication","3091357","GB0030913577","London Stock Exchange","United Kingdom","USD","GBP","0.80"
"7741","HOYA CORP","Equity","0.19","74.80","21,200.00","1,585,721.44","1,585,721.44","Health Care","6441506","JP3837800006","Tokyo Stock Exchange","Japan","USD","JPY","107.77"
"9005","TOKYU CORP","Equity","0.19","18.23","86,800.00","1,582,648.23","1,582,648.23","Industrials","6896548","JP3574200006","Tokyo Stock Exchange","Japan","USD","JPY","107.77"
"1605","INPEX CORP","Equity","0.19","8.89","177,500.00","1,578,509.79","1,578,509.79","Energy","B10RB15","JP3294460005","Tokyo Stock Exchange","Japan","USD","JPY","107.77"
"CSGN","CREDIT SUISSE GROUP AG","Equity","0.19","12.12","130,138.00","1,577,810.24","1,577,810.24","Financials","7171589","CH0012138530","Six Swiss Exchange Ag","Switzerland","USD","CHF","0.99"
"6645","OMRON CORP","Equity","0.18","52.33","30,100.00","1,575,243.57","1,575,243.57","Information Technology","6659428","JP3197800000","Tokyo Stock Exchange","Japan","USD","JPY","107.77"
"1925","DAIWA HOUSE INDUSTRY LTD","Equity","0.18","29.73","52,800.00","1,569,742.97","1,569,742.97","Real Estate","6251363","JP3505000004","Tokyo Stock Exchange","Japan","USD","JPY","107.77"
"ML","MICHELIN","Equity","0.18","125.73","12,377.00","1,556,188.89","1,556,188.89","Consumer Discretionary","4588364","FR0000121261","Nyse Euronext - Euronext Paris","France","USD","EUR","0.89"
"6702","FUJITSU LTD","Equity","0.18","72.07","21,400.00","1,542,301.20","1,542,301.20","Information Technology","6356945","JP3818000006","Tokyo Stock Exchange","Japan","USD","JPY","107.77"
"COLO B","COLOPLAST B","Equity","0.18","120.68","12,716.00","1,534,611.78","1,534,611.78","Health Care","B8FMRX8","DK0060448595","Omx Nordic Exchange Copenhagen A/S","Denmark","USD","DKK","6.62"
"ASSA B","ASSA ABLOY B","Equity","0.18","22.95","66,713.00","1,530,783.36","1,530,783.36","Industrials","BYPC1T4","SE0007100581","Nasdaq Omx Nordic","Sweden","USD","SEK","9.31"
"ERIC B","ERICSSON B","Equity","0.18","9.66","158,119.00","1,528,006.87","1,528,006.87","Information Technology","5959378","SE0000108656","Nasdaq Omx Nordic","Sweden","USD","SEK","9.31"
"6594","NIDEC CORP","Equity","0.18","137.33","11,100.00","1,524,357.43","1,524,357.43","Industrials","6640682","JP3734800000","Tokyo Stock Exchange","Japan","USD","JPY","107.77"
"2503","KIRIN HOLDINGS LTD","Equity","0.18","21.95","69,100.00","1,516,711.98","1,516,711.98","Consumer Staples","6493745","JP3258000003","Tokyo Stock Exchange","Japan","USD","JPY","107.77"
"EOAN","E.ON N","Equity","0.18","11.12","134,967.00","1,500,704.34","1,500,704.34","Utilities","4942904","DE000ENAG999","Xetra","Germany","USD","EUR","0.89"
"3407","ASAHI KASEI CORP","Equity","0.18","10.68","139,800.00","1,492,436.67","1,492,436.67","Materials","6054603","JP3111200006","Tokyo Stock Exchange","Japan","USD","JPY","107.77"
"SSE","SSE PLC","Equity","0.17","14.54","102,551.00","1,490,618.88","1,490,618.88","Utilities","0790873","GB0007908733","London Stock Exchange","United Kingdom","USD","GBP","0.80"
"NESTE","NESTE","Equity","0.17","34.24","43,442.00","1,487,425.95","1,487,425.95","Energy","B06YV46","FI0009013296","Nasdaq Omx Helsinki Ltd.","Finland","USD","EUR","0.89"
"9022","CENTRAL JAPAN RAILWAY","Equity","0.17","203.54","7,300.00","1,485,807.74","1,485,807.74","Industrials","6183552","JP3566800003","Tokyo Stock Exchange","Japan","USD","JPY","107.77"
"CRDA","CRODA INTERNATIONAL PLC","Equity","0.17","62.04","23,819.00","1,477,637.72","1,477,637.72","Materials","BJFFLV0","GB00BJFFLV09","London Stock Exchange","United Kingdom","USD","GBP","0.80"
"8630","SOMPO HOLDINGS INC","Equity","0.17","40.31","36,600.00","1,475,275.12","1,475,275.12","Financials","B62G7K6","JP3165000005","Tokyo Stock Exchange","Japan","USD","JPY","107.77"
"AD","KONINKLIJKE AHOLD DELHAIZE NV","Equity","0.17","22.90","63,564.00","1,455,707.45","1,455,707.45","Consumer Staples","BD0Q398","NL0011794037","Euronext Amsterdam","Netherlands","USD","EUR","0.89"
"6326","KUBOTA CORP","Equity","0.17","16.50","88,100.00","1,453,891.16","1,453,891.16","Industrials","6497509","JP3266400005","Tokyo Stock Exchange","Japan","USD","JPY","107.77"
"WPP","WPP PLC","Equity","0.17","12.49","116,310.00","1,453,019.80","1,453,019.80","Communication","B8KF9B4","JE00B8KF9B49","London Stock Exchange","United Kingdom","USD","GBP","0.80"
"4204","SEKISUI CHEMICAL LTD","Equity","0.17","15.18","95,700.00","1,452,771.64","1,452,771.64","Consumer Discretionary","6793821","JP3419400001","Tokyo Stock Exchange","Japan","USD","JPY","107.77"
"8802","MITSUBISHI ESTATE CO LTD","Equity","0.17","18.89","76,800.00","1,450,555.81","1,450,555.81","Real Estate","6596729","JP3899600005","Tokyo Stock Exchange","Japan","USD","JPY","107.77"
"LGEN","LEGAL AND GENERAL GROUP PLC","Equity","0.17","3.47","417,163.00","1,448,038.23","1,448,038.23","Financials","0560399","GB0005603997","London Stock Exchange","United Kingdom","USD","GBP","0.80"
"SGSN","SGS SA","Equity","0.17","2,549.57","567.00","1,445,604.18","1,445,604.18","Industrials","4824778","CH0002497458","Six Swiss Exchange Ag","Switzerland","USD","CHF","0.99"
"SIKA","SIKA AG","Equity","0.17","170.17","8,474.00","1,442,053.85","1,442,053.85","Materials","BF2DSG3","CH0418792922","Six Swiss Exchange Ag","Switzerland","USD","CHF","0.99"
"CAP","CAPGEMINI","Equity","0.17","125.90","11,429.00","1,438,928.70","1,438,928.70","Information Technology","4163437","FR0000125338","Nyse Euronext - Euronext Paris","France","USD","EUR","0.89"
"VOLV B","VOLVO CLASS B","Equity","0.17","16.15","88,693.00","1,432,782.52","1,432,782.52","Industrials","B1QH830","SE0000115446","Nasdaq Omx Nordic","Sweden","USD","SEK","9.31"
"FER","FERROVIAL SA","Equity","0.17","26.05","54,713.00","1,425,218.03","1,425,218.03","Industrials","B038516","ES0118900010","Bolsa De Madrid","Spain","USD","EUR","0.89"
"3382","SEVEN & I HOLDINGS LTD","Equity","0.17","34.24","41,600.00","1,424,366.71","1,424,366.71","Consumer Staples","B0FS5D6","JP3422950000","Tokyo Stock Exchange","Japan","USD","JPY","107.77"
"KRZ","KERRY GROUP PLC","Equity","0.17","118.34","12,012.00","1,421,535.34","1,421,535.34","Consumer Staples","4519579","IE0004906560","Irish Stock Exchange - All Market","Ireland","USD","EUR","0.89"
"BLND","BRITISH LAND REIT PLC","Equity","0.17","6.95","204,015.00","1,417,361.37","1,417,361.37","Real Estate","0136701","GB0001367019","London Stock Exchange","United Kingdom","USD","GBP","0.80"
"KBC","KBC GROEP","Equity","0.17","67.24","21,073.00","1,416,900.90","1,416,900.90","Financials","4497749","BE0003565737","Nyse Euronext - Euronext Brussels","Belgium","USD","EUR","0.89"
"9020","EAST JAPAN RAILWAY","Equity","0.17","94.18","15,000.00","1,412,730.82","1,412,730.82","Industrials","6298542","JP3783600004","Tokyo Stock Exchange","Japan","USD","JPY","107.77"
"TEL","TELENOR","Equity","0.17","21.61","65,191.00","1,409,087.82","1,409,087.82","Communication","4732495","NO0010063308","Oslo Bors Asa","Norway","USD","NOK","8.55"
"1928","SEKISUI HOUSE LTD","Equity","0.17","17.01","82,700.00","1,406,598.31","1,406,598.31","Consumer Discretionary","6793906","JP3420600003","Tokyo Stock Exchange","Japan","USD","JPY","107.77"
"CARL B","CARLSBERG AS CL B","Equity","0.16","138.88","10,110.00","1,404,105.11","1,404,105.11","Consumer Staples","4169219","DK0010181759","Omx Nordic Exchange Copenhagen A/S","Denmark","USD","DKK","6.62"
"TEP","TELEPERFORMANCE","Equity","0.16","201.04","6,958.00","1,398,810.78","1,398,810.78","Industrials","5999330","FR0000051807","Nyse Euronext - Euronext Paris","France","USD","EUR","0.89"
"SGO","COMPAGNIE DE SAINT GOBAIN SA","Equity","0.16","38.99","35,667.00","1,390,615.81","1,390,615.81","Industrials","7380482","FR0000125007","Nyse Euronext - Euronext Paris","France","USD","EUR","0.89"
"DG","VINCI SA","Equity","0.16","104.22","13,339.00","1,390,170.53","1,390,170.53","Industrials","B1XH026","FR0000125486","Nyse Euronext - Euronext Paris","France","USD","EUR","0.89"
"GEBN","GEBERIT AG","Equity","0.16","467.22","2,975.00","1,389,972.62","1,389,972.62","Industrials","B1WGG93","CH0030170408","Six Swiss Exchange Ag","Switzerland","USD","CHF","0.99"
"3402","TORAY INDUSTRIES INC","Equity","0.16","7.51","185,000.00","1,388,916.21","1,388,916.21","Materials","6897143","JP3621000003","Tokyo Stock Exchange","Japan","USD","JPY","107.77"
"NTGY","NATURGY ENERGY SA","Equity","0.16","28.08","49,383.00","1,386,657.53","1,386,657.53","Utilities","5650422","ES0116870314","Bolsa De Madrid","Spain","USD","EUR","0.89"
"NXPI","NXP SEMICONDUCTORS NV","Equity","0.16","97.68","14,182.00","1,385,297.76","1,385,297.76","Information Technology","B505PN7","NL0009538784","NASDAQ","Netherlands","USD","USD","1.00"
"VIV","VIVENDI SA","Equity","0.16","28.14","49,114.00","1,381,874.50","1,381,874.50","Communication","4834777","FR0000127771","Nyse Euronext - Euronext Paris","France","USD","EUR","0.89"
"DSY","DASSAULT SYSTEMES","Equity","0.16","165.16","8,261.00","1,364,396.34","1,364,396.34","Information Technology","5330047","FR0000130650","Nyse Euronext - Euronext Paris","France","USD","EUR","0.89"
"IHG","INTERCONTINENTAL HOTELS GROUP PLC","Equity","0.16","67.27","20,225.00","1,360,634.14","1,360,634.14","Consumer Discretionary","BHJYC05","GB00BHJYC057","London Stock Exchange","United Kingdom","USD","GBP","0.80"
"SYD","SYDNEY AIRPORT STAPLED UNITS LTD","Equity","0.16","5.74","236,451.00","1,356,685.85","1,356,685.85","Industrials","B70DWB2","AU000000SYD9","Asx - All Markets","Australia","USD","AUD","1.42"
"O39","OVERSEA-CHINESE BANKING LTD","Equity","0.16","8.47","160,200.00","1,356,165.47","1,356,165.47","Financials","B0F9V20","SG1S04926220","Singapore Exchange","Singapore","USD","SGD","1.36"
"SEB A","SKANDINAVISKA ENSKILDA BANKEN","Equity","0.16","9.52","140,798.00","1,340,364.61","1,340,364.61","Financials","4813345","SE0000148884","Nasdaq Omx Nordic","Sweden","USD","SEK","9.31"
"C31","CAPITALAND","Equity","0.16","2.71","493,400.00","1,338,921.91","1,338,921.91","Real Estate","6309303","SG1J27887962","Singapore Exchange","Singapore","USD","SGD","1.36"
"SGRO","SEGRO REIT PLC","Equity","0.16","9.44","141,635.00","1,337,367.36","1,337,367.36","Real Estate","B5ZN1N8","GB00B5ZN1N88","London Stock Exchange","United Kingdom","USD","GBP","0.80"
"8725","MS&AD INSURANCE GROUP HOLDINGS INC","Equity","0.16","32.67","40,700.00","1,329,727.20","1,329,727.20","Financials","B2Q4CS1","JP3890310000","Tokyo Stock Exchange","Japan","USD","JPY","107.77"
"BMW","BMW AG","Equity","0.16","75.15","17,660.00","1,327,079.62","1,327,079.62","Consumer Discretionary","5756029","DE0005190003","Xetra","Germany","USD","EUR","0.89"
"EXPN","EXPERIAN PLC","Equity","0.16","30.62","43,125.00","1,320,316.34","1,320,316.34","Industrials","B19NLV4","GB00B19NLV48","London Stock Exchange","United Kingdom","USD","GBP","0.80"
"BA.","BAE SYSTEMS PLC","Equity","0.15","6.24","211,531.00","1,320,228.09","1,320,228.09","Industrials","0263494","GB0002634946","London Stock Exchange","United Kingdom","USD","GBP","0.80"
"3401","TEIJIN LTD","Equity","0.15","17.15","76,900.00","1,318,652.69","1,318,652.69","Materials","6880507","JP3544000007","Tokyo Stock Exchange","Japan","USD","JPY","107.77"
"5108","BRIDGESTONE CORP","Equity","0.15","39.46","33,200.00","1,310,193.93","1,310,193.93","Consumer Discretionary","6132101","JP3830800003","Tokyo Stock Exchange","Japan","USD","JPY","107.77"
"ENGI","ENGIE SA","Equity","0.15","15.68","83,475.00","1,308,524.40","1,308,524.40","Utilities","B0C2CQ3","FR0010208488","Nyse Euronext - Euronext Paris","France","USD","EUR","0.89"
"VWS","VESTAS WIND SYSTEMS","Equity","0.15","89.48","14,614.00","1,307,730.61","1,307,730.61","Industrials","5964651","DK0010268606","Omx Nordic Exchange Copenhagen A/S","Denmark","USD","DKK","6.62"
"NCM","NEWCREST MINING LTD","Equity","0.15","22.50","57,924.00","1,303,336.34","1,303,336.34","Materials","6637101","AU000000NCM7","Asx - All Markets","Australia","USD","AUD","1.42"
"4523","EISAI LTD","Equity","0.15","57.80","22,500.00","1,300,477.87","1,300,477.87","Health Care","6307200","JP3160400002","Tokyo Stock Exchange","Japan","USD","JPY","107.77"
"C09","CITY DEVELOPMENTS LTD","Equity","0.15","7.11","180,800.00","1,285,238.55","1,285,238.55","Real Estate","6197928","SG1R89002252","Singapore Exchange","Singapore","USD","SGD","1.36"
"UG","PEUGEOT SA","Equity","0.15","24.83","51,749.00","1,284,957.76","1,284,957.76","Consumer Discretionary","7103526","FR0000121501","Nyse Euronext - Euronext Paris","France","USD","EUR","0.89"
"INF","INFORMA PLC","Equity","0.15","10.45","122,951.00","1,284,517.15","1,284,517.15","Communication","BMJ6DW5","GB00BMJ6DW54","London Stock Exchange","United Kingdom","USD","GBP","0.80"
"8801","MITSUI FUDOSAN LTD","Equity","0.15","24.40","52,600.00","1,283,641.09","1,283,641.09","Real Estate","6597603","JP3893200000","Tokyo Stock Exchange","Japan","USD","JPY","107.77"
"UPM","UPM-KYMMENE","Equity","0.15","26.58","48,034.00","1,276,705.97","1,276,705.97","Materials","5051252","FI0009005987","Nasdaq Omx Helsinki Ltd.","Finland","USD","EUR","0.89"
"4578","OTSUKA HOLDINGS LTD","Equity","0.15","35.19","36,100.00","1,270,216.20","1,270,216.20","Health Care","B5LTM93","JP3188220002","Tokyo Stock Exchange","Japan","USD","JPY","107.77"
"823","LINK REAL ESTATE INVESTMENT TRUST","Equity","0.15","12.56","101,000.00","1,268,248.57","1,268,248.57","Real Estate","B0PB4M7","HK0823032773","Hong Kong Exchanges And Clearing Ltd","Hong Kong","USD","HKD","7.80"
"HEI","HEIDELBERGCEMENT AG","Equity","0.15","80.62","15,696.00","1,265,373.83","1,265,373.83","Materials","5120679","DE0006047004","Xetra","Germany","USD","EUR","0.89"
"4543","TERUMO CORP","Equity","0.15","30.08","42,000.00","1,263,468.50","1,263,468.50","Health Care","6885074","JP3546800008","Tokyo Stock Exchange","Japan","USD","JPY","107.77"
"9434","SOFTBANK CORP","Equity","0.15","13.30","94,300.00","1,253,891.62","1,253,891.62","Communication","BF5M0K5","JP3732000009","Tokyo Stock Exchange","Japan","USD","JPY","107.77"
"SGP","STOCKLAND STAPLED UNITS LTD","Equity","0.15","3.05","409,042.00","1,248,261.61","1,248,261.61","Real Estate","6850856","AU000000SGP0","Asx - All Markets","Australia","USD","AUD","1.42"
"ATCO A","ATLAS COPCO CLASS A","Equity","0.15","32.26","38,591.00","1,244,757.35","1,244,757.35","Industrials","BD97BN2","SE0011166610","Nasdaq Omx Nordic","Sweden","USD","SEK","9.31"
"TELIA","TELIA COMPANY","Equity","0.15","4.61","269,910.00","1,244,456.60","1,244,456.60","Communication","5978384","SE0000667925","Nasdaq Omx Nordic","Sweden","USD","SEK","9.31"
"8267","AEON LTD","Equity","0.15","17.75","69,800.00","1,238,679.60","1,238,679.60","Consumer Staples","6480048","JP3388200002","Tokyo Stock Exchange","Japan","USD","JPY","107.77"
"CNHI","CNH INDUSTRIAL NV","Equity","0.15","10.60","116,786.00","1,237,679.47","1,237,679.47","Industrials","BDSV2V0","NL0010545661","Borsa Italiana","Italy","USD","EUR","0.89"
"III","3I GROUP PLC","Equity","0.14","14.55","84,088.00","1,223,836.55","1,223,836.55","Financials","B1YW440","GB00B1YW4409","London Stock Exchange","United Kingdom","USD","GBP","0.80"
"LISN","CHOCOLADEFABRIKEN LINDT & SPRUENGL","Equity","0.14","81,334.62","15.00","1,220,019.27","1,220,019.27","Consumer Staples","5962309","CH0010570759","SIX Swiss Exchange","Switzerland","USD","CHF","0.99"
"TEF","TELEFONICA SA","Equity","0.14","8.26","146,251.00","1,207,749.24","1,207,749.24","Communication","5732524","ES0178430E18","Bolsa De Madrid","Spain","USD","EUR","0.89"
"MNDI","MONDI PLC","Equity","0.14","22.88","52,764.00","1,207,425.23","1,207,425.23","Materials","B1CRLC4","GB00B1CRLC47","London Stock Exchange","United Kingdom","USD","GBP","0.80"
"GFC","GECINA REIT SA","Equity","0.14","149.25","8,083.00","1,206,422.06","1,206,422.06","Real Estate","7742468","FR0010040865","Nyse Euronext - Euronext Paris","France","USD","EUR","0.89"
"WDI","WIRECARD AG","Equity","0.14","172.72","6,921.00","1,195,393.49","1,195,393.49","Information Technology","7508927","DE0007472060","Xetra","Germany","USD","EUR","0.89"
"MGR","MIRVAC GROUP STAPLED UNITS","Equity","0.14","2.26","526,777.00","1,188,994.42","1,188,994.42","Real Estate","6161978","AU000000MGR9","Asx - All Markets","Australia","USD","AUD","1.42"
"MTX","MTU AERO ENGINES HOLDING AG","Equity","0.14","241.76","4,889.00","1,181,977.08","1,181,977.08","Industrials","B09DHL9","DE000A0D9PT0","Xetra","Germany","USD","EUR","0.89"
"LHN","LAFARGEHOLCIM LTD","Equity","0.14","48.94","23,907.00","1,170,074.36","1,170,074.36","Materials","7110753","CH0012214059","Six Swiss Exchange Ag","Switzerland","USD","CHF","0.99"
"ALL","ARISTOCRAT LEISURE LTD","Equity","0.14","20.96","55,667.00","1,166,830.50","1,166,830.50","Consumer Discretionary","6253983","AU000000ALL7","Asx - All Markets","Australia","USD","AUD","1.42"
"ANTO","ANTOFAGASTA PLC","Equity","0.14","11.50","101,484.00","1,166,573.30","1,166,573.30","Materials","0045614","GB0000456144","London Stock Exchange","United Kingdom","USD","GBP","0.80"
"SOON","SONOVA HOLDING AG","Equity","0.13","226.76","5,055.00","1,146,288.73","1,146,288.73","Health Care","7156036","CH0012549785","Six Swiss Exchange Ag","Switzerland","USD","CHF","0.99"
"5401","NIPPON STEEL CORP","Equity","0.13","17.23","66,500.00","1,145,870.84","1,145,870.84","Materials","6642569","JP3381000003","Tokyo Stock Exchange","Japan","USD","JPY","107.77"
"6988","NITTO DENKO CORP","Equity","0.13","48.71","23,500.00","1,144,799.11","1,144,799.11","Materials","6641801","JP3684000007","Tokyo Stock Exchange","Japan","USD","JPY","107.77"
"7751","CANON INC","Equity","0.13","29.54","38,700.00","1,143,368.28","1,143,368.28","Information Technology","6172323","JP3242800005","Tokyo Stock Exchange","Japan","USD","JPY","107.77"
"6869","SYSMEX CORP","Equity","0.13","67.99","16,800.00","1,142,187.99","1,142,187.99","Health Care","6883807","JP3351100007","Tokyo Stock Exchange","Japan","USD","JPY","107.77"
"UCG","UNICREDIT","Equity","0.13","12.57","90,838.00","1,141,409.87","1,141,409.87","Financials","BYMXPS7","IT0005239360","Borsa Italiana","Italy","USD","EUR","0.89"
"DXS","DEXUS STAPLED UNITS","Equity","0.13","9.49","119,841.00","1,137,593.69","1,137,593.69","Real Estate","B033YN6","AU000000DXS1","Asx - All Markets","Australia","USD","AUD","1.42"
"APA","APA GROUP UNITS","Equity","0.13","7.86","144,616.00","1,136,857.76","1,136,857.76","Utilities","6247306","AU000000APA1","Asx - All Markets","Australia","USD","AUD","1.42"
"BN4","KEPPEL LTD","Equity","0.13","4.93","230,000.00","1,134,650.84","1,134,650.84","Industrials","B1VQ5C0","SG1U68934629","Singapore Exchange","Singapore","USD","SGD","1.36"
"SDR","SCHRODERS PLC","Equity","0.13","39.28","28,815.00","1,131,982.90","1,131,982.90","Financials","0240549","GB0002405495","London Stock Exchange","United Kingdom","USD","GBP","0.80"
"CCH","COCA COLA HBC AG","Equity","0.13","38.62","28,740.00","1,109,900.35","1,109,900.35","Consumer Staples","B9895B7","CH0198251305","London Stock Exchange","United Kingdom","USD","GBP","0.80"
"5713","SUMITOMO METAL MINING LTD","Equity","0.13","29.15","37,800.00","1,102,046.95","1,102,046.95","Materials","6858849","JP3402600005","Tokyo Stock Exchange","Japan","USD","JPY","107.77"
"HM B","HENNES & MAURITZ","Equity","0.13","17.77","61,385.00","1,091,098.48","1,091,098.48","Consumer Discretionary","5687431","SE0000106270","Nasdaq Omx Nordic","Sweden","USD","SEK","9.31"
"FRE","FRESENIUS SE AND CO KGAA","Equity","0.13","54.33","19,871.00","1,079,513.20","1,079,513.20","Health Care","4352097","DE0005785604","Xetra","Germany","USD","EUR","0.89"
"9531","TOKYO GAS LTD","Equity","0.13","24.44","43,900.00","1,072,957.22","1,072,957.22","Utilities","6895448","JP3573000001","Tokyo Stock Exchange","Japan","USD","JPY","107.77"
"DCC","DCC PLC","Equity","0.13","89.90","11,905.00","1,070,269.36","1,070,269.36","Industrials","0242493","IE0002424939","London Stock Exchange","United Kingdom","USD","GBP","0.80"
"HEN","HENKEL AG","Equity","0.13","94.60","11,269.00","1,065,995.31","1,065,995.31","Consumer Staples","5002465","DE0006048408","Xetra","Germany","USD","EUR","0.89"
"MKS","MARKS AND SPENCER GROUP PLC","Equity","0.12","2.68","391,608.00","1,049,387.22","1,049,387.22","Consumer Discretionary","3127489","GB0031274896","London Stock Exchange","United Kingdom","USD","GBP","0.80"
"SWED A","SWEDBANK","Equity","0.12","15.31","67,921.00","1,039,609.00","1,039,609.00","Financials","4846523","SE0000242455","Nasdaq Omx Nordic","Sweden","USD","SEK","9.31"
"IAG","INSURANCE AUSTRALIA GROUP LTD","Equity","0.12","5.98","173,243.00","1,035,434.43","1,035,434.43","Financials","6271026","AU000000IAG3","Asx - All Markets","Australia","USD","AUD","1.42"
"REE","RED ELECTRICA SA","Equity","0.12","21.32","48,346.00","1,030,835.10","1,030,835.10","Utilities","BD6FXN3","ES0173093024","Bolsa De Madrid","Spain","USD","EUR","0.89"
"9532","OSAKA GAS LTD","Equity","0.12","17.90","57,500.00","1,029,205.72","1,029,205.72","Utilities","6661768","JP3180400008","Tokyo Stock Exchange","Japan","USD","JPY","107.77"
"SOLB","SOLVAY SA","Equity","0.12","101.87","10,080.00","1,026,869.21","1,026,869.21","Materials","4821100","BE0003470755","Nyse Euronext - Euronext Brussels","Belgium","USD","EUR","0.89"
"ORG","ORIGIN ENERGY LTD","Equity","0.12","5.22","196,268.00","1,025,383.42","1,025,383.42","Energy","6214861","AU000000ORG5","Asx - All Markets","Australia","USD","AUD","1.42"
"9042","HANKYU HANSHIN HOLDINGS INC","Equity","0.12","36.28","28,000.00","1,015,867.12","1,015,867.12","Industrials","6408664","JP3774200004","Tokyo Stock Exchange","Japan","USD","JPY","107.77"
"VIFN","VIFOR PHARMA AG","Equity","0.12","146.24","6,936.00","1,014,320.98","1,014,320.98","Health Care","BZ12TW4","CH0364749348","Six Swiss Exchange Ag","Switzerland","USD","CHF","0.99"
"5333","NGK INSULATORS LTD","Equity","0.12","14.95","67,500.00","1,009,023.85","1,009,023.85","Industrials","6619507","JP3695200000","Tokyo Stock Exchange","Japan","USD","JPY","107.77"
"ORK","ORKLA","Equity","0.12","9.13","109,575.00","1,000,192.05","1,000,192.05","Consumer Staples","B1VQF42","NO0003733800","Oslo Bors Asa","Norway","USD","NOK","8.55"
"WLN","WORLDLINE SA","Equity","0.12","72.20","13,848.00","999,847.76","999,847.76","Information Technology","BNFWR44","FR0011981968","Nyse Euronext - Euronext Paris","France","USD","EUR","0.89"
"9008","KEIO CORP","Equity","0.12","67.09","14,900.00","999,601.00","999,601.00","Industrials","6487362","JP3277800003","Tokyo Stock Exchange","Japan","USD","JPY","107.77"
"9613","NTT DATA CORP","Equity","0.12","13.74","72,600.00","997,685.81","997,685.81","Information Technology","6125639","JP3165700000","Tokyo Stock Exchange","Japan","USD","JPY","107.77"
"2651","LAWSON INC","Equity","0.12","48.62","20,500.00","996,752.34","996,752.34","Consumer Staples","6266914","JP3982100004","Tokyo Stock Exchange","Japan","USD","JPY","107.77"
"669","TECHTRONIC INDUSTRIES LTD","Equity","0.12","7.84","127,000.00","995,279.93","995,279.93","Industrials","B0190C7","HK0669013440","Hong Kong Exchanges And Clearing Ltd","Hong Kong","USD","HKD","7.80"
"GLE","SOCIETE GENERALE SA","Equity","0.12","25.20","39,282.00","989,797.60","989,797.60","Financials","5966516","FR0000130809","Nyse Euronext - Euronext Paris","France","USD","EUR","0.89"
"4188","MITSUBISHI CHEMICAL CORP","Equity","0.12","7.07","138,800.00","981,916.30","981,916.30","Materials","B0JQTJ0","JP3897700005","Tokyo Stock Exchange","Japan","USD","JPY","107.77"
"1803","SHIMIZU CORP","Equity","0.12","8.57","114,400.00","980,844.39","980,844.39","Industrials","6804400","JP3358800005","Tokyo Stock Exchange","Japan","USD","JPY","107.77"
"CNP","CNP ASSURANCES SA","Equity","0.11","23.06","42,465.00","979,216.83","979,216.83","Financials","5543986","FR0000120222","Nyse Euronext - Euronext Paris","France","USD","EUR","0.89"
"6701","NEC CORP","Equity","0.11","40.87","23,900.00","976,890.60","976,890.60","Information Technology","6640400","JP3733000008","Tokyo Stock Exchange","Japan","USD","JPY","107.77"
"AIA","AUCKLAND INTERNATIONAL AIRPORT LTD","Equity","0.11","6.45","150,742.00","972,897.61","972,897.61","Industrials","BKX3XG2","NZAIAE0002S6","New Zealand Exchange Ltd","New Zealand","USD","NZD","1.49"
"ATO","ATOS","Equity","0.11","86.28","11,261.00","971,609.35","971,609.35","Information Technology","5654781","FR0000051732","Nyse Euronext - Euronext Paris","France","USD","EUR","0.89"
"ITRK","INTERTEK GROUP PLC","Equity","0.11","72.19","13,447.00","970,698.56","970,698.56","Industrials","3163836","GB0031638363","London Stock Exchange","United Kingdom","USD","GBP","0.80"
"RR.","ROLLS-ROYCE HOLDINGS PLC","Equity","0.11","10.98","88,168.00","967,647.04","967,647.04","Industrials","B63H849","GB00B63H8491","London Stock Exchange","United Kingdom","USD","GBP","0.80"
"ADEN","ADECCO GROUP AG","Equity","0.11","60.08","16,103.00","967,437.47","967,437.47","Industrials","7110720","CH0012138605","Six Swiss Exchange Ag","Switzerland","USD","CHF","0.99"
"EDP","EDP ENERGIAS DE PORTUGAL SA","Equity","0.11","3.89","248,704.00","966,862.89","966,862.89","Utilities","4103596","PTEDP0AM0009","Nyse Euronext - Euronext Lisbon","Portugal","USD","EUR","0.89"
"8308","RESONA HOLDINGS INC","Equity","0.11","4.18","230,300.00","961,844.95","961,844.95","Financials","6421553","JP3500610005","Tokyo Stock Exchange","Japan","USD","JPY","107.77"
"ASX","ASX LTD","Equity","0.11","59.48","16,110.00","958,214.08","958,214.08","Financials","6129222","AU000000ASX7","Asx - All Markets","Australia","USD","AUD","1.42"
"RHC","RAMSAY HEALTH CARE LTD","Equity","0.11","51.15","18,735.00","958,241.50","958,241.50","Health Care","6041995","AU000000RHC8","Asx - All Markets","Australia","USD","AUD","1.42"
"CCL","COCA-COLA AMATIL LTD","Equity","0.11","7.26","131,742.00","955,986.88","955,986.88","Consumer Staples","6123451","AU000000CCL2","Asx - All Markets","Australia","USD","AUD","1.42"
"GMG","GOODMAN GROUP UNITS","Equity","0.11","10.99","86,958.00","955,688.81","955,688.81","Real Estate","B03FYZ4","AU000000GMG2","Asx - All Markets","Australia","USD","AUD","1.42"
"8604","NOMURA HOLDINGS INC","Equity","0.11","3.53","270,200.00","954,989.14","954,989.14","Financials","6643108","JP3762600009","Tokyo Stock Exchange","Japan","USD","JPY","107.77"
"KGF","KINGFISHER PLC","Equity","0.11","2.77","343,880.00","953,892.31","953,892.31","Consumer Discretionary","3319521","GB0033195214","London Stock Exchange","United Kingdom","USD","GBP","0.80"
"UCB","UCB SA","Equity","0.11","84.79","11,197.00","949,413.27","949,413.27","Health Care","5596991","BE0003739530","Nyse Euronext - Euronext Brussels","Belgium","USD","EUR","0.89"
"STM","STMICROELECTRONICS NV","Equity","0.11","18.05","52,467.00","947,050.34","947,050.34","Information Technology","5962332","NL0000226223","Nyse Euronext - Euronext Paris","France","USD","EUR","0.89"
"WKL","WOLTERS KLUWER NV","Equity","0.11","73.78","12,827.00","946,389.02","946,389.02","Industrials","5671519","NL0000395903","Euronext Amsterdam","Netherlands","USD","EUR","0.89"
"RACE","FERRARI NV","Equity","0.11","167.64","5,636.00","944,836.46","944,836.46","Consumer Discretionary","BD6G507","NL0011585146","Borsa Italiana","Italy","USD","EUR","0.89"
"TEL2 B","TELE2 B","Equity","0.11","14.62","64,392.00","941,689.57","941,689.57","Communication","B97C733","SE0005190238","Nasdaq Omx Nordic","Sweden","USD","SEK","9.31"
"SLA","STANDARD LIFE ABERDEEN PLC","Equity","0.11","3.81","246,045.00","938,137.72","938,137.72","Financials","BF8Q6K6","GB00BF8Q6K64","London Stock Exchange","United Kingdom","USD","GBP","0.80"
"FLTR","FLUTTER ENTERTAINMENT PLC","Equity","0.11","86.10","10,896.00","938,150.05","938,150.05","Consumer Discretionary","BWT6H89","IE00BWT6H894","Irish Stock Exchange - All Market","Ireland","USD","EUR","0.89"
"DWNI","DEUTSCHE WOHNEN","Equity","0.11","37.56","24,925.00","936,086.13","936,086.13","Real Estate","B0YZ0Z5","DE000A0HN5C6","Xetra","Germany","USD","EUR","0.89"
"9142","KYUSHU RAILWAY","Equity","0.11","29.79","31,300.00","932,290.99","932,290.99","Industrials","BD2BST6","JP3247010006","Tokyo Stock Exchange","Japan","USD","JPY","107.77"
"BKG","BERKELEY GROUP HOLDINGS (THE) PLC","Equity","0.11","48.15","19,356.00","932,068.42","932,068.42","Consumer Discretionary","B02L3W3","GB00B02L3W35","London Stock Exchange","United Kingdom","USD","GBP","0.80"
"WES","WESFARMERS LTD","Equity","0.11","25.60","36,402.00","931,952.77","931,952.77","Consumer Discretionary","6948836","AU000000WES1","Asx - All Markets","Australia","USD","AUD","1.42"
"WOW","WOOLWORTHS GROUP LTD","Equity","0.11","23.78","39,100.00","929,818.84","929,818.84","Consumer Staples","6981239","AU000000WOW2","Asx - All Markets","Australia","USD","AUD","1.42"
"ICA","ICA GRUPPEN","Equity","0.11","43.49","21,360.00","928,870.16","928,870.16","Consumer Staples","B0S1651","SE0000652216","Nasdaq Omx Nordic","Sweden","USD","SEK","9.31"
"METSO","METSO","Equity","0.11","40.32","22,980.00","926,555.46","926,555.46","Industrials","5713422","FI0009007835","Nasdaq Omx Helsinki Ltd.","Finland","USD","EUR","0.89"
"FMG","FORTESCUE METALS GROUP LTD","Equity","0.11","6.61","140,122.00","926,151.77","926,151.77","Materials","6086253","AU000000FMG4","Asx - All Markets","Australia","USD","AUD","1.42"
"QIA","QIAGEN NV","Equity","0.11","40.79","22,559.00","920,269.68","920,269.68","Health Care","BYXS699","NL0012169213","Xetra","Germany","USD","EUR","0.89"
"9843","NITORI HOLDINGS LTD","Equity","0.11","129.35","7,100.00","918,381.74","918,381.74","Consumer Discretionary","6644800","JP3756100008","Tokyo Stock Exchange","Japan","USD","JPY","107.77"
"MCRO","MICRO FOCUS INTERNATIONAL PLC","Equity","0.11","27.09","33,887.00","917,857.45","917,857.45","Information Technology","BJ1F4N7","GB00BJ1F4N75","London Stock Exchange","United Kingdom","USD","GBP","0.80"
"6268","NABTESCO CORP","Equity","0.11","28.58","32,000.00","914,540.22","914,540.22","Industrials","6687571","JP3651210001","Tokyo Stock Exchange","Japan","USD","JPY","107.77"
"4536","SANTEN PHARMACEUTICAL LTD","Equity","0.11","16.58","55,100.00","913,646.65","913,646.65","Health Care","6776606","JP3336000009","Tokyo Stock Exchange","Japan","USD","JPY","107.77"
"JMAT","JOHNSON MATTHEY PLC","Equity","0.11","42.63","21,425.00","913,267.60","913,267.60","Materials","BZ4BQC7","GB00BZ4BQC70","London Stock Exchange","United Kingdom","USD","GBP","0.80"
"7731","NIKON CORP","Equity","0.11","14.46","63,100.00","912,218.61","912,218.61","Consumer Discretionary","6642321","JP3657400002","Tokyo Stock Exchange","Japan","USD","JPY","107.77"
"8795","T&D HOLDINGS INC","Equity","0.11","11.11","82,100.00","912,264.54","912,264.54","Financials","6744294","JP3539220008","Tokyo Stock Exchange","Japan","USD","JPY","107.77"
"4755","RAKUTEN INC","Equity","0.11","11.30","80,600.00","910,928.83","910,928.83","Consumer Discretionary","6229597","JP3967200001","Tokyo Stock Exchange","Japan","USD","JPY","107.77"
"WOR","WORLEYPARSONS LTD","Equity","0.11","10.74","84,828.00","910,806.76","910,806.76","Energy","6562474","AU000000WOR2","Asx - All Markets","Australia","USD","AUD","1.42"
"TLS","TELSTRA CORPORATION LTD","Equity","0.11","2.71","335,334.00","910,149.79","910,149.79","Communication","6087289","AU000000TLS2","Asx - All Markets","Australia","USD","AUD","1.42"
"TRN","TERNA RETE ELETTRICA NAZIONALE","Equity","0.11","6.62","137,365.00","909,664.07","909,664.07","Utilities","B01BN57","IT0003242622","Borsa Italiana","Italy","USD","EUR","0.89"
"AHT","ASHTEAD GROUP PLC","Equity","0.11","29.37","30,966.00","909,542.46","909,542.46","Industrials","0053673","GB0000536739","London Stock Exchange","United Kingdom","USD","GBP","0.80"
"SPX","SPIRAX-SARCO ENGINEERING PLC","Equity","0.11","118.09","7,695.00","908,719.48","908,719.48","Industrials","BWFGQN1","GB00BWFGQN14","London Stock Exchange","United Kingdom","USD","GBP","0.80"
"COH","COCHLEAR LTD","Equity","0.11","151.49","5,996.00","908,313.87","908,313.87","Health Care","6211798","AU000000COH5","Asx - All Markets","Australia","USD","AUD","1.42"
"MEL","MERIDIAN ENERGY LTD","Equity","0.11","3.13","289,866.00","908,180.03","908,180.03","Utilities","BWFD052","NZMELE0002S7","New Zealand Exchange Ltd","New Zealand","USD","NZD","1.49"
"BDEV","BARRATT DEVELOPMENTS PLC","Equity","0.11","7.35","123,506.00","907,999.76","907,999.76","Consumer Discretionary","0081180","GB0000811801","London Stock Exchange","United Kingdom","USD","GBP","0.80"
"4902","KONICA MINOLTA INC","Equity","0.11","9.90","91,600.00","906,905.45","906,905.45","Information Technology","6496700","JP3300600008","Tokyo Stock Exchange","Japan","USD","JPY","107.77"
"DBK","DEUTSCHE BANK AG","Equity","0.11","7.82","115,792.00","905,532.32","905,532.32","Financials","5750355","DE0005140008","Xetra","Germany","USD","EUR","0.89"
"4528","ONO PHARMACEUTICAL LTD","Equity","0.11","19.04","47,500.00","904,426.09","904,426.09","Health Care","6660107","JP3197600004","Tokyo Stock Exchange","Japan","USD","JPY","107.77"
"PUM","PUMA","Equity","0.11","67.41","13,409.00","903,859.96","903,859.96","Consumer Discretionary","5064722","DE0006969603","Xetra","Germany","USD","EUR","0.89"
"BEI","BEIERSDORF AG","Equity","0.11","122.46","7,370.00","902,535.23","902,535.23","Consumer Staples","5107401","DE0005200000","Xetra","Germany","USD","EUR","0.89"
"VPK","KONINKLIJKE VOPAK NV","Equity","0.11","46.73","19,275.00","900,681.68","900,681.68","Energy","5809428","NL0009432491","Euronext Amsterdam","Netherlands","USD","EUR","0.89"
"HO","THALES SA","Equity","0.11","122.91","7,317.00","899,346.68","899,346.68","Industrials","4162791","FR0000121329","Nyse Euronext - Euronext Paris","France","USD","EUR","0.89"
"COL","COLES GROUP LTD","Equity","0.11","9.60","93,635.00","898,708.50","898,708.50","Consumer Staples","BYWR0T5","AU0000030678","Asx - All Markets","Australia","USD","AUD","1.42"
"SKA B","SKANSKA B","Equity","0.11","18.55","48,237.00","894,740.48","894,740.48","Industrials","7142091","SE0000113250","Nasdaq Omx Nordic","Sweden","USD","SEK","9.31"
"1113","CK ASSET HOLDINGS LTD","Equity","0.10","7.95","112,500.00","893,910.73","893,910.73","Real Estate","BYZQ077","KYG2177B1014","Hong Kong Exchanges And Clearing Ltd","Hong Kong","USD","HKD","7.80"
"NK","IMERYS SA","Equity","0.10","52.08","17,165.00","893,874.31","893,874.31","Materials","B011GL4","FR0000120859","Nyse Euronext - Euronext Paris","France","USD","EUR","0.89"
"SKF B","SKF B","Equity","0.10","18.07","49,460.00","893,527.50","893,527.50","Industrials","B1Q3J35","SE0000108227","Nasdaq Omx Nordic","Sweden","USD","SEK","9.31"
"AZJ","AURIZON HOLDINGS LTD","Equity","0.10","3.85","231,244.00","891,043.72","891,043.72","Industrials","B87CVM3","AU000000AZJ1","Asx - All Markets","Australia","USD","AUD","1.42"
"EDEN","EDENRED SA","Equity","0.10","51.48","17,280.00","889,530.93","889,530.93","Industrials","B62G1B5","FR0010908533","Nyse Euronext - Euronext Paris","France","USD","EUR","0.89"
"SGE","SAGE GROUP PLC","Equity","0.10","10.31","86,099.00","887,395.29","887,395.29","Information Technology","B8C3BL0","GB00B8C3BL03","London Stock Exchange","United Kingdom","USD","GBP","0.80"
"GPT","GPT GROUP STAPLED UNITS","Equity","0.10","4.42","199,498.00","882,342.45","882,342.45","Real Estate","6365866","AU000000GPT8","Asx - All Markets","Australia","USD","AUD","1.42"
"WTB","WHITBREAD PLC","Equity","0.10","60.06","14,683.00","881,915.35","881,915.35","Consumer Discretionary","B1KJJ40","GB00B1KJJ408","London Stock Exchange","United Kingdom","USD","GBP","0.80"
"6383","DAIFUKU LTD","Equity","0.10","56.79","15,500.00","880,207.85","880,207.85","Industrials","6250025","JP3497400006","Tokyo Stock Exchange","Japan","USD","JPY","107.77"
"6841","YOKOGAWA ELECTRIC CORP","Equity","0.10","20.40","43,000.00","877,396.31","877,396.31","Information Technology","6986427","JP3955000009","Tokyo Stock Exchange","Japan","USD","JPY","107.77"
"288","WH GROUP LTD","Equity","0.10","1.05","838,500.00","876,518.31","876,518.31","Consumer Staples","BLLHKZ1","KYG960071028","Hong Kong Exchanges And Clearing Ltd","Hong Kong","USD","HKD","7.80"
"7270","SUBARU CORP","Equity","0.10","25.32","34,600.00","876,156.63","876,156.63","Consumer Discretionary","6356406","JP3814800003","Tokyo Stock Exchange","Japan","USD","JPY","107.77"
"GEN","GENMAB","Equity","0.10","185.47","4,718.00","875,044.18","875,044.18","Health Care","4595739","DK0010272202","Omx Nordic Exchange Copenhagen A/S","Denmark","USD","DKK","6.62"
"LR","LEGRAND SA","Equity","0.10","74.23","11,783.00","874,678.84","874,678.84","Industrials","B11ZRK9","FR0010307819","Nyse Euronext - Euronext Paris","France","USD","EUR","0.89"
"ATCO B","ATLAS COPCO CLASS B","Equity","0.10","28.81","30,352.00","874,393.11","874,393.11","Industrials","BD97BS7","SE0011166628","Nasdaq Omx Nordic","Sweden","USD","SEK","9.31"
"FRA","FRAPORT FRANKFURT AIRPORT SERVICES","Equity","0.10","86.62","10,093.00","874,249.17","874,249.17","Industrials","7107551","DE0005773303","Xetra","Germany","USD","EUR","0.89"
"9021","WEST JAPAN RAILWAY","Equity","0.10","81.70","10,700.00","874,208.96","874,208.96","Industrials","6957995","JP3659000008","Tokyo Stock Exchange","Japan","USD","JPY","107.77"
"9783","BENESSE HOLDINGS INC","Equity","0.10","23.87","36,600.00","873,822.03","873,822.03","Consumer Discretionary","6121927","JP3835620000","Tokyo Stock Exchange","Japan","USD","JPY","107.77"
"BAER","JULIUS BAER GRUPPE AG","Equity","0.10","45.71","19,070.00","871,644.34","871,644.34","Financials","B4R2R50","CH0102484968","Six Swiss Exchange Ag","Switzerland","USD","CHF","0.99"
"LUMI","BANK LEUMI LE ISRAEL","Equity","0.10","7.32","118,973.00","871,367.51","871,367.51","Financials","6076425","IL0006046119","Tel Aviv Stock Exchange","Israel","USD","ILS","3.57"
"SRT3","SARTORIUS PREF AG","Equity","0.10","207.13","4,206.00","871,181.80","871,181.80","Health Care","5843329","DE0007165631","Xetra","Germany","USD","EUR","0.89"
"BNR","BRENNTAG AG","Equity","0.10","49.74","17,503.00","870,601.56","870,601.56","Industrials","B4YVF56","DE000A1DAHH0","Xetra","Germany","USD","EUR","0.89"
"RNO","RENAULT SA","Equity","0.10","61.42","14,162.00","869,780.27","869,780.27","Consumer Discretionary","4712798","FR0000131906","Nyse Euronext - Euronext Paris","France","USD","EUR","0.89"
"INVE B","INVESTOR B","Equity","0.10","48.96","17,761.00","869,622.96","869,622.96","Financials","5679591","SE0000107419","Nasdaq Omx Nordic","Sweden","USD","SEK","9.31"
"7012","KAWASAKI HEAVY INDUSTRIES LTD","Equity","0.10","23.77","36,500.00","867,709.01","867,709.01","Industrials","6484620","JP3224200000","Tokyo Stock Exchange","Japan","USD","JPY","107.77"
"ABF","ASSOCIATED BRITISH FOODS PLC","Equity","0.10","30.70","28,193.00","865,637.08","865,637.08","Consumer Staples","0673123","GB0006731235","London Stock Exchange","United Kingdom","USD","GBP","0.80"
"WIX","WIX.COM LTD","Equity","0.10","143.53","6,025.00","864,768.25","864,768.25","Information Technology","BFZCHN7","IL0011301780","NASDAQ","Israel","USD","USD","1.00"
"INVP","INVESTEC PLC","Equity","0.10","6.52","132,699.00","864,556.78","864,556.78","Financials","B17BBQ5","GB00B17BBQ50","London Stock Exchange","United Kingdom","USD","GBP","0.80"
"CHR","CHR HANSEN HOLDING","Equity","0.10","99.04","8,698.00","861,431.54","861,431.54","Materials","B573M11","DK0060227585","Omx Nordic Exchange Copenhagen A/S","Denmark","USD","DKK","6.62"
"BRBY","BURBERRY GROUP PLC","Equity","0.10","24.03","35,854.00","861,454.65","861,454.65","Consumer Discretionary","3174300","GB0031743007","London Stock Exchange","United Kingdom","USD","GBP","0.80"
"HEN3","HENKEL & KGAA PREF AG","Equity","0.10","102.23","8,415.00","860,290.30","860,290.30","Consumer Staples","5076705","DE0006048432","Xetra","Germany","USD","EUR","0.89"
"SMIN","SMITHS GROUP PLC","Equity","0.10","20.36","42,248.00","860,099.21","860,099.21","Industrials","B1WY233","GB00B1WY2338","London Stock Exchange","United Kingdom","USD","GBP","0.80"
"ING","INGENICO GROUP SA","Equity","0.10","87.16","9,853.00","858,796.04","858,796.04","Information Technology","4196897","FR0000125346","Nyse Euronext - Euronext Paris","France","USD","EUR","0.89"
"SY1","SYMRISE AG","Equity","0.10","95.94","8,952.00","858,835.87","858,835.87","Materials","B1JB4K8","DE000SYM9999","Xetra","Germany","USD","EUR","0.89"
"SHL","SONIC HEALTHCARE LTD","Equity","0.10","19.20","44,685.00","857,773.04","857,773.04","Health Care","6821120","AU000000SHL7","Asx - All Markets","Australia","USD","AUD","1.42"
"2897","NISSIN FOODS HOLDINGS LTD","Equity","0.10","64.49","13,300.00","857,706.23","857,706.23","Consumer Staples","6641760","JP3675600005","Tokyo Stock Exchange","Japan","USD","JPY","107.77"
"BARN","BARRY CALLEBAUT AG","Equity","0.10","2,022.21","424.00","857,416.97","857,416.97","Consumer Staples","5476929","CH0009002962","SIX Swiss Exchange","Switzerland","USD","CHF","0.99"
"SN.","SMITH AND NEPHEW PLC","Equity","0.10","22.12","38,759.00","857,482.53","857,482.53","Health Care","0922320","GB0009223206","London Stock Exchange","United Kingdom","USD","GBP","0.80"
"6762","TDK CORP","Equity","0.10","79.34","10,800.00","856,824.72","856,824.72","Information Technology","6869302","JP3538800008","Tokyo Stock Exchange","Japan","USD","JPY","107.77"
"CLN","CLARIANT AG","Equity","0.10","20.11","42,559.00","855,884.56","855,884.56","Materials","7113990","CH0012142631","Six Swiss Exchange Ag","Switzerland","USD","CHF","0.99"
"MOWI","MOWI","Equity","0.10","24.49","34,929.00","855,305.67","855,305.67","Consumer Staples","B02L486","NO0003054108","Oslo Bors Asa","Norway","USD","NOK","8.55"
"AGN","AEGON NV","Equity","0.10","5.05","168,978.00","854,033.74","854,033.74","Financials","5927375","NL0000303709","Euronext Amsterdam","Netherlands","USD","EUR","0.89"
"HEIO","HEINEKEN HOLDING NV","Equity","0.10","107.68","7,923.00","853,163.83","853,163.83","Consumer Staples","B0CCH46","NL0000008977","Euronext Amsterdam","Netherlands","USD","EUR","0.89"
"TEMN","TEMENOS AG","Equity","0.10","180.01","4,733.00","851,992.80","851,992.80","Information Technology","7147892","CH0012453913","Six Swiss Exchange Ag","Switzerland","USD","CHF","0.99"
"FME","FRESENIUS MEDICAL CARE AG & CO KGA","Equity","0.10","79.78","10,676.00","851,760.83","851,760.83","Health Care","5129074","DE0005785802","Xetra","Germany","USD","EUR","0.89"
"KPN","KONINKLIJKE KPN NV","Equity","0.10","3.04","279,561.00","850,913.43","850,913.43","Communication","5956078","NL0000009082","Euronext Amsterdam","Netherlands","USD","EUR","0.89"
"1802","OBAYASHI CORP","Equity","0.10","10.03","84,800.00","850,596.64","850,596.64","Industrials","6656407","JP3190000004","Tokyo Stock Exchange","Japan","USD","JPY","107.77"
"UOB","UNITED OVERSEAS BANK LTD","Equity","0.10","19.61","43,300.00","849,013.35","849,013.35","Financials","6916781","SG1M31001969","Singapore Exchange","Singapore","USD","SGD","1.36"
"6178","JAPAN POST HOLDINGS LTD","Equity","0.10","11.42","74,300.00","848,689.80","848,689.80","Financials","BYT8143","JP3752900005","Tokyo Stock Exchange","Japan","USD","JPY","107.77"
"5334","NGK SPARK PLUG LTD","Equity","0.10","18.32","46,100.00","844,403.82","844,403.82","Consumer Discretionary","6619604","JP3738600000","Tokyo Stock Exchange","Japan","USD","JPY","107.77"
"RYM","RYMAN HEALTHCARE LTD","Equity","0.10","8.00","105,081.00","841,051.20","841,051.20","Health Care","6161525","NZRYME0001S4","New Zealand Exchange Ltd","New Zealand","USD","NZD","1.49"
"RTO","RENTOKIL INITIAL PLC","Equity","0.10","5.17","162,476.00","839,948.03","839,948.03","Industrials","B082RF1","GB00B082RF11","London Stock Exchange","United Kingdom","USD","GBP","0.80"
"7951","YAMAHA CORP","Equity","0.10","48.25","17,400.00","839,565.74","839,565.74","Consumer Discretionary","6642387","JP3942600002","Tokyo Stock Exchange","Japan","USD","JPY","107.77"
"7272","YAMAHA MOTOR LTD","Equity","0.10","17.95","46,600.00","836,698.52","836,698.52","Consumer Discretionary","6985264","JP3942800008","Tokyo Stock Exchange","Japan","USD","JPY","107.77"
"UU.","UNITED UTILITIES GROUP PLC","Equity","0.10","10.22","81,776.00","835,442.56","835,442.56","Utilities","B39J2M4","GB00B39J2M42","London Stock Exchange","United Kingdom","USD","GBP","0.80"
"6923","STANLEY ELECTRIC LTD","Equity","0.10","25.29","33,000.00","834,415.89","834,415.89","Consumer Discretionary","6841106","JP3399400005","Tokyo Stock Exchange","Japan","USD","JPY","107.77"
"LLC","LENDLEASE GROUP STAPLED UNITS","Equity","0.10","9.66","86,276.00","833,536.68","833,536.68","Real Estate","6512004","AU000000LLC3","Asx - All Markets","Australia","USD","AUD","1.42"
"9048","NAGOYA RAILROAD LTD","Equity","0.10","28.21","29,500.00","832,142.53","832,142.53","Industrials","6619864","JP3649800004","Tokyo Stock Exchange","Japan","USD","JPY","107.77"
"PSON","PEARSON PLC","Equity","0.10","10.61","78,368.00","831,540.11","831,540.11","Communication","0677608","GB0006776081","London Stock Exchange","United Kingdom","USD","GBP","0.80"
"MRO","MELROSE INDUSTRIES PLC","Equity","0.10","2.37","351,059.00","831,351.77","831,351.77","Industrials","BZ1G432","GB00BZ1G4322","London Stock Exchange","United Kingdom","USD","GBP","0.80"
"9062","NIPPON EXPRESS LTD","Equity","0.10","53.63","15,500.00","831,307.41","831,307.41","Industrials","6642127","JP3729400006","Tokyo Stock Exchange","Japan","USD","JPY","107.77"
"2587","SUNTORY BEVERAGE & FOOD LTD","Equity","0.10","43.98","18,800.00","826,872.04","826,872.04","Consumer Staples","BBD7Q84","JP3336560002","Tokyo Stock Exchange","Japan","USD","JPY","107.77"
"MGGT","MEGGITT PLC","Equity","0.10","6.79","121,795.00","826,565.74","826,565.74","Industrials","0575809","GB0005758098","London Stock Exchange","United Kingdom","USD","GBP","0.80"
"STERV","STORA ENSO CLASS R","Equity","0.10","11.81","69,944.00","825,765.14","825,765.14","Materials","5072673","FI0009005961","Nasdaq Omx Helsinki Ltd.","Finland","USD","EUR","0.89"
"TWE","TREASURY WINE ESTATES LTD","Equity","0.10","10.86","75,986.00","824,952.34","824,952.34","Consumer Staples","B61JC67","AU000000TWE9","Asx - All Markets","Australia","USD","AUD","1.42"
"CON","CONTINENTAL AG","Equity","0.10","138.65","5,943.00","823,994.78","823,994.78","Consumer Discretionary","4598589","DE0005439004","Xetra","Germany","USD","EUR","0.89"
"5019","IDEMITSU KOSAN LTD","Equity","0.10","29.32","28,100.00","823,939.87","823,939.87","Energy","B1FF8P7","JP3142500002","Tokyo Stock Exchange","Japan","USD","JPY","107.77"
"C6L","SINGAPORE AIRLINES LTD","Equity","0.10","6.95","118,400.00","822,452.62","822,452.62","Industrials","6811734","SG1V61937297","Singapore Exchange","Singapore","USD","SGD","1.36"
"AWC","ALUMINA LTD","Equity","0.10","1.69","486,386.00","820,805.56","820,805.56","Materials","6954985","AU000000AWC3","Asx - All Markets","Australia","USD","AUD","1.42"
"WRT1V","WARTSILA","Equity","0.10","14.10","58,056.00","818,698.45","818,698.45","Industrials","4525189","FI0009003727","Nasdaq Omx Helsinki Ltd.","Finland","USD","EUR","0.89"
"WG.","WOOD GROUP (JOHN) PLC","Equity","0.10","5.91","138,344.00","817,910.18","817,910.18","Energy","B5N0P84","GB00B5N0P849","London Stock Exchange","United Kingdom","USD","GBP","0.80"
"SRG","SNAM","Equity","0.10","5.14","158,630.00","815,692.54","815,692.54","Utilities","7251470","IT0003153415","Borsa Italiana","Italy","USD","EUR","0.89"
"14","HYSAN DEVELOPMENT LTD","Equity","0.10","5.26","155,000.00","815,109.34","815,109.34","Real Estate","6449629","HK0014000126","Hong Kong Exchanges And Clearing Ltd","Hong Kong","USD","HKD","7.80"
"TAH","TABCORP HOLDINGS LTD","Equity","0.10","3.20","254,547.00","814,380.49","814,380.49","Consumer Discretionary","6873262","AU000000TAH8","Asx - All Markets","Australia","USD","AUD","1.42"
"MF","WENDEL","Equity","0.10","138.54","5,876.00","814,042.35","814,042.35","Financials","7390113","FR0000121204","Nyse Euronext - Euronext Paris","France","USD","EUR","0.89"
"GET","GETLINK","Equity","0.10","15.96","50,949.00","813,315.32","813,315.32","Industrials","B292JQ9","FR0010533075","Nyse Euronext - Euronext Paris","France","USD","EUR","0.89"
"RWE","RWE AG","Equity","0.10","25.55","31,669.00","809,225.21","809,225.21","Utilities","4768962","DE0007037129","Xetra","Germany","USD","EUR","0.89"
"CTX","CALTEX AUSTRALIA LTD","Equity","0.09","17.50","46,200.00","808,564.84","808,564.84","Energy","6161503","AU000000CTX1","Asx - All Markets","Australia","USD","AUD","1.42"
"6506","YASKAWA ELECTRIC CORP","Equity","0.09","33.96","23,800.00","808,276.89","808,276.89","Information Technology","6986041","JP3932000007","Tokyo Stock Exchange","Japan","USD","JPY","107.77"
"ACA","CREDIT AGRICOLE SA","Equity","0.09","12.32","65,549.00","807,893.97","807,893.97","Financials","7262610","FR0000045072","Nyse Euronext - Euronext Paris","France","USD","EUR","0.89"
"7701","SHIMADZU CORP","Equity","0.09","25.37","31,800.00","806,729.15","806,729.15","Information Technology","6804369","JP3357200009","Tokyo Stock Exchange","Japan","USD","JPY","107.77"
"9007","ODAKYU ELECTRIC RAILWAY LTD","Equity","0.09","24.74","32,600.00","806,454.49","806,454.49","Industrials","6656106","JP3196000008","Tokyo Stock Exchange","Japan","USD","JPY","107.77"
"7205","HINO MOTORS LTD","Equity","0.09","8.25","97,700.00","805,932.08","805,932.08","Industrials","6428305","JP3792600003","Tokyo Stock Exchange","Japan","USD","JPY","107.77"
"EN","BOUYGUES SA","Equity","0.09","36.98","21,774.00","805,219.00","805,219.00","Industrials","4002121","FR0000120503","Nyse Euronext - Euronext Paris","France","USD","EUR","0.89"
"2331","SOHGO SECURITY SERVICES LTD","Equity","0.09","47.04","17,100.00","804,463.21","804,463.21","Industrials","6546359","JP3431900004","Tokyo Stock Exchange","Japan","USD","JPY","107.77"
"CA","CARREFOUR SA","Equity","0.09","19.40","41,428.00","803,876.37","803,876.37","Consumer Staples","5641567","FR0000120172","Nyse Euronext - Euronext Paris","France","USD","EUR","0.89"
"SBRY","SAINSBURY(J) PLC","Equity","0.09","2.49","322,427.00","803,851.57","803,851.57","Consumer Staples","B019KW7","GB00B019KW72","London Stock Exchange","United Kingdom","USD","GBP","0.80"
"2802","AJINOMOTO INC","Equity","0.09","17.51","45,800.00","801,935.60","801,935.60","Consumer Staples","6010906","JP3119600009","Tokyo Stock Exchange","Japan","USD","JPY","107.77"
"LUPE","LUNDIN PETROLEUM","Equity","0.09","30.95","25,893.00","801,263.00","801,263.00","Energy","7187627","SE0000825820","Nasdaq Omx Nordic","Sweden","USD","SEK","9.31"
"NDA SE","NORDEA BANK","Equity","0.09","7.45","107,466.00","800,348.08","800,348.08","Financials","BYZF9J9","FI4000297767","Nasdaq Omx Nordic","Sweden","USD","SEK","9.31"
"EZJ","EASYJET PLC","Equity","0.09","12.23","65,304.00","798,919.30","798,919.30","Industrials","B7KR2P8","GB00B7KR2P84","London Stock Exchange","United Kingdom","USD","GBP","0.80"
"TKA","THYSSENKRUPP AG","Equity","0.09","14.24","56,074.00","798,656.02","798,656.02","Materials","5636927","DE0007500001","Xetra","Germany","USD","EUR","0.89"
"8113","UNICHARM CORP","Equity","0.09","29.78","26,800.00","798,006.87","798,006.87","Consumer Staples","6911485","JP3951600000","Tokyo Stock Exchange","Japan","USD","JPY","107.77"
"NZYM B","NOVOZYMES B","Equity","0.09","47.45","16,811.00","797,649.95","797,649.95","Materials","B798FW0","DK0060336014","Omx Nordic Exchange Copenhagen A/S","Denmark","USD","DKK","6.62"
"4151","KYOWA KIRIN LTD","Equity","0.09","17.86","44,600.00","796,650.27","796,650.27","Health Care","6499550","JP3256000005","Tokyo Stock Exchange","Japan","USD","JPY","107.77"
"5411","JFE HOLDINGS INC","Equity","0.09","14.72","54,100.00","796,415.05","796,415.05","Materials","6543792","JP3386030005","Tokyo Stock Exchange","Japan","USD","JPY","107.77"
"1997","WHARF REAL ESTATE INVESTMENT COMPA","Equity","0.09","7.16","111,000.00","794,433.40","794,433.40","Real Estate","BF0GWS4","KYG9593A1040","Hong Kong Exchanges And Clearing Ltd","Hong Kong","USD","HKD","7.80"
"DEC","JCDECAUX SA","Equity","0.09","30.17","26,311.00","793,716.86","793,716.86","Communication","7136663","FR0000077919","Nyse Euronext - Euronext Paris","France","USD","EUR","0.89"
"2784","ALFRESA HOLDINGS CORP","Equity","0.09","25.56","31,000.00","792,474.71","792,474.71","Health Care","6687214","JP3126340003","Tokyo Stock Exchange","Japan","USD","JPY","107.77"
"FR","VALEO SA","Equity","0.09","29.53","26,770.00","790,651.07","790,651.07","Consumer Discretionary","BDC5ST8","FR0013176526","Nyse Euronext - Euronext Paris","France","USD","EUR","0.89"
"PNDORA","PANDORA","Equity","0.09","36.73","21,485.00","789,167.35","789,167.35","Consumer Discretionary","B44XTX8","DK0060252690","Omx Nordic Exchange Copenhagen A/S","Denmark","USD","DKK","6.62"
"6502","TOSHIBA CORP","Equity","0.09","32.15","24,500.00","787,719.22","787,719.22","Industrials","6897217","JP3592200004","Tokyo Stock Exchange","Japan","USD","JPY","107.77"
"1812","KAJIMA CORP","Equity","0.09","14.16","55,600.00","787,284.03","787,284.03","Industrials","6481320","JP3210200006","Tokyo Stock Exchange","Japan","USD","JPY","107.77"
"HOT","HOCHTIEF AG","Equity","0.09","124.66","6,293.00","784,489.00","784,489.00","Industrials","5108664","DE0006070006","Xetra","Germany","USD","EUR","0.89"
"MRW","MORRISON(WM.)SUPERMARKETS PLC","Equity","0.09","2.60","301,007.00","782,781.04","782,781.04","Consumer Staples","0604316","GB0006043169","London Stock Exchange","United Kingdom","USD","GBP","0.80"
"KN","NATIXIS SA","Equity","0.09","4.16","188,129.00","782,096.04","782,096.04","Financials","B1HDJL2","FR0000120685","Nyse Euronext - Euronext Paris","France","USD","EUR","0.89"
"7912","DAI NIPPON PRINTING LTD","Equity","0.09","21.86","35,700.00","780,450.96","780,450.96","Industrials","6250906","JP3493800001","Tokyo Stock Exchange","Japan","USD","JPY","107.77"
"BSL","BLUESCOPE STEEL LTD","Equity","0.09","8.48","90,825.00","770,195.00","770,195.00","Materials","6533232","AU000000BSL0","Asx - All Markets","Australia","USD","AUD","1.42"
"OCDO","OCADO GROUP PLC","Equity","0.09","15.33","50,230.00","769,868.18","769,868.18","Consumer Discretionary","B3MBS74","GB00B3MBS747","London Stock Exchange","United Kingdom","USD","GBP","0.80"
"RBS","ROYAL BANK OF SCOTLAND GROUP PLC","Equity","0.09","2.81","274,005.00","769,703.83","769,703.83","Financials","B7T7721","GB00B7T77214","London Stock Exchange","United Kingdom","USD","GBP","0.80"
"NHY","NORSK HYDRO","Equity","0.09","3.64","211,110.00","768,130.78","768,130.78","Materials","B11HK39","NO0005052605","Oslo Bors Asa","Norway","USD","NOK","8.55"
"BMW3","BMW PREF AG","Equity","0.09","63.57","12,070.00","767,305.02","767,305.02","Consumer Discretionary","5756030","DE0005190037","Xetra","Germany","USD","EUR","0.89"
"2801","KIKKOMAN CORP","Equity","0.09","44.31","17,300.00","766,516.66","766,516.66","Consumer Staples","6490809","JP3240400006","Tokyo Stock Exchange","Japan","USD","JPY","107.77"
"UMI","UMICORE SA","Equity","0.09","31.05","24,655.00","765,456.09","765,456.09","Materials","BF44466","BE0974320526","Nyse Euronext - Euronext Brussels","Belgium","USD","EUR","0.89"
"ITV","ITV PLC","Equity","0.09","1.38","553,546.00","765,309.53","765,309.53","Communication","3398649","GB0033986497","London Stock Exchange","United Kingdom","USD","GBP","0.80"
"KINV B","KINNEVIK CLASS B","Equity","0.09","25.97","29,425.00","764,277.51","764,277.51","Financials","BD6S7G3","SE0008373906","Nasdaq Omx Nordic","Sweden","USD","SEK","9.31"
"SESG","SES SA FDR","Equity","0.09","15.76","48,134.00","758,604.14","758,604.14","Communication","B00ZQQ2","LU0088087324","Nyse Euronext - Euronext Paris","France","USD","EUR","0.89"
"CNA","CENTRICA PLC","Equity","0.09","1.12","676,121.00","756,994.92","756,994.92","Utilities","B033F22","GB00B033F229","London Stock Exchange","United Kingdom","USD","GBP","0.80"
"SHB A","SVENSKA HANDELSBANKEN-A SHS","Equity","0.09","9.96","75,731.00","754,118.37","754,118.37","Financials","BXDZ9Q1","SE0007100599","Nasdaq Omx Nordic","Sweden","USD","SEK","9.31"
"NXT","NEXT PLC","Equity","0.09","68.74","10,901.00","749,386.37","749,386.37","Consumer Discretionary","3208986","GB0032089863","London Stock Exchange","United Kingdom","USD","GBP","0.80"
"CABK","CAIXABANK SA","Equity","0.09","2.88","259,019.00","745,141.33","745,141.33","Financials","B283W97","ES0140609019","Bolsa De Madrid","Spain","USD","EUR","0.89"
"VNA","VONOVIA SE","Equity","0.09","49.99","14,886.00","744,126.23","744,126.23","Real Estate","BBJPFY1","DE000A1ML7J1","Xetra","Germany","USD","EUR","0.89"
"1801","TAISEI CORP","Equity","0.09","37.95","19,600.00","743,843.37","743,843.37","Industrials","6870100","JP3443600006","Tokyo Stock Exchange","Japan","USD","JPY","107.77"
"EDF","ELECTRICITE DE FRANCE SA","Equity","0.09","12.80","57,135.00","731,262.97","731,262.97","Utilities","B0NJJ17","FR0010242511","Nyse Euronext - Euronext Paris","France","USD","EUR","0.89"
"TW.","TAYLOR WIMPEY PLC","Equity","0.09","2.04","356,076.00","725,582.69","725,582.69","Consumer Discretionary","0878230","GB0008782301","London Stock Exchange","United Kingdom","USD","GBP","0.80"
"4506","DAINIPPON SUMITOMO PHARMA LTD","Equity","0.08","19.26","37,000.00","712,740.09","712,740.09","Health Care","6250865","JP3495000006","Tokyo Stock Exchange","Japan","USD","JPY","107.77"
"TEVA","TEVA PHARMACEUTICAL INDUSTRIES ADR","Equity","0.08","9.60","71,171.00","683,241.60","683,241.60","Health Care","2883878","US8816242098","New York Stock Exchange Inc.","Israel","USD","USD","1.00"
"CBK","COMMERZBANK AG","Equity","0.08","7.24","93,465.00","676,835.66","676,835.66","Financials","B90LKT4","DE000CBK1001","Xetra","Germany","USD","EUR","0.89"
"GBP","GBP CASH","Cash","0.08","125.63","525,613.00","660,327.27","660,327.27","Cash and/or Derivatives","-","-","-","United Kingdom","USD","GBP","0.80"
"CHF","CHF CASH","Cash","0.07","101.41","567,627.00","575,657.88","575,657.88","Cash and/or Derivatives","-","-","-","Switzerland","USD","CHF","0.99"
"JPY","JPY CASH","Cash","0.07","0.93","60,081,683.00","557,499.15","557,499.15","Cash and/or Derivatives","-","-","-","Japan","USD","JPY","107.77"
"AUD","AUD CASH","Cash","0.05","70.32","559,346.00","393,304.33","393,304.33","Cash and/or Derivatives","-","-","-","Australia","USD","AUD","1.42"
"EUR","EUR CASH","Cash","0.02","112.81","149,200.00","168,319.69","168,319.69","Cash and/or Derivatives","-","-","-","European Union","USD","EUR","0.89"
"XTSLA","BLK CSH FND TREASURY SL AGENCY","Money Market","0.02","1.00","136,453.00","136,453.18","136,453.18","Cash and/or Derivatives","-","US0669224778","-","United States","USD","USD","1.00"
"REP.D","REPSOL RIGHTS SA","Equity","0.01","0.56","185,991.00","103,339.18","103,339.18","Energy","BKDRYM7","ES06735169E5","Bolsa De Madrid","Spain","USD","EUR","0.89"
"HKD","HKD CASH","Cash","0.01","12.83","742,745.00","95,266.46","95,266.46","Cash and/or Derivatives","-","-","-","Hong Kong","USD","HKD","7.80"
"DKK","DKK CASH","Cash","0.01","15.12","459,669.00","69,482.01","69,482.01","Cash and/or Derivatives","-","-","-","Denmark","USD","DKK","6.62"
"NZD","NZD CASH","Cash","0.01","67.09","75,043.00","50,346.40","50,346.40","Cash and/or Derivatives","-","-","-","New Zealand","USD","NZD","1.49"
"ILS","ILS CASH","Cash","0.00","28.02","149,802.00","41,972.65","41,972.65","Cash and/or Derivatives","-","-","-","Israel","USD","ILS","3.57"
"SGD","SGD CASH","Cash","0.00","73.74","50,058.00","36,913.13","36,913.13","Cash and/or Derivatives","-","-","-","Singapore","USD","SGD","1.36"
"NOK","NOK CASH","Cash","0.00","11.70","290,429.00","33,978.65","33,978.65","Cash and/or Derivatives","-","-","-","Norway","USD","NOK","8.55"
"SEK","SEK CASH","Cash","0.00","10.74","21,626.00","2,322.10","2,322.10","Cash and/or Derivatives","-","-","-","Sweden","USD","SEK","9.31"
"-","CARREFOUR SA","Equity","0.00","0.00","41,428.00","0.47","0.47","Consumer Staples","BJN5JX0","FR0013421039","-","France","USD","EUR","0.89"
"-","INGENICO GROUP SA COUPON","Equity","0.00","0.00","9,853.00","0.11","0.11","Other","BKDRBG0","FR0013419249","-","France","USD","EUR","0.89"
"JPY","JPY/USD","FX","0.00","1.00","-22,739,653.00","-1.96","-1.96","Cash and/or Derivatives","-","-","-","United States","USD","USD","107.77"
"EUR","EUR/USD","FX","0.00","1.00","95,540.00","-0.96","-0.96","Cash and/or Derivatives","-","-","-","United States","USD","USD","0.89"
"GBP","GBP/USD","FX","0.00","1.00","52,161.00","-0.52","-0.52","Cash and/or Derivatives","-","-","-","United States","USD","USD","0.80"
"SEK","SEK/USD","FX","0.00","1.00","382,989.00","0.40","0.40","Cash and/or Derivatives","-","-","-","United States","USD","USD","9.31"
"CHF","CHF/USD","FX","0.00","1.00","-57,553.00","0.59","0.59","Cash and/or Derivatives","-","-","-","United States","USD","USD","0.99"
"USD","USD CASH","Cash","-0.02","100.00","-129,673.00","-129,672.86","-129,672.86","Cash and/or Derivatives","-","-","-","United States","USD","USD","1.00"
 