﻿iShares ESG MSCI USA ETF
Inception Date,"Dec 1, 2016"
Fund Holdings as of,"Jul 3, 2019"
Total Net Assets,"259,934,269.03"
Shares Outstanding,"3,950,000.00"
Stock,"-"
Bond,"-"
Cash,"-"
Other,"-"
 
Issuer Ticker,Name,Asset Class,Weight (%),Price,Shares,Market Value,Notional Value,Sector,SEDOL,ISIN,Exchange
"MSFT","MICROSOFT CORP","Equity","4.23","137.46","80,058.00","11,004,772.68","11,004,772.68","Information Technology","2588173","US5949181045","NASDAQ"
"AAPL","APPLE INC","Equity","3.68","204.41","46,775.00","9,561,277.75","9,561,277.75","Information Technology","2046251","US0378331005","NASDAQ"
"AMZN","AMAZON COM INC","Equity","3.00","1,939.00","4,016.00","7,787,024.00","7,787,024.00","Consumer Discretionary","2000019","US0231351067","NASDAQ"
"FB","FACEBOOK CLASS A INC","Equity","1.78","197.20","23,497.00","4,633,608.40","4,633,608.40","Communication","B7TL820","US30303M1027","NASDAQ"
"GOOGL","ALPHABET INC CLASS A","Equity","1.47","1,122.99","3,409.00","3,828,272.91","3,828,272.91","Communication","BYVY8G0","US02079K3059","NASDAQ"
"JNJ","JOHNSON & JOHNSON","Equity","1.40","142.14","25,537.00","3,629,829.18","3,629,829.18","Health Care","2475833","US4781601046","New York Stock Exchange Inc."
"JPM","JPMORGAN CHASE & CO","Equity","1.37","112.82","31,647.00","3,570,414.54","3,570,414.54","Financials","2190385","US46625H1005","New York Stock Exchange Inc."
"GOOG","ALPHABET INC CLASS C","Equity","1.31","1,121.58","3,031.00","3,399,508.98","3,399,508.98","Communication","BYY88Y7","US02079K1079","NASDAQ"
"V","VISA INC CLASS A","Equity","1.25","176.87","18,427.00","3,259,183.49","3,259,183.49","Information Technology","B2PZN04","US92826C8394","New York Stock Exchange Inc."
"PG","PROCTER & GAMBLE","Equity","1.22","114.08","27,870.00","3,179,409.60","3,179,409.60","Consumer Staples","2704407","US7427181091","New York Stock Exchange Inc."
"XOM","EXXON MOBIL CORP","Equity","1.13","76.44","38,326.00","2,929,639.44","2,929,639.44","Energy","2326618","US30231G1022","New York Stock Exchange Inc."
"HD","HOME DEPOT INC","Equity","1.04","212.10","12,771.00","2,708,729.10","2,708,729.10","Consumer Discretionary","2434209","US4370761029","New York Stock Exchange Inc."
"BAC","BANK OF AMERICA CORP","Equity","1.02","29.05","91,309.00","2,652,526.45","2,652,526.45","Financials","2295677","US0605051046","New York Stock Exchange Inc."
"PEP","PEPSICO INC","Equity","1.02","133.99","19,785.00","2,650,992.15","2,650,992.15","Consumer Staples","2681511","US7134481081","NASDAQ"
"DIS","WALT DISNEY","Equity","1.00","142.98","18,254.00","2,609,956.92","2,609,956.92","Communication","2270726","US2546871060","New York Stock Exchange Inc."
"CSCO","CISCO SYSTEMS INC","Equity","1.00","56.48","46,031.00","2,599,830.88","2,599,830.88","Information Technology","2198163","US17275R1023","NASDAQ"
"MA","MASTERCARD INC CLASS A","Equity","0.99","273.08","9,417.00","2,571,594.36","2,571,594.36","Information Technology","B121557","US57636Q1040","New York Stock Exchange Inc."
"MRK","MERCK & CO INC","Equity","0.98","86.90","29,167.00","2,534,612.30","2,534,612.30","Health Care","2778844","US58933Y1055","New York Stock Exchange Inc."
"HON","HONEYWELL INTERNATIONAL INC","Equity","0.95","178.40","13,894.00","2,478,689.60","2,478,689.60","Industrials","2020459","US4385161066","New York Stock Exchange Inc."
"INTC","INTEL CORP","Equity","0.91","48.52","48,970.00","2,376,024.40","2,376,024.40","Information Technology","2463247","US4581401001","NASDAQ"
"KO","COCA-COLA","Equity","0.89","52.10","44,583.00","2,322,774.30","2,322,774.30","Consumer Staples","2206657","US1912161007","New York Stock Exchange Inc."
"VZ","VERIZON COMMUNICATIONS INC","Equity","0.88","58.13","39,509.00","2,296,658.17","2,296,658.17","Communication","2090571","US92343V1044","New York Stock Exchange Inc."
"ACN","ACCENTURE PLC CLASS A","Equity","0.83","190.97","11,300.00","2,157,961.00","2,157,961.00","Information Technology","B4BNMY3","IE00B4BNMY34","New York Stock Exchange Inc."
"T","AT&T INC","Equity","0.82","33.98","62,891.00","2,137,036.18","2,137,036.18","Communication","2831811","US00206R1023","New York Stock Exchange Inc."
"NEE","NEXTERA ENERGY INC","Equity","0.80","208.73","9,950.00","2,076,863.50","2,076,863.50","Utilities","2328915","US65339F1012","New York Stock Exchange Inc."
"ECL","ECOLAB INC","Equity","0.79","199.78","10,342.00","2,066,124.76","2,066,124.76","Materials","2304227","US2788651006","New York Stock Exchange Inc."
"UNH","UNITEDHEALTH GROUP INC","Equity","0.78","245.21","8,318.00","2,039,656.78","2,039,656.78","Health Care","2917766","US91324P1021","New York Stock Exchange Inc."
"CVX","CHEVRON CORP","Equity","0.78","123.35","16,441.00","2,027,997.35","2,027,997.35","Energy","2838555","US1667641005","New York Stock Exchange Inc."
"BRKB","BERKSHIRE HATHAWAY INC CLASS B","Equity","0.76","215.16","9,241.00","1,988,293.56","1,988,293.56","Financials","2073390","US0846707026","New York Stock Exchange Inc."
"CRM","SALESFORCE.COM INC","Equity","0.73","155.59","12,272.00","1,909,400.48","1,909,400.48","Information Technology","2310525","US79466L3024","New York Stock Exchange Inc."
"MMM","3M","Equity","0.69","174.98","10,240.00","1,791,795.20","1,791,795.20","Industrials","2595708","US88579Y1010","New York Stock Exchange Inc."
"IBM","INTERNATIONAL BUSINESS MACHINES CO","Equity","0.69","141.54","12,588.00","1,781,705.52","1,781,705.52","Information Technology","2005973","US4592001014","New York Stock Exchange Inc."
"ADBE","ADOBE INC","Equity","0.68","305.70","5,771.00","1,764,194.70","1,764,194.70","Information Technology","2008154","US00724F1012","NASDAQ"
"CMCSA","COMCAST CORP CLASS A","Equity","0.68","43.32","40,551.00","1,756,669.32","1,756,669.32","Communication","2044545","US20030N1019","NASDAQ"
"PFE","PFIZER INC","Equity","0.64","44.40","37,542.00","1,666,864.80","1,666,864.80","Health Care","2684703","US7170811035","New York Stock Exchange Inc."
"NFLX","NETFLIX INC","Equity","0.63","381.72","4,313.00","1,646,358.36","1,646,358.36","Communication","2857817","US64110L1061","NASDAQ"
"C","CITIGROUP INC","Equity","0.63","70.85","23,130.00","1,638,760.50","1,638,760.50","Financials","2297907","US1729674242","New York Stock Exchange Inc."
"TXN","TEXAS INSTRUMENT INC","Equity","0.63","115.94","14,054.00","1,629,420.76","1,629,420.76","Information Technology","2885409","US8825081040","NASDAQ"
"AXP","AMERICAN EXPRESS","Equity","0.62","125.86","12,899.00","1,623,468.14","1,623,468.14","Financials","2026082","US0258161092","New York Stock Exchange Inc."
"AMGN","AMGEN INC","Equity","0.59","188.58","8,069.00","1,521,652.02","1,521,652.02","Health Care","2023607","US0311621009","NASDAQ"
"UTX","UNITED TECHNOLOGIES CORP","Equity","0.56","133.00","10,974.00","1,459,542.00","1,459,542.00","Industrials","2915500","US9130171096","New York Stock Exchange Inc."
"RTN","RAYTHEON","Equity","0.52","173.45","7,836.00","1,359,154.20","1,359,154.20","Industrials","2758051","US7551115071","New York Stock Exchange Inc."
"GILD","GILEAD SCIENCES INC","Equity","0.52","69.00","19,645.00","1,355,505.00","1,355,505.00","Health Care","2369174","US3755581036","NASDAQ"
"PYPL","PAYPAL HOLDINGS INC","Equity","0.51","117.68","11,265.00","1,325,665.20","1,325,665.20","Information Technology","BYW36M8","US70450Y1038","NASDAQ"
"MCD","MCDONALDS CORP","Equity","0.50","212.81","6,068.00","1,291,331.08","1,291,331.08","Consumer Discretionary","2550707","US5801351017","New York Stock Exchange Inc."
"COP","CONOCOPHILLIPS","Equity","0.49","60.50","20,880.00","1,263,240.00","1,263,240.00","Energy","2685717","US20825C1045","New York Stock Exchange Inc."
"LLY","ELI LILLY","Equity","0.48","114.42","10,882.00","1,245,118.44","1,245,118.44","Health Care","2516152","US5324571083","New York Stock Exchange Inc."
"NKE","NIKE INC CLASS B","Equity","0.47","86.20","14,104.00","1,215,764.80","1,215,764.80","Consumer Discretionary","2640147","US6541061031","New York Stock Exchange Inc."
"BLK","BLACKROCK INC","Equity","0.44","475.35","2,424.00","1,152,248.40","1,152,248.40","Financials","2494504","US09247X1019","New York Stock Exchange Inc."
"ABBV","ABBVIE INC","Equity","0.44","74.96","15,254.00","1,143,439.84","1,143,439.84","Health Care","B92SR70","US00287Y1091","New York Stock Exchange Inc."
"PLD","PROLOGIS REIT INC","Equity","0.44","82.60","13,797.00","1,139,632.20","1,139,632.20","Real Estate","B44WZD7","US74340W1036","New York Stock Exchange Inc."
"NVDA","NVIDIA CORP","Equity","0.44","162.75","6,968.00","1,134,042.00","1,134,042.00","Information Technology","2379504","US67066G1040","NASDAQ"
"SBUX","STARBUCKS CORP","Equity","0.43","87.79","12,725.00","1,117,127.75","1,117,127.75","Consumer Discretionary","2842255","US8552441094","NASDAQ"
"ORCL","ORACLE CORP","Equity","0.42","58.86","18,709.00","1,101,211.74","1,101,211.74","Information Technology","2661568","US68389X1054","New York Stock Exchange Inc."
"UNP","UNION PACIFIC CORP","Equity","0.42","171.80","6,381.00","1,096,255.80","1,096,255.80","Industrials","2914734","US9078181081","New York Stock Exchange Inc."
"INTU","INTUIT INC","Equity","0.41","270.17","3,983.00","1,076,087.11","1,076,087.11","Information Technology","2459020","US4612021034","NASDAQ"
"LIN","LINDE PLC","Equity","0.41","203.61","5,282.00","1,075,468.02","1,075,468.02","Materials","BZ12WP8","IE00BZ12WP82","New York Stock Exchange Inc."
"MMC","MARSH & MCLENNAN INC","Equity","0.41","102.92","10,427.00","1,073,146.84","1,073,146.84","Financials","2567741","US5717481023","New York Stock Exchange Inc."
"AMT","AMERICAN TOWER REIT CORP","Equity","0.41","210.17","5,099.00","1,071,656.83","1,071,656.83","Real Estate","B7FBFL2","US03027X1000","New York Stock Exchange Inc."
"LHX","L3HARRIS TECHNOLOGIES INC","Equity","0.41","184.30","5,727.00","1,055,486.10","1,055,486.10","Industrials","BK9DTN5","US5024311095","New York Stock Exchange Inc."
"JCI","JOHNSON CONTROLS INTERNATIONAL PLC","Equity","0.41","41.83","25,171.00","1,052,902.93","1,052,902.93","Industrials","BY7QL61","IE00BY7QL619","New York Stock Exchange Inc."
"CAT","CATERPILLAR INC","Equity","0.40","135.59","7,727.00","1,047,703.93","1,047,703.93","Industrials","2180201","US1491231015","New York Stock Exchange Inc."
"PNC","PNC FINANCIAL SERVICES GROUP INC","Equity","0.39","140.67","7,262.00","1,021,545.54","1,021,545.54","Financials","2692665","US6934751057","New York Stock Exchange Inc."
"GE","GENERAL ELECTRIC","Equity","0.39","10.61","96,191.00","1,020,586.51","1,020,586.51","Industrials","2380498","US3696041033","New York Stock Exchange Inc."
"TRV","TRAVELERS COMPANIES INC","Equity","0.39","154.30","6,589.00","1,016,682.70","1,016,682.70","Financials","2769503","US89417E1091","New York Stock Exchange Inc."
"COST","COSTCO WHOLESALE CORP","Equity","0.39","269.14","3,770.00","1,014,657.80","1,014,657.80","Consumer Staples","2701271","US22160K1051","NASDAQ"
"INFO","IHS MARKIT LTD","Equity","0.39","65.12","15,420.00","1,004,150.40","1,004,150.40","Industrials","BD0Q558","BMG475671050","New York Stock Exchange Inc."
"CL","COLGATE-PALMOLIVE","Equity","0.37","74.00","13,111.00","970,214.00","970,214.00","Consumer Staples","2209106","US1941621039","New York Stock Exchange Inc."
"MDT","MEDTRONIC PLC","Equity","0.37","98.81","9,692.00","957,666.52","957,666.52","Health Care","BTN1Y11","IE00BTN1Y115","New York Stock Exchange Inc."
"ABT","ABBOTT LABORATORIES","Equity","0.36","85.64","10,916.00","934,846.24","934,846.24","Health Care","2002305","US0028241000","New York Stock Exchange Inc."
"ADP","AUTOMATIC DATA PROCESSING INC","Equity","0.36","164.09","5,639.00","925,303.51","925,303.51","Information Technology","2065308","US0530151036","NASDAQ"
"A","AGILENT TECHNOLOGIES INC","Equity","0.36","76.80","12,028.00","923,750.40","923,750.40","Health Care","2520153","US00846U1016","New York Stock Exchange Inc."
"EXC","EXELON CORP","Equity","0.35","49.03","18,376.00","900,975.28","900,975.28","Utilities","2670519","US30161N1019","New York Stock Exchange Inc."
"BMY","BRISTOL MYERS SQUIBB","Equity","0.34","46.56","18,924.00","881,101.44","881,101.44","Health Care","2126335","US1101221083","New York Stock Exchange Inc."
"BKNG","BOOKING HOLDINGS INC","Equity","0.33","1,919.65","448.00","860,003.20","860,003.20","Consumer Discretionary","BDRXDB4","US09857L1089","NASDAQ"
"AVGO","BROADCOM INC","Equity","0.33","284.89","2,970.00","846,123.30","846,123.30","Information Technology","BDZ78H9","US11135F1012","NASDAQ"
"SO","SOUTHERN","Equity","0.32","56.31","14,953.00","842,003.43","842,003.43","Utilities","2829601","US8425871071","New York Stock Exchange Inc."
"CMS","CMS ENERGY CORP","Equity","0.32","58.98","14,161.00","835,215.78","835,215.78","Utilities","2219224","US1258961002","New York Stock Exchange Inc."
"CI","CIGNA CORP","Equity","0.32","164.83","4,975.00","820,029.25","820,029.25","Health Care","BHJ0775","US1255231003","New York Stock Exchange Inc."
"BDX","BECTON DICKINSON","Equity","0.31","255.24","3,203.00","817,533.72","817,533.72","Health Care","2087807","US0758871091","New York Stock Exchange Inc."
"UPS","UNITED PARCEL SERVICE INC CLASS B","Equity","0.31","103.20","7,880.00","813,216.00","813,216.00","Industrials","2517382","US9113121068","New York Stock Exchange Inc."
"QCOM","QUALCOMM INC","Equity","0.31","76.63","10,591.00","811,588.33","811,588.33","Information Technology","2714923","US7475251036","NASDAQ"
"ZTS","ZOETIS INC CLASS A","Equity","0.31","115.34","7,031.00","810,955.54","810,955.54","Health Care","B95WG16","US98978V1035","New York Stock Exchange Inc."
"BK","BANK OF NEW YORK MELLON CORP","Equity","0.31","44.64","18,083.00","807,225.12","807,225.12","Financials","B1Z77F6","US0640581007","New York Stock Exchange Inc."
"CVS","CVS HEALTH CORP","Equity","0.31","55.20","14,618.00","806,913.60","806,913.60","Health Care","2577609","US1266501006","New York Stock Exchange Inc."
"KMB","KIMBERLY CLARK CORP","Equity","0.31","138.35","5,780.00","799,663.00","799,663.00","Consumer Staples","2491839","US4943681035","New York Stock Exchange Inc."
"SRE","SEMPRA ENERGY","Equity","0.30","137.65","5,753.00","791,900.45","791,900.45","Utilities","2138158","US8168511090","New York Stock Exchange Inc."
"TMO","THERMO FISHER SCIENTIFIC INC","Equity","0.30","305.43","2,589.00","790,758.27","790,758.27","Health Care","2886907","US8835561023","New York Stock Exchange Inc."
"EXPD","EXPEDITORS INTERNATIONAL OF WASHIN","Equity","0.30","75.47","10,400.00","784,888.00","784,888.00","Industrials","2325507","US3021301094","NASDAQ"
"VRTX","VERTEX PHARMACEUTICALS INC","Equity","0.30","183.26","4,280.00","784,352.80","784,352.80","Health Care","2931034","US92532F1003","NASDAQ"
"LOW","LOWES COMPANIES INC","Equity","0.30","103.15","7,590.00","782,908.50","782,908.50","Consumer Discretionary","2536763","US5486611073","New York Stock Exchange Inc."
"PRU","PRUDENTIAL FINANCIAL INC","Equity","0.30","102.45","7,563.00","774,829.35","774,829.35","Financials","2819118","US7443201022","New York Stock Exchange Inc."
"XEL","XCEL ENERGY INC","Equity","0.29","60.71","12,610.00","765,553.10","765,553.10","Utilities","2614807","US98389B1008","NASDAQ"
"CBRE","CBRE GROUP INC CLASS A","Equity","0.29","52.95","14,450.00","765,127.50","765,127.50","Real Estate","B6WVMH3","US12504L1098","New York Stock Exchange Inc."
"MDLZ","MONDELEZ INTERNATIONAL INC CLASS A","Equity","0.29","55.81","13,691.00","764,094.71","764,094.71","Consumer Staples","B8CKK03","US6092071058","NASDAQ"
"XYL","XYLEM INC","Equity","0.29","83.33","9,143.00","761,886.19","761,886.19","Industrials","B3P2CN8","US98419M1009","New York Stock Exchange Inc."
"MS","MORGAN STANLEY","Equity","0.29","43.99","17,212.00","757,155.88","757,155.88","Financials","2262314","US6174464486","New York Stock Exchange Inc."
"NTRS","NORTHERN TRUST CORP","Equity","0.29","92.79","8,079.00","749,650.41","749,650.41","Financials","2648668","US6658591044","NASDAQ"
"CME","CME GROUP INC CLASS A","Equity","0.28","201.67","3,652.00","736,498.84","736,498.84","Financials","2965839","US12572Q1058","NASDAQ"
"GS","GOLDMAN SACHS GROUP INC","Equity","0.28","206.04","3,573.00","736,180.92","736,180.92","Financials","2407966","US38141G1040","New York Stock Exchange Inc."
"LPT","LIBERTY PROPERTY REIT TRUST","Equity","0.28","51.57","14,168.00","730,643.76","730,643.76","Real Estate","2513681","US5311721048","New York Stock Exchange Inc."
"IR","INGERSOLL RAND PLC","Equity","0.28","125.55","5,779.00","725,553.45","725,553.45","Industrials","B633030","IE00B6330302","New York Stock Exchange Inc."
"NSC","NORFOLK SOUTHERN CORP","Equity","0.28","202.51","3,577.00","724,378.27","724,378.27","Industrials","2641894","US6558441084","New York Stock Exchange Inc."
"EQIX","EQUINIX REIT INC","Equity","0.28","518.95","1,385.00","718,745.75","718,745.75","Real Estate","BVLZX12","US29444U7000","NASDAQ"
"EW","EDWARDS LIFESCIENCES CORP","Equity","0.28","187.40","3,825.00","716,805.00","716,805.00","Health Care","2567116","US28176E1082","New York Stock Exchange Inc."
"ED","CONSOLIDATED EDISON INC","Equity","0.27","89.23","7,863.00","701,615.49","701,615.49","Utilities","2216850","US2091151041","New York Stock Exchange Inc."
"CELG","CELGENE CORP","Equity","0.27","94.36","7,431.00","701,189.16","701,189.16","Health Care","2182348","US1510201049","NASDAQ"
"CMI","CUMMINS INC","Equity","0.27","170.24","4,098.00","697,643.52","697,643.52","Industrials","2240202","US2310211063","New York Stock Exchange Inc."
"HPE","HEWLETT PACKARD ENTERPRISE","Equity","0.27","15.29","45,294.00","692,545.26","692,545.26","Information Technology","BYVYWS0","US42824C1099","New York Stock Exchange Inc."
"RMD","RESMED INC","Equity","0.26","123.88","5,543.00","686,666.84","686,666.84","Health Care","2732903","US7611521078","New York Stock Exchange Inc."
"AMAT","APPLIED MATERIAL INC","Equity","0.26","44.67","15,295.00","683,227.65","683,227.65","Information Technology","2046552","US0382221051","NASDAQ"
"TGT","TARGET CORP","Equity","0.26","87.90","7,657.00","673,050.30","673,050.30","Consumer Discretionary","2259101","US87612E1064","New York Stock Exchange Inc."
"HLT","HILTON WORLDWIDE HOLDINGS INC","Equity","0.26","100.64","6,608.00","665,029.12","665,029.12","Consumer Discretionary","BYVMW06","US43300A2033","New York Stock Exchange Inc."
"ADSK","AUTODESK INC","Equity","0.25","172.00","3,847.00","661,684.00","661,684.00","Information Technology","2065159","US0527691069","NASDAQ"
"BIIB","BIOGEN INC","Equity","0.25","238.27","2,742.00","653,336.34","653,336.34","Health Care","2455965","US09062X1037","NASDAQ"
"BXP","BOSTON PROPERTIES REIT INC","Equity","0.25","133.04","4,894.00","651,097.76","651,097.76","Real Estate","2019479","US1011211018","New York Stock Exchange Inc."
"DD","DUPONT DE NEMOURS INC","Equity","0.25","74.18","8,747.00","648,852.46","648,852.46","Materials","BK0VN47","US26614N1028","New York Stock Exchange Inc."
"HPQ","HP INC","Equity","0.25","21.16","30,579.00","647,051.64","647,051.64","Information Technology","BYX4D52","US40434L1052","New York Stock Exchange Inc."
"BBY","BEST BUY INC","Equity","0.25","71.97","8,973.00","645,786.81","645,786.81","Consumer Discretionary","2094670","US0865161014","New York Stock Exchange Inc."
"GIS","GENERAL MILLS INC","Equity","0.25","54.34","11,841.00","643,439.94","643,439.94","Consumer Staples","2367026","US3703341046","New York Stock Exchange Inc."
"TEL","TE CONNECTIVITY LTD","Equity","0.25","95.84","6,686.00","640,786.24","640,786.24","Information Technology","B62B7C3","CH0102993182","New York Stock Exchange Inc."
"CSX","CSX CORP","Equity","0.24","78.68","8,077.00","635,498.36","635,498.36","Industrials","2160753","US1264081035","NASDAQ"
"ALL","ALLSTATE CORP","Equity","0.24","104.63","5,940.00","621,502.20","621,502.20","Financials","2019952","US0200021014","New York Stock Exchange Inc."
"K","KELLOGG","Equity","0.24","56.67","10,920.00","618,836.40","618,836.40","Consumer Staples","2486813","US4878361082","New York Stock Exchange Inc."
"MSI","MOTOROLA SOLUTIONS INC","Equity","0.23","170.37","3,570.00","608,220.90","608,220.90","Information Technology","B5BKPQ4","US6200763075","New York Stock Exchange Inc."
"PGR","PROGRESSIVE CORP","Equity","0.23","83.65","7,265.00","607,717.25","607,717.25","Financials","2705024","US7433151039","New York Stock Exchange Inc."
"CB","CHUBB LTD","Equity","0.23","150.25","4,011.00","602,652.75","602,652.75","Financials","B3BQMF6","CH0044328745","New York Stock Exchange Inc."
"ES","EVERSOURCE ENERGY","Equity","0.23","77.12","7,806.00","601,998.72","601,998.72","Utilities","BVVN4Q8","US30040W1080","New York Stock Exchange Inc."
"IDXX","IDEXX LABORATORIES INC","Equity","0.23","278.87","2,154.00","600,685.98","600,685.98","Health Care","2459202","US45168D1046","NASDAQ"
"OKE","ONEOK INC","Equity","0.23","70.20","8,487.00","595,787.40","595,787.40","Energy","2130109","US6826801036","New York Stock Exchange Inc."
"D","DOMINION ENERGY INC","Equity","0.23","78.11","7,578.00","591,917.58","591,917.58","Utilities","2542049","US25746U1097","New York Stock Exchange Inc."
"ITW","ILLINOIS TOOL INC","Equity","0.23","150.10","3,915.00","587,641.50","587,641.50","Industrials","2457552","US4523081093","New York Stock Exchange Inc."
"DE","DEERE","Equity","0.23","165.29","3,547.00","586,283.63","586,283.63","Industrials","2261203","US2441991054","New York Stock Exchange Inc."
"WY","WEYERHAEUSER REIT","Equity","0.22","26.85","21,594.00","579,798.90","579,798.90","Real Estate","2958936","US9621661043","New York Stock Exchange Inc."
"HII","HUNTINGTON INGALLS INDUSTRIES INC","Equity","0.22","232.73","2,482.00","577,635.86","577,635.86","Industrials","B40SSC9","US4464131063","New York Stock Exchange Inc."
"HSIC","HENRY SCHEIN INC","Equity","0.22","69.23","8,279.00","573,155.17","573,155.17","Health Care","2416962","US8064071025","NASDAQ"
"TRMB","TRIMBLE INC","Equity","0.22","45.94","12,445.00","571,723.30","571,723.30","Information Technology","2903958","US8962391004","NASDAQ"
"ALLY","ALLY FINANCIAL INC","Equity","0.22","31.47","17,994.00","566,271.18","566,271.18","Financials","B72XK05","US02005N1000","New York Stock Exchange Inc."
"DGX","QUEST DIAGNOSTICS INC","Equity","0.22","103.97","5,421.00","563,621.37","563,621.37","Health Care","2702791","US74834L1008","New York Stock Exchange Inc."
"CLX","CLOROX","Equity","0.22","156.95","3,565.00","559,526.75","559,526.75","Consumer Staples","2204026","US1890541097","New York Stock Exchange Inc."
"BHGE","BAKER HUGHES CLASS A","Equity","0.21","24.51","22,778.00","558,288.78","558,288.78","Energy","BDHLTQ5","US05722G1004","New York Stock Exchange Inc."
"BBT","BB AND T CORP","Equity","0.21","49.07","11,282.00","553,607.74","553,607.74","Financials","2830904","US0549371070","New York Stock Exchange Inc."
"USB","US BANCORP","Equity","0.21","53.25","10,362.00","551,776.50","551,776.50","Financials","2736035","US9029733048","New York Stock Exchange Inc."
"BG","BUNGE LTD","Equity","0.21","56.73","9,666.00","548,352.18","548,352.18","Consumer Staples","2788713","BMG169621056","New York Stock Exchange Inc."
"CHTR","CHARTER COMMUNICATIONS INC CLASS A","Equity","0.21","400.00","1,370.00","548,000.00","548,000.00","Communication","BZ6VT82","US16119P1084","NASDAQ"
"BLL","BALL CORP","Equity","0.21","72.25","7,561.00","546,282.25","546,282.25","Materials","2073022","US0584981064","New York Stock Exchange Inc."
"PSX","PHILLIPS","Equity","0.21","97.02","5,595.00","542,826.90","542,826.90","Energy","B78C4Y8","US7185461040","New York Stock Exchange Inc."
"VFC","VF CORP","Equity","0.21","87.94","6,092.00","535,730.48","535,730.48","Consumer Discretionary","2928683","US9182041080","New York Stock Exchange Inc."
"KEYS","KEYSIGHT TECHNOLOGIES INC","Equity","0.21","91.36","5,863.00","535,643.68","535,643.68","Information Technology","BQZJ0Q9","US49338L1035","New York Stock Exchange Inc."
"WAT","WATER CORP","Equity","0.20","221.68","2,387.00","529,150.16","529,150.16","Health Care","2937689","US9418481035","New York Stock Exchange Inc."
"IQV","IQVIA HOLDINGS INC","Equity","0.20","161.46","3,260.00","526,359.60","526,359.60","Health Care","BDR73G1","US46266C1053","New York Stock Exchange Inc."
"IFF","INTERNATIONAL FLAVORS & FRAGRANCES","Equity","0.20","146.03","3,589.00","524,101.67","524,101.67","Materials","2464165","US4595061015","New York Stock Exchange Inc."
"TIF","TIFFANY","Equity","0.20","93.60","5,575.00","521,820.00","521,820.00","Consumer Discretionary","2892090","US8865471085","New York Stock Exchange Inc."
"TJX","TJX INC","Equity","0.20","53.92","9,541.00","514,450.72","514,450.72","Consumer Discretionary","2989301","US8725401090","New York Stock Exchange Inc."
"AXTA","AXALTA COATING SYSTEMS LTD","Equity","0.20","30.43","16,821.00","511,863.03","511,863.03","Materials","BSFWCF5","BMG0750C1082","New York Stock Exchange Inc."
"FDS","FACTSET RESEARCH SYSTEMS INC","Equity","0.20","296.06","1,715.00","507,742.90","507,742.90","Financials","2329770","US3030751057","New York Stock Exchange Inc."
"KEY","KEYCORP","Equity","0.20","17.79","28,509.00","507,175.11","507,175.11","Financials","2490911","US4932671088","New York Stock Exchange Inc."
"HCA","HCA HEALTHCARE INC","Equity","0.20","138.18","3,669.00","506,982.42","506,982.42","Health Care","B4MGBG6","US40412C1018","New York Stock Exchange Inc."
"MTD","METTLER TOLEDO INC","Equity","0.19","872.45","575.00","501,658.75","501,658.75","Health Care","2126249","US5926881054","New York Stock Exchange Inc."
"MKC","MCCORMICK & CO NON-VOTING INC","Equity","0.19","162.36","3,083.00","500,555.88","500,555.88","Consumer Staples","2550161","US5797802064","New York Stock Exchange Inc."
"AIG","AMERICAN INTERNATIONAL GROUP INC","Equity","0.19","54.83","8,927.00","489,467.41","489,467.41","Financials","2027342","US0268747849","New York Stock Exchange Inc."
"MCO","MOODYS CORP","Equity","0.19","202.61","2,412.00","488,695.32","488,695.32","Financials","2252058","US6153691059","New York Stock Exchange Inc."
"HES","HESS CORP","Equity","0.19","62.42","7,813.00","487,687.46","487,687.46","Energy","2023748","US42809H1077","New York Stock Exchange Inc."
"XTSLA","BLK CSH FND TREASURY SL AGENCY","Money Market","0.19","1.00","486,143.00","486,143.31","486,143.31","Cash and/or Derivatives","-","US0669224778","-"
"PBCT","PEOPLES UNITED FINANCIAL INC","Equity","0.19","16.86","28,824.00","485,972.64","485,972.64","Financials","B1W41J2","US7127041058","NASDAQ"
"UDR","UDR REIT INC","Equity","0.19","46.26","10,400.00","481,104.00","481,104.00","Real Estate","2727910","US9026531049","New York Stock Exchange Inc."
"DHR","DANAHER CORP","Equity","0.18","145.31","3,303.00","479,958.93","479,958.93","Health Care","2250870","US2358511028","New York Stock Exchange Inc."
"KSU","KANSAS CITY SOUTHERN","Equity","0.18","124.49","3,837.00","477,668.13","477,668.13","Industrials","2607647","US4851703029","New York Stock Exchange Inc."
"LBTYK","LIBERTY GLOBAL PLC CLASS C","Equity","0.18","26.88","17,712.00","476,098.56","476,098.56","Communication","B8W67B1","GB00B8W67B19","NASDAQ"
"NEM","NEWMONT GOLDCORP CORP","Equity","0.18","38.76","12,237.00","474,306.12","474,306.12","Materials","2636607","US6516391066","New York Stock Exchange Inc."
"ICE","INTERCONTINENTAL EXCHANGE INC","Equity","0.18","88.59","5,268.00","466,692.12","466,692.12","Financials","BFSSDS9","US45866F1049","New York Stock Exchange Inc."
"FTI","TECHNIPFMC PLC","Equity","0.18","25.14","18,551.00","466,372.14","466,372.14","Energy","BDSFG98","GB00BDSFG982","New York Stock Exchange Inc."
"CAH","CARDINAL HEALTH INC","Equity","0.18","48.00","9,547.00","458,256.00","458,256.00","Health Care","2175672","US14149Y1082","New York Stock Exchange Inc."
"EQR","EQUITY RESIDENTIAL REIT","Equity","0.17","78.34","5,667.00","443,952.78","443,952.78","Real Estate","2319157","US29476L1070","New York Stock Exchange Inc."
"IRM","IRON MOUNTAIN INC","Equity","0.17","31.97","13,841.00","442,496.77","442,496.77","Real Estate","BVFTF03","US46284V1017","New York Stock Exchange Inc."
"OMC","OMNICOM GROUP INC","Equity","0.17","84.77","5,180.00","439,108.60","439,108.60","Communication","2279303","US6819191064","New York Stock Exchange Inc."
"SYY","SYSCO CORP","Equity","0.17","71.75","6,100.00","437,675.00","437,675.00","Consumer Staples","2868165","US8718291078","New York Stock Exchange Inc."
"NOW","SERVICENOW INC","Equity","0.17","293.15","1,466.00","429,757.90","429,757.90","Information Technology","B80NXX8","US81762P1021","New York Stock Exchange Inc."
"HCP","HCP REIT INC","Equity","0.16","32.95","12,840.00","423,078.00","423,078.00","Real Estate","2417578","US40414L1098","New York Stock Exchange Inc."
"CMA","COMERICA INC","Equity","0.16","71.73","5,865.00","420,696.45","420,696.45","Financials","2212870","US2003401070","New York Stock Exchange Inc."
"WBA","WALGREEN BOOTS ALLIANCE INC","Equity","0.16","55.19","7,592.00","419,002.48","419,002.48","Consumer Staples","BTN1Y44","US9314271084","NASDAQ"
"DOW","DOW INC","Equity","0.16","49.33","8,469.00","417,775.77","417,775.77","Materials","BHXCF84","US2605571031","New York Stock Exchange Inc."
"ZION","ZIONS BANCORPORATION","Equity","0.16","45.37","9,100.00","412,867.00","412,867.00","Financials","2989828","US9897011071","NASDAQ"
"SPG","SIMON PROPERTY GROUP REIT INC","Equity","0.16","165.03","2,493.00","411,419.79","411,419.79","Real Estate","2812452","US8288061091","New York Stock Exchange Inc."
"TSLA","TESLA INC","Equity","0.16","234.90","1,722.00","404,497.80","404,497.80","Consumer Discretionary","B616C79","US88160R1014","NASDAQ"
"AEP","AMERICAN ELECTRIC POWER INC","Equity","0.16","90.14","4,470.00","402,925.80","402,925.80","Utilities","2026242","US0255371017","New York Stock Exchange Inc."
"TAP","MOLSON COORS BREWING CLASS B","Equity","0.15","56.86","7,033.00","399,896.38","399,896.38","Consumer Staples","B067BM3","US60871R2094","New York Stock Exchange Inc."
"AGN","ALLERGAN","Equity","0.15","169.61","2,336.00","396,208.96","396,208.96","Health Care","BY9D546","IE00BY9D5467","New York Stock Exchange Inc."
"CDNS","CADENCE DESIGN SYSTEMS INC","Equity","0.15","74.81","5,273.00","394,473.13","394,473.13","Information Technology","2302232","US1273871087","NASDAQ"
"SBAC","SBA COMMUNICATIONS REIT CORP CLASS","Equity","0.15","234.29","1,660.00","388,921.40","388,921.40","Real Estate","BZ6TS23","US78410G1040","NASDAQ"
"SPGI","S&P GLOBAL INC","Equity","0.15","238.14","1,602.00","381,500.28","381,500.28","Financials","BYV2325","US78409V1044","New York Stock Exchange Inc."
"CTSH","COGNIZANT TECHNOLOGY SOLUTIONS COR","Equity","0.15","64.18","5,909.00","379,239.62","379,239.62","Information Technology","2257019","US1924461023","NASDAQ"
"ILMN","ILLUMINA INC","Equity","0.14","377.82","982.00","371,019.24","371,019.24","Health Care","2613990","US4523271090","NASDAQ"
"HAS","HASBRO INC","Equity","0.14","106.39","3,457.00","367,790.23","367,790.23","Consumer Discretionary","2414580","US4180561072","NASDAQ"
"MOS","MOSAIC","Equity","0.13","24.76","14,166.00","350,750.16","350,750.16","Materials","B3NPHP6","US61945C1036","New York Stock Exchange Inc."
"PVH","PVH CORP","Equity","0.13","93.66","3,731.00","349,445.46","349,445.46","Consumer Discretionary","B3V9F12","US6936561009","New York Stock Exchange Inc."
"EL","ESTEE LAUDER INC CLASS A","Equity","0.13","186.03","1,872.00","348,248.16","348,248.16","Consumer Staples","2320524","US5184391044","New York Stock Exchange Inc."
"ANTM","ANTHEM INC","Equity","0.13","282.78","1,218.00","344,426.04","344,426.04","Health Care","BSPHGL4","US0367521038","New York Stock Exchange Inc."
"GLW","CORNING INC","Equity","0.13","33.75","10,130.00","341,887.50","341,887.50","Information Technology","2224701","US2193501051","New York Stock Exchange Inc."
"XRAY","DENTSPLY SIRONA INC","Equity","0.13","58.32","5,833.00","340,180.56","340,180.56","Health Care","BYNPPC6","US24906P1093","NASDAQ"
"ADM","ARCHER DANIELS MIDLAND","Equity","0.13","41.87","7,928.00","331,945.36","331,945.36","Consumer Staples","2047317","US0394831020","New York Stock Exchange Inc."
"STT","STATE STREET CORP","Equity","0.13","56.47","5,840.00","329,784.80","329,784.80","Financials","2842040","US8574771031","New York Stock Exchange Inc."
"DLR","DIGITAL REALTY TRUST REIT INC","Equity","0.13","120.94","2,692.00","325,570.48","325,570.48","Real Estate","B03GQS4","US2538681030","New York Stock Exchange Inc."
"ALLE","ALLEGION PLC","Equity","0.13","110.51","2,941.00","325,009.91","325,009.91","Industrials","BFRT3W7","IE00BFRT3W74","New York Stock Exchange Inc."
"VLO","VALERO ENERGY CORP","Equity","0.12","81.98","3,931.00","322,263.38","322,263.38","Energy","2041364","US91913Y1001","New York Stock Exchange Inc."
"LNC","LINCOLN NATIONAL CORP","Equity","0.12","65.71","4,893.00","321,519.03","321,519.03","Financials","2516378","US5341871094","New York Stock Exchange Inc."
"MHK","MOHAWK INDUSTRIES INC","Equity","0.12","153.25","2,098.00","321,518.50","321,518.50","Consumer Discretionary","2598699","US6081901042","New York Stock Exchange Inc."
"PEG","PUBLIC SERVICE ENTERPRISE GROUP IN","Equity","0.12","59.58","5,374.00","320,182.92","320,182.92","Utilities","2707677","US7445731067","New York Stock Exchange Inc."
"MU","MICRON TECHNOLOGY INC","Equity","0.12","39.59","8,006.00","316,957.54","316,957.54","Information Technology","2588184","US5951121038","NASDAQ"
"KHC","KRAFT HEINZ","Equity","0.12","31.25","10,049.00","314,031.25","314,031.25","Consumer Staples","BYRY499","US5007541064","NASDAQ"
"BEN","FRANKLIN RESOURCES INC","Equity","0.12","35.25","8,903.00","313,830.75","313,830.75","Financials","2350684","US3546131018","New York Stock Exchange Inc."
"SLB","SCHLUMBERGER NV","Equity","0.12","39.49","7,876.00","311,023.24","311,023.24","Energy","2779201","AN8068571086","New York Stock Exchange Inc."
"LRCX","LAM RESEARCH CORP","Equity","0.12","184.86","1,675.00","309,640.50","309,640.50","Information Technology","2502247","US5128071082","NASDAQ"
"SHW","SHERWIN WILLIAMS","Equity","0.12","470.16","657.00","308,895.12","308,895.12","Materials","2804211","US8243481061","New York Stock Exchange Inc."
"ROP","ROPER TECHNOLOGIES INC","Equity","0.12","378.08","812.00","307,000.96","307,000.96","Industrials","2749602","US7766961061","New York Stock Exchange Inc."
"HUM","HUMANA INC","Equity","0.12","262.51","1,165.00","305,824.15","305,824.15","Health Care","2445063","US4448591028","New York Stock Exchange Inc."
"PH","PARKER-HANNIFIN CORP","Equity","0.12","168.61","1,806.00","304,509.66","304,509.66","Industrials","2671501","US7010941042","New York Stock Exchange Inc."
"RHT","RED HAT INC","Equity","0.12","187.70","1,615.00","303,135.50","303,135.50","Information Technology","2447218","US7565771026","New York Stock Exchange Inc."
"OC","OWENS CORNING","Equity","0.12","57.87","5,232.00","302,775.84","302,775.84","Industrials","B1FW7Q2","US6907421019","New York Stock Exchange Inc."
"MAN","MANPOWER INC","Equity","0.12","95.97","3,147.00","302,017.59","302,017.59","Industrials","2562490","US56418H1005","New York Stock Exchange Inc."
"ADI","ANALOG DEVICES INC","Equity","0.12","113.17","2,651.00","300,013.67","300,013.67","Information Technology","2032067","US0326541051","NASDAQ"
"DXCM","DEXCOM INC","Equity","0.12","143.36","2,089.00","299,479.04","299,479.04","Health Care","B0796X4","US2521311074","NASDAQ"
"DISCK","DISCOVERY INC SERIES C","Equity","0.12","28.38","10,539.00","299,096.82","299,096.82","Communication","B3D7KG4","US25470F3029","NASDAQ"
"MAR","MARRIOTT INTERNATIONAL INC CLASS A","Equity","0.11","141.75","2,106.00","298,525.50","298,525.50","Consumer Discretionary","2210614","US5719032022","NASDAQ"
"AMD","ADVANCED MICRO DEVICES INC","Equity","0.11","31.19","9,562.00","298,238.78","298,238.78","Information Technology","2007849","US0079031078","NASDAQ"
"XLNX","XILINX INC","Equity","0.11","116.39","2,545.00","296,212.55","296,212.55","Information Technology","2985677","US9839191015","NASDAQ"
"KMI","KINDER MORGAN INC","Equity","0.11","21.08","14,048.00","296,131.84","296,131.84","Energy","B3NQ4P8","US49456B1017","New York Stock Exchange Inc."
"MELI","MERCADOLIBRE INC","Equity","0.11","633.52","467.00","295,853.84","295,853.84","Consumer Discretionary","B23X1H3","US58733R1023","NASDAQ"
"MTN","VAIL RESORTS INC","Equity","0.11","226.58","1,299.00","294,327.42","294,327.42","Consumer Discretionary","2954194","US91879Q1094","New York Stock Exchange Inc."
"MXIM","MAXIM INTEGRATED PRODUCTS INC","Equity","0.11","60.37","4,874.00","294,243.38","294,243.38","Information Technology","2573760","US57772K1016","NASDAQ"
"CPB","CAMPBELL SOUP","Equity","0.11","41.67","6,981.00","290,898.27","290,898.27","Consumer Staples","2162845","US1344291091","New York Stock Exchange Inc."
"KR","KROGER","Equity","0.11","21.55","13,497.00","290,860.35","290,860.35","Consumer Staples","2497406","US5010441013","New York Stock Exchange Inc."
"WU","WESTERN UNION","Equity","0.11","20.25","14,305.00","289,676.25","289,676.25","Information Technology","B1F76F9","US9598021098","New York Stock Exchange Inc."
"ALGN","ALIGN TECHNOLOGY INC","Equity","0.11","275.00","1,050.00","288,750.00","288,750.00","Health Care","2679204","US0162551016","NASDAQ"
"LII","LENNOX INTERNATIONAL INC","Equity","0.11","288.57","994.00","286,838.58","286,838.58","Industrials","2442053","US5261071071","New York Stock Exchange Inc."
"DVA","DAVITA INC","Equity","0.11","57.40","4,996.00","286,770.40","286,770.40","Health Care","2898087","US23918K1088","New York Stock Exchange Inc."
"OXY","OCCIDENTAL PETROLEUM CORP","Equity","0.11","49.17","5,831.00","286,710.27","286,710.27","Energy","2655408","US6745991058","New York Stock Exchange Inc."
"COO","COOPER INC","Equity","0.11","335.26","855.00","286,647.30","286,647.30","Health Care","2222631","US2166484020","New York Stock Exchange Inc."
"STE","STERIS PLC","Equity","0.11","153.05","1,864.00","285,285.20","285,285.20","Health Care","BFY8C75","IE00BFY8C754","New York Stock Exchange Inc."
"LNG","CHENIERE ENERGY INC","Equity","0.11","69.08","4,124.00","284,885.92","284,885.92","Energy","2654364","US16411R2085","Nyse Mkt Llc"
"AMP","AMERIPRISE FINANCE INC","Equity","0.11","147.82","1,905.00","281,597.10","281,597.10","Financials","B0J7D57","US03076C1062","New York Stock Exchange Inc."
"ABC","AMERISOURCEBERGEN CORP","Equity","0.11","87.59","3,211.00","281,251.49","281,251.49","Health Care","2795393","US03073E1055","New York Stock Exchange Inc."
"SQ","SQUARE INC CLASS A","Equity","0.11","74.26","3,764.00","279,514.64","279,514.64","Information Technology","BYNZGK1","US8522341036","New York Stock Exchange Inc."
"CPRT","COPART INC","Equity","0.11","74.97","3,724.00","279,188.28","279,188.28","Industrials","2208073","US2172041061","NASDAQ"
"CTL","CENTURYLINK INC","Equity","0.11","11.75","23,467.00","275,737.25","275,737.25","Communication","2185046","US1567001060","New York Stock Exchange Inc."
"LH","LABORATORY CORPORATION OF AMERICA","Equity","0.11","176.22","1,557.00","274,374.54","274,374.54","Health Care","2586122","US50540R4092","New York Stock Exchange Inc."
"FLR","FLUOR CORP","Equity","0.11","32.25","8,470.00","273,157.50","273,157.50","Industrials","2696838","US3434121022","New York Stock Exchange Inc."
"MGM","MGM RESORTS INTERNATIONAL","Equity","0.10","28.89","9,419.00","272,114.91","272,114.91","Consumer Discretionary","2547419","US5529531015","New York Stock Exchange Inc."
"TSCO","TRACTOR SUPPLY","Equity","0.10","110.00","2,470.00","271,700.00","271,700.00","Consumer Discretionary","2900335","US8923561067","NASDAQ"
"ISRG","INTUITIVE SURGICAL INC","Equity","0.10","537.18","505.00","271,275.90","271,275.90","Health Care","2871301","US46120E6023","NASDAQ"
"IVZ","INVESCO LTD","Equity","0.10","20.82","12,944.00","269,494.08","269,494.08","Financials","B28XP76","BMG491BT1088","New York Stock Exchange Inc."
"APTV","APTIV PLC","Equity","0.10","79.32","3,389.00","268,815.48","268,815.48","Consumer Discretionary","B783TY6","JE00B783TY65","New York Stock Exchange Inc."
"GWW","WW GRAINGER INC","Equity","0.10","268.78","1,000.00","268,780.00","268,780.00","Industrials","2380863","US3848021040","New York Stock Exchange Inc."
"EBAY","EBAY INC","Equity","0.10","39.90","6,702.00","267,409.80","267,409.80","Consumer Discretionary","2293819","US2786421030","NASDAQ"
"TDG","TRANSDIGM GROUP INC","Equity","0.10","496.80","538.00","267,278.40","267,278.40","Industrials","B11FJK3","US8936411003","New York Stock Exchange Inc."
"GPS","GAP INC","Equity","0.10","18.12","14,729.00","266,889.48","266,889.48","Consumer Discretionary","2360326","US3647601083","New York Stock Exchange Inc."
"FBHS","FORTUNE BRANDS HOME AND SECURITY I","Equity","0.10","56.86","4,693.00","266,843.98","266,843.98","Industrials","B3MC7D6","US34964C1062","New York Stock Exchange Inc."
"DAL","DELTA AIR LINES INC","Equity","0.10","59.15","4,509.00","266,707.35","266,707.35","Industrials","B1W9D46","US2473617023","New York Stock Exchange Inc."
"MRVL","MARVELL TECHNOLOGY GROUP LTD","Equity","0.10","24.57","10,777.00","264,790.89","264,790.89","Information Technology","2594653","BMG5876H1051","NASDAQ"
"PFG","PRINCIPAL FINANCIAL GROUP INC","Equity","0.10","58.65","4,501.00","263,983.65","263,983.65","Financials","2803014","US74251V1026","NASDAQ"
"PPG","PPG INDUSTRIES INC","Equity","0.10","119.08","2,212.00","263,404.96","263,404.96","Materials","2698470","US6935061076","New York Stock Exchange Inc."
"ELAN","ELANCO ANIMAL HEALTH INC","Equity","0.10","34.75","7,574.00","263,196.50","263,196.50","Health Care","BF5L3T2","US28414H1032","New York Stock Exchange Inc."
"PTC","PTC INC","Equity","0.10","92.97","2,824.00","262,547.28","262,547.28","Information Technology","B95N910","US69370C1009","NASDAQ"
"VMW","VMWARE INC CLASS A","Equity","0.10","169.46","1,547.00","262,154.62","262,154.62","Information Technology","B23SN61","US9285634021","New York Stock Exchange Inc."
"HRL","HORMEL FOODS CORP","Equity","0.10","41.77","6,272.00","261,981.44","261,981.44","Consumer Staples","2437264","US4404521001","New York Stock Exchange Inc."
"FLS","FLOWSERVE CORP","Equity","0.10","53.46","4,884.00","261,098.64","261,098.64","Industrials","2288406","US34354P1057","New York Stock Exchange Inc."
"ROST","ROSS STORES INC","Equity","0.10","100.00","2,605.00","260,500.00","260,500.00","Consumer Discretionary","2746711","US7782961038","NASDAQ"
"TROW","T ROWE PRICE GROUP INC","Equity","0.10","109.71","2,373.00","260,341.83","260,341.83","Financials","2702337","US74144T1088","NASDAQ"
"HBI","HANESBRANDS INC","Equity","0.10","17.38","14,857.00","258,214.66","258,214.66","Consumer Discretionary","B1BJSL9","US4103451021","New York Stock Exchange Inc."
"ATVI","ACTIVISION BLIZZARD INC","Equity","0.10","48.66","5,286.00","257,216.76","257,216.76","Communication","2575818","US00507V1098","NASDAQ"
"JAZZ","JAZZ PHARMACEUTICALS PLC","Equity","0.10","143.24","1,795.00","257,115.80","257,115.80","Health Care","B4Q5ZN4","IE00B4Q5ZN47","NASDAQ"
"JLL","JONES LANG LASALLE INC","Equity","0.10","140.04","1,835.00","256,973.40","256,973.40","Real Estate","2040640","US48020Q1076","New York Stock Exchange Inc."
"WMB","WILLIAMS INC","Equity","0.10","28.39","9,049.00","256,901.11","256,901.11","Energy","2967181","US9694571004","New York Stock Exchange Inc."
"MPC","MARATHON PETROLEUM CORP","Equity","0.10","54.32","4,726.00","256,716.32","256,716.32","Energy","B3K3L40","US56585A1025","New York Stock Exchange Inc."
"WLTW","WILLIS TOWERS WATSON PLC","Equity","0.10","195.74","1,310.00","256,419.40","256,419.40","Financials","BDB6Q21","IE00BDB6Q211","NASDAQ"
"FAST","FASTENAL","Equity","0.10","32.26","7,949.00","256,434.74","256,434.74","Industrials","2332262","US3119001044","NASDAQ"
"CHRW","CH ROBINSON WORLDWIDE INC","Equity","0.10","85.04","3,013.00","256,225.52","256,225.52","Industrials","2116228","US12541W2098","NASDAQ"
"CFG","CITIZENS FINANCIAL GROUP INC","Equity","0.10","35.51","7,185.00","255,139.35","255,139.35","Financials","BQRX1X3","US1746101054","New York Stock Exchange Inc."
"CMG","CHIPOTLE MEXICAN GRILL INC","Equity","0.10","730.98","349.00","255,112.02","255,112.02","Consumer Discretionary","B0X7DZ3","US1696561059","New York Stock Exchange Inc."
"F","FORD MOTOR CO","Equity","0.10","10.20","24,902.00","254,000.40","254,000.40","Consumer Discretionary","2615468","US3453708600","New York Stock Exchange Inc."
"CTVA","CORTEVA INC","Equity","0.10","28.80","8,772.00","252,633.60","252,633.60","Materials","BK73B42","US22052L1044","New York Stock Exchange Inc."
"JKHY","JACK HENRY ANS ASSOCIATES INC","Equity","0.10","137.61","1,835.00","252,514.35","252,514.35","Information Technology","2469193","US4262811015","NASDAQ"
"WDAY","WORKDAY INC CLASS A","Equity","0.10","216.80","1,163.00","252,138.40","252,138.40","Information Technology","B8K6ZD1","US98138H1014","NASDAQ"
"NUE","NUCOR CORP","Equity","0.10","55.29","4,546.00","251,348.34","251,348.34","Materials","2651086","US6703461052","New York Stock Exchange Inc."
"ROK","ROCKWELL AUTOMATION INC","Equity","0.10","164.06","1,530.00","251,011.80","251,011.80","Industrials","2754060","US7739031091","New York Stock Exchange Inc."
"NOV","NATIONAL OILWELL VARCO INC","Equity","0.10","21.78","11,489.00","250,230.42","250,230.42","Energy","2624486","US6370711011","New York Stock Exchange Inc."
"EQH","AXA EQUITABLE HOLDINGS INC","Equity","0.10","21.51","11,593.00","249,365.43","249,365.43","Financials","BYWV2Y6","US0545611057","New York Stock Exchange Inc."
"ABMD","ABIOMED INC","Equity","0.10","261.33","953.00","249,047.49","249,047.49","Health Care","2003698","US0036541003","NASDAQ"
"NWL","NEWELL BRANDS INC","Equity","0.10","15.46","16,085.00","248,674.10","248,674.10","Consumer Discretionary","2635701","US6512291062","NASDAQ"
"EA","ELECTRONIC ARTS INC","Equity","0.10","98.11","2,525.00","247,727.75","247,727.75","Communication","2310194","US2855121099","NASDAQ"
"SCHW","CHARLES SCHWAB CORP","Equity","0.10","40.45","6,106.00","246,987.70","246,987.70","Financials","2779397","US8085131055","New York Stock Exchange Inc."
"TWLO","TWILIO INC CLASS A","Equity","0.09","139.21","1,770.00","246,401.70","246,401.70","Information Technology","BD6P5Q0","US90138F1021","New York Stock Exchange Inc."
"ETR","ENTERGY CORP","Equity","0.09","104.54","2,351.00","245,773.54","245,773.54","Utilities","2317087","US29364G1031","New York Stock Exchange Inc."
"HST","HOST HOTELS & RESORTS REIT INC","Equity","0.09","18.46","13,300.00","245,518.00","245,518.00","Real Estate","2567503","US44107P1049","New York Stock Exchange Inc."
"USD","USD CASH","Cash","0.09","100.00","245,229.00","245,228.71","245,228.71","Cash and/or Derivatives","-","-","-"
"APC","ANADARKO PETROLEUM CORP","Equity","0.09","71.00","3,432.00","243,672.00","243,672.00","Energy","2032380","US0325111070","New York Stock Exchange Inc."
"CAG","CONAGRA BRANDS INC","Equity","0.09","28.26","8,590.00","242,753.40","242,753.40","Consumer Staples","2215460","US2058871029","New York Stock Exchange Inc."
"STZ","CONSTELLATION BRANDS INC CLASS A","Equity","0.09","199.90","1,206.00","241,079.40","241,079.40","Consumer Staples","2170473","US21036P1084","New York Stock Exchange Inc."
"W","WAYFAIR INC CLASS A","Equity","0.09","142.95","1,683.00","240,584.85","240,584.85","Consumer Discretionary","BQXZP64","US94419L1017","New York Stock Exchange Inc."
"LW","LAMB WESTON HOLDINGS INC","Equity","0.09","63.72","3,735.00","237,994.20","237,994.20","Consumer Staples","BDQZFJ3","US5132721045","New York Stock Exchange Inc."
"SPR","SPIRIT AEROSYSTEMS INC CLASS A","Equity","0.09","78.80","3,005.00","236,794.00","236,794.00","Industrials","B1HMMS7","US8485741099","New York Stock Exchange Inc."
"FTNT","FORTINET INC","Equity","0.09","78.84","3,002.00","236,677.68","236,677.68","Information Technology","B5B2106","US34959E1091","NASDAQ"
"SIVB","SVB FINANCIAL GROUP","Equity","0.09","218.27","1,078.00","235,295.06","235,295.06","Financials","2808053","US78486Q1013","NASDAQ"
"TWTR","TWITTER INC","Equity","0.09","36.02","6,524.00","234,994.48","234,994.48","Communication","BFLR866","US90184L1026","New York Stock Exchange Inc."
"CTXS","CITRIX SYSTEMS INC","Equity","0.09","99.69","2,357.00","234,969.33","234,969.33","Information Technology","2182553","US1773761002","NASDAQ"
"PXD","PIONEER NATURAL RESOURCE","Equity","0.09","145.55","1,608.00","234,044.40","234,044.40","Energy","2690830","US7237871071","New York Stock Exchange Inc."
"RCL","ROYAL CARIBBEAN CRUISES LTD","Equity","0.09","116.54","1,986.00","231,448.44","231,448.44","Consumer Discretionary","2754907","LR0008862868","New York Stock Exchange Inc."
"CNC","CENTENE CORP","Equity","0.09","51.35","4,495.00","230,818.25","230,818.25","Health Care","2807061","US15135B1017","New York Stock Exchange Inc."
"NBL","NOBLE ENERGY INC","Equity","0.09","22.10","10,201.00","225,442.10","225,442.10","Energy","2640761","US6550441058","New York Stock Exchange Inc."
"M","MACYS INC","Equity","0.09","21.27","10,594.00","225,334.38","225,334.38","Consumer Discretionary","2345022","US55616P1049","New York Stock Exchange Inc."
"DVN","DEVON ENERGY CORP","Equity","0.09","27.52","8,069.00","222,058.88","222,058.88","Energy","2480677","US25179M1036","New York Stock Exchange Inc."
"DXC","DXC TECHNOLOGY","Equity","0.08","55.70","3,950.00","220,015.00","220,015.00","Information Technology","BYXD7B3","US23355L1061","New York Stock Exchange Inc."
"MRO","MARATHON OIL CORP","Equity","0.08","13.66","15,905.00","217,262.30","217,262.30","Energy","2910970","US5658491064","New York Stock Exchange Inc."
"JWN","NORDSTROM INC","Equity","0.08","31.25","6,770.00","211,562.50","211,562.50","Consumer Discretionary","2641827","US6556641008","New York Stock Exchange Inc."
"DELL","DELL TECHNOLOGIES INC CLASS C","Equity","0.07","52.92","3,576.00","189,241.92","189,241.92","Information Technology","BHKD3S6","US24703L2025","New York Stock Exchange Inc."
 