﻿iShares Edge MSCI Min Vol Europe ETF
Inception Date,"Jun 3, 2014"
Fund Holdings as of,"Jul 3, 2019"
Total Net Assets,"24,534,415.15"
Shares Outstanding,"950,000.00"
Stock,"-"
Bond,"-"
Cash,"-"
Other,"-"
 
Issuer Ticker,Name,Asset Class,Weight (%),Price,Shares,Market Value,Notional Value,Sector,SEDOL,ISIN,Exchange,Country,Currency,Market Currency,FX Rate
"NOVN","NOVARTIS AG","Equity","1.58","92.32","4,204.00","388,104.17","388,104.17","Health Care","7103065","CH0012005267","Six Swiss Exchange Ag","Switzerland","USD","CHF","0.99"
"ROG","ROCHE HOLDING PAR AG","Equity","1.55","285.43","1,330.00","379,624.26","379,624.26","Health Care","7110388","CH0012032048","Six Swiss Exchange Ag","Switzerland","USD","CHF","0.99"
"ZURN","ZURICH INSURANCE GROUP AG","Equity","1.55","353.43","1,074.00","379,584.20","379,584.20","Financials","5983816","CH0011075394","Six Swiss Exchange Ag","Switzerland","USD","CHF","0.99"
"RMS","HERMES INTERNATIONAL","Equity","1.50","727.43","506.00","368,080.15","368,080.15","Consumer Discretionary","5253973","FR0000052292","Nyse Euronext - Euronext Paris","France","USD","EUR","0.89"
"SCMN","SWISSCOM AG","Equity","1.50","501.09","734.00","367,800.21","367,800.21","Communication","5533976","CH0008742519","Six Swiss Exchange Ag","Switzerland","USD","CHF","0.99"
"MUV2","MUENCHENER RUECKVERSICHERUNGS-GESE","Equity","1.49","257.33","1,422.00","365,924.70","365,924.70","Financials","5294121","DE0008430026","Xetra","Germany","USD","EUR","0.89"
"NESN","NESTLE SA","Equity","1.49","103.77","3,512.00","364,431.66","364,431.66","Consumer Staples","7123870","CH0038863350","Six Swiss Exchange Ag","Switzerland","USD","CHF","0.99"
"SAMPO","SAMPO","Equity","1.46","47.27","7,579.00","358,255.43","358,255.43","Financials","5226038","FI0009003305","Nasdaq Omx Helsinki Ltd.","Finland","USD","EUR","0.89"
"DGE","DIAGEO PLC","Equity","1.45","43.75","8,146.00","356,392.77","356,392.77","Consumer Staples","0237400","GB0002374006","London Stock Exchange","United Kingdom","USD","GBP","0.80"
"DTE","DEUTSCHE TELEKOM N AG","Equity","1.45","17.34","20,558.00","356,376.07","356,376.07","Communication","5842359","DE0005557508","Xetra","Germany","USD","EUR","0.89"
"SREN","SWISS RE AG","Equity","1.43","102.94","3,413.00","351,320.42","351,320.42","Financials","B545MG5","CH0126881561","Six Swiss Exchange Ag","Switzerland","USD","CHF","0.99"
"GIVN","GIVAUDAN SA","Equity","1.43","2,807.16","125.00","350,894.99","350,894.99","Materials","5980613","CH0010645932","Six Swiss Exchange Ag","Switzerland","USD","CHF","0.99"
"KRZ","KERRY GROUP PLC","Equity","1.42","118.34","2,952.00","349,348.34","349,348.34","Consumer Staples","4519579","IE0004906560","Irish Stock Exchange - All Market","Ireland","USD","EUR","0.89"
"CPG","COMPASS GROUP PLC","Equity","1.42","24.54","14,205.00","348,616.56","348,616.56","Consumer Discretionary","BD6K457","GB00BD6K4575","London Stock Exchange","United Kingdom","USD","GBP","0.80"
"GSK","GLAXOSMITHKLINE PLC","Equity","1.37","20.62","16,357.00","337,255.10","337,255.10","Health Care","0925288","GB0009252882","London Stock Exchange","United Kingdom","USD","GBP","0.80"
"NG.","NATIONAL GRID PLC","Equity","1.35","10.89","30,440.00","331,556.16","331,556.16","Utilities","BDR05C0","GB00BDR05C01","London Stock Exchange","United Kingdom","USD","GBP","0.80"
"SAN","SANOFI SA","Equity","1.33","88.27","3,684.00","325,173.62","325,173.62","Health Care","5671735","FR0000120578","Nyse Euronext - Euronext Paris","France","USD","EUR","0.89"
"GBLB","GROUPE BRUXELLES LAMBERT NV","Equity","1.32","98.92","3,279.00","324,346.19","324,346.19","Financials","7097328","BE0003797140","Nyse Euronext - Euronext Brussels","Belgium","USD","EUR","0.89"
"UNA","UNILEVER NV","Equity","1.27","62.16","4,993.00","310,370.20","310,370.20","Consumer Staples","B1527V7","NL0000388619","Euronext Amsterdam","Netherlands","USD","EUR","0.89"
"NOVO B","NOVO NORDISK CLASS B","Equity","1.26","52.15","5,925.00","308,983.24","308,983.24","Health Care","BHC8X90","DK0060534915","Omx Nordic Exchange Copenhagen A/S","Denmark","USD","DKK","6.62"
"REL","RELX PLC","Equity","1.24","24.79","12,280.00","304,459.03","304,459.03","Industrials","B2B0DG9","GB00B2B0DG97","London Stock Exchange","United Kingdom","USD","GBP","0.80"
"RDSA","ROYAL DUTCH SHELL PLC","Equity","1.23","32.40","9,304.00","301,449.39","301,449.39","Energy","B03MLX2","GB00B03MLX29","London Stock Exchange","United Kingdom","USD","GBP","0.80"
"AZN","ASTRAZENECA PLC","Equity","1.23","82.94","3,633.00","301,324.38","301,324.38","Health Care","0989529","GB0009895292","London Stock Exchange","United Kingdom","USD","GBP","0.80"
"IGY","INNOGY","Equity","1.22","48.41","6,173.00","298,828.24","298,828.24","Utilities","BDCFZS6","DE000A2AADD2","Xetra","Germany","USD","EUR","0.89"
"ORA","ORANGE SA","Equity","1.21","15.61","19,009.00","296,798.85","296,798.85","Communication","5176177","FR0000133308","Nyse Euronext - Euronext Paris","France","USD","EUR","0.89"
"SPSN","SWISS PRIME SITE AG","Equity","1.21","88.18","3,365.00","296,726.08","296,726.08","Real Estate","B083BH4","CH0008038389","SIX Swiss Exchange","Switzerland","USD","CHF","0.99"
"SLHN","SWISS LIFE HOLDING AG","Equity","1.17","498.35","578.00","288,047.46","288,047.46","Financials","7437805","CH0014852781","Six Swiss Exchange Ag","Switzerland","USD","CHF","0.99"
"KNIN","KUEHNE UND NAGEL INTERNATIONAL AG","Equity","1.11","146.65","1,865.00","273,494.24","273,494.24","Industrials","B142S60","CH0025238863","Six Swiss Exchange Ag","Switzerland","USD","CHF","0.99"
"HEIA","HEINEKEN NV","Equity","1.11","113.44","2,391.00","271,224.24","271,224.24","Consumer Staples","7792559","NL0000009165","Euronext Amsterdam","Netherlands","USD","EUR","0.89"
"TELIA","TELIA COMPANY","Equity","1.10","4.61","58,564.00","270,017.25","270,017.25","Communication","5978384","SE0000667925","Nasdaq Omx Nordic","Sweden","USD","SEK","9.31"
"OR","LOREAL SA","Equity","1.08","289.82","913.00","264,607.24","264,607.24","Consumer Staples","4057808","FR0000120321","Nyse Euronext - Euronext Paris","France","USD","EUR","0.89"
"SN.","SMITH AND NEPHEW PLC","Equity","1.08","22.12","11,928.00","263,888.43","263,888.43","Health Care","0922320","GB0009223206","London Stock Exchange","United Kingdom","USD","GBP","0.80"
"SGRO","SEGRO REIT PLC","Equity","1.07","9.44","27,686.00","261,420.92","261,420.92","Real Estate","B5ZN1N8","GB00B5ZN1N88","London Stock Exchange","United Kingdom","USD","GBP","0.80"
"COLO B","COLOPLAST B","Equity","1.03","120.68","2,090.00","252,228.58","252,228.58","Health Care","B8FMRX8","DK0060448595","Omx Nordic Exchange Copenhagen A/S","Denmark","USD","DKK","6.62"
"IBE","IBERDROLA SA","Equity","1.02","10.16","24,695.00","250,792.70","250,792.70","Utilities","B288C92","ES0144580Y14","Bolsa De Madrid","Spain","USD","EUR","0.89"
"HSBA","HSBC HOLDINGS PLC","Equity","1.01","8.44","29,416.00","248,154.98","248,154.98","Financials","0540528","GB0005405286","London Stock Exchange","United Kingdom","USD","GBP","0.80"
"ULVR","UNILEVER PLC","Equity","0.99","63.86","3,801.00","242,723.23","242,723.23","Consumer Staples","B10RZP7","GB00B10RZP78","London Stock Exchange","United Kingdom","USD","GBP","0.80"
"SGSN","SGS SA","Equity","0.99","2,549.57","95.00","242,208.81","242,208.81","Industrials","4824778","CH0002497458","Six Swiss Exchange Ag","Switzerland","USD","CHF","0.99"
"UCB","UCB SA","Equity","0.98","84.79","2,830.00","239,960.66","239,960.66","Health Care","5596991","BE0003739530","Nyse Euronext - Euronext Brussels","Belgium","USD","EUR","0.89"
"ELISA","ELISA","Equity","0.94","48.71","4,739.00","230,853.36","230,853.36","Communication","5701513","FI0009007884","Nasdaq Omx Helsinki Ltd.","Finland","USD","EUR","0.89"
"PROX","PROXIMUS NV","Equity","0.93","29.65","7,728.00","229,118.06","229,118.06","Communication","B00D9P6","BE0003810273","Nyse Euronext - Euronext Brussels","Belgium","USD","EUR","0.89"
"RI","PERNOD RICARD SA","Equity","0.91","186.14","1,203.00","223,932.13","223,932.13","Consumer Staples","4682329","FR0000120693","Nyse Euronext - Euronext Paris","France","USD","EUR","0.89"
"TRYG","TRYG","Equity","0.89","33.31","6,553.00","218,312.82","218,312.82","Financials","BXDZ972","DK0060636678","Omx Nordic Exchange Copenhagen A/S","Denmark","USD","DKK","6.62"
"ALV","ALLIANZ","Equity","0.88","244.58","881.00","215,477.55","215,477.55","Financials","5231485","DE0008404005","Xetra","Germany","USD","EUR","0.89"
"CARL B","CARLSBERG AS CL B","Equity","0.86","138.88","1,519.00","210,962.97","210,962.97","Consumer Staples","4169219","DK0010181759","Omx Nordic Exchange Copenhagen A/S","Denmark","USD","DKK","6.62"
"MRK","MERCK","Equity","0.86","107.56","1,953.00","210,060.42","210,060.42","Health Care","4741844","DE0006599905","Xetra","Germany","USD","EUR","0.89"
"ORSTED","ORSTED","Equity","0.83","91.36","2,237.00","204,370.36","204,370.36","Utilities","BYT16L4","DK0060094928","Omx Nordic Exchange Copenhagen A/S","Denmark","USD","DKK","6.62"
"LAND","LAND SECURITIES GROUP REIT PLC","Equity","0.83","10.68","19,119.00","204,211.24","204,211.24","Real Estate","BYW0PQ6","GB00BYW0PQ60","London Stock Exchange","United Kingdom","USD","GBP","0.80"
"TEL","TELENOR","Equity","0.81","21.61","9,240.00","199,720.38","199,720.38","Communication","4732495","NO0010063308","Oslo Bors Asa","Norway","USD","NOK","8.55"
"BALN","BALOISE HOLDING AG","Equity","0.80","179.81","1,094.00","196,710.31","196,710.31","Financials","7124594","CH0012410517","SIX Swiss Exchange","Switzerland","USD","CHF","0.99"
"SRG","SNAM","Equity","0.80","5.14","37,980.00","195,297.25","195,297.25","Utilities","7251470","IT0003153415","Borsa Italiana","Italy","USD","EUR","0.89"
"HNR1","HANNOVER RUECK","Equity","0.79","166.29","1,163.00","193,394.47","193,394.47","Financials","4511809","DE0008402215","Xetra","Germany","USD","EUR","0.89"
"ELE","ENDESA SA","Equity","0.77","26.47","7,157.00","189,420.02","189,420.02","Utilities","5271782","ES0130670112","Bolsa De Madrid","Spain","USD","EUR","0.89"
"COV","COVIVIO SA","Equity","0.76","105.71","1,774.00","187,525.38","187,525.38","Real Estate","7745638","FR0000064578","Nyse Euronext - Euronext Paris","France","USD","EUR","0.89"
"CCEP","COCA COLA EUROPEAN PARTNERS PLC","Equity","0.75","57.89","3,172.00","183,627.08","183,627.08","Consumer Staples","BYQQ3P5","GB00BDCPN049","New York Stock Exchange Inc.","Netherlands","USD","USD","1.00"
"LISP","CHOCOLADEFABRIKEN LINDT & SPRUENGL","Equity","0.74","7,261.30","25.00","181,532.38","181,532.38","Consumer Staples","5962280","CH0010570767","SIX Swiss Exchange","Switzerland","USD","CHF","0.99"
"EQNR","EQUINOR","Equity","0.73","19.91","9,051.00","180,174.98","180,174.98","Energy","7133608","NO0010096985","Oslo Bors Asa","Norway","USD","NOK","8.55"
"BP.","BP PLC","Equity","0.73","6.86","26,198.00","179,801.25","179,801.25","Energy","0798059","GB0007980591","London Stock Exchange","United Kingdom","USD","GBP","0.80"
"BN","DANONE SA","Equity","0.73","85.33","2,107.00","179,797.19","179,797.19","Consumer Staples","B1Y9TB3","FR0000120644","Nyse Euronext - Euronext Paris","France","USD","EUR","0.89"
"COLR","ETABLISSEMENTEN FRANZ COLRUYT NV","Equity","0.73","58.28","3,054.00","177,987.82","177,987.82","Consumer Staples","5806225","BE0974256852","Nyse Euronext - Euronext Brussels","Belgium","USD","EUR","0.89"
"HO","THALES SA","Equity","0.71","122.91","1,410.00","173,305.84","173,305.84","Industrials","4162791","FR0000121329","Nyse Euronext - Euronext Paris","France","USD","EUR","0.89"
"HEIO","HEINEKEN HOLDING NV","Equity","0.70","107.68","1,599.00","172,183.39","172,183.39","Consumer Staples","B0CCH46","NL0000008977","Euronext Amsterdam","Netherlands","USD","EUR","0.89"
"BEI","BEIERSDORF AG","Equity","0.69","122.46","1,376.00","168,505.90","168,505.90","Consumer Staples","5107401","DE0005200000","Xetra","Germany","USD","EUR","0.89"
"DLG","DIRECT LINE INSURANCE PLC","Equity","0.69","4.29","39,222.00","168,371.30","168,371.30","Financials","BY9D0Y1","GB00BY9D0Y18","London Stock Exchange","United Kingdom","USD","GBP","0.80"
"AD","KONINKLIJKE AHOLD DELHAIZE NV","Equity","0.68","22.90","7,331.00","167,890.49","167,890.49","Consumer Staples","BD0Q398","NL0011794037","Euronext Amsterdam","Netherlands","USD","EUR","0.89"
"AI","AIR LIQUIDE SA","Equity","0.68","139.50","1,201.00","167,534.39","167,534.39","Materials","B1YXBJ7","FR0000120073","Nyse Euronext - Euronext Paris","France","USD","EUR","0.89"
"ADP","AEROPORTS DE PARIS SA","Equity","0.68","177.23","941.00","166,775.66","166,775.66","Industrials","B164FY1","FR0010340141","Nyse Euronext - Euronext Paris","France","USD","EUR","0.89"
"PGHN","PARTNERS GROUP HOLDING AG","Equity","0.64","791.24","200.00","158,247.55","158,247.55","Financials","B119QG0","CH0024608827","Six Swiss Exchange Ag","Switzerland","USD","CHF","0.99"
"GJF","GJENSIDIGE FORSIKRING","Equity","0.64","20.24","7,721.00","156,273.60","156,273.60","Financials","B4PH0C5","NO0010582521","Oslo Bors Asa","Norway","USD","NOK","8.55"
"SAP","SAP","Equity","0.63","140.32","1,103.00","154,772.18","154,772.18","Information Technology","4846288","DE0007164600","Xetra","Germany","USD","EUR","0.89"
"WKL","WOLTERS KLUWER NV","Equity","0.58","73.78","1,939.00","143,061.38","143,061.38","Industrials","5671519","NL0000395903","Euronext Amsterdam","Netherlands","USD","EUR","0.89"
"ENEL","ENEL","Equity","0.58","7.23","19,660.00","142,125.78","142,125.78","Utilities","7144569","IT0003128367","Borsa Italiana","Italy","USD","EUR","0.89"
"SSE","SSE PLC","Equity","0.57","14.54","9,697.00","140,949.69","140,949.69","Utilities","0790873","GB0007908733","London Stock Exchange","United Kingdom","USD","GBP","0.80"
"TRN","TERNA RETE ELETTRICA NAZIONALE","Equity","0.57","6.62","21,187.00","140,305.41","140,305.41","Utilities","B01BN57","IT0003242622","Borsa Italiana","Italy","USD","EUR","0.89"
"REE","RED ELECTRICA SA","Equity","0.57","21.32","6,509.00","138,785.13","138,785.13","Utilities","BD6FXN3","ES0173093024","Bolsa De Madrid","Spain","USD","EUR","0.89"
"GEBN","GEBERIT AG","Equity","0.56","467.22","293.00","136,894.78","136,894.78","Industrials","B1WGG93","CH0030170408","Six Swiss Exchange Ag","Switzerland","USD","CHF","0.99"
"ADM","ADMIRAL GROUP PLC","Equity","0.56","28.89","4,728.00","136,615.09","136,615.09","Financials","B02J639","GB00B02J6398","London Stock Exchange","United Kingdom","USD","GBP","0.80"
"FP","TOTAL SA","Equity","0.53","55.41","2,353.00","130,377.58","130,377.58","Energy","B15C557","FR0000120271","Nyse Euronext - Euronext Paris","France","USD","EUR","0.89"
"GET","GETLINK","Equity","0.53","15.96","8,122.00","129,654.11","129,654.11","Industrials","B292JQ9","FR0010533075","Nyse Euronext - Euronext Paris","France","USD","EUR","0.89"
"EL","ESSILORLUXOTTICA SA","Equity","0.52","129.40","982.00","127,069.63","127,069.63","Consumer Discretionary","7212477","FR0000121667","Nyse Euronext - Euronext Paris","France","USD","EUR","0.89"
"HEN","HENKEL AG","Equity","0.51","94.60","1,315.00","124,392.92","124,392.92","Consumer Staples","5002465","DE0006048408","Xetra","Germany","USD","EUR","0.89"
"ITX","INDUSTRIA DE DISENO TEXTIL INDITEX","Equity","0.50","30.31","4,031.00","122,193.28","122,193.28","Consumer Discretionary","BP9DL90","ES0148396007","Bolsa De Madrid","Spain","USD","EUR","0.89"
"UU.","UNITED UTILITIES GROUP PLC","Equity","0.49","10.22","11,686.00","119,386.88","119,386.88","Utilities","B39J2M4","GB00B39J2M42","London Stock Exchange","United Kingdom","USD","GBP","0.80"
"EXPN","EXPERIAN PLC","Equity","0.47","30.62","3,756.00","114,993.81","114,993.81","Industrials","B19NLV4","GB00B19NLV48","London Stock Exchange","United Kingdom","USD","GBP","0.80"
"ICA","ICA GRUPPEN","Equity","0.45","43.49","2,524.00","109,759.75","109,759.75","Consumer Staples","B0S1651","SE0000652216","Nasdaq Omx Nordic","Sweden","USD","SEK","9.31"
"AGS","AGEAS SA","Equity","0.45","53.15","2,059.00","109,429.97","109,429.97","Financials","B86S2N0","BE0974264930","Nyse Euronext - Euronext Brussels","Belgium","USD","EUR","0.89"
"ORK","ORKLA","Equity","0.45","9.13","11,973.00","109,288.61","109,288.61","Consumer Staples","B1VQF42","NO0003733800","Oslo Bors Asa","Norway","USD","NOK","8.55"
"MOWI","MOWI","Equity","0.43","24.49","4,338.00","106,224.51","106,224.51","Consumer Staples","B02L486","NO0003054108","Oslo Bors Asa","Norway","USD","NOK","8.55"
"BT.A","BT GROUP PLC","Equity","0.42","2.51","41,450.00","104,147.27","104,147.27","Communication","3091357","GB0030913577","London Stock Exchange","United Kingdom","USD","GBP","0.80"
"BARN","BARRY CALLEBAUT AG","Equity","0.42","2,022.21","51.00","103,132.70","103,132.70","Consumer Staples","5476929","CH0009002962","SIX Swiss Exchange","Switzerland","USD","CHF","0.99"
"G","ASSICURAZIONI GENERALI","Equity","0.42","19.25","5,305.00","102,131.22","102,131.22","Financials","4056719","IT0000062072","Borsa Italiana","Italy","USD","EUR","0.89"
"SVT","SEVERN TRENT PLC","Equity","0.41","27.05","3,764.00","101,809.20","101,809.20","Utilities","B1FH8J7","GB00B1FH8J72","London Stock Exchange","United Kingdom","USD","GBP","0.80"
"BA.","BAE SYSTEMS PLC","Equity","0.40","6.24","15,862.00","98,999.48","98,999.48","Industrials","0263494","GB0002634946","London Stock Exchange","United Kingdom","USD","GBP","0.80"
"GFC","GECINA REIT SA","Equity","0.40","149.25","659.00","98,358.55","98,358.55","Real Estate","7742468","FR0010040865","Nyse Euronext - Euronext Paris","France","USD","EUR","0.89"
"AENA","AENA SME SA","Equity","0.40","199.85","490.00","97,927.37","97,927.37","Industrials","BVRZ8L1","ES0105046009","Bolsa De Madrid","Spain","USD","EUR","0.89"
"CHF","CHF CASH","Cash","0.39","101.41","95,185.00","96,531.43","96,531.43","Cash and/or Derivatives","-","-","-","Switzerland","USD","CHF","0.99"
"SOON","SONOVA HOLDING AG","Equity","0.39","226.76","422.00","95,694.13","95,694.13","Health Care","7156036","CH0012549785","Six Swiss Exchange Ag","Switzerland","USD","CHF","0.99"
"VOD","VODAFONE GROUP PLC","Equity","0.39","1.65","57,226.00","94,481.81","94,481.81","Communication","BH4HKS3","GB00BH4HKS39","London Stock Exchange","United Kingdom","USD","GBP","0.80"
"VNA","VONOVIA SE","Equity","0.37","49.99","1,802.00","90,078.96","90,078.96","Real Estate","BBJPFY1","DE000A1ML7J1","Xetra","Germany","USD","EUR","0.89"
"ADS","ADIDAS N AG","Equity","0.37","314.36","285.00","89,592.31","89,592.31","Consumer Discretionary","4031976","DE000A1EWWW0","Xetra","Germany","USD","EUR","0.89"
"DB1","DEUTSCHE BOERSE AG","Equity","0.36","145.98","601.00","87,735.55","87,735.55","Financials","7021963","DE0005810055","Xetra","Germany","USD","EUR","0.89"
"CHR","CHR HANSEN HOLDING","Equity","0.36","99.04","884.00","87,549.49","87,549.49","Materials","B573M11","DK0060227585","Omx Nordic Exchange Copenhagen A/S","Denmark","USD","DKK","6.62"
"SW","SODEXO SA","Equity","0.35","118.68","724.00","85,925.32","85,925.32","Consumer Discretionary","7062713","FR0000121220","Nyse Euronext - Euronext Paris","France","USD","EUR","0.89"
"INVE B","INVESTOR B","Equity","0.34","48.96","1,702.00","83,334.17","83,334.17","Financials","5679591","SE0000107419","Nasdaq Omx Nordic","Sweden","USD","SEK","9.31"
"LISN","CHOCOLADEFABRIKEN LINDT & SPRUENGL","Equity","0.33","81,334.62","1.00","81,334.62","81,334.62","Consumer Staples","5962309","CH0010570759","SIX Swiss Exchange","Switzerland","USD","CHF","0.99"
"RB.","RECKITT BENCKISER GROUP PLC","Equity","0.33","80.47","1,000.00","80,466.02","80,466.02","Consumer Staples","B24CGK7","GB00B24CGK77","London Stock Exchange","United Kingdom","USD","GBP","0.80"
"SCHN","SCHINDLER HOLDING AG","Equity","0.33","220.88","361.00","79,738.15","79,738.15","Industrials","B11WWH2","CH0024638212","SIX Swiss Exchange","Switzerland","USD","CHF","0.99"
"ASSA B","ASSA ABLOY B","Equity","0.32","22.95","3,381.00","77,579.76","77,579.76","Industrials","BYPC1T4","SE0007100581","Nasdaq Omx Nordic","Sweden","USD","SEK","9.31"
"DSV","DSV","Equity","0.31","98.31","766.00","75,307.25","75,307.25","Industrials","B1WT5G2","DK0060079531","Omx Nordic Exchange Copenhagen A/S","Denmark","USD","DKK","6.62"
"AKZAT","AKZO NOBEL NV","Equity","0.29","95.18","749.00","71,291.33","71,291.33","Materials","BJ2KSG2","NL0013267909","Euronext Amsterdam","Netherlands","USD","EUR","0.89"
"UN01","UNIPER","Equity","0.28","31.02","2,190.00","67,942.83","67,942.83","Utilities","BZ6CZ43","DE000UNSE018","Xetra","Germany","USD","EUR","0.89"
"IMB","IMPERIAL BRANDS PLC","Equity","0.27","24.92","2,699.00","67,272.55","67,272.55","Consumer Staples","0454492","GB0004544929","London Stock Exchange","United Kingdom","USD","GBP","0.80"
"FRA","FRAPORT FRANKFURT AIRPORT SERVICES","Equity","0.27","86.62","769.00","66,610.29","66,610.29","Industrials","7107551","DE0005773303","Xetra","Germany","USD","EUR","0.89"
"RSA","RSA INSURANCE GROUP PLC","Equity","0.27","7.46","8,731.00","65,132.47","65,132.47","Financials","BKKMKR2","GB00BKKMKR23","London Stock Exchange","United Kingdom","USD","GBP","0.80"
"EUR","EUR CASH","Cash","0.25","112.81","54,594.00","61,590.00","61,590.00","Cash and/or Derivatives","-","-","-","European Union","USD","EUR","0.89"
"KNEBV","KONE","Equity","0.25","59.23","1,027.00","60,827.03","60,827.03","Industrials","B09M9D2","FI0009013403","Nasdaq Omx Helsinki Ltd.","Finland","USD","EUR","0.89"
"MKS","MARKS AND SPENCER GROUP PLC","Equity","0.23","2.68","21,126.00","56,611.09","56,611.09","Consumer Discretionary","3127489","GB0031274896","London Stock Exchange","United Kingdom","USD","GBP","0.80"
"KPN","KONINKLIJKE KPN NV","Equity","0.23","3.04","18,520.00","56,370.23","56,370.23","Communication","5956078","NL0000009082","Euronext Amsterdam","Netherlands","USD","EUR","0.89"
"DWNI","DEUTSCHE WOHNEN","Equity","0.22","37.56","1,460.00","54,831.93","54,831.93","Real Estate","B0YZ0Z5","DE000A0HN5C6","Xetra","Germany","USD","EUR","0.89"
"NN","NN GROUP NV","Equity","0.22","40.55","1,322.00","53,601.43","53,601.43","Financials","BNG8PQ9","NL0010773842","Euronext Amsterdam","Netherlands","USD","EUR","0.89"
"ISS","ISS A S","Equity","0.21","29.57","1,777.00","52,539.24","52,539.24","Industrials","BKJ9RT5","DK0060542181","Omx Nordic Exchange Copenhagen A/S","Denmark","USD","DKK","6.62"
"BB","BIC SA","Equity","0.21","77.84","672.00","52,310.06","52,310.06","Industrials","5298781","FR0000120966","Nyse Euronext - Euronext Paris","France","USD","EUR","0.89"
"QIA","QIAGEN NV","Equity","0.21","40.79","1,268.00","51,726.67","51,726.67","Health Care","BYXS699","NL0012169213","Xetra","Germany","USD","EUR","0.89"
"SHB A","SVENSKA HANDELSBANKEN-A SHS","Equity","0.20","9.96","4,945.00","49,241.60","49,241.60","Financials","BXDZ9Q1","SE0007100599","Nasdaq Omx Nordic","Sweden","USD","SEK","9.31"
"EOAN","E.ON N","Equity","0.20","11.12","4,401.00","48,934.92","48,934.92","Utilities","4942904","DE000ENAG999","Xetra","Germany","USD","EUR","0.89"
"NESTE","NESTE","Equity","0.20","34.24","1,420.00","48,619.88","48,619.88","Energy","B06YV46","FI0009013296","Nasdaq Omx Helsinki Ltd.","Finland","USD","EUR","0.89"
"FME","FRESENIUS MEDICAL CARE AG & CO KGA","Equity","0.20","79.78","604.00","48,188.79","48,188.79","Health Care","5129074","DE0005785802","Xetra","Germany","USD","EUR","0.89"
"SHL","SIEMENS HEALTHINEERS AG","Equity","0.20","42.78","1,122.00","47,998.54","47,998.54","Health Care","BD594Y4","DE000SHL1006","Xetra","Germany","USD","EUR","0.89"
"REC","RECORDATI INDUSTRIA CHIMICA E FARM","Equity","0.19","42.41","1,127.00","47,792.87","47,792.87","Health Care","B07DRZ5","IT0003828271","Borsa Italiana","Italy","USD","EUR","0.89"
"ALC","ALCON AG","Equity","0.19","62.70","760.00","47,655.60","47,655.60","Health Care","BJT1GR5","CH0432492467","Six Swiss Exchange Ag","Switzerland","USD","CHF","0.99"
"FORTUM","FORTUM","Equity","0.19","22.35","2,033.00","45,446.28","45,446.28","Utilities","5579550","FI0009007132","Nasdaq Omx Helsinki Ltd.","Finland","USD","EUR","0.89"
"GBP","GBP CASH","Cash","0.18","125.63","34,984.00","43,949.88","43,949.88","Cash and/or Derivatives","-","-","-","United Kingdom","USD","GBP","0.80"
"HM B","HENNES & MAURITZ","Equity","0.17","17.77","2,343.00","41,646.07","41,646.07","Consumer Discretionary","5687431","SE0000106270","Nasdaq Omx Nordic","Sweden","USD","SEK","9.31"
"BATS","BRITISH AMERICAN TOBACCO PLC","Equity","0.17","37.35","1,112.00","41,532.98","41,532.98","Consumer Staples","0287580","GB0002875804","London Stock Exchange","United Kingdom","USD","GBP","0.80"
"A5G","AIB GROUP","Equity","0.17","4.08","9,996.00","40,822.69","40,822.69","Financials","BF0L353","IE00BF0L3536","Irish Stock Exchange - All Market","Ireland","USD","EUR","0.89"
"O2D","TELEFONICA DEUTSCHLAND HOLDING AG","Equity","0.17","2.74","14,871.00","40,717.10","40,717.10","Communication","B7VG6L8","DE000A1J5RX9","Xetra","Germany","USD","EUR","0.89"
"KRX","KINGSPAN GROUP PLC","Equity","0.16","55.89","722.00","40,351.53","40,351.53","Industrials","4491235","IE0004927939","Irish Stock Exchange - All Market","Ireland","USD","EUR","0.89"
"NOKIA","NOKIA","Equity","0.16","5.06","7,923.00","40,101.83","40,101.83","Information Technology","5902941","FI0009000681","Nasdaq Omx Helsinki Ltd.","Finland","USD","EUR","0.89"
"LUN","H LUNDBECK","Equity","0.16","40.68","962.00","39,130.58","39,130.58","Health Care","7085259","DK0010287234","Omx Nordic Exchange Copenhagen A/S","Denmark","USD","DKK","6.62"
"BNZL","BUNZL","Equity","0.16","27.01","1,440.00","38,895.05","38,895.05","Industrials","B0744B3","GB00B0744B38","London Stock Exchange","United Kingdom","USD","GBP","0.80"
"SY1","SYMRISE AG","Equity","0.15","95.94","374.00","35,880.77","35,880.77","Materials","B1JB4K8","DE000SYM9999","Xetra","Germany","USD","EUR","0.89"
"LUND B","LUNDBERGFORETAGEN CLASS B","Equity","0.14","37.95","916.00","34,758.48","34,758.48","Financials","4538002","SE0000108847","Nasdaq Omx Nordic","Sweden","USD","SEK","9.31"
"AT1","AROUNDTOWN PROPERTY HOLDINGS SA","Equity","0.14","8.49","3,941.00","33,443.11","33,443.11","Real Estate","BF0CK44","LU1673108939","Xetra","Germany","USD","EUR","0.89"
"TEL2 B","TELE2 B","Equity","0.13","14.62","2,189.00","32,012.65","32,012.65","Communication","B97C733","SE0005190238","Nasdaq Omx Nordic","Sweden","USD","SEK","9.31"
"CNA","CENTRICA PLC","Equity","0.12","1.12","26,845.00","30,056.05","30,056.05","Utilities","B033F22","GB00B033F229","London Stock Exchange","United Kingdom","USD","GBP","0.80"
"WTB","WHITBREAD PLC","Equity","0.12","60.06","495.00","29,731.53","29,731.53","Consumer Discretionary","B1KJJ40","GB00B1KJJ408","London Stock Exchange","United Kingdom","USD","GBP","0.80"
"ENI","ENI","Equity","0.12","16.43","1,796.00","29,517.06","29,517.06","Energy","7145056","IT0003132476","Borsa Italiana","Italy","USD","EUR","0.89"
"LI","KLEPIERRE REIT SA","Equity","0.11","34.01","823.00","27,993.29","27,993.29","Real Estate","7582556","FR0000121964","Nyse Euronext - Euronext Paris","France","USD","EUR","0.89"
"DSY","DASSAULT SYSTEMES","Equity","0.11","165.16","164.00","27,086.43","27,086.43","Information Technology","5330047","FR0000130650","Nyse Euronext - Euronext Paris","France","USD","EUR","0.89"
"PARG","PARGESA HOLDING SA","Equity","0.11","77.48","345.00","26,730.90","26,730.90","Financials","B0CDLF8","CH0021783391","SIX Swiss Exchange","Switzerland","USD","CHF","0.99"
"BLND","BRITISH LAND REIT PLC","Equity","0.11","6.95","3,726.00","25,885.79","25,885.79","Real Estate","0136701","GB0001367019","London Stock Exchange","United Kingdom","USD","GBP","0.80"
"SCR","SCOR","Equity","0.10","44.84","544.00","24,395.12","24,395.12","Financials","B1LB9P6","FR0010411983","Nyse Euronext - Euronext Paris","France","USD","EUR","0.89"
"CPR","DAVIDE CAMPARI MILANO","Equity","0.10","10.19","2,392.00","24,367.77","24,367.77","Consumer Staples","BZ4CMZ5","IT0005252207","Borsa Italiana","Italy","USD","EUR","0.89"
"CRDA","CRODA INTERNATIONAL PLC","Equity","0.10","62.04","388.00","24,070.00","24,070.00","Materials","BJFFLV0","GB00BJFFLV09","London Stock Exchange","United Kingdom","USD","GBP","0.80"
"MC","LVMH","Equity","0.09","428.70","51.00","21,863.55","21,863.55","Consumer Discretionary","4061412","FR0000121014","Nyse Euronext - Euronext Paris","France","USD","EUR","0.89"
"ERIC B","ERICSSON B","Equity","0.09","9.66","2,255.00","21,791.53","21,791.53","Information Technology","5959378","SE0000108656","Nasdaq Omx Nordic","Sweden","USD","SEK","9.31"
"ICAD","ICADE REIT SA","Equity","0.08","90.70","223.00","20,226.83","20,226.83","Real Estate","4554406","FR0000035081","Nyse Euronext - Euronext Paris","France","USD","EUR","0.89"
"RRTL","RTL GROUP SA","Equity","0.08","52.39","365.00","19,122.82","19,122.82","Communication","B1BK209","LU0061462528","Xetra","Germany","USD","EUR","0.89"
"PSON","PEARSON PLC","Equity","0.08","10.61","1,760.00","18,674.85","18,674.85","Communication","0677608","GB0006776081","London Stock Exchange","United Kingdom","USD","GBP","0.80"
"ESSITY B","ESSITY CLASS B","Equity","0.07","31.50","533.00","16,791.37","16,791.37","Consumer Staples","BF1K7P7","SE0009922164","Nasdaq Omx Nordic","Sweden","USD","SEK","9.31"
"DKK","DKK CASH","Cash","0.07","15.12","110,467.00","16,697.88","16,697.88","Cash and/or Derivatives","-","-","-","Denmark","USD","DKK","6.62"
"NXT","NEXT PLC","Equity","0.07","68.74","238.00","16,361.25","16,361.25","Consumer Discretionary","3208986","GB0032089863","London Stock Exchange","United Kingdom","USD","GBP","0.80"
"BRBY","BURBERRY GROUP PLC","Equity","0.06","24.03","648.00","15,569.33","15,569.33","Consumer Discretionary","3174300","GB0031743007","London Stock Exchange","United Kingdom","USD","GBP","0.80"
"ETL","EUTELSAT COMMUNICATIONS SA","Equity","0.06","19.36","769.00","14,891.45","14,891.45","Communication","B0M7KJ7","FR0010221234","Nyse Euronext - Euronext Paris","France","USD","EUR","0.89"
"NDA SE","NORDEA BANK","Equity","0.06","7.45","1,957.00","14,574.67","14,574.67","Financials","BYZF9J9","FI4000297767","Nasdaq Omx Nordic","Sweden","USD","SEK","9.31"
"CFR","COMPAGNIE FINANCIERE RICHEMONT SA","Equity","0.06","84.17","171.00","14,393.79","14,393.79","Consumer Discretionary","BCRWZ18","CH0210483332","Six Swiss Exchange Ag","Switzerland","USD","CHF","0.99"
"FLTR","FLUTTER ENTERTAINMENT PLC","Equity","0.05","86.10","150.00","12,915.06","12,915.06","Consumer Discretionary","BWT6H89","IE00BWT6H894","Irish Stock Exchange - All Market","Ireland","USD","EUR","0.89"
"DNB","DNB","Equity","0.05","19.10","663.00","12,662.89","12,662.89","Financials","4263304","NO0010031479","Oslo Bors Asa","Norway","USD","NOK","8.55"
"SEV","SUEZ SA","Equity","0.05","14.86","808.00","12,005.05","12,005.05","Utilities","B3B8D04","FR0010613471","Nyse Euronext - Euronext Paris","France","USD","EUR","0.89"
"TIGO SDB","MILLICOM INTERNATIONAL CELLULAR SD","Equity","0.05","56.91","210.00","11,950.72","11,950.72","Communication","B00L2M8","SE0001174970","Nasdaq Omx Nordic","Sweden","USD","SEK","9.31"
"FRE","FRESENIUS SE AND CO KGAA","Equity","0.05","54.33","220.00","11,951.73","11,951.73","Health Care","4352097","DE0005785604","Xetra","Germany","USD","EUR","0.89"
"ANDR","ANDRITZ AG","Equity","0.05","37.34","313.00","11,687.97","11,687.97","Industrials","B1WVF68","AT0000730007","Wiener Boerse Ag","Austria","USD","EUR","0.89"
"AM","DASSAULT AVIATION SA","Equity","0.05","1,406.80","8.00","11,254.42","11,254.42","Industrials","4067164","FR0000121725","Nyse Euronext - Euronext Paris","France","USD","EUR","0.89"
"ABF","ASSOCIATED BRITISH FOODS PLC","Equity","0.05","30.70","362.00","11,114.84","11,114.84","Consumer Staples","0673123","GB0006731235","London Stock Exchange","United Kingdom","USD","GBP","0.80"
"XTSLA","BLK CSH FND TREASURY SL AGENCY","Money Market","0.02","1.00","4,979.00","4,979.12","4,979.12","Cash and/or Derivatives","-","US0669224778","-","United States","USD","USD","1.00"
"SEK","SEK CASH","Cash","0.01","10.74","27,967.00","3,002.95","3,002.95","Cash and/or Derivatives","-","-","-","Sweden","USD","SEK","9.31"
"GBP","GBP/USD","FX","0.00","1.00","-1,289.00","0.01","0.01","Cash and/or Derivatives","-","-","-","United States","USD","USD","0.80"
"USD","USD CASH","Cash","-0.02","100.00","-5,093.00","-5,092.76","-5,092.76","Cash and/or Derivatives","-","-","-","United States","USD","USD","1.00"
 