﻿iShares MSCI Germany Small-Cap ETF
Inception Date,"Jan 25, 2012"
Fund Holdings as of,"Jul 3, 2019"
Total Net Assets,"39,285,540.80"
Shares Outstanding,"700,000.00"
Stock,"-"
Bond,"-"
Cash,"-"
Other,"-"
 
Issuer Ticker,Name,Asset Class,Weight (%),Price,Shares,Market Value,Notional Value,Sector,SEDOL,ISIN,Exchange,Country,Currency,Market Currency,FX Rate
"LEG","LEG IMMOBILIEN N AG","Equity","5.30","117.72","17,699.00","2,083,569.69","2,083,569.69","Real Estate","B9G6L89","DE000LEG1110","Xetra","Germany","USD","EUR","0.89"
"G24","SCOUT24 N AG","Equity","4.21","54.90","30,139.00","1,654,503.88","1,654,503.88","Communication","BYT9340","DE000A12DM80","Xetra","Germany","USD","EUR","0.89"
"RHM","RHEINMETALL AG","Equity","3.78","121.56","12,201.00","1,483,131.14","1,483,131.14","Industrials","5334588","DE0007030009","Xetra","Germany","USD","EUR","0.89"
"NEM","NEMETSCHEK","Equity","2.66","64.64","16,185.00","1,046,246.87","1,046,246.87","Information Technology","5633962","DE0006452907","Xetra","Germany","USD","EUR","0.89"
"EVT","EVOTEC","Equity","2.64","29.13","35,648.00","1,038,384.64","1,038,384.64","Health Care","5811917","DE0005664809","Xetra","Germany","USD","EUR","0.89"
"PSM","PROSIEBEN SAT.1 MEDIA N","Equity","2.59","15.59","65,273.00","1,017,673.50","1,017,673.50","Communication","BCZM1B2","DE000PSM7770","Xetra","Germany","USD","EUR","0.89"
"SDF","K+S AG","Equity","2.52","18.46","53,620.00","989,639.35","989,639.35","Materials","B54C017","DE000KSAG888","Xetra","Germany","USD","EUR","0.89"
"OSR","OSRAM LICHT N AG","Equity","2.51","36.38","27,136.00","987,284.68","987,284.68","Industrials","B923935","DE000LED4000","Xetra","Germany","USD","EUR","0.89"
"BC8","BECHTLE AG","Equity","2.47","117.89","8,238.00","971,191.62","971,191.62","Information Technology","5932409","DE0005158703","Xetra","Germany","USD","EUR","0.89"
"DLG","DIALOG SEMICON PLC","Equity","2.26","41.55","21,404.00","889,331.16","889,331.16","Information Technology","5982200","GB0059822006","Xetra","Germany","USD","EUR","0.89"
"MOR","MORPHOSYS AG","Equity","2.23","98.09","8,921.00","875,084.46","875,084.46","Health Care","5531000","DE0006632003","Xetra","Germany","USD","EUR","0.89"
"TEG","TAG IMMOBILIEN AG","Equity","2.19","23.33","36,943.00","861,885.44","861,885.44","Real Estate","5735631","DE0008303504","Xetra","Germany","USD","EUR","0.89"
"GLJ","GRENKE N AG","Equity","2.06","103.96","7,794.00","810,256.62","810,256.62","Financials","BYR4KP7","DE000A161N30","Xetra","Germany","USD","EUR","0.89"
"GYC","GRAND CITY PROPERTIES SA","Equity","1.93","23.24","32,704.00","760,037.36","760,037.36","Real Estate","B8K9X70","LU0775917882","Xetra","Germany","USD","EUR","0.89"
"EVD","CTS EVENTIM AG","Equity","1.93","47.02","16,143.00","759,064.72","759,064.72","Communication","5881857","DE0005470306","Xetra","Germany","USD","EUR","0.89"
"FNTN","FREENET AG","Equity","1.84","20.19","35,893.00","724,616.65","724,616.65","Communication","B1SK0S6","DE000A0Z2ZZ5","Xetra","Germany","USD","EUR","0.89"
"AOX","ALSTRIA OFFICE REIT AG","Equity","1.77","16.44","42,270.00","694,798.14","694,798.14","Real Estate","B1VP947","DE000A0LD2U1","Xetra","Germany","USD","EUR","0.89"
"GXI","GERRESHEIMER AG","Equity","1.67","74.34","8,802.00","654,385.44","654,385.44","Health Care","B1Y47Y7","DE000A0LD6E6","Xetra","Germany","USD","EUR","0.89"
"RAA","RATIONAL AG","Equity","1.66","683.66","956.00","653,577.91","653,577.91","Industrials","5910609","DE0007010803","Xetra","Germany","USD","EUR","0.89"
"SAX","STROEER SE","Equity","1.55","77.28","7,875.00","608,566.42","608,566.42","Communication","B3S3S52","DE0007493991","Xetra","Germany","USD","EUR","0.89"
"TLG","TLG IMMOBILEN AG","Equity","1.54","29.84","20,297.00","605,653.70","605,653.70","Real Estate","BR2Z8G3","DE000A12B8Z4","Xetra","Germany","USD","EUR","0.89"
"RKET","ROCKET INTERNET","Equity","1.39","28.29","19,245.00","544,518.07","544,518.07","Consumer Discretionary","BR17150","DE000A12UKK6","Xetra","Germany","USD","EUR","0.89"
"COP","COMPUGROUP MEDICAL","Equity","1.38","81.11","6,701.00","543,544.81","543,544.81","Health Care","5094536","DE0005437305","Xetra","Germany","USD","EUR","0.89"
"DUE","DUERR AG","Equity","1.24","33.46","14,556.00","487,057.28","487,057.28","Industrials","5119901","DE0005565204","Xetra","Germany","USD","EUR","0.89"
"COK","CANCOM","Equity","1.21","54.02","8,825.00","476,689.63","476,689.63","Information Technology","5772627","DE0005419105","Xetra","Germany","USD","EUR","0.89"
"SOW","SOFTWARE AG","Equity","1.20","34.97","13,459.00","470,696.90","470,696.90","Information Technology","BF06WX9","DE000A2GS401","Xetra","Germany","USD","EUR","0.89"
"PBB","DEUTSCHE PFANDBRIEFBANK AG","Equity","1.16","12.12","37,728.00","457,124.94","457,124.94","Financials","BYM6917","DE0008019001","Xetra","Germany","USD","EUR","0.89"
"NDA","AURUBIS AG","Equity","1.16","48.00","9,460.00","454,106.32","454,106.32","Materials","5485527","DE0006766504","Xetra","Germany","USD","EUR","0.89"
"JEN","JENOPTIK N AG","Equity","1.12","30.52","14,452.00","441,023.84","441,023.84","Information Technology","BGJVB13","DE000A2NB601","Xetra","Germany","USD","EUR","0.89"
"ARL","AAREAL BANK AG","Equity","1.06","26.25","15,912.00","417,722.63","417,722.63","Financials","7380062","DE0005408116","Xetra","Germany","USD","EUR","0.89"
"WAF","SILTRONIC N AG","Equity","1.05","70.51","5,876.00","414,313.09","414,313.09","Information Technology","BYY5978","DE000WAF3001","Xetra","Germany","USD","EUR","0.89"
"SIX2","SIXT","Equity","1.04","107.34","3,824.00","410,481.44","410,481.44","Industrials","5260768","DE0007231326","Xetra","Germany","USD","EUR","0.89"
"JUN3","JUNGHEINRICH PREF AG","Equity","1.04","30.35","13,431.00","407,593.71","407,593.71","Industrials","5545670","DE0006219934","Xetra","Germany","USD","EUR","0.89"
"DEQ","DEUTSCHE EUROSHOP AG","Equity","1.00","28.54","13,831.00","394,767.10","394,767.10","Real Estate","4754972","DE0007480204","Xetra","Germany","USD","EUR","0.89"
"HFG","HELLOFRESH","Equity","0.96","9.65","39,155.00","377,676.70","377,676.70","Consumer Discretionary","BYWH8S0","DE000A161408","Xetra","Germany","USD","EUR","0.89"
"KRN","KRONES AG","Equity","0.89","79.53","4,420.00","351,542.82","351,542.82","Industrials","5523881","DE0006335003","Xetra","Germany","USD","EUR","0.89"
"NOEJ","NORMA GROUP","Equity","0.89","39.26","8,916.00","350,038.77","350,038.77","Industrials","B4RLNR1","DE000A1H8BV3","Xetra","Germany","USD","EUR","0.89"
"SZU","SUEDZUCKER AG","Equity","0.88","17.28","19,997.00","345,613.31","345,613.31","Consumer Staples","5784462","DE0007297004","Xetra","Germany","USD","EUR","0.89"
"ADJ","ADO PROPERTIES","Equity","0.87","42.44","8,021.00","340,419.29","340,419.29","Real Estate","BYNXBZ5","LU1250154413","Xetra","Germany","USD","EUR","0.89"
"SIX3","SIXT PREF","Equity","0.86","72.54","4,638.00","336,440.73","336,440.73","Industrials","5271276","DE0007231334","Xetra","Germany","USD","EUR","0.89"
"DEZ","DEUTZ AG","Equity","0.85","9.80","33,937.00","332,705.57","332,705.57","Industrials","4557847","DE0006305006","Xetra","Germany","USD","EUR","0.89"
"O1BC","XING N","Equity","0.84","416.85","789.00","328,895.77","328,895.77","Communication","B1JTY91","DE000XNG8888","Xetra","Germany","USD","EUR","0.89"
"CEC","CECONOMY AG","Equity","0.80","6.30","49,912.00","314,650.35","314,650.35","Consumer Discretionary","5041413","DE0007257503","Xetra","Germany","USD","EUR","0.89"
"STM","STABILUS SA","Equity","0.79","45.13","6,912.00","311,910.91","311,910.91","Industrials","BMM1PP4","LU1066226637","Xetra","Germany","USD","EUR","0.89"
"AIXA","AIXTRON","Equity","0.78","9.71","31,598.00","306,780.52","306,780.52","Information Technology","5468346","DE000A0WMPJ6","Xetra","Germany","USD","EUR","0.89"
"SZG","SALZGITTER AG","Equity","0.76","27.43","10,931.00","299,786.24","299,786.24","Materials","5465358","DE0006202005","Xetra","Germany","USD","EUR","0.89"
"SANT","S&T AG","Equity","0.76","23.06","12,945.00","298,503.75","298,503.75","Information Technology","4665933","AT0000A0E9W5","Xetra","Germany","USD","EUR","0.89"
"NDX1","NORDEX","Equity","0.72","16.04","17,639.00","282,970.01","282,970.01","Industrials","B06CF71","DE000A0D6554","Xetra","Germany","USD","EUR","0.89"
"AR4","AURELIUS","Equity","0.71","46.57","6,027.00","280,677.58","280,677.58","Financials","B17NLM7","DE000A0JK2A8","Xetra","Germany","USD","EUR","0.89"
"PAT","PATRIZIA AG","Equity","0.71","21.45","12,921.00","277,105.47","277,105.47","Real Estate","B11Y3K8","DE000PAT1AG3","Xetra","Germany","USD","EUR","0.89"
"GBF","BILFINGER","Equity","0.66","32.29","8,041.00","259,625.02","259,625.02","Industrials","5117381","DE0005909006","Xetra","Germany","USD","EUR","0.89"
"HYQ","HYPOPORT N AG","Equity","0.63","270.76","913.00","247,200.23","247,200.23","Financials","B28XLF6","DE0005493365","Xetra","Germany","USD","EUR","0.89"
"BFSA","BEFESA SA","Equity","0.63","39.82","6,196.00","246,747.61","246,747.61","Industrials","BDZRDG3","LU1704650164","Xetra","Germany","USD","EUR","0.89"
"RIB","RIB SOFTWARE","Equity","0.62","20.92","11,583.00","242,268.88","242,268.88","Information Technology","B03K783","DE000A0Z2XN6","Xetra","Germany","USD","EUR","0.89"
"KWS","KWS SAAT","Equity","0.59","71.98","3,232.00","232,626.34","232,626.34","Consumer Staples","4495044","DE0007074007","Xetra","Germany","USD","EUR","0.89"
"ZO1","ZOOPLUS AG","Equity","0.58","135.15","1,699.00","229,623.88","229,623.88","Consumer Discretionary","B2R9XL5","DE0005111702","Xetra","Germany","USD","EUR","0.89"
"VAR1","VARTA AG","Equity","0.58","61.26","3,741.00","229,168.22","229,168.22","Industrials","5802449","DE000A0TGJ55","Xetra","Germany","USD","EUR","0.89"
"INH","INDUS HOLDING AG","Equity","0.57","43.94","5,131.00","225,463.54","225,463.54","Industrials","4943510","DE0006200108","Xetra","Germany","USD","EUR","0.89"
"WSU","WASHTEC AG","Equity","0.52","65.55","3,129.00","205,091.92","205,091.92","Industrials","5355437","DE0007507501","Xetra","Germany","USD","EUR","0.89"
"AAD","AMADEUS FIRE AG","Equity","0.51","137.63","1,454.00","200,120.27","200,120.27","Industrials","5623662","DE0005093108","Xetra","Germany","USD","EUR","0.89"
"ISR","ISRA VISION AG","Equity","0.50","46.14","4,292.00","198,038.61","198,038.61","Information Technology","5949777","DE0005488100","Xetra","Germany","USD","EUR","0.89"
"PFV","PFEIFFER VACUUM TECHNOLOGY AG","Equity","0.50","143.16","1,381.00","197,707.05","197,707.05","Industrials","5499238","DE0006916604","Xetra","Germany","USD","EUR","0.89"
"CAP","ENCAVIS AG","Equity","0.48","8.03","23,542.00","189,099.42","189,099.42","Utilities","5491966","DE0006095003","Xetra","Germany","USD","EUR","0.89"
"WAC","WACKER NEUSON N","Equity","0.47","23.74","7,851.00","186,353.50","186,353.50","Industrials","B17R248","DE000WACK012","Xetra","Germany","USD","EUR","0.89"
"HHFA","HAMBURGER HAFEN UND LOGISTIK AG","Equity","0.47","26.78","6,860.00","183,726.45","183,726.45","Industrials","B28SK09","DE000A0S8488","Xetra","Germany","USD","EUR","0.89"
"HAB","HAMBORNER REIT AG","Equity","0.47","10.29","17,845.00","183,602.35","183,602.35","Real Estate","5735642","DE0006013006","Xetra","Germany","USD","EUR","0.89"
"SKB","KOENIG & BAUER AG","Equity","0.44","44.36","3,930.00","174,330.31","174,330.31","Industrials","5558203","DE0007193500","Xetra","Germany","USD","EUR","0.89"
"ADL","ADLER REAL ESTATE AG","Equity","0.44","13.33","12,925.00","172,351.42","172,351.42","Real Estate","7100099","DE0005008007","Xetra","Germany","USD","EUR","0.89"
"HBH","HORNBACH HOLDING AG","Equity","0.44","58.89","2,910.00","171,368.24","171,368.24","Consumer Discretionary","BZBWTJ1","DE0006083405","Xetra","Germany","USD","EUR","0.89"
"BVB","BORUSSIA DORTMUND","Equity","0.43","10.00","16,733.00","167,347.57","167,347.57","Communication","4627193","DE0005493092","Xetra","Germany","USD","EUR","0.89"
"CWC","CEWE STIFTUNG","Equity","0.40","100.41","1,553.00","155,929.51","155,929.51","Industrials","5740806","DE0005403901","Xetra","Germany","USD","EUR","0.89"
"SFQ","SAF-HOLLAND SA","Equity","0.37","11.54","12,702.00","146,593.46","146,593.46","Consumer Discretionary","B2352K9","LU0307018795","Xetra","Germany","USD","EUR","0.89"
"WUW","WUESTENROT & WUERTTEMBERGISCHE AG","Equity","0.37","22.00","6,558.00","144,268.95","144,268.95","Financials","5770911","DE0008051004","Xetra","Germany","USD","EUR","0.89"
"JST","JOST WERKE AG","Equity","0.36","34.30","4,169.00","142,979.02","142,979.02","Industrials","BDC3R17","DE000JST4000","Xetra","Germany","USD","EUR","0.89"
"RHK","RHOEN KLINIKUM AG","Equity","0.36","30.29","4,684.00","141,882.24","141,882.24","Health Care","4717629","DE0007042301","Xetra","Germany","USD","EUR","0.89"
"DIC","DIC ASSET AG","Equity","0.35","11.71","11,841.00","138,660.44","138,660.44","Real Estate","BD1NML3","DE000A1X3XX4","Xetra","Germany","USD","EUR","0.89"
"TTK","TAKKT AG","Equity","0.35","14.85","9,180.00","136,290.45","136,290.45","Consumer Discretionary","5769470","DE0007446007","Xetra","Germany","USD","EUR","0.89"
"LEO","LEONI N AG","Equity","0.34","15.44","8,679.00","133,992.76","133,992.76","Consumer Discretionary","5773255","DE0005408884","Xetra","Germany","USD","EUR","0.89"
"DBAN","DEUTSCHE BETEILIGUNGS AG","Equity","0.34","39.77","3,368.00","133,936.22","133,936.22","Financials","BBNBQJ7","DE000A1TNUT7","Xetra","Germany","USD","EUR","0.89"
"SGL","SGL CARBON","Equity","0.34","7.78","17,117.00","133,242.75","133,242.75","Industrials","4818351","DE0007235301","Xetra","Germany","USD","EUR","0.89"
"DRW3","DRAEGERWERK PREF AG","Equity","0.34","62.10","2,127.00","132,096.61","132,096.61","Health Care","5169218","DE0005550636","Xetra","Germany","USD","EUR","0.89"
"EUZ","ECKERT & ZIEGLER STRAHLEN UND MEDI","Equity","0.32","120.71","1,037.00","125,178.40","125,178.40","Health Care","5689857","DE0005659700","Xetra","Germany","USD","EUR","0.89"
"CCAP","CORESTATE CAPITAL HOLDING SA","Equity","0.31","34.52","3,581.00","123,621.10","123,621.10","Real Estate","BZ168H4","LU1296758029","Xetra","Germany","USD","EUR","0.89"
"KCO","KLOECKNER & CO","Equity","0.31","5.84","20,934.00","122,334.47","122,334.47","Industrials","B170DQ6","DE000KC01000","Xetra","Germany","USD","EUR","0.89"
"HDD","HEIDELBERGER DRUCKMASCHINEN AG","Equity","0.30","1.60","74,605.00","119,094.37","119,094.37","Industrials","5367227","DE0007314007","Xetra","Germany","USD","EUR","0.89"
"BYW6","BAYWA AG","Equity","0.29","29.33","3,933.00","115,362.36","115,362.36","Industrials","5838057","DE0005194062","Xetra","Germany","USD","EUR","0.89"
"SAE","SHOP APOTHEKE EUROPE NV","Equity","0.29","40.44","2,826.00","114,295.25","114,295.25","Consumer Discretionary","BYYH7G9","NL0012044747","Xetra","Germany","USD","EUR","0.89"
"BDT","BERTRANDT AG","Equity","0.29","72.88","1,561.00","113,763.32","113,763.32","Industrials","5130861","DE0005232805","Xetra","Germany","USD","EUR","0.89"
"CC1","CONSUS REAL ESTATE AG","Equity","0.27","7.99","13,127.00","104,849.31","104,849.31","Real Estate","BDD94V3","DE000A2DA414","Xetra","Germany","USD","EUR","0.89"
"EUR","EUR CASH","Cash","0.24","112.81","82,003.00","92,511.14","92,511.14","Cash and/or Derivatives","-","-","-","European Union","USD","EUR","0.89"
"ADV","ADVA OPTICAL NETWORKING","Equity","0.23","7.69","11,937.00","91,843.08","91,843.08","Information Technology","5653487","DE0005103006","Xetra","Germany","USD","EUR","0.89"
"VOS","VOSSLOH AG","Equity","0.23","37.00","2,452.00","90,732.14","90,732.14","Industrials","5092336","DE0007667107","Xetra","Germany","USD","EUR","0.89"
"SBS","STRATEC","Equity","0.23","66.22","1,338.00","88,605.58","88,605.58","Health Care","BYTK8S2","DE000STRA555","Xetra","Germany","USD","EUR","0.89"
"S92","SMA SOLAR TECHNOLOGY AG","Equity","0.22","29.33","2,901.00","85,091.84","85,091.84","Information Technology","B3B20H2","DE000A0DJ6J9","Xetra","Germany","USD","EUR","0.89"
"COM","COMDIRECT BANK AG","Equity","0.21","10.57","7,885.00","83,350.49","83,350.49","Financials","5975266","DE0005428007","Xetra","Germany","USD","EUR","0.89"
"MLP","MLP","Equity","0.21","4.82","16,808.00","81,062.32","81,062.32","Financials","5720273","DE0006569908","Xetra","Germany","USD","EUR","0.89"
"STO3","STO PREF","Equity","0.20","111.12","707.00","78,563.80","78,563.80","Materials","5740389","DE0007274136","Xetra","Germany","USD","EUR","0.89"
"ELG","ELMOS SEMICONDUCTOR AG","Equity","0.19","25.67","2,846.00","73,043.76","73,043.76","Information Technology","5695423","DE0005677108","Xetra","Germany","USD","EUR","0.89"
"FTK","FINTECH GROUP AG","Equity","0.18","22.34","3,222.00","71,971.01","71,971.01","Financials","BYVQYG8","DE000FTG1111","Xetra","Germany","USD","EUR","0.89"
"OHB","OHB","Equity","0.14","38.02","1,486.00","56,495.72","56,495.72","Industrials","7058228","DE0005936124","Xetra","Germany","USD","EUR","0.89"
"VBK","VERBIO VEREINIGTE BIOENERGIE AG","Equity","0.14","8.82","6,249.00","55,129.51","55,129.51","Energy","B1FQQK1","DE000A0JL9W6","Xetra","Germany","USD","EUR","0.89"
"ACX","BET-AT-HOME.COM AG","Equity","0.14","61.09","889.00","54,308.41","54,308.41","Consumer Discretionary","B05GS53","DE000A0DNAY5","Xetra","Germany","USD","EUR","0.89"
"AAG","AUMANN AG","Equity","0.14","20.85","2,576.00","53,704.99","53,704.99","Industrials","BYW82K3","DE000A2DAM03","Xetra","Germany","USD","EUR","0.89"
"BSL","BASLER AG","Equity","0.13","51.05","1,026.00","52,376.06","52,376.06","Information Technology","5644588","DE0005102008","Xetra","Germany","USD","EUR","0.89"
"CE2","CROPENERGIES AG","Equity","0.12","6.70","7,278.00","48,771.41","48,771.41","Energy","B1FHFF2","DE000A0LAUP1","Xetra","Germany","USD","EUR","0.89"
"ZIL2","ELRINGKLINGER AG","Equity","0.12","5.96","7,956.00","47,390.96","47,390.96","Consumer Discretionary","5138638","DE0007856023","Xetra","Germany","USD","EUR","0.89"
"MBB","MBB","Equity","0.12","77.73","586.00","45,549.51","45,549.51","Industrials","B13G625","DE000A0ETBQ4","Xetra","Germany","USD","EUR","0.89"
"LNSX","SIXT LEASING","Equity","0.11","12.64","3,507.00","44,311.93","44,311.93","Industrials","BX3JSJ9","DE000A0DPRE6","Xetra","Germany","USD","EUR","0.89"
"SUR","SURTECO GROUP","Equity","0.11","28.37","1,519.00","43,098.55","43,098.55","Consumer Discretionary","5785186","DE0005176903","Xetra","Germany","USD","EUR","0.89"
"DRW8","DRAEGERWERK AG SHS","Equity","0.10","48.00","852.00","40,898.37","40,898.37","Health Care","B3P3LW3","DE0005550602","Xetra","Germany","USD","EUR","0.89"
"2HRA","H&R","Equity","0.07","7.69","3,626.00","27,898.38","27,898.38","Materials","BDCSG82","DE000A2E4T77","Xetra","Germany","USD","EUR","0.89"
"ED4","EDAG ENGINEERING GROUP AG","Equity","0.06","13.54","1,742.00","23,582.85","23,582.85","Consumer Discretionary","BYM8DF5","CH0303692047","Xetra","Germany","USD","EUR","0.89"
"XTSLA","BLK CSH FND TREASURY SL AGENCY","Money Market","0.05","1.00","17,974.00","17,974.11","17,974.11","Cash and/or Derivatives","-","US0669224778","-","United States","USD","USD","1.00"
"EUR","EUR/USD","FX","0.00","1.00","-2,757.00","0.03","0.03","Cash and/or Derivatives","-","-","-","United States","USD","USD","0.89"
"USD","USD CASH","Cash","-0.03","100.00","-10,205.00","-10,204.70","-10,204.70","Cash and/or Derivatives","-","-","-","United States","USD","USD","1.00"
 