﻿iShares MSCI Austria ETF
Inception Date,"Mar 12, 1996"
Fund Holdings as of,"Jul 3, 2019"
Total Net Assets,"59,947,908.10"
Shares Outstanding,"3,000,000.00"
Stock,"-"
Bond,"-"
Cash,"-"
Other,"-"
 
Issuer Ticker,Name,Asset Class,Weight (%),Price,Shares,Market Value,Notional Value,Sector,SEDOL,ISIN,Exchange,Country,Currency,Market Currency,FX Rate
"EBS","ERSTE GROUP BANK AG","Equity","21.18","37.35","339,994.00","12,699,811.69","12,699,811.69","Financials","5289837","AT0000652011","Wiener Boerse Ag","Austria","USD","EUR","0.89"
"OMV","OMV AG","Equity","13.67","48.77","167,985.00","8,192,615.77","8,192,615.77","Energy","4651459","AT0000743059","Wiener Boerse Ag","Austria","USD","EUR","0.89"
"RBI","RAIFFEISEN BANK INTERNATIONAL AG","Equity","6.60","23.50","168,446.00","3,958,373.95","3,958,373.95","Financials","B0704T9","AT0000606306","Wiener Boerse Ag","Austria","USD","EUR","0.89"
"IIA","IMMOFINANZ AG","Equity","4.64","26.70","104,254.00","2,783,926.93","2,783,926.93","Real Estate","BFZ5BQ7","AT0000A21KS2","Wiener Boerse Ag","Austria","USD","EUR","0.89"
"WIE","WIENERBERGER AG","Equity","4.63","24.12","115,193.00","2,778,437.54","2,778,437.54","Materials","5699373","AT0000831706","Wiener Boerse Ag","Austria","USD","EUR","0.89"
"VER","VERBUND AG","Equity","4.59","53.36","51,546.00","2,750,571.62","2,750,571.62","Utilities","4661607","AT0000746409","Wiener Boerse Ag","Austria","USD","EUR","0.89"
"CAI","CA IMMOBILIEN ANLAGEN AG","Equity","4.51","37.62","71,909.00","2,705,490.01","2,705,490.01","Real Estate","5681046","AT0000641352","Wiener Boerse Ag","Austria","USD","EUR","0.89"
"VOE","VOESTALPINE AG","Equity","4.51","30.26","89,317.00","2,702,462.95","2,702,462.95","Materials","4943402","AT0000937503","Wiener Boerse Ag","Austria","USD","EUR","0.89"
"ANDR","ANDRITZ AG","Equity","4.39","37.34","70,487.00","2,632,108.99","2,632,108.99","Industrials","B1WVF68","AT0000730007","Wiener Boerse Ag","Austria","USD","EUR","0.89"
"BG","BAWAG GROUP AG","Equity","3.29","42.31","46,675.00","1,974,615.05","1,974,615.05","Financials","BZ1GZ06","AT0000BAWAG2","Wiener Boerse Ag","Austria","USD","EUR","0.89"
"LNZ","LENZING AG","Equity","3.07","111.35","16,524.00","1,839,921.04","1,839,921.04","Materials","4512330","AT0000644505","Wiener Boerse Ag","Austria","USD","EUR","0.89"
"TKA","TELEKOM AUSTRIA AG","Equity","2.62","7.51","209,007.00","1,570,369.71","1,570,369.71","Communication","4635088","AT0000720008","Wiener Boerse Ag","Austria","USD","EUR","0.89"
"POST","OSTERREICHISCHE POST AG","Equity","2.47","34.58","42,818.00","1,480,552.13","1,480,552.13","Industrials","B1577G7","AT0000APOST4","Wiener Boerse Ag","Austria","USD","EUR","0.89"
"UQA","UNIQA INSURANCE GROUP AG","Equity","2.43","9.36","155,552.00","1,456,533.71","1,456,533.71","Financials","4422332","AT0000821103","Wiener Boerse Ag","Austria","USD","EUR","0.89"
"SPI","S IMMO AG","Equity","2.19","21.77","60,360.00","1,314,236.09","1,314,236.09","Real Estate","7390801","AT0000652250","Wiener Boerse Ag","Austria","USD","EUR","0.89"
"VIG","VIENNA INSURANCE GROUP AG","Equity","2.16","26.12","49,511.00","1,293,062.57","1,293,062.57","Financials","B0BKSS2","AT0000908504","Wiener Boerse Ag","Austria","USD","EUR","0.89"
"SBO","SCHOELLER-BLECKMANN OILFIELD EQUIP","Equity","2.03","83.03","14,636.00","1,215,254.01","1,215,254.01","Energy","7571305","AT0000946652","Wiener Boerse Ag","Austria","USD","EUR","0.89"
"EUR","EUR CASH","Cash","1.95","112.81","1,034,954.00","1,167,582.93","1,167,582.93","Cash and/or Derivatives","-","-","-","European Union","USD","EUR","0.89"
"DOC","DO & CO AKTIENGESELLSCHAFT AG","Equity","1.60","98.26","9,792.00","962,180.18","962,180.18","Consumer Discretionary","5492345","AT0000818802","Wiener Boerse Ag","Austria","USD","EUR","0.89"
"EVN","EVN AG","Equity","1.34","15.37","52,130.00","800,998.46","800,998.46","Utilities","4295374","AT0000741053","Wiener Boerse Ag","Austria","USD","EUR","0.89"
"ATS","AT & S AUSTRIA TECHNOLOGIE & SYSTE","Equity","1.12","17.78","37,830.00","672,603.93","672,603.93","Information Technology","B2RK5K1","AT0000969985","Wiener Boerse Ag","Austria","USD","EUR","0.89"
"PAL","PALFINGER AG","Equity","0.90","30.35","17,761.00","538,997.24","538,997.24","Industrials","5700350","AT0000758305","Wiener Boerse Ag","Austria","USD","EUR","0.89"
"FACC","FACC","Equity","0.77","13.55","34,264.00","464,245.73","464,245.73","Industrials","BN796M4","AT00000FACC2","Wiener Boerse Ag","Austria","USD","EUR","0.89"
"POS","PORR AG","Equity","0.76","22.79","20,040.00","456,684.15","456,684.15","Industrials","4019950","AT0000609607","Wiener Boerse Ag","Austria","USD","EUR","0.89"
"ZAG","ZUMTOBEL GROUP AG","Equity","0.70","8.02","52,690.00","422,634.21","422,634.21","Industrials","B13WZ26","AT0000837307","Wiener Boerse Ag","Austria","USD","EUR","0.89"
"AGR","AGRANA BETEILIGUNGS AG","Equity","0.66","21.39","18,360.00","392,715.33","392,715.33","Consumer Staples","BF0X9L7","AT000AGRANA3","Wiener Boerse Ag","Austria","USD","EUR","0.89"
"KTCG","KAPSCH TRAFFICCOM AG","Equity","0.65","36.21","10,778.00","390,310.34","390,310.34","Information Technology","B1Z4QP0","AT000KAPSCH9","Wiener Boerse Ag","Austria","USD","EUR","0.89"
"SEM","SEMPERIT HOLDING AG","Equity","0.62","15.68","23,620.00","370,391.95","370,391.95","Industrials","5760280","AT0000785555","Wiener Boerse Ag","Austria","USD","EUR","0.89"
"XTSLA","BLK CSH FND TREASURY SL AGENCY","Money Market","0.04","1.00","26,067.00","26,067.47","26,067.47","Cash and/or Derivatives","-","US0669224778","-","United States","USD","USD","1.00"
"EUR","EUR/USD","FX","0.00","1.00","-42,600.00","0.43","0.43","Cash and/or Derivatives","-","-","-","United States","USD","USD","0.89"
"USD","USD CASH","Cash","-0.10","100.00","-61,902.00","-61,902.24","-61,902.24","Cash and/or Derivatives","-","-","-","United States","USD","USD","1.00"
 