﻿iShares MSCI Spain ETF
Inception Date,"Mar 12, 1996"
Fund Holdings as of,"Jul 3, 2019"
Total Net Assets,"1,167,767,733.10"
Shares Outstanding,"39,750,000.00"
Stock,"-"
Bond,"-"
Cash,"-"
Other,"-"
 
Issuer Ticker,Name,Asset Class,Weight (%),Price,Shares,Market Value,Notional Value,Sector,SEDOL,ISIN,Exchange,Country,Currency,Market Currency,FX Rate
"SAN","BANCO SANTANDER SA","Equity","16.90","4.72","41,861,850.00","197,406,544.60","197,406,544.60","Financials","5705946","ES0113900J37","Bolsa De Madrid","Spain","USD","EUR","0.89"
"IBE","IBERDROLA SA","Equity","12.76","10.16","14,667,991.00","148,962,341.81","148,962,341.81","Utilities","B288C92","ES0144580Y14","Bolsa De Madrid","Spain","USD","EUR","0.89"
"TEF","TELEFONICA SA","Equity","7.89","8.26","11,164,153.00","92,194,222.99","92,194,222.99","Communication","5732524","ES0178430E18","Bolsa De Madrid","Spain","USD","EUR","0.89"
"BBVA","BANCO BILBAO VIZCAYA ARGENTARIA SA","Equity","7.73","5.67","15,911,978.00","90,240,169.55","90,240,169.55","Financials","5501906","ES0113211835","Bolsa De Madrid","Spain","USD","EUR","0.89"
"ITX","INDUSTRIA DE DISENO TEXTIL INDITEX","Equity","4.69","30.31","1,807,973.00","54,805,791.56","54,805,791.56","Consumer Discretionary","BP9DL90","ES0148396007","Bolsa De Madrid","Spain","USD","EUR","0.89"
"AMS","AMADEUS IT GROUP SA","Equity","4.56","80.41","661,837.00","53,221,312.62","53,221,312.62","Information Technology","B3MSM28","ES0109067019","Bolsa De Madrid","Spain","USD","EUR","0.89"
"AENA","AENA SME SA","Equity","4.29","199.85","250,544.00","50,071,662.49","50,071,662.49","Industrials","BVRZ8L1","ES0105046009","Bolsa De Madrid","Spain","USD","EUR","0.89"
"REP","REPSOL SA","Equity","4.24","15.54","3,183,634.00","49,474,520.00","49,474,520.00","Energy","5669354","ES0173516115","Bolsa De Madrid","Spain","USD","EUR","0.89"
"FER","FERROVIAL SA","Equity","4.17","26.05","1,867,540.00","48,647,518.65","48,647,518.65","Industrials","B038516","ES0118900010","Bolsa De Madrid","Spain","USD","EUR","0.89"
"ACS","ACS ACTIVIDADES DE CONSTRUCCION Y","Equity","3.50","41.46","985,896.00","40,874,767.54","40,874,767.54","Industrials","B01FLQ6","ES0167050915","Bolsa De Madrid","Spain","USD","EUR","0.89"
"GRF","GRIFOLS SA CLASS A","Equity","3.19","30.18","1,234,471.00","37,253,881.27","37,253,881.27","Health Care","BYY3DX6","ES0171996087","Bolsa De Madrid","Spain","USD","EUR","0.89"
"REE","RED ELECTRICA SA","Equity","3.17","21.32","1,734,403.00","36,981,001.47","36,981,001.47","Utilities","BD6FXN3","ES0173093024","Bolsa De Madrid","Spain","USD","EUR","0.89"
"CABK","CAIXABANK SA","Equity","3.12","2.88","12,648,557.00","36,387,147.43","36,387,147.43","Financials","B283W97","ES0140609019","Bolsa De Madrid","Spain","USD","EUR","0.89"
"ELE","ENDESA SA","Equity","3.07","26.47","1,354,925.00","35,859,985.67","35,859,985.67","Utilities","5271782","ES0130670112","Bolsa De Madrid","Spain","USD","EUR","0.89"
"NTGY","NATURGY ENERGY SA","Equity","2.98","28.08","1,240,058.00","34,820,398.96","34,820,398.96","Utilities","5650422","ES0116870314","Bolsa De Madrid","Spain","USD","EUR","0.89"
"SAB","BANCO DE SABADELL SA","Equity","2.23","1.05","24,869,245.00","26,081,079.54","26,081,079.54","Financials","B1X8QN2","ES0113860A34","Bolsa De Madrid","Spain","USD","EUR","0.89"
"CLNX","CELLNEX TELECOM SA","Equity","2.17","37.41","675,963.00","25,287,406.75","25,287,406.75","Communication","BX90C05","ES0105066007","Bolsa De Madrid","Spain","USD","EUR","0.89"
"SGRE","SIEMENS GAMESA RENEWABLE ENERGY SA","Equity","2.00","17.04","1,368,092.00","23,305,536.15","23,305,536.15","Industrials","B01CP21","ES0143416115","Bolsa De Madrid","Spain","USD","EUR","0.89"
"BKT","BANKINTER SA","Equity","1.89","7.09","3,113,512.00","22,065,578.79","22,065,578.79","Financials","5474008","ES0113679I37","Bolsa De Madrid","Spain","USD","EUR","0.89"
"MAP","MAPFRE SA","Equity","1.70","3.00","6,593,315.00","19,800,617.02","19,800,617.02","Financials","B1G40S0","ES0124244E34","Bolsa De Madrid","Spain","USD","EUR","0.89"
"ENG","ENAGAS SA","Equity","1.65","26.52","726,313.00","19,263,859.16","19,263,859.16","Utilities","7383072","ES0130960018","Bolsa De Madrid","Spain","USD","EUR","0.89"
"BKIA","BANKIA SA","Equity","1.35","2.39","6,595,909.00","15,782,731.62","15,782,731.62","Financials","BZ3C3Q4","ES0113307062","Bolsa De Madrid","Spain","USD","EUR","0.89"
"EUR","EUR CASH","Cash","0.55","112.81","5,710,123.00","6,441,875.70","6,441,875.70","Cash and/or Derivatives","-","-","-","European Union","USD","EUR","0.89"
"ACS.D","ACS RIGHTS SA","Equity","0.14","1.62","1,002,160.00","1,628,045.00","1,628,045.00","Industrials","BK4Q285","ES06670509F6","Bolsa De Madrid","Spain","USD","EUR","0.89"
"REP.D","REPSOL RIGHTS SA","Equity","0.13","0.56","2,738,187.00","1,521,374.69","1,521,374.69","Energy","BKDRYM7","ES06735169E5","Bolsa De Madrid","Spain","USD","EUR","0.89"
"XTSLA","BLK CSH FND TREASURY SL AGENCY","Money Market","0.07","1.00","761,411.00","761,410.86","761,410.86","Cash and/or Derivatives","-","US0669224778","-","United States","USD","USD","1.00"
"WFFUT","CASH COLLATERAL EUR WFFUT","Cash Collateral and Margins","0.04","112.81","412,300.00","465,136.24","465,136.24","Cash and/or Derivatives","-","-","-","United States","USD","EUR","0.89"
"IBN9","IBEX 35 INDEX JUL 19","Futures","0.00","10,556.51","51.00","0.00","5,383,840.91","Cash and/or Derivatives","-","ES0B00053826","Meff Renta Variable","-","USD","EUR","0.89"
"MARGIN_USD","FUTURES USD MARGIN BALANCE","Cash Collateral and Margins","0.00","100.00","-19.00","-18.81","-18.81","Cash and/or Derivatives","-","-","-","United States","USD","USD","1.00"
"EUR","EUR/USD","FX","0.00","1.00","-1,111,115.00","11.11","11.11","Cash and/or Derivatives","-","-","-","United States","USD","USD","0.89"
"USD","USD CASH","Cash","-0.16","100.00","-1,818,000.00","-1,818,000.00","-1,818,000.00","Cash and/or Derivatives","-","-","-","United States","USD","USD","1.00"
 