﻿iShares MSCI Taiwan ETF
Inception Date,"Jun 20, 2000"
Fund Holdings as of,"Jul 3, 2019"
Total Net Assets,"2,981,258,390.52"
Shares Outstanding,"85,000,000.00"
Stock,"-"
Bond,"-"
Cash,"-"
Other,"-"
 
Issuer Ticker,Name,Asset Class,Weight (%),Price,Shares,Market Value,Notional Value,Sector,SEDOL,ISIN,Exchange,Country,Currency,Market Currency,FX Rate
"2330","TAIWAN SEMICONDUCTOR MANUFACTURING","Equity","21.33","7.79","81,600,882.00","635,796,548.75","635,796,548.75","Information Technology","6889106","TW0002330008","Taiwan Stock Exchange","Taiwan","USD","TWD","31.12"
"2317","HON HAI PRECISION INDUSTRY LTD","Equity","5.54","2.49","66,300,002.00","165,092,298.58","165,092,298.58","Information Technology","6438564","TW0002317005","Taiwan Stock Exchange","Taiwan","USD","TWD","31.12"
"2454","MEDIATEK INC","Equity","2.71","10.20","7,908,175.00","80,673,624.83","80,673,624.83","Information Technology","6372480","TW0002454006","Taiwan Stock Exchange","Taiwan","USD","TWD","31.12"
"1301","FORMOSA PLASTICS CORP","Equity","2.60","3.37","22,950,518.00","77,427,165.65","77,427,165.65","Materials","6348544","TW0001301000","Taiwan Stock Exchange","Taiwan","USD","TWD","31.12"
"2412","CHUNGHWA TELECOM LTD","Equity","2.39","3.65","19,550,648.00","71,296,562.02","71,296,562.02","Communication","6287841","TW0002412004","Taiwan Stock Exchange","Taiwan","USD","TWD","31.12"
"3008","LARGAN PRECISION LTD","Equity","2.32","127.56","542,794.00","69,236,820.41","69,236,820.41","Information Technology","6451668","TW0003008009","Taiwan Stock Exchange","Taiwan","USD","TWD","31.12"
"1216","UNI-PRESIDENT ENTERPRISES CORP","Equity","2.17","2.62","24,650,189.00","64,628,188.42","64,628,188.42","Consumer Staples","6700393","TW0001216000","Taiwan Stock Exchange","Taiwan","USD","TWD","31.12"
"2891","CTBC FINANCIAL HOLDING LTD","Equity","2.17","0.69","93,500,325.00","64,589,682.64","64,589,682.64","Financials","6527666","TW0002891009","Taiwan Stock Exchange","Taiwan","USD","TWD","31.12"
"1303","NAN YA PLASTICS CORP","Equity","2.06","2.33","26,350,938.00","61,467,318.87","61,467,318.87","Materials","6621580","TW0001303006","Taiwan Stock Exchange","Taiwan","USD","TWD","31.12"
"2882","CATHAY FINANCIAL HOLDING LTD","Equity","1.94","1.36","42,500,483.00","57,694,199.13","57,694,199.13","Financials","6425663","TW0002882008","Taiwan Stock Exchange","Taiwan","USD","TWD","31.12"
"1326","FORMOSA CHEMICALS & FIBRE CORP","Equity","1.93","3.23","17,850,610.00","57,640,892.09","57,640,892.09","Materials","6348715","TW0001326007","Taiwan Stock Exchange","Taiwan","USD","TWD","31.12"
"2886","MEGA FINANCIAL HOLDING LTD","Equity","1.91","1.00","56,950,271.00","56,998,761.12","56,998,761.12","Financials","6444066","TW0002886009","Taiwan Stock Exchange","Taiwan","USD","TWD","31.12"
"2308","DELTA ELECTRONICS INC","Equity","1.83","4.88","11,137,180.00","54,391,419.99","54,391,419.99","Information Technology","6260734","TW0002308004","Taiwan Stock Exchange","Taiwan","USD","TWD","31.12"
"2002","CHINA STEEL CORP","Equity","1.74","0.79","65,450,977.00","51,942,716.34","51,942,716.34","Materials","6190950","TW0002002003","Taiwan Stock Exchange","Taiwan","USD","TWD","31.12"
"2881","FUBON FINANCIAL HOLDING LTD","Equity","1.69","1.48","34,000,515.00","50,361,422.77","50,361,422.77","Financials","6411673","TW0002881000","Taiwan Stock Exchange","Taiwan","USD","TWD","31.12"
"2884","E.SUN FINANCIAL HOLDING LTD","Equity","1.48","0.84","52,700,217.00","44,194,119.03","44,194,119.03","Financials","6433912","TW0002884004","Taiwan Stock Exchange","Taiwan","USD","TWD","31.12"
"2892","FIRST FINANCIAL HOLDING LTD","Equity","1.31","0.73","53,381,132.00","39,019,414.69","39,019,414.69","Financials","6580119","TW0002892007","Taiwan Stock Exchange","Taiwan","USD","TWD","31.12"
"3711","ASE TECHNOLOGY HOLDING LTD","Equity","1.24","2.07","17,850,432.00","36,935,685.92","36,935,685.92","Information Technology","BFXZDY1","TW0003711008","Taiwan Stock Exchange","Taiwan","USD","TWD","31.12"
"1101","TAIWAN CEMENT CORP","Equity","1.23","1.49","24,650,554.00","36,631,102.62","36,631,102.62","Materials","6869937","TW0001101004","Taiwan Stock Exchange","Taiwan","USD","TWD","31.12"
"3045","TAIWAN MOBILE LTD","Equity","1.12","3.94","8,500,609.00","33,457,824.55","33,457,824.55","Communication","6290496","TW0003045001","Taiwan Stock Exchange","Taiwan","USD","TWD","31.12"
"2912","PRESIDENT CHAIN STORE CORP","Equity","1.11","9.77","3,400,215.00","33,211,732.61","33,211,732.61","Consumer Staples","6704986","TW0002912003","Taiwan Stock Exchange","Taiwan","USD","TWD","31.12"
"TWD","TWD CASH","Cash","1.09","3.21","1,007,063,424.00","32,357,010.74","32,357,010.74","Cash and/or Derivatives","-","-","-","Taiwan","USD","TWD","31.12"
"5880","TAIWAN COOPERATIVE FINANCIAL HOLDI","Equity","1.08","0.66","48,450,554.00","32,146,254.12","32,146,254.12","Financials","B73XCZ3","TW0005880009","Taiwan Stock Exchange","Taiwan","USD","TWD","31.12"
"2885","YUANTA FINANCIAL HOLDING LTD","Equity","1.04","0.57","54,400,248.00","31,024,929.78","31,024,929.78","Financials","6424110","TW0002885001","Taiwan Stock Exchange","Taiwan","USD","TWD","31.12"
"2382","QUANTA COMPUTER INC","Equity","1.00","1.95","15,300,240.00","29,839,978.41","29,839,978.41","Information Technology","6141011","TW0002382009","Taiwan Stock Exchange","Taiwan","USD","TWD","31.12"
"2303","UNITED MICRO ELECTRONICS CORP","Equity","0.99","0.45","65,450,501.00","29,546,148.06","29,546,148.06","Information Technology","6916628","TW0002303005","Taiwan Stock Exchange","Taiwan","USD","TWD","31.12"
"2880","HUA NAN FINANCIAL HOLDINGS LTD","Equity","0.98","0.67","43,617,529.00","29,149,825.80","29,149,825.80","Financials","6411877","TW0002880002","Taiwan Stock Exchange","Taiwan","USD","TWD","31.12"
"2357","ASUSTEK COMPUTER INC","Equity","0.97","7.21","4,026,857.00","29,046,521.01","29,046,521.01","Information Technology","6051046","TW0002357001","Taiwan Stock Exchange","Taiwan","USD","TWD","31.12"
"5876","SHANGHAI COMMERCIAL LTD","Equity","0.97","1.79","16,150,000.00","28,850,868.31","28,850,868.31","Financials","B7LV1N0","TW0005876007","Taiwan Stock Exchange","Taiwan","USD","TWD","31.12"
"5871","CHAILEASE HOLDING LTD","Equity","0.96","4.21","6,800,955.00","28,625,479.30","28,625,479.30","Financials","B58J1S8","KYG202881093","Taiwan Stock Exchange","Taiwan","USD","TWD","31.12"
"2207","HOTAI MOTOR LTD","Equity","0.90","15.74","1,700,000.00","26,764,342.06","26,764,342.06","Consumer Discretionary","6417165","TW0002207008","Taiwan Stock Exchange","Taiwan","USD","TWD","31.12"
"2474","CATCHER TECHNOLOGY LTD","Equity","0.86","7.13","3,577,743.00","25,519,589.57","25,519,589.57","Information Technology","6186669","TW0002474004","Taiwan Stock Exchange","Taiwan","USD","TWD","31.12"
"2890","SINOPAC FINANCIAL HOLDINGS LTD","Equity","0.85","0.41","61,200,724.00","25,366,341.82","25,366,341.82","Financials","6525875","TW0002890001","Taiwan Stock Exchange","Taiwan","USD","TWD","31.12"
"2887","TAISHIN FINANCIAL HOLDING LTD","Equity","0.84","0.46","54,400,592.00","24,994,890.21","24,994,890.21","Financials","6451680","TW0002887007","Taiwan Stock Exchange","Taiwan","USD","TWD","31.12"
"4904","FAR EASTONE TELECOMMUNICATIONS LTD","Equity","0.79","2.51","9,350,259.00","23,433,103.67","23,433,103.67","Communication","6421854","TW0004904008","Taiwan Stock Exchange","Taiwan","USD","TWD","31.12"
"6505","FORMOSA PETROCHEMICAL CORP","Equity","0.78","3.44","6,800,950.00","23,381,099.49","23,381,099.49","Energy","6718716","TW0006505001","Taiwan Stock Exchange","Taiwan","USD","TWD","31.12"
"2883","CHINA DEVELOPMENT FINANCIAL HOLDIN","Equity","0.77","0.31","74,800,508.00","22,831,777.47","22,831,777.47","Financials","6431756","TW0002883006","Taiwan Stock Exchange","Taiwan","USD","TWD","31.12"
"2801","CHANG HWA COMMERCIAL BANK LTD","Equity","0.74","0.67","32,774,761.00","22,114,157.50","22,114,157.50","Financials","6187855","TW0002801008","Taiwan Stock Exchange","Taiwan","USD","TWD","31.12"
"1102","ASIA CEMENT CORP","Equity","0.70","1.54","13,600,136.00","20,974,714.54","20,974,714.54","Materials","6056331","TW0001102002","Taiwan Stock Exchange","Taiwan","USD","TWD","31.12"
"2379","REALTEK SEMICONDUCTOR CORP","Equity","0.69","7.53","2,748,063.00","20,705,279.72","20,705,279.72","Information Technology","6051422","TW0002379005","Taiwan Stock Exchange","Taiwan","USD","TWD","31.12"
"1402","FAR EASTERN NEW CENTURY CORP","Equity","0.69","1.09","18,700,843.00","20,459,257.61","20,459,257.61","Industrials","6331470","TW0001402006","Taiwan Stock Exchange","Taiwan","USD","TWD","31.12"
"9910","FENG TAY ENTERPRISES LTD","Equity","0.68","7.89","2,550,476.00","20,117,977.03","20,117,977.03","Consumer Discretionary","6336055","TW0009910000","Taiwan Stock Exchange","Taiwan","USD","TWD","31.12"
"9921","GIANT MANUFACTURING LTD","Equity","0.67","7.79","2,550,590.00","19,873,024.40","19,873,024.40","Consumer Discretionary","6372167","TW0009921007","Taiwan Stock Exchange","Taiwan","USD","TWD","31.12"
"2395","ADVANTECH LTD","Equity","0.65","8.37","2,315,614.00","19,381,414.27","19,381,414.27","Information Technology","6202673","TW0002395001","Taiwan Stock Exchange","Taiwan","USD","TWD","31.12"
"4938","PEGATRON CORP","Equity","0.65","1.75","11,050,037.00","19,349,591.68","19,349,591.68","Information Technology","B4PLX17","TW0004938006","Taiwan Stock Exchange","Taiwan","USD","TWD","31.12"
"3034","NOVATEK MICROELECTRONICS CORP","Equity","0.64","5.64","3,400,544.00","19,175,075.81","19,175,075.81","Information Technology","6346333","TW0003034005","Taiwan Stock Exchange","Taiwan","USD","TWD","31.12"
"2301","LITE ON TECHNOLOGY CORP","Equity","0.63","1.48","12,750,071.00","18,885,352.65","18,885,352.65","Information Technology","6519481","TW0002301009","Taiwan Stock Exchange","Taiwan","USD","TWD","31.12"
"2633","TAIWAN HIGH SPEED RAIL CORP","Equity","0.61","1.42","12,750,000.00","18,086,413.80","18,086,413.80","Industrials","B04BGQ6","TW0002633005","Taiwan Stock Exchange","Taiwan","USD","TWD","31.12"
"3105","WIN SEMICONDUCTORS CORP","Equity","0.59","6.97","2,528,000.00","17,625,781.16","17,625,781.16","Information Technology","B56LHP5","TW0003105003","Gretai Securities Market","Taiwan","USD","TWD","31.12"
"2324","COMPAL ELECTRONICS INC","Equity","0.58","0.66","26,350,554.00","17,313,889.16","17,313,889.16","Information Technology","6225744","TW0002324001","Taiwan Stock Exchange","Taiwan","USD","TWD","31.12"
"2888","SHIN KONG FINANCIAL HOLDING LTD","Equity","0.56","0.30","55,250,929.00","16,562,763.43","16,562,763.43","Financials","6452586","TW0002888005","Taiwan Stock Exchange","Taiwan","USD","TWD","31.12"
"1476","ECLAT TEXTILE LTD","Equity","0.54","12.93","1,242,601.00","16,069,751.23","16,069,751.23","Consumer Discretionary","6345783","TW0001476000","Taiwan Stock Exchange","Taiwan","USD","TWD","31.12"
"9904","POU CHEN CORP","Equity","0.54","1.25","12,750,103.00","15,997,285.72","15,997,285.72","Consumer Discretionary","6696157","TW0009904003","Taiwan Stock Exchange","Taiwan","USD","TWD","31.12"
"2105","CHENG SHIN RUBBER INDUSTRY LTD","Equity","0.52","1.30","11,900,670.00","15,447,718.54","15,447,718.54","Consumer Discretionary","6190228","TW0002105004","Taiwan Stock Exchange","Taiwan","USD","TWD","31.12"
"2327","YAGEO CORP","Equity","0.49","8.68","1,700,125.00","14,748,783.07","14,748,783.07","Information Technology","6984380","TW0002327004","Taiwan Stock Exchange","Taiwan","USD","TWD","31.12"
"6488","GLOBALWAFERS LTD","Equity","0.49","10.49","1,395,000.00","14,634,199.24","14,634,199.24","Information Technology","BS7JP33","TW0006488000","Gretai Securities Market","Taiwan","USD","TWD","31.12"
"2823","CHINA LIFE INSURANCE LTD","Equity","0.49","0.83","17,655,479.00","14,607,244.82","14,607,244.82","Financials","6199816","TW0002823002","Taiwan Stock Exchange","Taiwan","USD","TWD","31.12"
"2408","NANYA TECHNOLOGY CORP","Equity","0.48","2.09","6,800,000.00","14,245,184.51","14,245,184.51","Information Technology","6283601","TW0002408002","Taiwan Stock Exchange","Taiwan","USD","TWD","31.12"
"2409","AU OPTRONICS CORP","Equity","0.45","0.30","45,050,830.00","13,476,094.50","13,476,094.50","Information Technology","6288190","TW0002409000","Taiwan Stock Exchange","Taiwan","USD","TWD","31.12"
"3702","WPG HOLDINGS LTD","Equity","0.45","1.31","10,212,604.00","13,420,582.63","13,420,582.63","Information Technology","B0P6L87","TW0003702007","Taiwan Stock Exchange","Taiwan","USD","TWD","31.12"
"2049","HIWIN TECHNOLOGIES CORP","Equity","0.45","8.72","1,537,796.00","13,414,674.25","13,414,674.25","Industrials","B1YMYT5","TW0002049004","Taiwan Stock Exchange","Taiwan","USD","TWD","31.12"
"3231","WISTRON CORP","Equity","0.44","0.78","17,000,921.00","13,191,711.80","13,191,711.80","Information Technology","6672481","TW0003231007","Taiwan Stock Exchange","Taiwan","USD","TWD","31.12"
"2356","INVENTEC CORP","Equity","0.44","0.81","16,150,868.00","13,051,049.21","13,051,049.21","Information Technology","6459930","TW0002356003","Taiwan Stock Exchange","Taiwan","USD","TWD","31.12"
"6239","POWERTECH TECHNOLOGY INC","Equity","0.43","2.51","5,100,036.00","12,797,815.53","12,797,815.53","Information Technology","6599676","TW0006239007","Taiwan Stock Exchange","Taiwan","USD","TWD","31.12"
"3481","INNOLUX CORP","Equity","0.42","0.23","53,550,873.00","12,560,328.14","12,560,328.14","Information Technology","B0CC0M5","TW0003481008","Taiwan Stock Exchange","Taiwan","USD","TWD","31.12"
"2377","MICRO-STAR INTERNATIONAL LTD","Equity","0.42","2.92","4,250,000.00","12,426,301.67","12,426,301.67","Information Technology","6133450","TW0002377009","Taiwan Stock Exchange","Taiwan","USD","TWD","31.12"
"5347","VANGUARD INTERNATIONAL SEMICONDUCT","Equity","0.41","2.08","5,950,000.00","12,349,832.12","12,349,832.12","Information Technology","6109677","TW0005347009","Gretai Securities Market","Taiwan","USD","TWD","31.12"
"2354","FOXCONN TECHNOLOGY LTD","Equity","0.41","2.06","5,950,499.00","12,255,272.89","12,255,272.89","Information Technology","6801779","TW0002354008","Taiwan Stock Exchange","Taiwan","USD","TWD","31.12"
"2834","TAIWAN BUSINESS BANK","Equity","0.41","0.42","28,900,524.00","12,210,769.69","12,210,769.69","Financials","6098816","TW0002834009","Taiwan Stock Exchange","Taiwan","USD","TWD","31.12"
"2353","ACER","Equity","0.41","0.62","19,550,737.00","12,123,611.55","12,123,611.55","Information Technology","6005850","TW0002353000","Taiwan Stock Exchange","Taiwan","USD","TWD","31.12"
"2492","WALSIN TECHNOLOGY CORP","Equity","0.40","5.57","2,130,000.00","11,873,825.24","11,873,825.24","Information Technology","6089694","TW0002492006","Taiwan Stock Exchange","Taiwan","USD","TWD","31.12"
"2347","SYNNEX TECHNOLOGY INTERNATIONAL CO","Equity","0.39","1.25","9,350,364.00","11,731,704.80","11,731,704.80","Information Technology","6868439","TW0002347002","Taiwan Stock Exchange","Taiwan","USD","TWD","31.12"
"4958","ZHEN DING TECHNOLOGY HOLDING LTD","Equity","0.39","3.41","3,400,072.00","11,579,919.74","11,579,919.74","Information Technology","B734XQ4","KYG989221000","Taiwan Stock Exchange","Taiwan","USD","TWD","31.12"
"2344","WINBOND ELECTRONICS CORP","Equity","0.36","0.51","21,250,000.00","10,855,944.86","10,855,944.86","Information Technology","6966515","TW0002344009","Taiwan Stock Exchange","Taiwan","USD","TWD","31.12"
"2385","CHICONY ELECTRONICS LTD","Equity","0.36","2.48","4,297,405.00","10,645,651.21","10,645,651.21","Information Technology","6140579","TW0002385002","Taiwan Stock Exchange","Taiwan","USD","TWD","31.12"
"8464","NIEN MADE ENTERPRISE LTD","Equity","0.34","8.03","1,273,000.00","10,225,392.39","10,225,392.39","Consumer Discretionary","BSZLN15","TW0008464009","Taiwan Stock Exchange","Taiwan","USD","TWD","31.12"
"1590","AIRTAC INTERNATIONAL GROUP","Equity","0.33","11.41","850,000.00","9,695,246.36","9,695,246.36","Industrials","B52J816","KYG014081064","Taiwan Stock Exchange","Taiwan","USD","TWD","31.12"
"2542","HIGHWEALTH CONSTRUCTION CORP","Equity","0.32","1.58","5,950,790.00","9,426,123.25","9,426,123.25","Real Estate","6154075","TW0002542008","Taiwan Stock Exchange","Taiwan","USD","TWD","31.12"
"8299","PHISON ELECTRONICS CORP","Equity","0.31","9.29","997,698.00","9,264,212.64","9,264,212.64","Information Technology","6728469","TW0008299009","Gretai Securities Market","Taiwan","USD","TWD","31.12"
"1434","FORMOSA TAFFETA LTD","Equity","0.28","1.25","6,800,515.00","8,466,912.66","8,466,912.66","Consumer Discretionary","6348588","TW0001434009","Taiwan Stock Exchange","Taiwan","USD","TWD","31.12"
"2618","EVA AIRWAYS CORP","Equity","0.27","0.48","17,000,893.00","8,166,284.33","8,166,284.33","Industrials","6186023","TW0002618006","Taiwan Stock Exchange","Taiwan","USD","TWD","31.12"
"2603","EVERGREEN MARINE CORP (TAIWAN) LTD","Equity","0.27","0.43","18,965,136.00","8,165,303.47","8,165,303.47","Industrials","6324500","TW0002603008","Taiwan Stock Exchange","Taiwan","USD","TWD","31.12"
"2371","TATUNG","Equity","0.27","0.62","12,750,000.00","7,906,405.13","7,906,405.13","Consumer Discretionary","6875677","TW0002371002","Taiwan Stock Exchange","Taiwan","USD","TWD","31.12"
"4147","TAIMED BIOLOGICS INC","Equity","0.26","5.30","1,442,000.00","7,644,705.77","7,644,705.77","Health Care","B3PSSB6","TW0004147004","Gretai Securities Market","Taiwan","USD","TWD","31.12"
"9945","RUENTEX DEVELOPMENT LTD","Equity","0.24","1.42","5,100,076.00","7,251,059.91","7,251,059.91","Real Estate","6748423","TW0009945006","Taiwan Stock Exchange","Taiwan","USD","TWD","31.12"
"2610","CHINA AIRLINES LTD","Equity","0.24","0.31","22,950,761.00","7,174,993.32","7,174,993.32","Industrials","6189657","TW0002610003","Taiwan Stock Exchange","Taiwan","USD","TWD","31.12"
"1227","STANDARD FOODS CORP","Equity","0.22","1.97","3,400,056.00","6,696,657.92","6,696,657.92","Consumer Staples","6853554","TW0001227007","Taiwan Stock Exchange","Taiwan","USD","TWD","31.12"
"2915","RUENTEX INDUSTRIES LTD","Equity","0.21","2.40","2,550,157.00","6,112,478.10","6,112,478.10","Consumer Discretionary","6758422","TW0002915006","Taiwan Stock Exchange","Taiwan","USD","TWD","31.12"
"XTSLA","BLK CSH FND TREASURY SL AGENCY","Money Market","0.13","1.00","3,778,392.00","3,778,392.04","3,778,392.04","Cash and/or Derivatives","-","US0669224778","-","United States","USD","USD","1.00"
"UBFUT","CASH COLLATERAL USD UBFUT","Cash Collateral and Margins","0.04","100.00","1,159,000.00","1,159,000.00","1,159,000.00","Cash and/or Derivatives","-","-","-","United States","USD","USD","1.00"
"1602","PACIFIC ELECTRIC WIRE","Equity","0.00","0.00","197.00","0.00","0.00","Industrials","6666138","TW0001602001","Taiwan Stock Exchange","Taiwan","USD","TWD","31.12"
"2418","YA HSIN INDUSTRIAL CO. LTD.","Equity","0.00","0.00","6,845,461.00","2.20","2.20","Information Technology","6115834","TW0002418001","Taiwan Stock Exchange","Taiwan","USD","TWD","31.12"
"TWN9","MSCI TAIWAN INDEX JUL 19","Futures","0.00","390.00","802.00","0.00","31,278,000.00","Cash and/or Derivatives","-","SGXDB0080240","Singapore Exchange Derivatives Clearing Limited","Taiwan","USD","USD","1.00"
"USD","USD CASH","Cash","-0.06","100.00","-1,695,801.00","-1,695,800.60","-1,695,800.60","Cash and/or Derivatives","-","-","-","United States","USD","USD","1.00"
 