﻿iShares MSCI South Korea ETF
Inception Date,"May 9, 2000"
Fund Holdings as of,"Jul 3, 2019"
Total Net Assets,"4,395,606,933.77"
Shares Outstanding,"75,600,000.00"
Stock,"-"
Bond,"-"
Cash,"-"
Other,"-"
 
Issuer Ticker,Name,Asset Class,Weight (%),Price,Shares,Market Value,Notional Value,Sector,SEDOL,ISIN,Exchange,Country,Currency,Market Currency,FX Rate
"005930","SAMSUNG ELECTRONICS LTD","Equity","23.94","38.76","27,144,622.00","1,052,180,011.78","1,052,180,011.78","Information Technology","6771720","KR7005930003","Korea Exchange (Stock Market)","Korea (South)","USD","KRW","1,171.25"
"000660","SK HYNIX INC","Equity","5.04","59.00","3,754,085.00","221,478,995.52","221,478,995.52","Information Technology","6450267","KR7000660001","Korea Exchange (Stock Market)","Korea (South)","USD","KRW","1,171.25"
"005380","HYUNDAI MOTOR","Equity","2.81","116.12","1,063,567.00","123,496,360.30","123,496,360.30","Consumer Discretionary","6451055","KR7005380001","Korea Exchange (Stock Market)","Korea (South)","USD","KRW","1,171.25"
"005490","POSCO","Equity","2.55","209.18","535,608.00","112,037,532.55","112,037,532.55","Materials","6693233","KR7005490008","Korea Exchange (Stock Market)","Korea (South)","USD","KRW","1,171.25"
"055550","SHINHAN FINANCIAL GROUP LTD","Equity","2.53","37.95","2,934,484.00","111,366,329.82","111,366,329.82","Financials","6397502","KR7055550008","Korea Exchange (Stock Market)","Korea (South)","USD","KRW","1,171.25"
"105560","KB FINANCIAL GROUP INC","Equity","2.40","38.46","2,739,459.00","105,368,305.61","105,368,305.61","Financials","B3DF0Y6","KR7105560007","Korea Exchange (Stock Market)","Korea (South)","USD","KRW","1,171.25"
"068270","CELLTRION INC","Equity","2.28","175.88","570,081.00","100,266,113.98","100,266,113.98","Health Care","B0C5YV1","KR7068270008","Korea Exchange (Stock Market)","Korea (South)","USD","KRW","1,171.25"
"035420","NAVER CORP","Equity","2.21","100.32","967,236.00","97,033,280.68","97,033,280.68","Communication","6560393","KR7035420009","Korea Exchange (Stock Market)","Korea (South)","USD","KRW","1,171.25"
"051910","LG CHEM LTD","Equity","2.21","303.52","319,501.00","96,975,543.65","96,975,543.65","Materials","6346913","KR7051910008","Korea Exchange (Stock Market)","Korea (South)","USD","KRW","1,171.25"
"012330","HYUNDAI MOBIS LTD","Equity","2.12","195.94","475,628.00","93,196,692.42","93,196,692.42","Consumer Discretionary","6449544","KR7012330007","Korea Exchange (Stock Market)","Korea (South)","USD","KRW","1,171.25"
"006400","SAMSUNG SDI LTD","Equity","1.75","198.93","386,841.00","76,955,349.41","76,955,349.41","Information Technology","6771645","KR7006400006","Korea Exchange (Stock Market)","Korea (South)","USD","KRW","1,171.25"
"051900","LG HOUSEHOLD & HEALTH CARE LTD","Equity","1.63","1,091.14","65,583.00","71,560,362.01","71,560,362.01","Consumer Staples","6344456","KR7051900009","Korea Exchange (Stock Market)","Korea (South)","USD","KRW","1,171.25"
"033780","KT&G CORP","Equity","1.57","83.84","821,669.00","68,890,412.64","68,890,412.64","Consumer Staples","6175076","KR7033780008","Korea Exchange (Stock Market)","Korea (South)","USD","KRW","1,171.25"
"000270","KIA MOTORS CORP","Equity","1.54","35.56","1,897,564.00","67,477,942.88","67,477,942.88","Consumer Discretionary","6490928","KR7000270009","Korea Exchange (Stock Market)","Korea (South)","USD","KRW","1,171.25"
"086790","HANA FINANCIAL GROUP INC","Equity","1.47","31.25","2,065,241.00","64,536,026.13","64,536,026.13","Financials","B0RNRF5","KR7086790003","Korea Exchange (Stock Market)","Korea (South)","USD","KRW","1,171.25"
"096770","SK INNOVATION LTD","Equity","1.32","138.31","420,036.00","58,096,761.58","58,096,761.58","Energy","B232R05","KR7096770003","Korea Exchange (Stock Market)","Korea (South)","USD","KRW","1,171.25"
"036570","NCSOFT CORP","Equity","1.15","400.00","126,706.00","50,682,400.00","50,682,400.00","Communication","6264189","KR7036570000","Korea Exchange (Stock Market)","Korea (South)","USD","KRW","1,171.25"
"066570","LG ELECTRONICS INC","Equity","1.13","65.14","762,639.00","49,681,413.62","49,681,413.62","Consumer Discretionary","6520739","KR7066570003","Korea Exchange (Stock Market)","Korea (South)","USD","KRW","1,171.25"
"000810","SAMSUNG FIRE & MARINE INSURANCE LT","Equity","1.12","221.13","221,896.00","49,068,144.29","49,068,144.29","Financials","6155250","KR7000810002","Korea Exchange (Stock Market)","Korea (South)","USD","KRW","1,171.25"
"018260","SAMSUNG SDS LTD","Equity","1.03","178.01","253,817.00","45,183,218.36","45,183,218.36","Information Technology","BRS2KY0","KR7018260000","Korea Exchange (Stock Market)","Korea (South)","USD","KRW","1,171.25"
"003550","LG CORP","Equity","1.03","65.06","693,127.00","45,093,940.15","45,093,940.15","Industrials","6537030","KR7003550001","Korea Exchange (Stock Market)","Korea (South)","USD","KRW","1,171.25"
"034730","SK HOLDINGS LTD","Equity","1.01","194.66","228,213.00","44,424,814.51","44,424,814.51","Industrials","B39Z8L3","KR7034730002","Korea Exchange (Stock Market)","Korea (South)","USD","KRW","1,171.25"
"028260","SAMSUNG C&T CORP","Equity","0.99","80.26","543,206.00","43,595,614.94","43,595,614.94","Industrials","BSXN8K7","KR7028260008","Korea Exchange (Stock Market)","Korea (South)","USD","KRW","1,171.25"
"035720","KAKAO CORP","Equity","0.95","111.85","374,750.00","41,914,407.68","41,914,407.68","Communication","6194037","KR7035720002","Korea Exchange (Stock Market)","Korea (South)","USD","KRW","1,171.25"
"015760","KOREA ELECTRIC POWER CORP","Equity","0.92","22.11","1,838,238.00","40,649,190.35","40,649,190.35","Utilities","6495730","KR7015760002","Korea Exchange (Stock Market)","Korea (South)","USD","KRW","1,171.25"
"316140","WOORI FINANCIAL GROUP INC","Equity","0.92","11.87","3,401,038.00","40,362,372.00","40,362,372.00","Financials","BGHWH98","KR7316140003","Korea Exchange (Stock Market)","Korea (South)","USD","KRW","1,171.25"
"032830","SAMSUNG LIFE LTD","Equity","0.82","70.69","509,457.00","36,015,402.01","36,015,402.01","Financials","B12C0T9","KR7032830002","Korea Exchange (Stock Market)","Korea (South)","USD","KRW","1,171.25"
"017670","SK TELECOM LTD","Equity","0.76","220.28","152,345.00","33,558,172.89","33,558,172.89","Communication","6224871","KR7017670001","Korea Exchange (Stock Market)","Korea (South)","USD","KRW","1,171.25"
"009150","SAMSUNG ELECTRO MECHANICS LTD","Equity","0.75","81.54","402,575.00","32,824,685.17","32,824,685.17","Information Technology","6771689","KR7009150004","Korea Exchange (Stock Market)","Korea (South)","USD","KRW","1,171.25"
"207940","SAMSUNG BIOLOGICS LTD","Equity","0.74","271.50","120,170.00","32,626,732.12","32,626,732.12","Health Care","BYNJCV6","KR7207940008","Korea Exchange (Stock Market)","Korea (South)","USD","KRW","1,171.25"
"090430","AMOREPACIFIC CORP","Equity","0.70","134.04","228,618.00","30,645,059.55","30,645,059.55","Consumer Staples","B15SK50","KR7090430000","Korea Exchange (Stock Market)","Korea (South)","USD","KRW","1,171.25"
"011170","LOTTE CHEMICAL CORP","Equity","0.66","229.24","126,252.00","28,942,294.13","28,942,294.13","Materials","6440020","KR7011170008","Korea Exchange (Stock Market)","Korea (South)","USD","KRW","1,171.25"
"009540","KOREA SHIPBUILDING AND OFFSHORE EN","Equity","0.63","97.76","282,472.00","27,614,125.08","27,614,125.08","Industrials","6446620","KR7009540006","Korea Exchange (Stock Market)","Korea (South)","USD","KRW","1,171.25"
"021240","WOONGJIN COWAY LTD","Equity","0.61","66.94","401,765.00","26,892,957.10","26,892,957.10","Consumer Discretionary","6173401","KR7021240007","Korea Exchange (Stock Market)","Korea (South)","USD","KRW","1,171.25"
"000720","HYUNDAI ENGINEERING & CONSTRUCTION","Equity","0.60","44.65","589,576.00","26,326,424.59","26,326,424.59","Industrials","6450988","KR7000720003","Korea Exchange (Stock Market)","Korea (South)","USD","KRW","1,171.25"
"010130","KOREA ZINC INC","Equity","0.60","391.46","66,908.00","26,191,947.07","26,191,947.07","Materials","6495428","KR7010130003","Korea Exchange (Stock Market)","Korea (South)","USD","KRW","1,171.25"
"034220","LG DISPLAY LTD","Equity","0.59","14.86","1,749,998.00","25,997,835.82","25,997,835.82","Information Technology","B01VZN9","KR7034220004","Korea Exchange (Stock Market)","Korea (South)","USD","KRW","1,171.25"
"010950","S-OIL CORP","Equity","0.56","73.00","339,214.00","24,762,259.98","24,762,259.98","Energy","6406055","KR7010950004","Korea Exchange (Stock Market)","Korea (South)","USD","KRW","1,171.25"
"081660","FILA KOREA LTD","Equity","0.56","65.23","377,432.00","24,619,683.93","24,619,683.93","Consumer Discretionary","B66CTX7","KR7081660003","Korea Exchange (Stock Market)","Korea (South)","USD","KRW","1,171.25"
"035250","KANGWON LAND INC","Equity","0.55","25.74","937,606.00","24,135,599.49","24,135,599.49","Consumer Discretionary","6683449","KR7035250000","Korea Exchange (Stock Market)","Korea (South)","USD","KRW","1,171.25"
"024110","INDUSTRIAL BANK OF KOREA","Equity","0.52","11.78","1,951,037.00","22,987,671.80","22,987,671.80","Financials","6462972","KR7024110009","Korea Exchange (Stock Market)","Korea (South)","USD","KRW","1,171.25"
"000210","DAELIM INDUSTRIAL LTD","Equity","0.52","95.62","238,194.00","22,777,142.37","22,777,142.37","Industrials","6249584","KR7000210005","Korea Exchange (Stock Market)","Korea (South)","USD","KRW","1,171.25"
"010140","SAMSUNG HEAVY INDUSTRIES LTD","Equity","0.50","6.79","3,221,255.00","21,864,655.07","21,864,655.07","Industrials","6772217","KR7010140002","Korea Exchange (Stock Market)","Korea (South)","USD","KRW","1,171.25"
"071050","KOREA INVESTMENT HOLDINGS LTD","Equity","0.49","66.68","325,481.00","21,703,364.87","21,703,364.87","Financials","6654586","KR7071050009","Korea Exchange (Stock Market)","Korea (South)","USD","KRW","1,171.25"
"004020","HYUNDAI STEEL","Equity","0.49","35.18","611,298.00","21,503,075.86","21,503,075.86","Materials","6461850","KR7004020004","Korea Exchange (Stock Market)","Korea (South)","USD","KRW","1,171.25"
"005387","HYUNDAI MOTOR PREF","Equity","0.49","72.32","296,799.00","21,463,287.34","21,463,287.34","Consumer Discretionary","6148272","KR7005382007","Korea Exchange (Stock Market)","Korea (South)","USD","KRW","1,171.25"
"006800","DAEWOO SECURITIES","Equity","0.49","6.84","3,126,282.00","21,380,165.48","21,380,165.48","Financials","6249658","KR7006800007","Korea Exchange (Stock Market)","Korea (South)","USD","KRW","1,171.25"
"267250","HYUNDAI HEAVY INDUSTRIES HOLDINGS","Equity","0.48","274.92","76,649.00","21,072,339.81","21,072,339.81","Industrials","BD4HFT1","KR7267250009","Korea Exchange (Stock Market)","Korea (South)","USD","KRW","1,171.25"
"086280","HYUNDAI GLOVIS LTD","Equity","0.48","132.76","157,739.00","20,942,082.82","20,942,082.82","Industrials","B0V3XR5","KR7086280005","Korea Exchange (Stock Market)","Korea (South)","USD","KRW","1,171.25"
"008770","HOTEL SHILLA LTDINARY SHARES KOREA","Equity","0.43","78.46","243,432.00","19,100,448.92","19,100,448.92","Consumer Discretionary","6440332","KR7008770000","Korea Exchange (Stock Market)","Korea (South)","USD","KRW","1,171.25"
"028050","SAMSUNG ENGINEERING LTD","Equity","0.43","14.69","1,285,506.00","18,877,868.26","18,877,868.26","Industrials","6765239","KR7028050003","Korea Exchange (Stock Market)","Korea (South)","USD","KRW","1,171.25"
"139480","E-MART INC","Equity","0.42","119.53","156,236.00","18,674,954.11","18,674,954.11","Consumer Staples","B682TF7","KR7139480008","Korea Exchange (Stock Market)","Korea (South)","USD","KRW","1,171.25"
"128940","HANMI PHARM LTD","Equity","0.42","353.90","52,308.00","18,511,561.15","18,511,561.15","Health Care","B613DJ9","KR7128940004","Korea Exchange (Stock Market)","Korea (South)","USD","KRW","1,171.25"
"005830","DB INSURANCE LTD","Equity","0.42","45.76","400,214.00","18,315,022.75","18,315,022.75","Financials","6155937","KR7005830005","Korea Exchange (Stock Market)","Korea (South)","USD","KRW","1,171.25"
"091990","CELLTRION HEALTHCARE LTD","Equity","0.41","49.01","368,645.00","18,066,359.02","18,066,359.02","Health Care","BYZ6DH8","KR7091990002","Korea Exchange (Kosdaq)","Korea (South)","USD","KRW","1,171.25"
"047810","KOREA AEROSPACE INDUSTRIES LTD","Equity","0.41","30.18","593,672.00","17,917,869.97","17,917,869.97","Industrials","B3N3363","KR7047810007","Korea Exchange (Stock Market)","Korea (South)","USD","KRW","1,171.25"
"215600","SILLAJEN INC","Equity","0.41","41.75","428,924.00","17,907,691.44","17,907,691.44","Health Care","BYYNHB2","KR7215600008","Korea Exchange (Kosdaq)","Korea (South)","USD","KRW","1,171.25"
"078930","GS HOLDINGS","Equity","0.41","43.03","415,342.00","17,872,560.77","17,872,560.77","Energy","B01RJV3","KR7078930005","Korea Exchange (Stock Market)","Korea (South)","USD","KRW","1,171.25"
"097950","CJ CHEILJEDANG CORP","Equity","0.40","251.44","69,356.00","17,438,925.93","17,438,925.93","Consumer Staples","B2492F5","KR7097950000","Korea Exchange (Stock Market)","Korea (South)","USD","KRW","1,171.25"
"009830","HANWHA CHEMICAL","Equity","0.39","19.68","881,675.00","17,351,213.45","17,351,213.45","Materials","6407768","KR7009830001","Korea Exchange (Stock Market)","Korea (South)","USD","KRW","1,171.25"
"016360","SAMSUNG SECURITIES LTD","Equity","0.39","31.97","538,081.00","17,204,809.78","17,204,809.78","Financials","6408448","KR7016360000","Korea Exchange (Stock Market)","Korea (South)","USD","KRW","1,171.25"
"000100","YUHAN CORP","Equity","0.39","214.30","79,994.00","17,142,791.04","17,142,791.04","Health Care","6988337","KR7000100008","Korea Exchange (Stock Market)","Korea (South)","USD","KRW","1,171.25"
"161390","HANKOOK TIRE & TECHNOLOGY LTD","Equity","0.39","28.99","588,527.00","17,059,117.74","17,059,117.74","Consumer Discretionary","B7T5KQ0","KR7161390000","Korea Exchange (Stock Market)","Korea (South)","USD","KRW","1,171.25"
"084990","HELIXMITH LTD","Equity","0.39","157.87","107,391.00","16,953,336.95","16,953,336.95","Health Care","B0P5XC2","KR7084990001","Korea Exchange (Kosdaq)","Korea (South)","USD","KRW","1,171.25"
"251270","NETMARBLE CORP","Equity","0.38","85.38","197,480.00","16,860,619.00","16,860,619.00","Communication","BF2S426","KR7251270005","Korea Exchange (Stock Market)","Korea (South)","USD","KRW","1,171.25"
"030000","CHEIL WORLDWIDE INC","Equity","0.38","24.85","670,393.00","16,656,082.22","16,656,082.22","Communication","6093231","KR7030000004","Korea Exchange (Stock Market)","Korea (South)","USD","KRW","1,171.25"
"018880","HANON SYSTEMS","Equity","0.36","9.78","1,632,484.00","15,958,968.45","15,958,968.45","Consumer Discretionary","B00LR01","KR7018880005","Korea Exchange (Stock Market)","Korea (South)","USD","KRW","1,171.25"
"006360","GS ENGINEERING & CONSTRUCTION CORP","Equity","0.34","33.55","451,573.00","15,152,033.21","15,152,033.21","Industrials","6537096","KR7006360002","Korea Exchange (Stock Market)","Korea (South)","USD","KRW","1,171.25"
"004170","SHINSEGAE INC","Equity","0.34","248.88","60,097.00","14,956,905.44","14,956,905.44","Consumer Discretionary","6805049","KR7004170007","Korea Exchange (Stock Market)","Korea (South)","USD","KRW","1,171.25"
"005940","NH INVESTMENT & SECURITIES LTD","Equity","0.34","12.08","1,219,485.00","14,732,732.34","14,732,732.34","Financials","6537085","KR7005940002","Korea Exchange (Stock Market)","Korea (South)","USD","KRW","1,171.25"
"241560","DOOSAN BOBCAT INC","Equity","0.33","30.82","467,840.00","14,419,657.63","14,419,657.63","Industrials","BYX9GP8","KR7241560002","Korea Exchange (Stock Market)","Korea (South)","USD","KRW","1,171.25"
"005385","HYUNDAI MOTOR PREF","Equity","0.31","65.66","208,876.00","13,714,035.77","13,714,035.77","Consumer Discretionary","6451022","KR7005381009","Korea Exchange (Stock Market)","Korea (South)","USD","KRW","1,171.25"
"086900","MEDY-TOX INC","Equity","0.31","384.03","34,989.00","13,436,970.93","13,436,970.93","Health Care","B3L2NF1","KR7086900008","Korea Exchange (Kosdaq)","Korea (South)","USD","KRW","1,171.25"
"138930","BNK FINANCIAL GROUP INC","Equity","0.31","6.19","2,170,149.00","13,433,152.83","13,433,152.83","Financials","B3S98W7","KR7138930003","Korea Exchange (Stock Market)","Korea (South)","USD","KRW","1,171.25"
"051905","LG HOUSEHOLD & HEALTH CARE PREF LT","Equity","0.30","683.03","19,584.00","13,376,478.12","13,376,478.12","Consumer Staples","6346935","KR7051901007","Korea Exchange (Stock Market)","Korea (South)","USD","KRW","1,171.25"
"012750","S-1 CORP","Equity","0.30","84.53","157,782.00","13,336,536.18","13,336,536.18","Industrials","6180230","KR7012750006","Korea Exchange (Stock Market)","Korea (South)","USD","KRW","1,171.25"
"271560","ORION CORP","Equity","0.30","76.24","172,558.00","13,156,396.50","13,156,396.50","Consumer Staples","BDVLJ72","KR7271560005","Korea Exchange (Stock Market)","Korea (South)","USD","KRW","1,171.25"
"023530","LOTTE SHOPPING LTD","Equity","0.30","136.61","95,767.00","13,082,365.00","13,082,365.00","Consumer Discretionary","B0WGPZ5","KR7023530009","Korea Exchange (Stock Market)","Korea (South)","USD","KRW","1,171.25"
"035760","CJ ENM LTD","Equity","0.30","151.89","85,931.00","13,051,974.30","13,051,974.30","Consumer Discretionary","6199753","KR7035760008","Korea Exchange (Kosdaq)","Korea (South)","USD","KRW","1,171.25"
"011780","KUMHO PETRO CHEMICAL LTD","Equity","0.28","78.55","159,453.00","12,524,803.42","12,524,803.42","Materials","6499323","KR7011780004","Korea Exchange (Stock Market)","Korea (South)","USD","KRW","1,171.25"
"282330","BGF RETAIL LTD","Equity","0.28","170.76","73,304.00","12,517,225.19","12,517,225.19","Consumer Staples","BD95QN1","KR7282330000","Korea Exchange (Stock Market)","Korea (South)","USD","KRW","1,171.25"
"001450","HYUNDAI MARINE & FIRE INSURANCE LT","Equity","0.28","23.01","532,973.00","12,263,498.27","12,263,498.27","Financials","B01LXY6","KR7001450006","Korea Exchange (Stock Market)","Korea (South)","USD","KRW","1,171.25"
"010060","OCI LTD","Equity","0.28","81.45","150,331.00","12,244,676.54","12,244,676.54","Materials","6497004","KR7010060002","Korea Exchange (Stock Market)","Korea (South)","USD","KRW","1,171.25"
"002790","AMOREG","Equity","0.28","52.85","230,577.00","12,185,883.71","12,185,883.71","Consumer Staples","6665931","KR7002790004","Korea Exchange (Stock Market)","Korea (South)","USD","KRW","1,171.25"
"051915","LG CHEM PREFERRED STOCK LTD","Equity","0.28","169.48","71,825.00","12,172,689.43","12,172,689.43","Materials","6346924","KR7051911006","Korea Exchange (Stock Market)","Korea (South)","USD","KRW","1,171.25"
"002380","KCC CORP","Equity","0.27","228.82","51,418.00","11,765,228.60","11,765,228.60","Industrials","6490917","KR7002380004","Korea Exchange (Stock Market)","Korea (South)","USD","KRW","1,171.25"
"011070","LG INNOTEK LTD","Equity","0.27","93.92","124,927.00","11,732,738.53","11,732,738.53","Information Technology","B39Z8G8","KR7011070000","Korea Exchange (Stock Market)","Korea (South)","USD","KRW","1,171.25"
"XTSLA","BLK CSH FND TREASURY SL AGENCY","Money Market","0.26","1.00","11,486,511.00","11,486,510.59","11,486,510.59","Cash and/or Derivatives","-","US0669224778","-","United States","USD","USD","1.00"
"003490","KOREAN AIR LINES LTD","Equity","0.26","24.76","455,460.00","11,277,131.17","11,277,131.17","Industrials","6496766","KR7003490000","Korea Exchange (Stock Market)","Korea (South)","USD","KRW","1,171.25"
"001040","CJ CORP","Equity","0.25","85.38","129,644.00","11,068,858.06","11,068,858.06","Industrials","6189516","KR7001040005","Korea Exchange (Stock Market)","Korea (South)","USD","KRW","1,171.25"
"KRW","KRW CASH","Cash","0.25","0.09","12,867,949,014.00","10,986,509.30","10,986,509.30","Cash and/or Derivatives","-","-","-","Korea (South)","USD","KRW","1,171.25"
"032640","LG UPLUS CORP","Equity","0.25","12.25","895,869.00","10,976,068.43","10,976,068.43","Communication","6290902","KR7032640005","Korea Exchange (Stock Market)","Korea (South)","USD","KRW","1,171.25"
"004990","LOTTE CORP","Equity","0.23","37.61","268,252.00","10,088,794.54","10,088,794.54","Industrials","6535432","KR7004990008","Korea Exchange (Stock Market)","Korea (South)","USD","KRW","1,171.25"
"028670","PAN OCEAN LTD","Equity","0.22","3.97","2,461,754.00","9,762,943.29","9,762,943.29","Industrials","B24FX49","KR7028670008","Korea Exchange (Stock Market)","Korea (South)","USD","KRW","1,171.25"
"029780","SAMSUNG CARD LTD","Equity","0.22","31.85","303,694.00","9,671,535.71","9,671,535.71","Financials","B1WQQ48","KR7029780004","Korea Exchange (Stock Market)","Korea (South)","USD","KRW","1,171.25"
"263750","PEARLABYSS CORP","Equity","0.22","169.82","55,944.00","9,500,330.07","9,500,330.07","Communication","BYX56S9","KR7263750002","Korea Exchange (Kosdaq)","Korea (South)","USD","KRW","1,171.25"
"007070","GS RETAIL LTD","Equity","0.21","33.30","278,506.00","9,273,625.61","9,273,625.61","Consumer Staples","B7F9Q79","KR7007070006","Korea Exchange (Stock Market)","Korea (South)","USD","KRW","1,171.25"
"MARGIN_KRW","FUTURES KRW MARGIN BALANCE","Cash Collateral and Margins","0.21","0.09","10,860,234,272.00","9,272,345.16","9,272,345.16","Cash and/or Derivatives","-","-","-","Korea (South)","USD","KRW","1,171.25"
"036460","KOREA GAS CORP","Equity","0.21","36.50","252,604.00","9,219,911.21","9,219,911.21","Utilities","6182076","KR7036460004","Korea Exchange (Stock Market)","Korea (South)","USD","KRW","1,171.25"
"000880","HANWHA CORP","Equity","0.21","22.75","404,760.00","9,209,693.92","9,209,693.92","Industrials","6496755","KR7000880005","Korea Exchange (Stock Market)","Korea (South)","USD","KRW","1,171.25"
"000120","CJ LOGISTICS CORP","Equity","0.21","113.13","81,159.00","9,181,274.28","9,181,274.28","Industrials","6497112","KR7000120006","Korea Exchange (Stock Market)","Korea (South)","USD","KRW","1,171.25"
"042660","DAEWOO SHIPBUILDING & MARINE ENGIN","Equity","0.21","27.49","329,616.00","9,061,801.66","9,061,801.66","Industrials","6211732","KR7042660001","Korea Exchange (Stock Market)","Korea (South)","USD","KRW","1,171.25"
"069960","HYUNDAI DEPARTMENT STORE LTD","Equity","0.21","68.90","131,388.00","9,052,731.36","9,052,731.36","Consumer Discretionary","6568610","KR7069960003","Korea Exchange (Stock Market)","Korea (South)","USD","KRW","1,171.25"
"003670","POSCO CHEMICAL LTD","Equity","0.20","45.59","193,489.00","8,821,611.61","8,821,611.61","Materials","6419451","KR7003670007","Korea Exchange (Stock Market)","Korea (South)","USD","KRW","1,171.25"
"008930","HANMI SCIENCE LTD","Equity","0.19","57.80","147,404.00","8,520,171.44","8,520,171.44","Health Care","6146083","KR7008930000","Korea Exchange (Stock Market)","Korea (South)","USD","KRW","1,171.25"
"079440","ORANGE LIFE INSURANCE LTD","Equity","0.19","26.38","316,446.00","8,348,500.66","8,348,500.66","Financials","BF20GG0","KR7079440004","Korea Exchange (Stock Market)","Korea (South)","USD","KRW","1,171.25"
"047050","POSCO INTERNATIONAL CORP","Equity","0.19","15.97","520,818.00","8,315,301.26","8,315,301.26","Industrials","6344274","KR7047050000","Korea Exchange (Stock Market)","Korea (South)","USD","KRW","1,171.25"
"294870","HDC OP","Equity","0.19","36.58","226,259.00","8,277,650.50","8,277,650.50","Industrials","BD0BBZ5","KR7294870001","Korea Exchange (Stock Market)","Korea (South)","USD","KRW","1,171.25"
"028300","HLB INC","Equity","0.19","32.36","251,812.00","8,148,281.58","8,148,281.58","Consumer Discretionary","6517407","KR7028300002","Korea Exchange (Kosdaq)","Korea (South)","USD","KRW","1,171.25"
"047040","DAEWOO ENGINEERING & CONSTRUCTION","Equity","0.17","4.22","1,821,137.00","7,688,813.20","7,688,813.20","Industrials","6344122","KR7047040001","Korea Exchange (Stock Market)","Korea (South)","USD","KRW","1,171.25"
"007310","OTTOGI CORP","Equity","0.17","586.55","12,907.00","7,570,637.35","7,570,637.35","Consumer Staples","6658373","KR7007310006","Korea Exchange (Stock Market)","Korea (South)","USD","KRW","1,171.25"
"088350","HANWHA LIFE INSURANCE LTD","Equity","0.17","2.62","2,784,256.00","7,297,900.47","7,297,900.47","Financials","B62B9W7","KR7088350004","Korea Exchange (Stock Market)","Korea (South)","USD","KRW","1,171.25"
"090435","AMOREPACIFIC PREF CORP","Equity","0.15","74.19","87,701.00","6,506,908.77","6,506,908.77","Consumer Staples","B1638D8","KR7090431008","Korea Exchange (Stock Market)","Korea (South)","USD","KRW","1,171.25"
"068760","CELLTRION PHARM INC","Equity","0.14","40.94","149,193.00","6,107,837.23","6,107,837.23","Health Care","B0V3YP0","KR7068760008","Korea Exchange (Kosdaq)","Korea (South)","USD","KRW","1,171.25"
"005935","SAMSUNG ELECTRONICS NON VOTING PRE","Equity","0.02","32.27","24,696.00","797,019.25","797,019.25","Information Technology","6773812","KR7005931001","Korea Exchange (Stock Market)","Korea (South)","USD","KRW","1,171.25"
"008560","MERITZ SECURITIES","Equity","0.02","4.50","170,821.00","768,603.35","768,603.35","Financials","6408299","KR7008560005","Korea Exchange (Stock Market)","Korea (South)","USD","KRW","1,171.25"
"00104K","CJ CORP","Equity","0.01","23.05","17,539.00","404,314.19","404,314.19","Industrials","BHSFKJ4","KR700104K010","Korea Exchange (Stock Market)","Korea (South)","USD","KRW","1,171.25"
"1720911D","HELIXMITH CO LTD RIGHTS","Equity","0.01","37.87","7,180.00","271,874.49","271,874.49","Health Care","BK1WLB2","-","Korea Exchange (Kosdaq)","Korea (South)","USD","KRW","1,171.25"
"KMU9","KOSPI2 INDEX SEP 19","Futures","0.00","0.23","473.00","0.00","27,562,219.85","Cash and/or Derivatives","-","KR4101P90001","Korea Exchange (Futures Market)","-","USD","KRW","1,171.25"
"USD","USD CASH","Cash","-0.04","100.00","-1,726,918.00","-1,726,918.25","-1,726,918.25","Cash and/or Derivatives","-","-","-","United States","USD","USD","1.00"
 