﻿Fund Holdings as of,"Jul 4, 2019"
 
Issuer Ticker,Name,Asset Class,Weight (%),Price,Shares,Market Value,Notional Value,Sector,ISIN,Exchange,Country,Market Currency
"SAP","SAP","Equity","6.35","123.76","18,748.00","2,320,252.48","2,320,252.48","Information Technology","DE0007164600","Xetra","Germany","EUR"
"FP","TOTAL SA","Equity","6.21","49.45","45,879.00","2,268,945.94","2,268,945.94","Energy","FR0000120271","Nyse Euronext - Euronext Paris","France","EUR"
"MC","LVMH","Equity","4.82","381.35","4,612.00","1,758,786.20","1,758,786.20","Consumer Discretionary","FR0000121014","Nyse Euronext - Euronext Paris","France","EUR"
"LIN","LINDE PLC","Equity","4.71","180.47","9,533.00","1,720,452.16","1,720,452.16","Materials","IE00BZ12WP82","New York Stock Exchange Inc.","United States","USD"
"SAN","SANOFI SA","Equity","4.17","77.97","19,546.00","1,524,001.62","1,524,001.62","Health Care","FR0000120578","Nyse Euronext - Euronext Paris","France","EUR"
"SIE","SIEMENS N AG","Equity","4.01","105.54","13,886.00","1,465,528.44","1,465,528.44","Industrials","DE0007236101","Xetra","Germany","EUR"
"ASML","ASML HOLDING NV","Equity","3.81","189.10","7,351.00","1,390,074.10","1,390,074.10","Information Technology","NL0010273215","Euronext Amsterdam","Netherlands","EUR"
"UNA","UNILEVER NV","Equity","3.78","54.94","25,123.00","1,380,257.62","1,380,257.62","Consumer Staples","NL0000388619","Euronext Amsterdam","Netherlands","EUR"
"AIR","AIRBUS GROUP","Equity","3.40","125.38","9,903.00","1,241,638.14","1,241,638.14","Industrials","NL0000235190","Nyse Euronext - Euronext Paris","France","EUR"
"ABI","ANHEUSER BUSCH INBEV NV","Equity","3.29","82.72","14,540.00","1,202,748.80","1,202,748.80","Consumer Staples","BE0974293251","Nyse Euronext - Euronext Brussels","Belgium","EUR"
"OR","LOREAL SA","Equity","2.97","255.30","4,247.00","1,084,259.10","1,084,259.10","Consumer Staples","FR0000120321","Nyse Euronext - Euronext Paris","France","EUR"
"BAS","BASF N","Equity","2.72","62.68","15,861.00","994,167.48","994,167.48","Materials","DE000BASF111","Xetra","Germany","EUR"
"BAYN","BAYER AG","Equity","2.69","60.92","16,104.00","981,055.68","981,055.68","Health Care","DE000BAY0017","Xetra","Germany","EUR"
"AI","AIR LIQUIDE SA","Equity","2.49","122.75","7,418.00","910,559.50","910,559.50","Materials","FR0000120073","Nyse Euronext - Euronext Paris","France","EUR"
"IBE","IBERDROLA SA","Equity","2.46","8.73","102,953.00","898,985.60","898,985.60","Utilities","ES0144580Y14","Bolsa De Madrid","Spain","EUR"
"DG","VINCI SA","Equity","2.42","92.02","9,621.00","885,324.42","885,324.42","Industrials","FR0000125486","Nyse Euronext - Euronext Paris","France","EUR"
"ADS","ADIDAS N AG","Equity","2.42","278.25","3,181.00","885,113.25","885,113.25","Consumer Discretionary","DE000A1EWWW0","Xetra","Germany","EUR"
"DTE","DEUTSCHE TELEKOM N AG","Equity","2.38","15.52","56,004.00","869,182.08","869,182.08","Communication","DE0005557508","Xetra","Germany","EUR"
"ENEL","ENEL","Equity","2.37","6.45","134,153.00","864,884.39","864,884.39","Utilities","IT0003128367","Borsa Italiana","Italy","EUR"
"BN","DANONE SA","Equity","2.31","75.68","11,137.00","842,848.16","842,848.16","Consumer Staples","FR0000120644","Nyse Euronext - Euronext Paris","France","EUR"
"SAF","SAFRAN SA","Equity","2.24","131.20","6,236.00","818,163.20","818,163.20","Industrials","FR0000073272","Nyse Euronext - Euronext Paris","France","EUR"
"SU","SCHNEIDER ELECTRIC","Equity","2.10","81.00","9,485.00","768,285.00","768,285.00","Industrials","FR0000121972","Nyse Euronext - Euronext Paris","France","EUR"
"DAI","DAIMLER AG","Equity","2.07","49.03","15,421.00","756,168.73","756,168.73","Consumer Discretionary","DE0007100000","Xetra","Germany","EUR"
"KER","KERING SA","Equity","1.86","527.10","1,289.00","679,431.90","679,431.90","Consumer Discretionary","FR0000121485","Nyse Euronext - Euronext Paris","France","EUR"
"ENI","ENI","Equity","1.76","14.65","43,869.00","642,505.37","642,505.37","Energy","IT0003132476","Borsa Italiana","Italy","EUR"
"PHIA","KONINKLIJKE PHILIPS NV","Equity","1.73","39.60","15,995.00","633,402.00","633,402.00","Health Care","NL0000009538","Euronext Amsterdam","Netherlands","EUR"
"TEF","TELEFONICA SA","Equity","1.64","7.43","80,464.00","597,686.59","597,686.59","Communication","ES0178430E18","Bolsa De Madrid","Spain","EUR"
"EL","ESSILORLUXOTTICA SA","Equity","1.60","114.40","5,118.00","585,499.20","585,499.20","Consumer Discretionary","FR0000121667","Nyse Euronext - Euronext Paris","France","EUR"
"AMS","AMADEUS IT GROUP SA","Equity","1.48","71.40","7,578.00","541,069.20","541,069.20","Information Technology","ES0109067019","Bolsa De Madrid","Spain","EUR"
"ITX","INDUSTRIA DE DISENO TEXTIL INDITEX","Equity","1.42","27.08","19,193.00","519,746.44","519,746.44","Consumer Discretionary","ES0148396007","Bolsa De Madrid","Spain","EUR"
"DPW","DEUTSCHE POST AG","Equity","1.38","29.68","16,970.00","503,669.60","503,669.60","Industrials","DE0005552004","Xetra","Germany","EUR"
"ORA","ORANGE SA","Equity","1.36","13.98","35,389.00","494,915.16","494,915.16","Communication","FR0000133308","Nyse Euronext - Euronext Paris","France","EUR"
"VOW3","VOLKSWAGEN NON-VOTING PREF AG","Equity","1.34","154.64","3,164.00","489,280.96","489,280.96","Consumer Discretionary","DE0007664039","Xetra","Germany","EUR"
"ENGI","ENGIE SA","Equity","1.22","13.83","32,113.00","444,122.79","444,122.79","Utilities","FR0010208488","Nyse Euronext - Euronext Paris","France","EUR"
"CRG","CRH PLC","Equity","1.21","30.27","14,565.00","440,882.55","440,882.55","Materials","IE0001827041","Irish Stock Exchange - All Market","Ireland","EUR"
"NOKIA","NOKIA","Equity","1.20","4.50","97,432.00","438,151.70","438,151.70","Information Technology","FI0009000681","Nasdaq Omx Helsinki Ltd.","Finland","EUR"
"VIV","VIVENDI SA","Equity","1.14","24.89","16,684.00","415,264.76","415,264.76","Communication","FR0000127771","Nyse Euronext - Euronext Paris","France","EUR"
"AD","KONINKLIJKE AHOLD DELHAIZE NV","Equity","1.07","20.38","19,222.00","391,648.25","391,648.25","Consumer Staples","NL0011794037","Euronext Amsterdam","Netherlands","EUR"
"BMW","BMW AG","Equity","1.02","67.11","5,534.00","371,386.74","371,386.74","Consumer Discretionary","DE0005190003","Xetra","Germany","EUR"
"FRE","FRESENIUS SE AND CO KGAA","Equity","0.93","48.13","7,083.00","340,904.79","340,904.79","Health Care","DE0005785604","Xetra","Germany","EUR"
"EUR","EUR CASH","Cash","0.35","100.00","127,060.00","127,059.82","127,059.82","Cash and/or Derivatives","-","-","European Union","EUR"
"IBE.D","IBERDROLA RIGHTS SA","Equity","0.06","0.20","102,953.00","20,796.51","20,796.51","Utilities","ES06445809I8","Bolsa De Madrid","Spain","EUR"
"BZFUT","CASH COLLATERAL EUR BZFUT","Cash Collateral and Margins","0.03","100.00","10,000.00","10,000.00","10,000.00","Cash and/or Derivatives","-","-","European Union","EUR"
"VGU9","EURO STOXX 50 SEP 19","Futures","0.00","3,534.00","4.00","0.00","141,360.00","Cash and/or Derivatives","DE000C1A16K1","Eurex Deutschland","European Union","EUR"
"USD","USD CASH","Cash","0.00","88.64","1.00","0.85","0.85","Cash and/or Derivatives","-","-","United States","USD"
 