﻿Fund Holdings as of,"Jul 4, 2019"
 
Issuer Ticker,Name,Asset Class,Weight (%),Price,Shares,Market Value,Notional Value,Sector,ISIN,Exchange,Country,Market Currency
"IBE","IBERDROLA SA","Equity","15.09","8.73","11,531,443.00","100,692,560.28","100,692,560.28","Utilities","ES0144580Y14","Bolsa De Madrid","Spain","EUR"
"ENEL","ENEL","Equity","14.41","6.45","14,922,924.00","96,208,091.03","96,208,091.03","Utilities","IT0003128367","Borsa Italiana","Italy","EUR"
"NG.","NATIONAL GRID PLC","Equity","9.47","9.64","6,554,671.00","63,190,874.56","63,190,874.56","Utilities","GB00BDR05C01","London Stock Exchange","United Kingdom","GBP"
"ENGI","ENGIE SA","Equity","7.41","13.83","3,573,978.00","49,428,115.74","49,428,115.74","Utilities","FR0010208488","Nyse Euronext - Euronext Paris","France","EUR"
"EOAN","E.ON N","Equity","6.23","9.80","4,240,480.00","41,556,704.00","41,556,704.00","Utilities","DE000ENAG999","Xetra","Germany","EUR"
"ORSTED","ORSTED","Equity","3.94","80.47","327,090.00","26,322,082.01","26,322,082.01","Utilities","DK0060094928","Omx Nordic Exchange Copenhagen A/S","Denmark","DKK"
"SSE","SSE PLC","Equity","3.90","12.96","2,010,792.00","26,063,589.33","26,063,589.33","Utilities","GB0007908733","London Stock Exchange","United Kingdom","GBP"
"VIE","VEOLIA ENVIRON. SA","Equity","3.64","22.26","1,091,599.00","24,298,993.74","24,298,993.74","Utilities","FR0000124141","Nyse Euronext - Euronext Paris","France","EUR"
"RWE","RWE AG","Equity","3.57","22.87","1,041,084.00","23,809,591.08","23,809,591.08","Utilities","DE0007037129","Xetra","Germany","EUR"
"EDP","EDP ENERGIAS DE PORTUGAL SA","Equity","2.51","3.41","4,918,383.00","16,766,767.65","16,766,767.65","Utilities","PTEDP0AM0009","Nyse Euronext - Euronext Lisbon","Portugal","EUR"
"NTGY","NATURGY ENERGY SA","Equity","2.50","24.05","694,387.00","16,700,007.35","16,700,007.35","Utilities","ES0116870314","Bolsa De Madrid","Spain","EUR"
"FORTUM","FORTUM","Equity","2.48","19.59","846,280.00","16,574,393.80","16,574,393.80","Utilities","FI0009007132","Nasdaq Omx Helsinki Ltd.","Finland","EUR"
"TRN","TERNA RETE ELETTRICA NAZIONALE","Equity","2.39","5.84","2,728,140.00","15,943,250.16","15,943,250.16","Utilities","IT0003242622","Borsa Italiana","Italy","EUR"
"REE","RED ELECTRICA SA","Equity","2.31","18.58","831,454.00","15,448,415.32","15,448,415.32","Utilities","ES0173093024","Bolsa De Madrid","Spain","EUR"
"ELE","ENDESA SA","Equity","2.25","23.30","643,969.00","15,004,477.70","15,004,477.70","Utilities","ES0130670112","Bolsa De Madrid","Spain","EUR"
"UU.","UNITED UTILITIES GROUP PLC","Equity","1.77","8.94","1,319,320.00","11,795,603.47","11,795,603.47","Utilities","GB00B39J2M42","London Stock Exchange","United Kingdom","GBP"
"SVT","SEVERN TRENT PLC","Equity","1.65","23.63","467,157.00","11,037,890.52","11,037,890.52","Utilities","GB00B1FH8J72","London Stock Exchange","United Kingdom","GBP"
"CNA","CENTRICA PLC","Equity","1.62","0.98","11,082,912.00","10,815,509.88","10,815,509.88","Utilities","GB00B033F229","London Stock Exchange","United Kingdom","GBP"
"EDF","ELECTRICITE DE FRANCE SA","Equity","1.59","11.19","949,685.00","10,622,226.72","10,622,226.72","Utilities","FR0010242511","Nyse Euronext - Euronext Paris","France","EUR"
"SEV","SUEZ SA","Equity","1.47","13.14","746,382.00","9,803,727.57","9,803,727.57","Utilities","FR0010613471","Nyse Euronext - Euronext Paris","France","EUR"
"RUI","RUBIS","Equity","1.35","50.75","177,811.00","9,023,908.25","9,023,908.25","Utilities","FR0013269123","Nyse Euronext - Euronext Paris","France","EUR"
"EUR","EUR CASH","Cash","1.30","100.00","8,685,753.00","8,685,753.10","8,685,753.10","Cash and/or Derivatives","-","-","European Union","EUR"
"PNN","PENNON GROUP PLC","Equity","1.05","8.59","817,427.00","7,020,456.36","7,020,456.36","Utilities","GB00B18V8630","London Stock Exchange","United Kingdom","GBP"
"UN01","UNIPER","Equity","0.95","27.55","229,214.00","6,314,845.70","6,314,845.70","Utilities","DE000UNSE018","Xetra","Germany","EUR"
"VER","VERBUND AG","Equity","0.90","46.50","128,556.00","5,977,854.00","5,977,854.00","Utilities","AT0000746409","Wiener Boerse Ag","Austria","EUR"
"IG","ITALGAS","Equity","0.86","6.05","953,142.00","5,770,321.67","5,770,321.67","Utilities","IT0005211237","Borsa Italiana","Italy","EUR"
"ENG","ENAGAS SA","Equity","0.83","22.50","246,839.00","5,553,877.50","5,553,877.50","Utilities","ES0130960018","Bolsa De Madrid","Spain","EUR"
"HER","HERA","Equity","0.80","3.52","1,520,880.00","5,359,581.12","5,359,581.12","Utilities","IT0001250932","Borsa Italiana","Italy","EUR"
"IGY","INNOGY","Equity","0.75","42.82","116,865.00","5,004,159.30","5,004,159.30","Utilities","DE000A2AADD2","Xetra","Germany","EUR"
"A2A","A2A","Equity","0.72","1.58","3,056,074.00","4,828,596.92","4,828,596.92","Utilities","IT0001233417","Borsa Italiana","Italy","EUR"
"IBE.D","IBERDROLA RIGHTS SA","Equity","0.34","0.20","11,244,943.00","2,271,478.49","2,271,478.49","Utilities","ES06445809I8","Bolsa De Madrid","Spain","EUR"
"CSSE","CASH COLLATERAL EUR CSFBI","Cash Collateral and Margins","0.08","100.00","522,400.00","522,400.00","522,400.00","Cash and/or Derivatives","-","-","European Union","EUR"
"GPU9","STOXX 600 UTIL SEP 19","Futures","0.00","325.50","474.00","0.00","7,714,350.00","Cash and/or Derivatives","DE000C23QD08","Eurex Deutschland","European Union","EUR"
"MARGIN_EUR","FUTURES EUR MARGIN BALANCE","Cash Collateral and Margins","0.00","100.00","0.00","0.00","0.00","Cash and/or Derivatives","-","-","European Union","EUR"
"CZK","CZK CASH","Cash","0.00","3.93","-31.00","-1.21","-1.21","Cash and/or Derivatives","-","-","Czech Republic","CZK"
"GBP","GBP/EUR","FX","0.00","1.00","2,936,907.00","-30.24","-30.24","Cash and/or Derivatives","-","-","European Union","EUR"
"DKK","DKK/EUR","FX","0.00","1.00","4,930,926.00","-0.45","-0.45","Cash and/or Derivatives","-","-","European Union","EUR"
"-","RUBIS DIVIDEND COUPON","Equity","0.00","0.00","168,687.00","1.69","1.69","Utilities","FR0013421104","Nyse Euronext - Euronext Paris","France","EUR"
"GBP","GBP CASH","Cash","-0.05","111.45","-272,808.00","-304,049.19","-304,049.19","Cash and/or Derivatives","-","-","United Kingdom","GBP"
"DKK","DKK CASH","Cash","-0.10","13.40","-4,900,088.00","-656,555.67","-656,555.67","Cash and/or Derivatives","-","-","Denmark","DKK"
 