﻿Fund Holdings as of,"Jul 4, 2019"
 
Issuer Ticker,Name,Asset Class,Weight (%),Price,Shares,Market Value,Notional Value,Sector,ISIN,Coupon (%),Maturity,Exchange,Country,Market Currency,Duration
"DBR","GERMANY (FEDERAL REPUBLIC OF) RegS","Fixed Income","17.74","108.06","36,378,000.00","39,311,158.14","39,311,158.14","Treasury","DE0001135440","3.25","Jul 4, 2021","-","Germany","EUR","1.98"
"OBL","GERMANY (FEDERAL REPUBLIC OF) RegS","Fixed Income","17.70","101.34","38,700,000.00","39,219,354.00","39,219,354.00","Treasury","DE0001141737","0.00","Apr 9, 2021","-","Germany","EUR","1.77"
"DBR","GERMANY (FEDERAL REPUBLIC OF) RegS","Fixed Income","16.63","104.98","34,701,000.00","36,860,001.15","36,860,001.15","Treasury","DE0001135424","2.50","Jan 4, 2021","-","Germany","EUR","1.49"
"OBL","GERMANY (FEDERAL REPUBLIC OF) RegS","Fixed Income","16.46","101.74","35,862,000.00","36,487,074.66","36,487,074.66","Treasury","DE0001141745","0.00","Oct 8, 2021","-","Germany","EUR","2.27"
"DBR","GERMANY (FEDERAL REPUBLIC OF) RegS","Fixed Income","14.46","106.61","29,541,000.00","32,043,952.28","32,043,952.28","Treasury","DE0001135457","2.25","Sep 4, 2021","-","Germany","EUR","2.12"
"BKO","GERMANY (FEDERAL REPUBLIC OF) RegS","Fixed Income","11.50","101.28","25,155,000.00","25,476,984.00","25,476,984.00","Treasury","DE0001104750","0.00","Mar 12, 2021","-","Germany","EUR","1.69"
"BKO","GERMANY (FEDERAL REPUBLIC OF) RegS","Fixed Income","4.84","101.49","10,578,000.00","10,735,189.08","10,735,189.08","Treasury","DE0001104768","0.00","Jun 11, 2021","-","Germany","EUR","1.94"
"EUR","EUR CASH","Cash","0.67","100.00","1,490,217.00","1,490,217.43","1,490,217.43","Cash and/or Derivatives","-","0.00","-","-","European Union","EUR","0.00"
 