﻿Fund Holdings as of,"Jul 4, 2019"
 
Issuer Ticker,Name,Asset Class,Weight (%),Price,Shares,Market Value,Notional Value,Sector,ISIN,Exchange,Country,Market Currency
"VNA","VONOVIA SE","Equity","13.42","44.79","261,412.00","11,708,643.48","11,708,643.48","Real Estate","DE000A1ML7J1","Xetra","Germany","EUR"
"URW","WFD UNIBAIL RODAMCO STAPLED UNITS","Equity","10.80","130.10","72,480.00","9,429,648.00","9,429,648.00","Real Estate","FR0013326246","Euronext Amsterdam","France","EUR"
"DWNI","DEUTSCHE WOHNEN","Equity","6.70","33.60","174,093.00","5,849,524.80","5,849,524.80","Real Estate","DE000A0HN5C6","Xetra","Germany","EUR"
"SGRO","SEGRO REIT PLC","Equity","5.54","8.45","571,932.00","4,835,535.71","4,835,535.71","Real Estate","GB00B5ZN1N88","London Stock Exchange","United Kingdom","GBP"
"GFC","GECINA REIT SA","Equity","4.36","133.20","28,562.00","3,804,458.40","3,804,458.40","Real Estate","FR0010040865","Nyse Euronext - Euronext Paris","France","EUR"
"LEG","LEG IMMOBILIEN N AG","Equity","4.01","105.75","33,114.00","3,501,805.50","3,501,805.50","Real Estate","DE000LEG1110","Xetra","Germany","EUR"
"LAND","LAND SECURITIES GROUP REIT PLC","Equity","4.01","9.56","365,764.00","3,498,459.33","3,498,459.33","Real Estate","GB00BYW0PQ60","London Stock Exchange","United Kingdom","GBP"
"LI","KLEPIERRE REIT SA","Equity","3.86","30.85","109,195.00","3,368,665.75","3,368,665.75","Real Estate","FR0000121964","Nyse Euronext - Euronext Paris","France","EUR"
"AT1","AROUNDTOWN PROPERTY HOLDINGS SA","Equity","3.68","7.63","420,577.00","3,208,161.36","3,208,161.36","Real Estate","LU1673108939","Xetra","Germany","EUR"
"SPSN","SWISS PRIME SITE AG","Equity","3.60","79.05","39,797.00","3,145,954.38","3,145,954.38","Real Estate","CH0008038389","SIX Swiss Exchange","Switzerland","CHF"
"COV","COVIVIO SA","Equity","3.50","94.30","32,428.00","3,057,960.40","3,057,960.40","Real Estate","FR0000064578","Nyse Euronext - Euronext Paris","France","EUR"
"BLND","BRITISH LAND REIT PLC","Equity","3.41","6.22","478,034.00","2,975,031.42","2,975,031.42","Real Estate","GB0001367019","London Stock Exchange","United Kingdom","GBP"
"CAST","CASTELLUM","Equity","2.79","17.95","135,562.00","2,433,371.28","2,433,371.28","Real Estate","SE0000379190","Nasdaq Omx Nordic","Sweden","SEK"
"MRL","MERLIN PROPERTIES REIT SA","Equity","2.76","12.58","191,437.00","2,408,277.46","2,408,277.46","Real Estate","ES0105025003","Bolsa De Madrid","Spain","EUR"
"PSPN","PSP SWISS PROPERTY AG","Equity","2.58","106.75","21,108.00","2,253,258.48","2,253,258.48","Real Estate","CH0018294154","SIX Swiss Exchange","Switzerland","CHF"
"FABG","FABEGE","Equity","2.38","14.12","147,130.00","2,078,133.61","2,078,133.61","Real Estate","SE0011166974","Nasdaq Omx Nordic","Sweden","SEK"
"DLN","DERWENT LONDON REIT PLC","Equity","2.24","35.11","55,609.00","1,952,284.02","1,952,284.02","Real Estate","GB0002652740","London Stock Exchange","United Kingdom","GBP"
"BALD B","FASTIGHETS BALDER B","Equity","1.87","31.73","51,413.00","1,631,220.61","1,631,220.61","Real Estate","SE0000455057","Nasdaq Omx Nordic","Sweden","SEK"
"TEG","TAG IMMOBILIEN AG","Equity","1.85","20.98","76,838.00","1,612,061.24","1,612,061.24","Real Estate","DE0008303504","Xetra","Germany","EUR"
"BBOX","TRITAX BIG BOX REIT PLC","Equity","1.81","1.77","895,404.00","1,580,744.09","1,580,744.09","Real Estate","GB00BG49KP99","London Stock Exchange","United Kingdom","GBP"
"UTG","UNITE GROUP PLC","Equity","1.79","11.31","138,455.00","1,566,253.47","1,566,253.47","Real Estate","GB0006928617","London Stock Exchange","United Kingdom","GBP"
"COFB","COFINIMMO REIT SA","Equity","1.66","119.20","12,175.00","1,451,260.00","1,451,260.00","Real Estate","BE0003593044","Nyse Euronext - Euronext Brussels","Belgium","EUR"
"WDP","WAREHOUSES DE PAUW REIT","Equity","1.66","156.80","9,217.00","1,445,225.60","1,445,225.60","Real Estate","BE0003763779","Nyse Euronext - Euronext Brussels","Belgium","EUR"
"COL","INMOBILIARIA COLONIAL SA","Equity","1.63","10.11","140,376.00","1,419,201.36","1,419,201.36","Real Estate","ES0139140174","Bolsa De Madrid","Spain","EUR"
"LUND B","LUNDBERGFORETAGEN CLASS B","Equity","1.51","34.07","38,712.00","1,318,763.84","1,318,763.84","Financials","SE0000108847","Nasdaq Omx Nordic","Sweden","SEK"
"HMSO","HAMMERSON REIT PLC","Equity","1.49","3.23","402,119.00","1,298,794.19","1,298,794.19","Real Estate","GB0004065016","London Stock Exchange","United Kingdom","GBP"
"EUR","EUR CASH","Cash","1.46","100.00","1,273,669.00","1,273,669.18","1,273,669.18","Cash and/or Derivatives","-","-","European Union","EUR"
"ICAD","ICADE REIT SA","Equity","1.37","81.35","14,728.00","1,198,122.80","1,198,122.80","Real Estate","FR0000035081","Nyse Euronext - Euronext Paris","France","EUR"
"GYC","GRAND CITY PROPERTIES SA","Equity","1.29","20.92","53,638.00","1,122,106.96","1,122,106.96","Real Estate","LU0775917882","Xetra","Germany","EUR"
"GPOR","GREAT PORTLAND ESTATES REIT PLC","Equity","1.13","7.83","125,719.00","984,736.49","984,736.49","Real Estate","GB00BF5H9P87","London Stock Exchange","United Kingdom","GBP"
"CSSE","CASH COLLATERAL EUR CSFBI","Cash Collateral and Margins","0.14","100.00","118,360.00","118,360.00","118,360.00","Cash and/or Derivatives","-","-","European Union","EUR"
"GBP","GBP/EUR","FX","0.00","1.00","173,405.00","178.57","178.57","Cash and/or Derivatives","-","-","European Union","EUR"
"CHF","CHF/EUR","FX","0.00","1.00","61,651.00","20.67","20.67","Cash and/or Derivatives","-","-","European Union","EUR"
"SRDU9","STOXX EUROPE 600 RE SEP 19","Futures","0.00","171.10","132.00","0.00","1,129,260.00","Cash and/or Derivatives","DE000C23QCT5","Eurex Deutschland","-","EUR"
"MARGIN_EUR","FUTURES EUR MARGIN BALANCE","Cash Collateral and Margins","0.00","100.00","0.00","0.00","0.00","Cash and/or Derivatives","-","-","European Union","EUR"
"SEK","SEK/EUR","FX","0.00","1.00","808,809.00","-100.78","-100.78","Cash and/or Derivatives","-","-","European Union","EUR"
"CHF","CHF CASH","Cash","-0.06","89.93","-60,956.00","-54,818.50","-54,818.50","Cash and/or Derivatives","-","-","Switzerland","CHF"
"SEK","SEK CASH","Cash","-0.09","9.51","-804,989.00","-76,514.44","-76,514.44","Cash and/or Derivatives","-","-","Sweden","SEK"
"GBP","GBP CASH","Cash","-0.14","111.45","-112,371.00","-125,239.50","-125,239.50","Cash and/or Derivatives","-","-","United Kingdom","GBP"
 