﻿iShares Global Industrials ETF
Inception Date,"Sep 12, 2006"
Fund Holdings as of,"Jul 3, 2019"
Total Net Assets,"249,547,880.93"
Shares Outstanding,"2,700,000.00"
Stock,"-"
Bond,"-"
Cash,"-"
Other,"-"
 
Issuer Ticker,Name,Asset Class,Weight (%),Price,Shares,Market Value,Notional Value,Sector,SEDOL,ISIN,Exchange,Country,Currency,Market Currency,FX Rate
"BA","BOEING","Equity","4.17","354.47","29,360.00","10,407,239.20","10,407,239.20","Industrials","2108601","US0970231058","New York Stock Exchange Inc.","United States","USD","USD","1.00"
"HON","HONEYWELL INTERNATIONAL INC","Equity","2.92","178.40","40,786.00","7,276,222.40","7,276,222.40","Industrials","2020459","US4385161066","New York Stock Exchange Inc.","United States","USD","USD","1.00"
"UNP","UNION PACIFIC CORP","Equity","2.73","171.80","39,718.00","6,823,552.40","6,823,552.40","Industrials","2914734","US9078181081","New York Stock Exchange Inc.","United States","USD","USD","1.00"
"UTX","UNITED TECHNOLOGIES CORP","Equity","2.42","133.00","45,497.00","6,051,101.00","6,051,101.00","Industrials","2915500","US9130171096","New York Stock Exchange Inc.","United States","USD","USD","1.00"
"SIE","SIEMENS N AG","Equity","2.27","118.88","47,752.00","5,676,970.11","5,676,970.11","Industrials","5727973","DE0007236101","Xetra","Germany","USD","EUR","0.89"
"MMM","3M","Equity","2.27","174.98","32,333.00","5,657,628.34","5,657,628.34","Industrials","2595708","US88579Y1010","New York Stock Exchange Inc.","United States","USD","USD","1.00"
"GE","GENERAL ELECTRIC","Equity","2.08","10.61","489,750.00","5,196,247.50","5,196,247.50","Industrials","2380498","US3696041033","New York Stock Exchange Inc.","United States","USD","USD","1.00"
"LMT","LOCKHEED MARTIN CORP","Equity","2.05","370.38","13,830.00","5,122,355.40","5,122,355.40","Industrials","2522096","US5398301094","New York Stock Exchange Inc.","United States","USD","USD","1.00"
"AIR","AIRBUS GROUP","Equity","1.83","141.74","32,143.00","4,555,973.44","4,555,973.44","Industrials","4012250","NL0000235190","Nyse Euronext - Euronext Paris","France","USD","EUR","0.89"
"CAT","CATERPILLAR INC","Equity","1.75","135.59","32,191.00","4,364,777.69","4,364,777.69","Industrials","2180201","US1491231015","New York Stock Exchange Inc.","United States","USD","USD","1.00"
"UPS","UNITED PARCEL SERVICE INC CLASS B","Equity","1.62","103.20","39,151.00","4,040,383.20","4,040,383.20","Industrials","2517382","US9113121068","New York Stock Exchange Inc.","United States","USD","USD","1.00"
"CNR","CANADIAN NATIONAL RAILWAY","Equity","1.55","94.99","40,780.00","3,873,671.39","3,873,671.39","Industrials","2180632","CA1363751027","Toronto Stock Exchange","Canada","USD","CAD","1.31"
"CSX","CSX CORP","Equity","1.36","78.68","43,204.00","3,399,290.72","3,399,290.72","Industrials","2160753","US1264081035","NASDAQ","United States","USD","USD","1.00"
"NOC","NORTHROP GRUMMAN CORP","Equity","1.24","325.25","9,512.00","3,093,778.00","3,093,778.00","Industrials","2648806","US6668071029","New York Stock Exchange Inc.","United States","USD","USD","1.00"
"NSC","NORFOLK SOUTHERN CORP","Equity","1.21","202.51","14,912.00","3,019,829.12","3,019,829.12","Industrials","2641894","US6558441084","New York Stock Exchange Inc.","United States","USD","USD","1.00"
"DG","VINCI SA","Equity","1.20","104.22","28,756.00","2,996,907.10","2,996,907.10","Industrials","B1XH026","FR0000125486","Nyse Euronext - Euronext Paris","France","USD","EUR","0.89"
"6098","RECRUIT HOLDINGS LTD","Equity","1.18","33.67","87,800.00","2,956,538.93","2,956,538.93","Industrials","BQRRZ00","JP3970300004","Tokyo Stock Exchange","Japan","USD","JPY","107.77"
"DE","DEERE","Equity","1.18","165.29","17,799.00","2,941,996.71","2,941,996.71","Industrials","2261203","US2441991054","New York Stock Exchange Inc.","United States","USD","USD","1.00"
"REL","RELX PLC","Equity","1.12","24.79","112,883.00","2,798,717.31","2,798,717.31","Industrials","B2B0DG9","GB00B2B0DG97","London Stock Exchange","United Kingdom","USD","GBP","0.80"
"GD","GENERAL DYNAMICS CORP","Equity","1.11","182.65","15,211.00","2,778,289.15","2,778,289.15","Industrials","2365161","US3695501086","New York Stock Exchange Inc.","United States","USD","USD","1.00"
"SAF","SAFRAN SA","Equity","1.09","148.29","18,365.00","2,723,443.51","2,723,443.51","Industrials","B058TZ6","FR0000073272","Nyse Euronext - Euronext Paris","France","USD","EUR","0.89"
"SU","SCHNEIDER ELECTRIC","Equity","1.09","91.02","29,868.00","2,718,559.73","2,718,559.73","Industrials","4834108","FR0000121972","Nyse Euronext - Euronext Paris","France","USD","EUR","0.89"
"RTN","RAYTHEON","Equity","1.09","173.45","15,662.00","2,716,573.90","2,716,573.90","Industrials","2758051","US7551115071","New York Stock Exchange Inc.","United States","USD","USD","1.00"
"WM","WASTE MANAGEMENT INC","Equity","1.04","117.21","22,040.00","2,583,308.40","2,583,308.40","Industrials","2937667","US94106L1098","New York Stock Exchange Inc.","United States","USD","USD","1.00"
"ITW","ILLINOIS TOOL INC","Equity","1.01","150.10","16,836.00","2,527,083.60","2,527,083.60","Industrials","2457552","US4523081093","New York Stock Exchange Inc.","United States","USD","USD","1.00"
"8058","MITSUBISHI CORP","Equity","0.96","27.03","88,300.00","2,386,320.40","2,386,320.40","Industrials","6596785","JP3898400001","Tokyo Stock Exchange","Japan","USD","JPY","107.77"
"9022","CENTRAL JAPAN RAILWAY","Equity","0.93","203.54","11,400.00","2,320,302.50","2,320,302.50","Industrials","6183552","JP3566800003","Tokyo Stock Exchange","Japan","USD","JPY","107.77"
"LHX","L3HARRIS TECHNOLOGIES INC","Equity","0.92","184.30","12,405.00","2,286,241.50","2,286,241.50","Industrials","BK9DTN5","US5024311095","New York Stock Exchange Inc.","United States","USD","USD","1.00"
"EMR","EMERSON ELECTRIC","Equity","0.91","66.19","34,366.00","2,274,685.54","2,274,685.54","Industrials","2313405","US2910111044","New York Stock Exchange Inc.","United States","USD","USD","1.00"
"6367","DAIKIN INDUSTRIES LTD","Equity","0.89","137.19","16,200.00","2,222,483.07","2,222,483.07","Industrials","6250724","JP3481800005","Tokyo Stock Exchange","Japan","USD","JPY","107.77"
"ROP","ROPER TECHNOLOGIES INC","Equity","0.88","378.08","5,832.00","2,204,962.56","2,204,962.56","Industrials","2749602","US7766961061","New York Stock Exchange Inc.","United States","USD","USD","1.00"
"FDX","FEDEX CORP","Equity","0.87","161.42","13,451.00","2,171,260.42","2,171,260.42","Industrials","2142784","US31428X1063","New York Stock Exchange Inc.","United States","USD","USD","1.00"
"ABBN","ABB LTD","Equity","0.87","19.99","108,325.00","2,165,840.85","2,165,840.85","Industrials","7108899","CH0012221716","Six Swiss Exchange Ag","Switzerland","USD","CHF","0.99"
"6594","NIDEC CORP","Equity","0.86","137.33","15,600.00","2,142,340.17","2,142,340.17","Industrials","6640682","JP3734800000","Tokyo Stock Exchange","Japan","USD","JPY","107.77"
"9020","EAST JAPAN RAILWAY","Equity","0.82","94.18","21,600.00","2,034,332.37","2,034,332.37","Industrials","6298542","JP3783600004","Tokyo Stock Exchange","Japan","USD","JPY","107.77"
"6954","FANUC CORP","Equity","0.80","184.65","10,800.00","1,994,247.01","1,994,247.01","Industrials","6356934","JP3802400006","Tokyo Stock Exchange","Japan","USD","JPY","107.77"
"DAL","DELTA AIR LINES INC","Equity","0.79","59.15","33,493.00","1,981,110.95","1,981,110.95","Industrials","B1W9D46","US2473617023","New York Stock Exchange Inc.","United States","USD","USD","1.00"
"ETN","EATON PLC","Equity","0.78","82.32","23,670.00","1,948,514.40","1,948,514.40","Industrials","B8KQN82","IE00B8KQN827","New York Stock Exchange Inc.","United States","USD","USD","1.00"
"CP","CANADIAN PACIFIC RAILWAY LTD","Equity","0.76","239.13","7,940.00","1,898,681.14","1,898,681.14","Industrials","2793115","CA13645T1003","Toronto Stock Exchange","Canada","USD","CAD","1.31"
"JCI","JOHNSON CONTROLS INTERNATIONAL PLC","Equity","0.75","41.83","44,537.00","1,862,982.71","1,862,982.71","Industrials","BY7QL61","IE00BY7QL619","New York Stock Exchange Inc.","United States","USD","USD","1.00"
"DPW","DEUTSCHE POST AG","Equity","0.73","33.23","54,759.00","1,819,622.86","1,819,622.86","Industrials","4617859","DE0005552004","Xetra","Germany","USD","EUR","0.89"
"6503","MITSUBISHI ELECTRIC CORP","Equity","0.69","13.70","125,400.00","1,718,039.34","1,718,039.34","Industrials","6597045","JP3902400005","Tokyo Stock Exchange","Japan","USD","JPY","107.77"
"IR","INGERSOLL RAND PLC","Equity","0.68","125.55","13,558.00","1,702,206.90","1,702,206.90","Industrials","B633030","IE00B6330302","New York Stock Exchange Inc.","United States","USD","USD","1.00"
"8031","MITSUI LTD","Equity","0.65","16.67","97,200.00","1,619,849.68","1,619,849.68","Industrials","6597302","JP3893600001","Tokyo Stock Exchange","Japan","USD","JPY","107.77"
"8001","ITOCHU CORP","Equity","0.64","19.55","81,200.00","1,587,532.71","1,587,532.71","Industrials","6467803","JP3143600009","Tokyo Stock Exchange","Japan","USD","JPY","107.77"
"EXPN","EXPERIAN PLC","Equity","0.63","30.62","51,473.00","1,575,898.96","1,575,898.96","Industrials","B19NLV4","GB00B19NLV48","London Stock Exchange","United Kingdom","USD","GBP","0.80"
"TCL","TRANSURBAN GROUP STAPLED UNITS","Equity","0.63","10.59","147,945.00","1,566,654.55","1,566,654.55","Industrials","6200882","AU000000TCL6","Asx - All Markets","Australia","USD","AUD","1.42"
"1","CK HUTCHISON HOLDINGS LTD","Equity","0.62","9.97","154,520.00","1,539,947.93","1,539,947.93","Industrials","BW9P816","KYG217651051","Hong Kong Exchanges And Clearing Ltd","Hong Kong","USD","HKD","7.80"
"VOLV B","VOLVO CLASS B","Equity","0.60","16.15","92,576.00","1,495,510.07","1,495,510.07","Industrials","B1QH830","SE0000115446","Nasdaq Omx Nordic","Sweden","USD","SEK","9.31"
"WCN","WASTE CONNECTIONS INC","Equity","0.58","97.21","14,945.00","1,452,860.77","1,452,860.77","Industrials","BYQFRK5","CA94106B1013","Toronto Stock Exchange","United States","USD","CAD","1.31"
"6273","SMC (JAPAN) CORP","Equity","0.58","379.42","3,800.00","1,441,792.71","1,441,792.71","Industrials","6763965","JP3162600005","Tokyo Stock Exchange","Japan","USD","JPY","107.77"
"LUV","SOUTHWEST AIRLINES","Equity","0.57","51.89","27,486.00","1,426,248.54","1,426,248.54","Industrials","2831543","US8447411088","New York Stock Exchange Inc.","United States","USD","USD","1.00"
"VRSK","VERISK ANALYTICS INC","Equity","0.55","150.67","9,164.00","1,380,739.88","1,380,739.88","Industrials","B4P9W92","US92345Y1064","NASDAQ","United States","USD","USD","1.00"
"PCAR","PACCAR INC","Equity","0.55","71.20","19,392.00","1,380,710.40","1,380,710.40","Industrials","2665861","US6937181088","NASDAQ","United States","USD","USD","1.00"
"CMI","CUMMINS INC","Equity","0.55","170.24","8,108.00","1,380,305.92","1,380,305.92","Industrials","2240202","US2310211063","New York Stock Exchange Inc.","United States","USD","USD","1.00"
"TDG","TRANSDIGM GROUP INC","Equity","0.55","496.80","2,756.00","1,369,180.80","1,369,180.80","Industrials","B11FJK3","US8936411003","New York Stock Exchange Inc.","United States","USD","USD","1.00"
"FTV","FORTIVE CORP","Equity","0.55","82.58","16,498.00","1,362,404.84","1,362,404.84","Industrials","BYT3MK1","US34959J1088","New York Stock Exchange Inc.","United States","USD","USD","1.00"
"KNEBV","KONE","Equity","0.54","59.23","22,748.00","1,347,315.70","1,347,315.70","Industrials","B09M9D2","FI0009013403","Nasdaq Omx Helsinki Ltd.","Finland","USD","EUR","0.89"
"INFO","IHS MARKIT LTD","Equity","0.53","65.12","20,422.00","1,329,880.64","1,329,880.64","Industrials","BD0Q558","BMG475671050","New York Stock Exchange Inc.","United States","USD","USD","1.00"
"6301","KOMATSU LTD","Equity","0.53","24.25","54,300.00","1,316,562.12","1,316,562.12","Industrials","6496584","JP3304200003","Tokyo Stock Exchange","Japan","USD","JPY","107.77"
"ASSA B","ASSA ABLOY B","Equity","0.51","22.95","55,541.00","1,274,432.85","1,274,432.85","Industrials","BYPC1T4","SE0007100581","Nasdaq Omx Nordic","Sweden","USD","SEK","9.31"
"SWK","STANLEY BLACK & DECKER INC","Equity","0.50","147.02","8,564.00","1,259,079.28","1,259,079.28","Industrials","B3Q2FJ4","US8545021011","New York Stock Exchange Inc.","United States","USD","USD","1.00"
"PH","PARKER-HANNIFIN CORP","Equity","0.49","168.61","7,188.00","1,211,968.68","1,211,968.68","Industrials","2671501","US7010941042","New York Stock Exchange Inc.","United States","USD","USD","1.00"
"SGO","COMPAGNIE DE SAINT GOBAIN SA","Equity","0.48","38.99","30,464.00","1,187,756.75","1,187,756.75","Industrials","7380482","FR0000125007","Nyse Euronext - Euronext Paris","France","USD","EUR","0.89"
"WKL","WOLTERS KLUWER NV","Equity","0.47","73.78","15,953.00","1,177,028.45","1,177,028.45","Industrials","5671519","NL0000395903","Euronext Amsterdam","Netherlands","USD","EUR","0.89"
"ATCO A","ATLAS COPCO CLASS A","Equity","0.47","32.26","36,454.00","1,175,828.16","1,175,828.16","Industrials","BD97BN2","SE0011166610","Nasdaq Omx Nordic","Sweden","USD","SEK","9.31"
"RR.","ROLLS-ROYCE HOLDINGS PLC","Equity","0.47","10.98","107,057.00","1,174,954.51","1,174,954.51","Industrials","B63H849","GB00B63H8491","London Stock Exchange","United Kingdom","USD","GBP","0.80"
"AME","AMETEK INC","Equity","0.47","91.91","12,644.00","1,162,110.04","1,162,110.04","Industrials","2089212","US0311001004","New York Stock Exchange Inc.","United States","USD","USD","1.00"
"SAND","SANDVIK","Equity","0.46","18.33","62,640.00","1,148,447.64","1,148,447.64","Industrials","B1VQ252","SE0000667891","Nasdaq Omx Nordic","Sweden","USD","SEK","9.31"
"CTAS","CINTAS CORP","Equity","0.46","239.53","4,754.00","1,138,725.62","1,138,725.62","Industrials","2197137","US1729081059","NASDAQ","United States","USD","USD","1.00"
"UAL","UNITED AIRLINES HOLDINGS INC","Equity","0.45","90.67","12,426.00","1,126,665.42","1,126,665.42","Industrials","B4QG225","US9100471096","NASDAQ","United States","USD","USD","1.00"
"BA.","BAE SYSTEMS PLC","Equity","0.45","6.24","179,226.00","1,118,602.95","1,118,602.95","Industrials","0263494","GB0002634946","London Stock Exchange","United Kingdom","USD","GBP","0.80"
"ROK","ROCKWELL AUTOMATION INC","Equity","0.44","164.06","6,643.00","1,089,850.58","1,089,850.58","Industrials","2754060","US7739031091","New York Stock Exchange Inc.","United States","USD","USD","1.00"
"LR","LEGRAND SA","Equity","0.44","74.23","14,640.00","1,086,760.43","1,086,760.43","Industrials","B11ZRK9","FR0010307819","Nyse Euronext - Euronext Paris","France","USD","EUR","0.89"
"8053","SUMITOMO CORP","Equity","0.43","15.33","70,200.00","1,076,417.37","1,076,417.37","Industrials","6858946","JP3404600003","Tokyo Stock Exchange","Japan","USD","JPY","107.77"
"6326","KUBOTA CORP","Equity","0.43","16.50","64,800.00","1,069,377.38","1,069,377.38","Industrials","6497509","JP3266400005","Tokyo Stock Exchange","Japan","USD","JPY","107.77"
"RSG","REPUBLIC SERVICES INC","Equity","0.43","87.69","12,104.00","1,061,399.76","1,061,399.76","Industrials","2262530","US7607591002","New York Stock Exchange Inc.","United States","USD","USD","1.00"
"DSV","DSV","Equity","0.42","98.31","10,588.00","1,040,931.00","1,040,931.00","Industrials","B1WT5G2","DK0060079531","Omx Nordic Exchange Copenhagen A/S","Denmark","USD","DKK","6.62"
"FAST","FASTENAL","Equity","0.41","32.26","31,980.00","1,031,674.80","1,031,674.80","Industrials","2332262","US3119001044","NASDAQ","United States","USD","USD","1.00"
"VWS","VESTAS WIND SYSTEMS","Equity","0.40","89.48","11,183.00","1,000,708.32","1,000,708.32","Industrials","5964651","DK0010268606","Omx Nordic Exchange Copenhagen A/S","Denmark","USD","DKK","6.62"
"9735","SECOM LTD","Equity","0.40","86.09","11,600.00","998,652.69","998,652.69","Industrials","6791591","JP3421800008","Tokyo Stock Exchange","Japan","USD","JPY","107.77"
"6502","TOSHIBA CORP","Equity","0.39","32.15","30,000.00","964,554.14","964,554.14","Industrials","6897217","JP3592200004","Tokyo Stock Exchange","Japan","USD","JPY","107.77"
"GEBN","GEBERIT AG","Equity","0.38","467.22","2,054.00","959,665.13","959,665.13","Industrials","B1WGG93","CH0030170408","Six Swiss Exchange Ag","Switzerland","USD","CHF","0.99"
"FERG","FERGUSON PLC","Equity","0.38","73.42","12,975.00","952,600.78","952,600.78","Industrials","BJVNSS4","JE00BJVNSS43","London Stock Exchange","United Kingdom","USD","GBP","0.80"
"EFX","EQUIFAX INC","Equity","0.38","138.61","6,808.00","943,656.88","943,656.88","Industrials","2319146","US2944291051","New York Stock Exchange Inc.","United States","USD","USD","1.00"
"9021","WEST JAPAN RAILWAY","Equity","0.35","81.70","10,800.00","882,379.14","882,379.14","Industrials","6957995","JP3659000008","Tokyo Stock Exchange","Japan","USD","JPY","107.77"
"CPRT","COPART INC","Equity","0.34","74.97","11,348.00","850,759.56","850,759.56","Industrials","2208073","US2172041061","NASDAQ","United States","USD","USD","1.00"
"DOV","DOVER CORP","Equity","0.34","103.39","8,208.00","848,625.12","848,625.12","Industrials","2278407","US2600031080","New York Stock Exchange Inc.","United States","USD","USD","1.00"
"AENA","AENA SME SA","Equity","0.34","199.85","4,216.00","842,575.07","842,575.07","Industrials","BVRZ8L1","ES0105046009","Bolsa De Madrid","Spain","USD","EUR","0.89"
"XYL","XYLEM INC","Equity","0.34","83.33","10,044.00","836,966.52","836,966.52","Industrials","B3P2CN8","US98419M1009","New York Stock Exchange Inc.","United States","USD","USD","1.00"
"AHT","ASHTEAD GROUP PLC","Equity","0.33","29.37","28,285.00","830,795.34","830,795.34","Industrials","0053673","GB0000536739","London Stock Exchange","United Kingdom","USD","GBP","0.80"
"7011","MITSUBISHI HEAVY INDUSTRIES LTD","Equity","0.33","44.45","18,400.00","817,815.72","817,815.72","Industrials","6597067","JP3900000005","Tokyo Stock Exchange","Japan","USD","JPY","107.77"
"BXB","BRAMBLES LTD","Equity","0.32","8.96","89,802.00","804,458.08","804,458.08","Industrials","B1FJ0C0","AU000000BXB1","Asx - All Markets","Australia","USD","AUD","1.42"
"SGSN","SGS SA","Equity","0.30","2,549.57","292.00","744,473.40","744,473.40","Industrials","4824778","CH0002497458","Six Swiss Exchange Ag","Switzerland","USD","CHF","0.99"
"SYD","SYDNEY AIRPORT STAPLED UNITS LTD","Equity","0.30","5.74","128,818.00","739,119.55","739,119.55","Industrials","B70DWB2","AU000000SYD9","Asx - All Markets","Australia","USD","AUD","1.42"
"EXPD","EXPEDITORS INTERNATIONAL OF WASHIN","Equity","0.30","75.47","9,774.00","737,643.78","737,643.78","Industrials","2325507","US3021301094","NASDAQ","United States","USD","USD","1.00"
"8002","MARUBENI CORP","Equity","0.29","6.77","108,000.00","731,257.31","731,257.31","Industrials","6569464","JP3877600001","Tokyo Stock Exchange","Japan","USD","JPY","107.77"
"AAL","AMERICAN AIRLINES GROUP INC","Equity","0.29","32.72","22,344.00","731,095.68","731,095.68","Industrials","BCV7KT2","US02376R1023","NASDAQ","United States","USD","USD","1.00"
"HO","THALES SA","Equity","0.29","122.91","5,886.00","723,459.69","723,459.69","Industrials","4162791","FR0000121329","Nyse Euronext - Euronext Paris","France","USD","EUR","0.89"
"FER","FERROVIAL SA","Equity","0.28","26.05","27,140.00","706,969.41","706,969.41","Industrials","B038516","ES0118900010","Bolsa De Madrid","Spain","USD","EUR","0.89"
"MTX","MTU AERO ENGINES HOLDING AG","Equity","0.28","241.76","2,918.00","705,463.11","705,463.11","Industrials","B09DHL9","DE000A0D9PT0","Xetra","Germany","USD","EUR","0.89"
"ATL","ATLANTIA","Equity","0.28","26.60","26,514.00","705,319.52","705,319.52","Industrials","7667163","IT0003506190","Borsa Italiana","Italy","USD","EUR","0.89"
"KSU","KANSAS CITY SOUTHERN","Equity","0.28","124.49","5,620.00","699,633.80","699,633.80","Industrials","2607647","US4851703029","New York Stock Exchange Inc.","United States","USD","USD","1.00"
"TXT","TEXTRON INC","Equity","0.28","52.89","13,128.00","694,339.92","694,339.92","Industrials","2885937","US8832031012","New York Stock Exchange Inc.","United States","USD","USD","1.00"
"EDEN","EDENRED SA","Equity","0.28","51.48","13,452.00","692,475.12","692,475.12","Industrials","B62G1B5","FR0010908533","Nyse Euronext - Euronext Paris","France","USD","EUR","0.89"
"GWW","WW GRAINGER INC","Equity","0.27","268.78","2,540.00","682,701.20","682,701.20","Industrials","2380863","US3848021040","New York Stock Exchange Inc.","United States","USD","USD","1.00"
"WAB","WESTINGHOUSE AIR BRAKE TECHNOLOGIE","Equity","0.27","73.53","9,095.00","668,755.35","668,755.35","Industrials","2955733","US9297401088","New York Stock Exchange Inc.","United States","USD","USD","1.00"
"TRI","THOMSON REUTERS CORP","Equity","0.27","66.04","10,083.00","665,905.75","665,905.75","Industrials","BFXPTB0","CA8849037095","Toronto Stock Exchange","Canada","USD","CAD","1.31"
"TEP","TELEPERFORMANCE","Equity","0.27","201.04","3,298.00","663,017.82","663,017.82","Industrials","5999330","FR0000051807","Nyse Euronext - Euronext Paris","France","USD","EUR","0.89"
"CHRW","CH ROBINSON WORLDWIDE INC","Equity","0.26","85.04","7,672.00","652,426.88","652,426.88","Industrials","2116228","US12541W2098","NASDAQ","United States","USD","USD","1.00"
"ITRK","INTERTEK GROUP PLC","Equity","0.26","72.19","9,018.00","650,982.35","650,982.35","Industrials","3163836","GB0031638363","London Stock Exchange","United Kingdom","USD","GBP","0.80"
"MAS","MASCO CORP","Equity","0.26","39.79","16,336.00","650,009.44","650,009.44","Industrials","2570200","US5745991068","New York Stock Exchange Inc.","United States","USD","USD","1.00"
"ACS","ACS ACTIVIDADES DE CONSTRUCCION Y","Equity","0.26","41.46","15,625.00","647,804.88","647,804.88","Industrials","B01FLQ6","ES0167050915","Bolsa De Madrid","Spain","USD","EUR","0.89"
"MRO","MELROSE INDUSTRIES PLC","Equity","0.26","2.37","270,432.00","640,416.92","640,416.92","Industrials","BZ1G432","GB00BZ1G4322","London Stock Exchange","United Kingdom","USD","GBP","0.80"
"9202","ANA HOLDINGS INC","Equity","0.26","33.68","19,000.00","639,974.02","639,974.02","Industrials","6014908","JP3429800000","Tokyo Stock Exchange","Japan","USD","JPY","107.77"
"9201","JAPAN AIRLINES LTD","Equity","0.25","32.75","19,300.00","631,991.28","631,991.28","Industrials","B8BRV46","JP3705200008","Tokyo Stock Exchange","Japan","USD","JPY","107.77"
"CNHI","CNH INDUSTRIAL NV","Equity","0.24","10.60","56,460.00","598,354.11","598,354.11","Industrials","BDSV2V0","NL0010545661","Borsa Italiana","Italy","USD","EUR","0.89"
"9005","TOKYU CORP","Equity","0.24","18.23","32,400.00","590,758.10","590,758.10","Industrials","6896548","JP3574200006","Tokyo Stock Exchange","Japan","USD","JPY","107.77"
"URI","UNITED RENTALS INC","Equity","0.24","132.92","4,432.00","589,101.44","589,101.44","Industrials","2134781","US9113631090","New York Stock Exchange Inc.","United States","USD","USD","1.00"
"ARNC","ARCONIC INC","Equity","0.23","25.87","22,306.00","577,056.22","577,056.22","Industrials","BD3D9G5","US03965L1008","New York Stock Exchange Inc.","United States","USD","USD","1.00"
"ALLE","ALLEGION PLC","Equity","0.23","110.51","5,188.00","573,325.88","573,325.88","Industrials","BFRT3W7","IE00BFRT3W74","New York Stock Exchange Inc.","United States","USD","USD","1.00"
"ADEN","ADECCO GROUP AG","Equity","0.23","60.08","9,504.00","570,982.16","570,982.16","Industrials","7110720","CH0012138605","Six Swiss Exchange Ag","Switzerland","USD","CHF","0.99"
"6586","MAKITA CORP","Equity","0.22","34.61","16,200.00","560,694.07","560,694.07","Industrials","6555805","JP3862400003","Tokyo Stock Exchange","Japan","USD","JPY","107.77"
"SCHP","SCHINDLER HOLDING PAR AG","Equity","0.22","224.94","2,430.00","546,599.06","546,599.06","Industrials","B11TCY0","CH0024638196","Six Swiss Exchange Ag","Switzerland","USD","CHF","0.99"
"JEC","JACOBS ENGINEERING GROUP INC","Equity","0.22","84.79","6,430.00","545,199.70","545,199.70","Industrials","2469052","US4698141078","New York Stock Exchange Inc.","United States","USD","USD","1.00"
"HII","HUNTINGTON INGALLS INDUSTRIES INC","Equity","0.22","232.73","2,341.00","544,820.93","544,820.93","Industrials","B40SSC9","US4464131063","New York Stock Exchange Inc.","United States","USD","USD","1.00"
"RTO","RENTOKIL INITIAL PLC","Equity","0.21","5.17","102,304.00","528,878.38","528,878.38","Industrials","B082RF1","GB00B082RF11","London Stock Exchange","United Kingdom","USD","GBP","0.80"
"9041","KINTETSU GROUP HOLDINGS LTD","Equity","0.21","48.81","10,800.00","527,122.58","527,122.58","Industrials","6492968","JP3260800002","Tokyo Stock Exchange","Japan","USD","JPY","107.77"
"DCC","DCC PLC","Equity","0.21","89.90","5,724.00","514,592.34","514,592.34","Industrials","0242493","IE0002424939","London Stock Exchange","United Kingdom","USD","GBP","0.80"
"SNA","SNAP ON INC","Equity","0.20","162.81","3,132.00","509,920.92","509,920.92","Industrials","2818740","US8330341012","New York Stock Exchange Inc.","United States","USD","USD","1.00"
"BNZL","BUNZL","Equity","0.20","27.01","18,618.00","502,880.56","502,880.56","Industrials","B0744B3","GB00B0744B38","London Stock Exchange","United Kingdom","USD","GBP","0.80"
"9042","HANKYU HANSHIN HOLDINGS INC","Equity","0.20","36.28","13,800.00","500,677.37","500,677.37","Industrials","6408664","JP3774200004","Tokyo Stock Exchange","Japan","USD","JPY","107.77"
"9064","YAMATO HOLDINGS LTD","Equity","0.20","20.93","23,300.00","487,749.84","487,749.84","Industrials","6985565","JP3940000007","Tokyo Stock Exchange","Japan","USD","JPY","107.77"
"SPX","SPIRAX-SARCO ENGINEERING PLC","Equity","0.20","118.09","4,122.00","486,776.05","486,776.05","Industrials","BWFGQN1","GB00BWFGQN14","London Stock Exchange","United Kingdom","USD","GBP","0.80"
"EN","BOUYGUES SA","Equity","0.19","36.98","12,752.00","471,578.61","471,578.61","Industrials","4002121","FR0000120503","Nyse Euronext - Euronext Paris","France","USD","EUR","0.89"
"KRX","KINGSPAN GROUP PLC","Equity","0.19","55.89","8,424.00","470,805.15","470,805.15","Industrials","4491235","IE0004927939","Irish Stock Exchange - All Market","Ireland","USD","EUR","0.89"
"1801","TAISEI CORP","Equity","0.19","37.95","12,300.00","466,799.67","466,799.67","Industrials","6870100","JP3443600006","Tokyo Stock Exchange","Japan","USD","JPY","107.77"
"NLSN","NIELSEN HOLDINGS PLC","Equity","0.19","22.92","20,219.00","463,419.48","463,419.48","Industrials","BWFY550","GB00BWFY5505","New York Stock Exchange Inc.","United States","USD","USD","1.00"
"MAERSK B","A P MOLLER MAERSK B","Equity","0.18","1,220.14","378.00","461,211.82","461,211.82","Industrials","4253048","DK0010244508","Omx Nordic Exchange Copenhagen A/S","Denmark","USD","DKK","6.62"
"1812","KAJIMA CORP","Equity","0.18","14.16","32,400.00","458,777.03","458,777.03","Industrials","6481320","JP3210200006","Tokyo Stock Exchange","Japan","USD","JPY","107.77"
"AZJ","AURIZON HOLDINGS LTD","Equity","0.18","3.85","116,320.00","448,211.44","448,211.44","Industrials","B87CVM3","AU000000AZJ1","Asx - All Markets","Australia","USD","AUD","1.42"
"SMIN","SMITHS GROUP PLC","Equity","0.18","20.36","21,924.00","446,336.28","446,336.28","Industrials","B1WY233","GB00B1WY2338","London Stock Exchange","United Kingdom","USD","GBP","0.80"
"JBHT","JB HUNT TRANSPORT SERVICES INC","Equity","0.18","91.41","4,881.00","446,172.21","446,172.21","Industrials","2445416","US4456581077","NASDAQ","United States","USD","USD","1.00"
"ALK","ALASKA AIR GROUP INC","Equity","0.18","63.84","6,972.00","445,092.48","445,092.48","Industrials","2012605","US0116591092","New York Stock Exchange Inc.","United States","USD","USD","1.00"
"FBHS","FORTUNE BRANDS HOME AND SECURITY I","Equity","0.18","56.86","7,791.00","442,996.26","442,996.26","Industrials","B3MC7D6","US34964C1062","New York Stock Exchange Inc.","United States","USD","USD","1.00"
"KNIN","KUEHNE UND NAGEL INTERNATIONAL AG","Equity","0.18","146.65","2,981.00","437,150.85","437,150.85","Industrials","B142S60","CH0025238863","Six Swiss Exchange Ag","Switzerland","USD","CHF","0.99"
"1802","OBAYASHI CORP","Equity","0.17","10.03","43,400.00","435,328.94","435,328.94","Industrials","6656407","JP3190000004","Tokyo Stock Exchange","Japan","USD","JPY","107.77"
"BNR","BRENNTAG AG","Equity","0.17","49.74","8,640.00","429,754.75","429,754.75","Industrials","B4YVF56","DE000A1DAHH0","Xetra","Germany","USD","EUR","0.89"
"ALO","ALSTOM SA","Equity","0.17","46.95","9,126.00","428,498.58","428,498.58","Industrials","B0DJ8Q5","FR0010220475","Nyse Euronext - Euronext Paris","France","USD","EUR","0.89"
"9007","ODAKYU ELECTRIC RAILWAY LTD","Equity","0.17","24.74","17,300.00","427,965.11","427,965.11","Industrials","6656106","JP3196000008","Tokyo Stock Exchange","Japan","USD","JPY","107.77"
"FGR","EIFFAGE SA","Equity","0.17","102.66","4,109.00","421,836.72","421,836.72","Industrials","B13X013","FR0000130452","Nyse Euronext - Euronext Paris","France","USD","EUR","0.89"
"5201","AGC INC","Equity","0.17","34.56","12,200.00","421,685.07","421,685.07","Industrials","6055208","JP3112000009","Tokyo Stock Exchange","Japan","USD","JPY","107.77"
"8015","TOYOTA TSUSHO CORP","Equity","0.16","30.81","13,200.00","406,643.78","406,643.78","Industrials","6900580","JP3635000007","Tokyo Stock Exchange","Japan","USD","JPY","107.77"
"RAND","RANDSTAD HOLDING","Equity","0.16","55.12","7,242.00","399,189.24","399,189.24","Industrials","5228658","NL0000379121","Euronext Amsterdam","Netherlands","USD","EUR","0.89"
"FLS","FLOWSERVE CORP","Equity","0.16","53.46","7,350.00","392,931.00","392,931.00","Industrials","2288406","US34354P1057","New York Stock Exchange Inc.","United States","USD","USD","1.00"
"SKF B","SKF B","Equity","0.16","18.07","21,559.00","389,477.55","389,477.55","Industrials","B1Q3J35","SE0000108227","Nasdaq Omx Nordic","Sweden","USD","SEK","9.31"
"SKA B","SKANSKA B","Equity","0.16","18.55","20,874.00","387,188.52","387,188.52","Industrials","7142091","SE0000113250","Nasdaq Omx Nordic","Sweden","USD","SEK","9.31"
"RHI","ROBERT HALF","Equity","0.15","58.00","6,649.00","385,642.00","385,642.00","Industrials","2110703","US7703231032","New York Stock Exchange Inc.","United States","USD","USD","1.00"
"1803","SHIMIZU CORP","Equity","0.15","8.57","43,200.00","370,388.79","370,388.79","Industrials","6804400","JP3358800005","Tokyo Stock Exchange","Japan","USD","JPY","107.77"
"AOS","A O SMITH CORP","Equity","0.15","46.79","7,912.00","370,202.48","370,202.48","Industrials","2816023","US8318652091","New York Stock Exchange Inc.","United States","USD","USD","1.00"
"ALFA","ALFA LAVAL","Equity","0.15","21.99","16,794.00","369,303.00","369,303.00","Industrials","7332687","SE0000695876","Nasdaq Omx Nordic","Sweden","USD","SEK","9.31"
"WRT1V","WARTSILA","Equity","0.15","14.10","25,974.00","366,282.10","366,282.10","Industrials","4525189","FI0009003727","Nasdaq Omx Helsinki Ltd.","Finland","USD","EUR","0.89"
"EPI A","EPIROC CLASS A","Equity","0.15","10.34","35,400.00","366,039.78","366,039.78","Industrials","BDZV116","SE0011166933","Nasdaq Omx Nordic","Sweden","USD","SEK","9.31"
"7912","DAI NIPPON PRINTING LTD","Equity","0.14","21.86","16,200.00","354,154.22","354,154.22","Industrials","6250906","JP3493800001","Tokyo Stock Exchange","Japan","USD","JPY","107.77"
"QAN","QANTAS AIRWAYS LTD","Equity","0.14","3.85","91,660.00","352,545.49","352,545.49","Industrials","6710347","AU000000QAN2","Asx - All Markets","Australia","USD","AUD","1.42"
"RYAAY","RYANAIR HOLDINGS ADR REPRESENTING","Equity","0.14","66.79","5,161.00","344,703.19","344,703.19","Industrials","BYYN585","US7835132033","NASDAQ","Ireland","USD","USD","1.00"
"5332","TOTO LTD","Equity","0.14","39.85","8,600.00","342,739.17","342,739.17","Industrials","6897466","JP3596200000","Tokyo Stock Exchange","Japan","USD","JPY","107.77"
"PNR","PENTAIR","Equity","0.14","38.26","8,910.00","340,896.60","340,896.60","Industrials","BLS09M3","IE00BLS09M33","New York Stock Exchange Inc.","United States","USD","USD","1.00"
"SECU B","SECURITAS B","Equity","0.13","17.84","18,522.00","330,435.70","330,435.70","Industrials","5554041","SE0000163594","Nasdaq Omx Nordic","Sweden","USD","SEK","9.31"
"ADP","AEROPORTS DE PARIS SA","Equity","0.13","177.23","1,836.00","325,398.62","325,398.62","Industrials","B164FY1","FR0010340141","Nyse Euronext - Euronext Paris","France","USD","EUR","0.89"
"PRY","PRYSMIAN","Equity","0.13","20.63","15,248.00","314,625.15","314,625.15","Industrials","B1W4V69","IT0004176001","Borsa Italiana","Italy","USD","EUR","0.89"
"PWR","QUANTA SERVICES INC","Equity","0.12","38.89","7,938.00","308,708.82","308,708.82","Industrials","2150204","US74762E1029","New York Stock Exchange Inc.","United States","USD","USD","1.00"
"ROL","ROLLINS INC","Equity","0.12","37.06","8,216.00","304,484.96","304,484.96","Industrials","2747305","US7757111049","New York Stock Exchange Inc.","United States","USD","USD","1.00"
"METSO","METSO","Equity","0.12","40.32","7,398.00","298,287.96","298,287.96","Industrials","5713422","FI0009007835","Nasdaq Omx Helsinki Ltd.","Finland","USD","EUR","0.89"
"9062","NIPPON EXPRESS LTD","Equity","0.12","53.63","5,400.00","289,616.78","289,616.78","Industrials","6642127","JP3729400006","Tokyo Stock Exchange","Japan","USD","JPY","107.77"
"WEIR","WEIR GROUP PLC","Equity","0.11","19.16","14,935.00","286,133.32","286,133.32","Industrials","0946580","GB0009465807","London Stock Exchange","United Kingdom","USD","GBP","0.80"
"XTSLA","BLK CSH FND TREASURY SL AGENCY","Money Market","0.11","1.00","285,552.00","285,552.25","285,552.25","Cash and/or Derivatives","-","US0669224778","-","United States","USD","USD","1.00"
"7911","TOPPAN PRINTING LTD","Equity","0.11","16.22","17,600.00","285,467.20","285,467.20","Industrials","6897024","JP3629000005","Tokyo Stock Exchange","Japan","USD","JPY","107.77"
"ISS","ISS A S","Equity","0.11","29.57","9,041.00","267,308.52","267,308.52","Industrials","BKJ9RT5","DK0060542181","Omx Nordic Exchange Copenhagen A/S","Denmark","USD","DKK","6.62"
"ERJ","EMBRAER ADR REPRESENTING FOUR SA","Equity","0.11","20.04","13,076.00","262,043.04","262,043.04","Industrials","2611916","US29082A1079","New York Stock Exchange Inc.","Brazil","USD","USD","1.00"
"G1A","GEA GROUP AG","Equity","0.10","27.00","9,288.00","250,744.69","250,744.69","Industrials","4557104","DE0006602006","Xetra","Germany","USD","EUR","0.89"
"6471","NSK LTD","Equity","0.10","9.00","27,000.00","243,017.54","243,017.54","Industrials","6641544","JP3720800006","Tokyo Stock Exchange","Japan","USD","JPY","107.77"
"LDO","LEONARDO FINMECCANICA SPA","Equity","0.10","13.02","18,234.00","237,385.73","237,385.73","Industrials","B0DJNG0","IT0003856405","Borsa Italiana","Italy","USD","EUR","0.89"
"LHA","DEUTSCHE LUFTHANSA AG","Equity","0.09","17.18","13,506.00","232,056.37","232,056.37","Industrials","5287488","DE0008232125","Xetra","Germany","USD","EUR","0.89"
"TPK","TRAVIS PERKINS PLC","Equity","0.09","16.33","14,148.00","231,063.72","231,063.72","Industrials","0773960","GB0007739609","London Stock Exchange","United Kingdom","USD","GBP","0.80"
"IAG","INTERNATIONAL AIRLINES GROUP SA","Equity","0.09","6.12","37,766.00","231,011.78","231,011.78","Industrials","B5M6XQ7","ES0177542018","London Stock Exchange","Spain","USD","GBP","0.80"
"GFS","G4S PLC","Equity","0.09","2.62","86,782.00","227,206.49","227,206.49","Industrials","B01FLG6","GB00B01FLG62","London Stock Exchange","United Kingdom","USD","GBP","0.80"
"EPI B","EPIROC CLASS B","Equity","0.09","9.92","21,751.00","215,799.25","215,799.25","Industrials","BDZV127","SE0011166941","Nasdaq Omx Nordic","Sweden","USD","SEK","9.31"
"SCHN","SCHINDLER HOLDING AG","Equity","0.09","220.88","972.00","214,696.62","214,696.62","Industrials","B11WWH2","CH0024638212","SIX Swiss Exchange","Switzerland","USD","CHF","0.99"
"SNC","SNC LAVALIN INC","Equity","0.08","20.45","9,936.00","203,163.00","203,163.00","Industrials","2763884","CA78460T1057","Toronto Stock Exchange","Canada","USD","CAD","1.31"
"IMI","IMI PLC","Equity","0.08","13.17","15,375.00","202,524.20","202,524.20","Industrials","BGLP8L2","GB00BGLP8L22","London Stock Exchange","United Kingdom","USD","GBP","0.80"
"OSR","OSRAM LICHT N AG","Equity","0.08","36.38","5,551.00","201,961.13","201,961.13","Industrials","B923935","DE000LED4000","Xetra","Germany","USD","EUR","0.89"
"BBD.B","BOMBARDIER INC CLASS B","Equity","0.08","1.69","118,098.00","199,500.54","199,500.54","Industrials","2109723","CA0977512007","Toronto Stock Exchange","Canada","USD","CAD","1.31"
"EZJ","EASYJET PLC","Equity","0.08","12.23","15,610.00","190,970.39","190,970.39","Industrials","B7KR2P8","GB00B7KR2P84","London Stock Exchange","United Kingdom","USD","GBP","0.80"
"COB","COBHAM PLC","Equity","0.08","1.42","134,177.00","190,058.80","190,058.80","Industrials","B07KD36","GB00B07KD360","London Stock Exchange","United Kingdom","USD","GBP","0.80"
"MAERSK A","A P MOLLER MAERSK","Equity","0.08","1,146.52","164.00","188,029.90","188,029.90","Industrials","4253059","DK0010244425","Omx Nordic Exchange Copenhagen A/S","Denmark","USD","DKK","6.62"
"ALFAA","ALFA A","Equity","0.07","0.98","189,816.00","185,978.39","185,978.39","Industrials","2043423","MXP000511016","Bolsa Mexicana De Valores","Mexico","USD","MXN","19.06"
"LTM","LATAM AIRLINES GROUP ADR REPRESENT","Equity","0.07","8.99","18,522.00","166,512.78","166,512.78","Industrials","B84FQ53","US51817R1068","New York Stock Exchange Inc.","Chile","USD","USD","1.00"
"CHF","CHF CASH","Cash","0.05","101.41","130,542.00","132,388.44","132,388.44","Cash and/or Derivatives","-","-","-","Switzerland","USD","CHF","0.99"
"JPY","JPY CASH","Cash","0.05","0.93","14,266,582.00","132,379.90","132,379.90","Cash and/or Derivatives","-","-","-","Japan","USD","JPY","107.77"
"EUR","EUR CASH","Cash","0.03","112.81","74,438.00","83,977.33","83,977.33","Cash and/or Derivatives","-","-","-","European Union","USD","EUR","0.89"
"AUD","AUD CASH","Cash","0.02","70.32","83,576.00","58,766.60","58,766.60","Cash and/or Derivatives","-","-","-","Australia","USD","AUD","1.42"
"DKK","DKK CASH","Cash","0.02","15.12","323,794.00","48,943.63","48,943.63","Cash and/or Derivatives","-","-","-","Denmark","USD","DKK","6.62"
"GBP","GBP CASH","Cash","0.02","125.63","30,826.00","38,727.01","38,727.01","Cash and/or Derivatives","-","-","-","United Kingdom","USD","GBP","0.80"
"CAD","CAD CASH","Cash","0.01","76.44","35,037.00","26,781.61","26,781.61","Cash and/or Derivatives","-","-","-","Canada","USD","CAD","1.31"
"ACS.D","ACS RIGHTS SA","Equity","0.01","1.62","15,625.00","25,383.37","25,383.37","Industrials","BK4Q285","ES06670509F6","Bolsa De Madrid","Spain","USD","EUR","0.89"
"SEK","SEK CASH","Cash","0.00","10.74","92,417.00","9,923.21","9,923.21","Cash and/or Derivatives","-","-","-","Sweden","USD","SEK","9.31"
"HKD","HKD CASH","Cash","0.00","12.83","26,038.00","3,339.74","3,339.74","Cash and/or Derivatives","-","-","-","Hong Kong","USD","HKD","7.80"
"MXN","MXN CASH","Cash","0.00","5.25","1,000.00","52.48","52.48","Cash and/or Derivatives","-","-","-","Mexico","USD","MXN","19.06"
"USD","USD CASH","Cash","-0.01","100.00","-30,887.00","-30,886.85","-30,886.85","Cash and/or Derivatives","-","-","-","United States","USD","USD","1.00"
 