﻿Fund Holdings as of,"Jul 4, 2019"
 
Issuer Ticker,Name,Asset Class,Weight (%),Price,Shares,Market Value,Notional Value,Sector,ISIN,Exchange,Country,Market Currency
"AIR","AIRBUS","Equity","10.00","125.30","1,397,242.00","175,074,422.60","175,074,422.60","Industrials","NL0000235190","Boerse Berlin","France","EUR"
"DWNI","DEUTSCHE WOHNEN","Equity","4.49","33.60","2,341,277.00","78,666,907.20","78,666,907.20","Real Estate","DE000A0HN5C6","Xetra","Germany","EUR"
"MTX","MTU AERO ENGINES HOLDING AG","Equity","4.47","214.70","364,709.00","78,303,022.30","78,303,022.30","Industrials","DE000A0D9PT0","Xetra","Germany","EUR"
"SY1","SYMRISE AG","Equity","4.35","84.66","899,259.00","76,131,266.94","76,131,266.94","Materials","DE000SYM9999","Xetra","Germany","EUR"
"HNR1","HANNOVER RUECK","Equity","3.55","147.10","422,996.00","62,222,711.60","62,222,711.60","Financials","DE0008402215","Xetra","Germany","EUR"
"QIA","QIAGEN NV","Equity","3.29","35.46","1,626,425.00","57,673,030.50","57,673,030.50","Health Care","NL0012169213","Xetra","Germany","EUR"
"BNR","BRENNTAG AG","Equity","2.74","44.04","1,088,605.00","47,942,164.20","47,942,164.20","Industrials","DE000A1DAHH0","Xetra","Germany","EUR"
"LEG","LEG IMMOBILIEN N AG","Equity","2.69","105.75","445,222.00","47,082,226.50","47,082,226.50","Real Estate","DE000LEG1110","Xetra","Germany","EUR"
"CBK","COMMERZBANK AG","Equity","2.57","6.42","7,005,427.00","44,981,846.77","44,981,846.77","Financials","DE000CBK1001","Xetra","Germany","EUR"
"AT1","AROUNDTOWN PROPERTY HOLDINGS SA","Equity","2.54","7.63","5,820,325.00","44,397,439.10","44,397,439.10","Real Estate","LU1673108939","Xetra","Germany","EUR"
"SRT3","SARTORIUS PREF AG","Equity","2.51","182.60","240,800.00","43,970,080.00","43,970,080.00","Health Care","DE0007165631","Xetra","Germany","EUR"
"SHL","SIEMENS HEALTHINEERS AG","Equity","2.29","37.87","1,056,893.00","40,024,537.91","40,024,537.91","Health Care","DE000SHL1006","Xetra","Germany","EUR"
"ZAL","ZALANDO","Equity","2.20","38.15","1,010,544.00","38,552,253.60","38,552,253.60","Consumer Discretionary","DE000ZAL1111","Xetra","Germany","EUR"
"PUM","PUMA","Equity","1.98","59.60","582,466.00","34,714,973.60","34,714,973.60","Consumer Discretionary","DE0006969603","Xetra","Germany","EUR"
"G24","SCOUT24 N AG","Equity","1.98","48.80","710,911.00","34,692,456.80","34,692,456.80","Communication","DE000A12DM80","Xetra","Germany","EUR"
"DHER","DELIVERY HERO","Equity","1.94","39.36","861,105.00","33,893,092.80","33,893,092.80","Consumer Discretionary","DE000A2E4K43","Xetra","Germany","EUR"
"RHM","RHEINMETALL AG","Equity","1.88","108.25","303,570.00","32,861,452.50","32,861,452.50","Industrials","DE0007030009","Xetra","Germany","EUR"
"KBX","KNORR BREMSE AG","Equity","1.87","96.40","338,927.00","32,672,562.80","32,672,562.80","Industrials","DE000KBX1006","Xetra","Germany","EUR"
"EVK","EVONIK INDUSTRIES AG","Equity","1.74","25.98","1,172,825.00","30,469,993.50","30,469,993.50","Materials","DE000EVNK013","Xetra","Germany","EUR"
"UN01","UNIPER","Equity","1.71","27.55","1,089,422.00","30,013,576.10","30,013,576.10","Utilities","DE000UNSE018","Xetra","Germany","EUR"
"LXS","LANXESS AG","Equity","1.67","52.96","551,483.00","29,206,539.68","29,206,539.68","Materials","DE0005470405","Xetra","Germany","EUR"
"KGX","KION GROUP AG","Equity","1.47","56.24","456,544.00","25,676,034.56","25,676,034.56","Industrials","DE000KGX8881","Xetra","Germany","EUR"
"G1A","GEA GROUP AG","Equity","1.45","24.29","1,042,815.00","25,329,976.35","25,329,976.35","Industrials","DE0006602006","Xetra","Germany","EUR"
"BOSS","HUGO BOSS N AG","Equity","1.43","57.60","436,059.00","25,116,998.40","25,116,998.40","Consumer Discretionary","DE000A1PHFF7","Xetra","Germany","EUR"
"UTDI","UNITED INTERNET AG","Equity","1.40","29.31","833,561.00","24,431,672.91","24,431,672.91","Communication","DE0005089031","Xetra","Germany","EUR"
"AFX","CARL ZEISS MEDITEC AG","Equity","1.30","88.05","257,810.00","22,700,170.50","22,700,170.50","Health Care","DE0005313704","Xetra","Germany","EUR"
"SPR","AXEL SPRINGER","Equity","1.29","61.90","366,120.00","22,662,828.00","22,662,828.00","Communication","DE0005501357","Xetra","Germany","EUR"
"SDF","K+S AG","Equity","1.27","16.49","1,348,570.00","22,237,919.30","22,237,919.30","Materials","DE000KSAG888","Xetra","Germany","EUR"
"OSR","OSRAM LICHT N AG","Equity","1.26","32.50","680,255.00","22,108,287.50","22,108,287.50","Industrials","DE000LED4000","Xetra","Germany","EUR"
"EVT","EVOTEC","Equity","1.24","25.46","855,652.00","21,784,899.92","21,784,899.92","Health Care","DE0005664809","Xetra","Germany","EUR"
"TEG","TAG IMMOBILIEN AG","Equity","1.24","20.98","1,032,203.00","21,655,618.94","21,655,618.94","Real Estate","DE0008303504","Xetra","Germany","EUR"
"NEM","NEMETSCHEK","Equity","1.23","56.60","381,915.00","21,616,389.00","21,616,389.00","Information Technology","DE0006452907","Xetra","Germany","EUR"
"PSM","PROSIEBEN SAT.1 MEDIA N","Equity","1.16","13.85","1,470,446.00","20,365,677.10","20,365,677.10","Communication","DE000PSM7770","Xetra","Germany","EUR"
"BC8","BECHTLE AG","Equity","1.14","104.20","192,292.00","20,036,826.40","20,036,826.40","Information Technology","DE0005158703","Xetra","Germany","EUR"
"FRA","FRAPORT FRANKFURT AIRPORT SERVICES","Equity","1.13","76.06","260,608.00","19,821,844.48","19,821,844.48","Industrials","DE0005773303","Xetra","Germany","EUR"
"MOR","MORPHOSYS AG","Equity","1.12","87.80","222,521.00","19,537,343.80","19,537,343.80","Health Care","DE0006632003","Xetra","Germany","EUR"
"B4B","METRO AG","Equity","1.08","15.97","1,186,204.00","18,937,746.86","18,937,746.86","Consumer Staples","DE000BFB0019","Xetra","Germany","EUR"
"IGY","INNOGY","Equity","1.03","42.82","419,613.00","17,967,828.66","17,967,828.66","Utilities","DE000A2AADD2","Xetra","Germany","EUR"
"GLJ","GRENKE N AG","Equity","1.02","92.15","193,379.00","17,819,874.85","17,819,874.85","Financials","DE000A161N30","Xetra","Germany","EUR"
"FPE3","FUCHS PETROLUB PREF","Equity","1.01","36.20","489,681.00","17,726,452.20","17,726,452.20","Materials","DE0005790430","Xetra","Germany","EUR"
"DLG","DIALOG SEMICON PLC","Equity","0.99","37.35","461,904.00","17,252,114.40","17,252,114.40","Information Technology","GB0059822006","Xetra","Germany","EUR"
"HOT","HOCHTIEF AG","Equity","0.98","109.60","157,045.00","17,212,132.00","17,212,132.00","Industrials","DE0006070006","Xetra","Germany","EUR"
"AOX","ALSTRIA OFFICE REIT AG","Equity","0.95","14.87","1,116,009.00","16,595,053.83","16,595,053.83","Real Estate","DE000A0LD2U1","Xetra","Germany","EUR"
"FNTN","FREENET AG","Equity","0.94","18.20","902,279.00","16,421,477.80","16,421,477.80","Communication","DE000A0Z2ZZ5","Xetra","Germany","EUR"
"O2D","TELEFONICA DEUTSCHLAND HOLDING AG","Equity","0.90","2.45","6,450,813.00","15,804,491.85","15,804,491.85","Communication","DE000A1J5RX9","Xetra","Germany","EUR"
"GYC","GRAND CITY PROPERTIES SA","Equity","0.89","20.92","743,987.00","15,564,208.04","15,564,208.04","Real Estate","LU0775917882","Xetra","Germany","EUR"
"HLE","HELLA GMBH & CO KGAA","Equity","0.77","43.28","313,140.00","13,552,699.20","13,552,699.20","Consumer Discretionary","DE000A13SX22","Xetra","Germany","EUR"
"RKET","ROCKET INTERNET","Equity","0.76","24.76","534,274.00","13,228,624.24","13,228,624.24","Consumer Discretionary","DE000A12UKK6","Xetra","Germany","EUR"
"GXI","GERRESHEIMER AG","Equity","0.75","65.70","198,999.00","13,074,234.30","13,074,234.30","Health Care","DE000A0LD6E6","Xetra","Germany","EUR"
"RRTL","RTL GROUP SA","Equity","0.70","46.58","262,971.00","12,249,189.18","12,249,189.18","Communication","LU0061462528","Xetra","Germany","EUR"
"FIE","FIELMANN AG","Equity","0.64","66.50","167,844.00","11,161,626.00","11,161,626.00","Consumer Discretionary","DE0005772206","Xetra","Germany","EUR"
"SOW","SOFTWARE AG","Equity","0.61","30.70","345,354.00","10,602,367.80","10,602,367.80","Information Technology","DE000A2GS401","Xetra","Germany","EUR"
"NDA","AURUBIS AG","Equity","0.59","43.46","237,555.00","10,324,140.30","10,324,140.30","Materials","DE0006766504","Xetra","Germany","EUR"
"DUE","DUERR AG","Equity","0.59","29.60","346,171.00","10,246,661.60","10,246,661.60","Industrials","DE0005565204","Xetra","Germany","EUR"
"PBB","DEUTSCHE PFANDBRIEFBANK AG","Equity","0.58","10.75","947,440.00","10,184,980.00","10,184,980.00","Financials","DE0008019001","Xetra","Germany","EUR"
"DRI","1&1 DRILLISCH AG","Equity","0.57","30.24","329,030.00","9,949,867.20","9,949,867.20","Communication","DE0005545503","Xetra","Germany","EUR"
"ARL","AAREAL BANK AG","Equity","0.57","23.47","423,893.00","9,948,768.71","9,948,768.71","Financials","DE0005408116","Xetra","Germany","EUR"
"WAF","SILTRONIC N AG","Equity","0.53","63.66","146,201.00","9,307,155.66","9,307,155.66","Information Technology","DE000WAF3001","Xetra","Germany","EUR"
"DEQ","DEUTSCHE EUROSHOP AG","Equity","0.51","25.58","351,931.00","9,002,394.98","9,002,394.98","Real Estate","DE0007480204","Xetra","Germany","EUR"
"NOEJ","NORMA GROUP","Equity","0.46","35.70","224,481.00","8,013,971.70","8,013,971.70","Industrials","DE000A1H8BV3","Xetra","Germany","EUR"
"CSSE","CASH COLLATERAL EUR CSFBI","Cash Collateral and Margins","0.00","100.00","21,000.00","21,000.00","21,000.00","Cash and/or Derivatives","-","-","European Union","EUR"
"MFU9","MDAX INDEX SEP 19","Futures","0.00","26,032.00","2.00","0.00","260,320.00","Cash and/or Derivatives","DE000C23QAS1","Eurex Deutschland","-","EUR"
"MARGIN_EUR","FUTURES EUR MARGIN BALANCE","Cash Collateral and Margins","0.00","100.00","0.00","0.00","0.00","Cash and/or Derivatives","-","-","European Union","EUR"
"ZAR","ZAR CASH","Cash","0.00","6.32","582.00","36.76","36.76","Cash and/or Derivatives","-","-","South Africa","ZAR"
"EUR","EUR CASH","Cash","0.00","100.00","-37,090.00","-37,090.17","-37,090.17","Cash and/or Derivatives","-","-","European Union","EUR"
 