﻿Fund Holdings as of,"Jul 4, 2019"
 
Issuer Ticker,Name,Asset Class,Weight (%),Price,Shares,Market Value,Notional Value,Sector,ISIN,Exchange,Country,Market Currency
"BAYN","BAYER AG","Equity","10.88","60.92","1,042,162.00","63,488,509.04","63,488,509.04","Health Care","DE000BAY0017","Xetra","Germany","EUR"
"ALV","ALLIANZ","Equity","10.00","217.20","268,600.00","58,339,920.00","58,339,920.00","Financials","DE0008404005","Xetra","Germany","EUR"
"LIN","LINDE PLC","Equity","9.89","180.47","319,666.00","57,691,184.42","57,691,184.42","Materials","IE00BZ12WP82","New York Stock Exchange Inc.","United States","USD"
"DTE","DEUTSCHE TELEKOM N AG","Equity","9.86","15.52","3,706,937.00","57,531,662.24","57,531,662.24","Communication","DE0005557508","Xetra","Germany","EUR"
"BAS","BASF N","Equity","9.79","62.68","911,335.00","57,122,477.80","57,122,477.80","Materials","DE000BASF111","Xetra","Germany","EUR"
"SIE","SIEMENS N AG","Equity","9.77","105.54","540,303.00","57,023,578.62","57,023,578.62","Industrials","DE0007236101","Xetra","Germany","EUR"
"DAI","DAIMLER AG","Equity","8.78","49.03","1,045,128.00","51,247,851.48","51,247,851.48","Consumer Discretionary","DE0007100000","Xetra","Germany","EUR"
"MUV2","MUENCHENER RUECKVERSICHERUNGS-GESE","Equity","6.59","227.70","168,734.00","38,420,731.80","38,420,731.80","Financials","DE0008430026","Xetra","Germany","EUR"
"DPW","DEUTSCHE POST AG","Equity","5.83","29.68","1,146,735.00","34,035,094.80","34,035,094.80","Industrials","DE0005552004","Xetra","Germany","EUR"
"VNA","VONOVIA SE","Equity","4.55","44.79","592,949.00","26,558,185.71","26,558,185.71","Real Estate","DE000A1ML7J1","Xetra","Germany","EUR"
"BMW","BMW AG","Equity","4.31","67.11","374,989.00","25,165,511.79","25,165,511.79","Consumer Discretionary","DE0005190003","Xetra","Germany","EUR"
"EOAN","E.ON N","Equity","4.26","9.80","2,536,089.00","24,853,672.20","24,853,672.20","Utilities","DE000ENAG999","Xetra","Germany","EUR"
"RWE","RWE AG","Equity","2.48","22.87","631,497.00","14,442,336.39","14,442,336.39","Utilities","DE0007037129","Xetra","Germany","EUR"
"1COV","COVESTRO AG","Equity","1.49","43.85","197,656.00","8,667,215.60","8,667,215.60","Materials","DE0006062144","Xetra","Germany","EUR"
"LHA","DEUTSCHE LUFTHANSA AG","Equity","1.47","15.37","556,085.00","8,547,026.45","8,547,026.45","Industrials","DE0008232125","Xetra","Germany","EUR"
"EUR","EUR CASH","Cash","0.06","100.00","360,270.00","360,269.73","360,269.73","Cash and/or Derivatives","-","-","European Union","EUR"
"CSSE","CASH COLLATERAL EUR CSFBI","Cash Collateral and Margins","0.01","100.00","51,000.00","51,000.00","51,000.00","Cash and/or Derivatives","-","-","European Union","EUR"
"FDIU9","DIVDAX INDEX FUTURE SEP 19","Futures","0.00","161.60","15.00","0.00","484,800.00","Cash and/or Derivatives","DE000C23QB26","Eurex Deutschland","-","EUR"
"MARGIN_EUR","FUTURES EUR MARGIN BALANCE","Cash Collateral and Margins","0.00","100.00","0.00","0.00","0.00","Cash and/or Derivatives","-","-","European Union","EUR"
"USD","USD CASH","Cash","0.00","88.64","18.00","16.28","16.28","Cash and/or Derivatives","-","-","United States","USD"
"LIN","LINDE PLC","Equity","-0.03","178.75","-942.00","-168,382.50","-168,382.50","Materials","IE00BZ12WP82","Xetra","United States","EUR"
 