﻿Fund Holdings as of,"Jul 4, 2019"
 
Issuer Ticker,Name,Asset Class,Weight (%),Price,Shares,Market Value,Notional Value,Sector,ISIN,Exchange,Country,Market Currency
"NESN","NESTLE SA","Equity","4.20","92.23","50,044.00","4,615,760.19","4,615,760.19","Consumer Staples","CH0038863350","Six Swiss Exchange Ag","Switzerland","CHF"
"NOVN","NOVARTIS AG","Equity","3.06","81.60","41,293.00","3,369,306.79","3,369,306.79","Health Care","CH0012005267","Six Swiss Exchange Ag","Switzerland","CHF"
"ROG","ROCHE HOLDING PAR AG","Equity","2.64","252.62","11,479.00","2,899,806.41","2,899,806.41","Health Care","CH0012032048","Six Swiss Exchange Ag","Switzerland","CHF"
"HSBA","HSBC HOLDINGS PLC","Equity","2.29","7.49","335,940.00","2,514,547.05","2,514,547.05","Financials","GB0005405286","London Stock Exchange","United Kingdom","GBP"
"SAP","SAP","Equity","2.00","123.76","17,737.00","2,195,131.12","2,195,131.12","Information Technology","DE0007164600","Xetra","Germany","EUR"
"FP","TOTAL SA","Equity","1.95","49.45","43,406.00","2,146,643.73","2,146,643.73","Energy","FR0000120271","Nyse Euronext - Euronext Paris","France","EUR"
"RDSA","ROYAL DUTCH SHELL PLC","Equity","1.88","28.84","71,602.00","2,065,001.68","2,065,001.68","Energy","GB00B03MLX29","Euronext Amsterdam","United Kingdom","EUR"
"BP.","BP PLC","Equity","1.84","6.08","332,431.00","2,022,562.59","2,022,562.59","Energy","GB0007980591","London Stock Exchange","United Kingdom","GBP"
"MC","LVMH","Equity","1.51","381.35","4,363.00","1,663,830.05","1,663,830.05","Consumer Discretionary","FR0000121014","Nyse Euronext - Euronext Paris","France","EUR"
"LIN","LINDE PLC","Equity","1.48","180.47","9,019.00","1,627,688.88","1,627,688.88","Materials","IE00BZ12WP82","New York Stock Exchange Inc.","United States","USD"
"AZN","ASTRAZENECA PLC","Equity","1.43","73.31","21,432.00","1,571,245.08","1,571,245.08","Health Care","GB0009895292","London Stock Exchange","United Kingdom","GBP"
"ALV","ALLIANZ","Equity","1.37","217.20","6,935.00","1,506,282.00","1,506,282.00","Financials","DE0008404005","Xetra","Germany","EUR"
"DGE","DIAGEO PLC","Equity","1.37","38.63","38,955.00","1,505,018.28","1,505,018.28","Consumer Staples","GB0002374006","London Stock Exchange","United Kingdom","GBP"
"GSK","GLAXOSMITHKLINE PLC","Equity","1.35","18.27","81,494.00","1,488,647.76","1,488,647.76","Health Care","GB0009252882","London Stock Exchange","United Kingdom","GBP"
"SAN","SANOFI SA","Equity","1.31","77.97","18,492.00","1,441,821.24","1,441,821.24","Health Care","FR0000120578","Nyse Euronext - Euronext Paris","France","EUR"
"SIE","SIEMENS N AG","Equity","1.26","105.54","13,138.00","1,386,584.52","1,386,584.52","Industrials","DE0007236101","Xetra","Germany","EUR"
"ASML","ASML HOLDING NV","Equity","1.20","189.10","6,955.00","1,315,190.50","1,315,190.50","Information Technology","NL0010273215","Euronext Amsterdam","Netherlands","EUR"
"UNA","UNILEVER NV","Equity","1.19","54.94","23,769.00","1,305,868.86","1,305,868.86","Consumer Staples","NL0000388619","Euronext Amsterdam","Netherlands","EUR"
"NOVO B","NOVO NORDISK CLASS B","Equity","1.17","45.79","28,097.00","1,286,577.99","1,286,577.99","Health Care","DK0060534915","Omx Nordic Exchange Copenhagen A/S","Denmark","DKK"
"BATS","BRITISH AMERICAN TOBACCO PLC","Equity","1.13","33.07","37,477.00","1,239,280.81","1,239,280.81","Consumer Staples","GB0002875804","London Stock Exchange","United Kingdom","GBP"
"AIR","AIRBUS GROUP","Equity","1.07","125.38","9,369.00","1,174,685.22","1,174,685.22","Industrials","NL0000235190","Nyse Euronext - Euronext Paris","France","EUR"
"ABI","ANHEUSER BUSCH INBEV NV","Equity","1.03","82.72","13,749.00","1,137,317.28","1,137,317.28","Consumer Staples","BE0974293251","Nyse Euronext - Euronext Brussels","Belgium","EUR"
"SAN","BANCO SANTANDER SA","Equity","1.02","4.22","265,279.00","1,118,814.18","1,118,814.18","Financials","ES0113900J37","Bolsa De Madrid","Spain","EUR"
"ULVR","UNILEVER PLC","Equity","0.98","56.42","19,092.00","1,077,112.16","1,077,112.16","Consumer Staples","GB00B10RZP78","London Stock Exchange","United Kingdom","GBP"
"OR","LOREAL SA","Equity","0.93","255.30","4,019.00","1,026,050.70","1,026,050.70","Consumer Staples","FR0000120321","Nyse Euronext - Euronext Paris","France","EUR"
"RIO","RIO TINTO PLC","Equity","0.88","54.74","17,768.00","972,612.97","972,612.97","Materials","GB0007188757","London Stock Exchange","United Kingdom","GBP"
"BAS","BASF N","Equity","0.86","62.68","15,006.00","940,576.08","940,576.08","Materials","DE000BASF111","Xetra","Germany","EUR"
"BAYN","BAYER AG","Equity","0.84","60.92","15,236.00","928,177.12","928,177.12","Health Care","DE000BAY0017","Xetra","Germany","EUR"
"AI","AIR LIQUIDE SA","Equity","0.78","122.75","7,018.00","861,459.50","861,459.50","Materials","FR0000120073","Nyse Euronext - Euronext Paris","France","EUR"
"RB.","RECKITT BENCKISER GROUP PLC","Equity","0.78","71.33","12,034.00","858,375.56","858,375.56","Consumer Staples","GB00B24CGK77","London Stock Exchange","United Kingdom","GBP"
"IBE","IBERDROLA SA","Equity","0.77","8.73","97,403.00","850,523.00","850,523.00","Utilities","ES0144580Y14","Bolsa De Madrid","Spain","EUR"
"PRU","PRUDENTIAL PLC","Equity","0.77","19.95","42,475.00","847,371.36","847,371.36","Financials","GB0007099541","London Stock Exchange","United Kingdom","GBP"
"DG","VINCI SA","Equity","0.76","92.02","9,102.00","837,566.04","837,566.04","Industrials","FR0000125486","Nyse Euronext - Euronext Paris","France","EUR"
"ADS","ADIDAS N AG","Equity","0.76","278.25","3,010.00","837,532.50","837,532.50","Consumer Discretionary","DE000A1EWWW0","Xetra","Germany","EUR"
"DTE","DEUTSCHE TELEKOM N AG","Equity","0.75","15.52","52,986.00","822,342.72","822,342.72","Communication","DE0005557508","Xetra","Germany","EUR"
"ENEL","ENEL","Equity","0.74","6.45","126,922.00","818,266.13","818,266.13","Utilities","IT0003128367","Borsa Italiana","Italy","EUR"
"BNP","BNP PARIBAS SA","Equity","0.74","43.05","18,839.00","810,924.76","810,924.76","Financials","FR0000131104","Nyse Euronext - Euronext Paris","France","EUR"
"CS","AXA SA","Equity","0.73","23.73","34,001.00","806,843.73","806,843.73","Financials","FR0000120628","Nyse Euronext - Euronext Paris","France","EUR"
"BN","DANONE SA","Equity","0.73","75.68","10,537.00","797,440.16","797,440.16","Consumer Staples","FR0000120644","Nyse Euronext - Euronext Paris","France","EUR"
"ZURN","ZURICH INSURANCE GROUP AG","Equity","0.71","313.86","2,473.00","776,180.55","776,180.55","Financials","CH0011075394","Six Swiss Exchange Ag","Switzerland","CHF"
"SAF","SAFRAN SA","Equity","0.70","131.20","5,900.00","774,080.00","774,080.00","Industrials","FR0000073272","Nyse Euronext - Euronext Paris","France","EUR"
"BHP","BHP GROUP PLC","Equity","0.70","22.41","34,508.00","773,426.81","773,426.81","Materials","GB00BH0P3Z91","London Stock Exchange","United Kingdom","GBP"
"LLOY","LLOYDS BANKING GROUP PLC","Equity","0.68","0.65","1,155,303.00","750,159.72","750,159.72","Financials","GB0008706128","London Stock Exchange","United Kingdom","GBP"
"SU","SCHNEIDER ELECTRIC","Equity","0.66","81.00","8,974.00","726,894.00","726,894.00","Industrials","FR0000121972","Nyse Euronext - Euronext Paris","France","EUR"
"REL","RELX PLC","Equity","0.65","21.87","32,884.00","719,069.72","719,069.72","Industrials","GB00B2B0DG97","London Stock Exchange","United Kingdom","GBP"
"DAI","DAIMLER AG","Equity","0.65","49.03","14,590.00","715,420.65","715,420.65","Consumer Discretionary","DE0007100000","Xetra","Germany","EUR"
"UBSG","UBS GROUP AG","Equity","0.62","10.76","63,050.00","678,155.80","678,155.80","Financials","CH0244767585","Six Swiss Exchange Ag","Switzerland","CHF"
"INGA","ING GROEP NV","Equity","0.60","10.41","63,660.00","662,573.28","662,573.28","Financials","NL0011821202","Euronext Amsterdam","Netherlands","EUR"
"VOD","VODAFONE GROUP PLC","Equity","0.59","1.48","436,614.00","646,807.95","646,807.95","Communication","GB00BH4HKS39","London Stock Exchange","United Kingdom","GBP"
"KER","KERING SA","Equity","0.58","527.10","1,219.00","642,534.90","642,534.90","Consumer Discretionary","FR0000121485","Nyse Euronext - Euronext Paris","France","EUR"
"CFR","COMPAGNIE FINANCIERE RICHEMONT SA","Equity","0.58","75.06","8,529.00","640,161.73","640,161.73","Consumer Discretionary","CH0210483332","Six Swiss Exchange Ag","Switzerland","CHF"
"ENI","ENI","Equity","0.55","14.65","41,504.00","607,867.58","607,867.58","Energy","IT0003132476","Borsa Italiana","Italy","EUR"
"PHIA","KONINKLIJKE PHILIPS NV","Equity","0.54","39.60","15,132.00","599,227.20","599,227.20","Health Care","NL0000009538","Euronext Amsterdam","Netherlands","EUR"
"EUR","EUR CASH","Cash","0.53","100.00","577,923.00","577,922.78","577,922.78","Cash and/or Derivatives","-","-","European Union","EUR"
"TEF","TELEFONICA SA","Equity","0.51","7.43","76,127.00","565,471.36","565,471.36","Communication","ES0178430E18","Bolsa De Madrid","Spain","EUR"
"CPG","COMPASS GROUP PLC","Equity","0.51","21.61","25,974.00","561,311.59","561,311.59","Consumer Discretionary","GB00BD6K4575","London Stock Exchange","United Kingdom","GBP"
"GLEN","GLENCORE PLC","Equity","0.50","3.04","182,406.00","554,385.19","554,385.19","Materials","JE00B4T3BW64","London Stock Exchange","United Kingdom","GBP"
"BBVA","BANCO BILBAO VIZCAYA ARGENTARIA SA","Equity","0.50","5.09","108,942.00","554,187.95","554,187.95","Financials","ES0113211835","Bolsa De Madrid","Spain","EUR"
"EL","ESSILORLUXOTTICA SA","Equity","0.50","114.40","4,842.00","553,924.80","553,924.80","Consumer Discretionary","FR0000121667","Nyse Euronext - Euronext Paris","France","EUR"
"RI","PERNOD RICARD SA","Equity","0.49","163.55","3,328.00","544,294.40","544,294.40","Consumer Staples","FR0000120693","Nyse Euronext - Euronext Paris","France","EUR"
"ISP","INTESA SANPAOLO","Equity","0.49","2.03","266,655.00","540,243.03","540,243.03","Financials","IT0000072618","Borsa Italiana","Italy","EUR"
"NG.","NATIONAL GRID PLC","Equity","0.49","9.64","55,741.00","537,375.95","537,375.95","Utilities","GB00BDR05C01","London Stock Exchange","United Kingdom","GBP"
"MUV2","MUENCHENER RUECKVERSICHERUNGS-GESE","Equity","0.49","227.70","2,358.00","536,916.60","536,916.60","Financials","DE0008430026","Xetra","Germany","EUR"
"ABBN","ABB LTD","Equity","0.48","17.80","29,613.00","527,170.53","527,170.53","Industrials","CH0012221716","Six Swiss Exchange Ag","Switzerland","CHF"
"AMS","AMADEUS IT GROUP SA","Equity","0.47","71.40","7,170.00","511,938.00","511,938.00","Information Technology","ES0109067019","Bolsa De Madrid","Spain","EUR"
"ITX","INDUSTRIA DE DISENO TEXTIL INDITEX","Equity","0.45","27.08","18,158.00","491,718.64","491,718.64","Consumer Discretionary","ES0148396007","Bolsa De Madrid","Spain","EUR"
"DPW","DEUTSCHE POST AG","Equity","0.43","29.68","16,055.00","476,512.40","476,512.40","Industrials","DE0005552004","Xetra","Germany","EUR"
"ORA","ORANGE SA","Equity","0.43","13.98","33,487.00","468,315.70","468,315.70","Communication","FR0000133308","Nyse Euronext - Euronext Paris","France","EUR"
"VOW3","VOLKSWAGEN NON-VOTING PREF AG","Equity","0.42","154.64","2,991.00","462,528.24","462,528.24","Consumer Discretionary","DE0007664039","Xetra","Germany","EUR"
"BARC","BARCLAYS PLC","Equity","0.42","1.74","265,069.00","460,743.83","460,743.83","Financials","GB0031348658","London Stock Exchange","United Kingdom","GBP"
"SREN","SWISS RE AG","Equity","0.40","91.06","4,884.00","444,717.17","444,717.17","Financials","CH0126881561","Six Swiss Exchange Ag","Switzerland","CHF"
"ALC","ALCON AG","Equity","0.40","55.04","7,985.00","439,480.44","439,480.44","Health Care","CH0432492467","Six Swiss Exchange Ag","Switzerland","CHF"
"CSGN","CREDIT SUISSE GROUP AG","Equity","0.39","10.81","39,585.00","428,083.95","428,083.95","Financials","CH0012138530","Six Swiss Exchange Ag","Switzerland","CHF"
"ERIC B","ERICSSON B","Equity","0.38","8.43","50,198.00","423,312.77","423,312.77","Information Technology","SE0000108656","Nasdaq Omx Nordic","Sweden","SEK"
"ENGI","ENGIE SA","Equity","0.38","13.83","30,383.00","420,196.89","420,196.89","Utilities","FR0010208488","Nyse Euronext - Euronext Paris","France","EUR"
"TSCO","TESCO PLC","Equity","0.38","2.62","160,009.00","418,904.27","418,904.27","Consumer Staples","GB0008847096","London Stock Exchange","United Kingdom","GBP"
"CRG","CRH PLC","Equity","0.38","30.27","13,780.00","417,120.60","417,120.60","Materials","IE0001827041","Irish Stock Exchange - All Market","Ireland","EUR"
"NOKIA","NOKIA","Equity","0.38","4.50","92,082.00","414,092.75","414,092.75","Information Technology","FI0009000681","Nasdaq Omx Helsinki Ltd.","Finland","EUR"
"UCG","UNICREDIT","Equity","0.37","11.69","34,651.00","405,070.19","405,070.19","Financials","IT0005239360","Borsa Italiana","Italy","EUR"
"EXPN","EXPERIAN PLC","Equity","0.37","27.15","14,868.00","403,661.38","403,661.38","Industrials","GB00B19NLV48","London Stock Exchange","United Kingdom","GBP"
"DB1","DEUTSCHE BOERSE AG","Equity","0.37","129.80","3,104.00","402,899.20","402,899.20","Financials","DE0005810055","Xetra","Germany","EUR"
"VIV","VIVENDI SA","Equity","0.36","24.89","15,785.00","392,888.65","392,888.65","Communication","FR0000127771","Nyse Euronext - Euronext Paris","France","EUR"
"HEIA","HEINEKEN NV","Equity","0.35","100.20","3,889.00","389,677.80","389,677.80","Consumer Staples","NL0000009165","Euronext Amsterdam","Netherlands","EUR"
"VOLV B","VOLVO CLASS B","Equity","0.35","14.32","26,963.00","386,220.11","386,220.11","Industrials","SE0000115446","Nasdaq Omx Nordic","Sweden","SEK"
"AAL","ANGLO AMERICAN PLC","Equity","0.35","24.42","15,789.00","385,641.23","385,641.23","Materials","GB00B1XZS820","London Stock Exchange","United Kingdom","GBP"
"STAN","STANDARD CHARTERED PLC","Equity","0.34","8.20","45,330.00","371,532.41","371,532.41","Financials","GB0004082847","London Stock Exchange","United Kingdom","GBP"
"AD","KONINKLIJKE AHOLD DELHAIZE NV","Equity","0.34","20.38","18,185.00","370,519.38","370,519.38","Consumer Staples","NL0011794037","Euronext Amsterdam","Netherlands","EUR"
"VNA","VONOVIA SE","Equity","0.33","44.79","8,153.00","365,172.87","365,172.87","Real Estate","DE000A1ML7J1","Xetra","Germany","EUR"
"LONN","LONZA GROUP AG","Equity","0.33","297.05","1,217.00","361,503.38","361,503.38","Health Care","CH0013841017","Six Swiss Exchange Ag","Switzerland","CHF"
"G","ASSICURAZIONI GENERALI","Equity","0.33","17.10","20,987.00","358,877.70","358,877.70","Financials","IT0000062072","Borsa Italiana","Italy","EUR"
"EOAN","E.ON N","Equity","0.32","9.80","35,962.00","352,427.60","352,427.60","Utilities","DE000ENAG999","Xetra","Germany","EUR"
"BMW","BMW AG","Equity","0.32","67.11","5,235.00","351,320.85","351,320.85","Consumer Discretionary","DE0005190003","Xetra","Germany","EUR"
"NDA SE","NORDEA BANK","Equity","0.32","6.68","52,115.00","348,184.72","348,184.72","Financials","FI4000297767","Nasdaq Omx Nordic","Sweden","SEK"
"KNEBV","KONE","Equity","0.32","52.42","6,614.00","346,705.88","346,705.88","Industrials","FI0009013403","Nasdaq Omx Helsinki Ltd.","Finland","EUR"
"SAMPO","SAMPO","Equity","0.31","42.06","8,150.00","342,789.00","342,789.00","Financials","FI0009003305","Nasdaq Omx Helsinki Ltd.","Finland","EUR"
"IMB","IMPERIAL BRANDS PLC","Equity","0.31","21.81","15,631.00","340,929.79","340,929.79","Consumer Staples","GB0004544929","London Stock Exchange","United Kingdom","GBP"
"LHN","LAFARGEHOLCIM LTD","Equity","0.31","43.63","7,804.00","340,456.59","340,456.59","Materials","CH0012214059","Six Swiss Exchange Ag","Switzerland","CHF"
"DSM","KONINKILIJKE DSM NV","Equity","0.30","112.55","2,964.00","333,598.20","333,598.20","Materials","NL0000009827","Euronext Amsterdam","Netherlands","EUR"
"LSE","LONDON STOCK EXCHANGE GROUP PLC","Equity","0.30","64.46","5,138.00","331,214.81","331,214.81","Financials","GB00B0SWJX34","London Stock Exchange","United Kingdom","GBP"
"ASSA B","ASSA ABLOY B","Equity","0.30","20.35","16,193.00","329,531.86","329,531.86","Industrials","SE0007100581","Nasdaq Omx Nordic","Sweden","SEK"
"DSY","DASSAULT SYSTEMES","Equity","0.30","143.55","2,289.00","328,585.95","328,585.95","Information Technology","FR0000130650","Nyse Euronext - Euronext Paris","France","EUR"
"ML","MICHELIN","Equity","0.30","111.20","2,938.00","326,705.60","326,705.60","Consumer Discretionary","FR0000121261","Nyse Euronext - Euronext Paris","France","EUR"
"INVE B","INVESTOR B","Equity","0.29","43.57","7,442.00","324,255.76","324,255.76","Financials","SE0000107419","Nasdaq Omx Nordic","Sweden","SEK"
"FRE","FRESENIUS SE AND CO KGAA","Equity","0.29","48.13","6,701.00","322,519.13","322,519.13","Health Care","DE0005785604","Xetra","Germany","EUR"
"GIVN","GIVAUDAN SA","Equity","0.29","2,476.73","130.00","321,973.77","321,973.77","Materials","CH0010645932","Six Swiss Exchange Ag","Switzerland","CHF"
"REP","REPSOL SA","Equity","0.29","13.77","23,363.00","321,708.51","321,708.51","Energy","ES0173516115","Bolsa De Madrid","Spain","EUR"
"EQNR","EQUINOR","Equity","0.29","17.78","18,001.00","320,108.56","320,108.56","Energy","NO0010096985","Oslo Bors Asa","Norway","NOK"
"BT.A","BT GROUP PLC","Equity","0.29","2.23","143,221.00","319,564.21","319,564.21","Communication","GB0030913577","London Stock Exchange","United Kingdom","GBP"
"RACE","FERRARI NV","Equity","0.29","148.20","2,134.00","316,258.80","316,258.80","Consumer Discretionary","NL0011585146","Borsa Italiana","Italy","EUR"
"AKZAT","AKZO NOBEL NV","Equity","0.29","84.83","3,721.00","315,652.43","315,652.43","Materials","NL0013267909","Euronext Amsterdam","Netherlands","EUR"
"SIKA","SIKA AG","Equity","0.29","150.59","2,085.00","313,981.76","313,981.76","Materials","CH0418792922","Six Swiss Exchange Ag","Switzerland","CHF"
"RMS","HERMES INTERNATIONAL","Equity","0.28","640.60","488.00","312,612.80","312,612.80","Consumer Discretionary","FR0000052292","Nyse Euronext - Euronext Paris","France","EUR"
"CAP","CAPGEMINI","Equity","0.28","113.80","2,727.00","310,332.60","310,332.60","Information Technology","FR0000125338","Nyse Euronext - Euronext Paris","France","EUR"
"AV.","AVIVA PLC","Equity","0.28","4.85","63,979.00","310,108.89","310,108.89","Financials","GB0002162385","London Stock Exchange","United Kingdom","GBP"
"SGO","COMPAGNIE DE SAINT GOBAIN SA","Equity","0.28","34.55","8,922.00","308,210.49","308,210.49","Industrials","FR0000125007","Nyse Euronext - Euronext Paris","France","EUR"
"RR.","ROLLS-ROYCE HOLDINGS PLC","Equity","0.28","9.73","31,117.00","302,621.86","302,621.86","Industrials","GB00B63H8491","London Stock Exchange","United Kingdom","GBP"
"LGEN","LEGAL AND GENERAL GROUP PLC","Equity","0.27","3.10","97,392.00","301,755.67","301,755.67","Financials","GB0005603997","London Stock Exchange","United Kingdom","GBP"
"ATCO A","ATLAS COPCO CLASS A","Equity","0.27","28.51","10,535.00","300,306.29","300,306.29","Industrials","SE0011166610","Nasdaq Omx Nordic","Sweden","SEK"
"IFX","INFINEON TECHNOLOGIES AG","Equity","0.27","16.15","18,583.00","300,189.78","300,189.78","Information Technology","DE0006231004","Xetra","Germany","EUR"
"GLE","SOCIETE GENERALE SA","Equity","0.27","22.41","13,200.00","295,878.00","295,878.00","Financials","FR0000130809","Nyse Euronext - Euronext Paris","France","EUR"
"URW","WFD UNIBAIL RODAMCO STAPLED UNITS","Equity","0.27","130.10","2,261.00","294,156.10","294,156.10","Real Estate","FR0013326246","Euronext Amsterdam","France","EUR"
"SAND","SANDVIK","Equity","0.27","16.28","17,976.00","292,687.28","292,687.28","Industrials","SE0000667891","Nasdaq Omx Nordic","Sweden","SEK"
"ESSITY B","ESSITY CLASS B","Equity","0.27","27.97","10,431.00","291,789.48","291,789.48","Consumer Staples","SE0009922164","Nasdaq Omx Nordic","Sweden","SEK"
"BA.","BAE SYSTEMS PLC","Equity","0.26","5.55","52,318.00","290,380.76","290,380.76","Industrials","GB0002634946","London Stock Exchange","United Kingdom","GBP"
"WDI","WIRECARD AG","Equity","0.26","153.95","1,877.00","288,964.15","288,964.15","Information Technology","DE0007472060","Xetra","Germany","EUR"
"LR","LEGRAND SA","Equity","0.26","65.22","4,359.00","284,293.98","284,293.98","Industrials","FR0010307819","Nyse Euronext - Euronext Paris","France","EUR"
"SN.","SMITH AND NEPHEW PLC","Equity","0.26","19.54","14,475.00","282,805.50","282,805.50","Health Care","GB0009223206","London Stock Exchange","United Kingdom","GBP"
"WKL","WOLTERS KLUWER NV","Equity","0.26","64.94","4,341.00","281,904.54","281,904.54","Industrials","NL0000395903","Euronext Amsterdam","Netherlands","EUR"
"HEN3","HENKEL & KGAA PREF AG","Equity","0.24","91.12","2,911.00","265,250.32","265,250.32","Consumer Staples","DE0006048432","Xetra","Germany","EUR"
"DSV","DSV","Equity","0.24","86.77","3,039.00","263,697.00","263,697.00","Industrials","DK0060079531","Omx Nordic Exchange Copenhagen A/S","Denmark","DKK"
"KRZ","KERRY GROUP PLC","Equity","0.24","105.60","2,490.00","262,944.00","262,944.00","Consumer Staples","IE0004906560","Irish Stock Exchange - All Market","Ireland","EUR"
"DNB","DNB","Equity","0.24","17.14","15,177.00","260,194.64","260,194.64","Financials","NO0010031479","Oslo Bors Asa","Norway","NOK"
"VWS","VESTAS WIND SYSTEMS","Equity","0.24","79.64","3,250.00","258,839.05","258,839.05","Industrials","DK0010268606","Omx Nordic Exchange Copenhagen A/S","Denmark","DKK"
"KBC","KBC GROEP","Equity","0.23","60.10","4,227.00","254,042.70","254,042.70","Financials","BE0003565737","Nyse Euronext - Euronext Brussels","Belgium","EUR"
"GEBN","GEBERIT AG","Equity","0.23","414.32","605.00","250,661.02","250,661.02","Industrials","CH0030170408","Six Swiss Exchange Ag","Switzerland","CHF"
"FERG","FERGUSON PLC","Equity","0.23","65.56","3,801.00","249,178.32","249,178.32","Industrials","JE00BJVNSS43","London Stock Exchange","United Kingdom","GBP"
"SLHN","SWISS LIFE HOLDING AG","Equity","0.23","443.46","559.00","247,890.58","247,890.58","Financials","CH0014852781","Six Swiss Exchange Ag","Switzerland","CHF"
"FME","FRESENIUS MEDICAL CARE AG & CO KGA","Equity","0.22","70.70","3,477.00","245,823.90","245,823.90","Health Care","DE0005785802","Xetra","Germany","EUR"
"DBK","DEUTSCHE BANK AG","Equity","0.21","7.00","33,768.00","236,443.54","236,443.54","Financials","DE0005140008","Xetra","Germany","EUR"
"FCA","FIAT CHRYSLER AUTOMOBILES NV","Equity","0.21","12.69","18,266.00","231,722.48","231,722.48","Consumer Discretionary","NL0010877643","Borsa Italiana","Italy","EUR"
"WPP","WPP PLC","Equity","0.21","11.06","20,618.00","227,953.13","227,953.13","Communication","JE00B8KF9B49","London Stock Exchange","United Kingdom","GBP"
"ACA","CREDIT AGRICOLE SA","Equity","0.21","11.12","20,485.00","227,793.20","227,793.20","Financials","FR0000045072","Nyse Euronext - Euronext Paris","France","EUR"
"SEB A","SKANDINAVISKA ENSKILDA BANKEN","Equity","0.20","8.52","26,194.00","223,230.73","223,230.73","Financials","SE0000148884","Nasdaq Omx Nordic","Sweden","SEK"
"ORSTED","ORSTED","Equity","0.20","80.47","2,771.00","222,992.11","222,992.11","Utilities","DK0060094928","Omx Nordic Exchange Copenhagen A/S","Denmark","DKK"
"HEXA B","HEXAGON B","Equity","0.20","49.18","4,528.00","222,682.59","222,682.59","Information Technology","SE0000103699","Nasdaq Omx Nordic","Sweden","SEK"
"SHB A","SVENSKA HANDELSBANKEN-A SHS","Equity","0.20","8.98","24,589.00","220,864.59","220,864.59","Financials","SE0007100599","Nasdaq Omx Nordic","Sweden","SEK"
"SSE","SSE PLC","Equity","0.20","12.96","17,033.00","220,779.23","220,779.23","Utilities","GB0007908733","London Stock Exchange","United Kingdom","GBP"
"CON","CONTINENTAL AG","Equity","0.20","124.80","1,765.00","220,272.00","220,272.00","Consumer Discretionary","DE0005439004","Xetra","Germany","EUR"
"PGHN","PARTNERS GROUP HOLDING AG","Equity","0.20","706.69","305.00","215,538.61","215,538.61","Financials","CH0024608827","Six Swiss Exchange Ag","Switzerland","CHF"
"NESTE","NESTE","Equity","0.19","30.56","7,004.00","214,042.24","214,042.24","Energy","FI0009013296","Nasdaq Omx Helsinki Ltd.","Finland","EUR"
"AENA","AENA SME SA","Equity","0.19","177.55","1,201.00","213,237.55","213,237.55","Industrials","ES0105046009","Bolsa De Madrid","Spain","EUR"
"CARL B","CARLSBERG AS CL B","Equity","0.19","122.49","1,726.00","211,421.74","211,421.74","Consumer Staples","DK0010181759","Omx Nordic Exchange Copenhagen A/S","Denmark","DKK"
"TEL","TELENOR","Equity","0.19","18.99","11,066.00","210,118.24","210,118.24","Communication","NO0010063308","Oslo Bors Asa","Norway","NOK"
"SWED A","SWEDBANK","Equity","0.19","13.69","15,093.00","206,581.53","206,581.53","Financials","SE0000242455","Nasdaq Omx Nordic","Sweden","SEK"
"UG","PEUGEOT SA","Equity","0.19","22.03","9,359.00","206,178.77","206,178.77","Consumer Discretionary","FR0000121501","Nyse Euronext - Euronext Paris","France","EUR"
"VIE","VEOLIA ENVIRON. SA","Equity","0.19","22.26","9,245.00","205,793.70","205,793.70","Utilities","FR0000124141","Nyse Euronext - Euronext Paris","France","EUR"
"III","3I GROUP PLC","Equity","0.19","12.98","15,803.00","205,100.35","205,100.35","Financials","GB00B1YW4409","London Stock Exchange","United Kingdom","GBP"
"ADYEN","ADYEN NV","Equity","0.19","657.80","310.00","203,918.00","203,918.00","Information Technology","NL0012969182","Euronext Amsterdam","Netherlands","EUR"
"UPM","UPM-KYMMENE","Equity","0.18","23.32","8,720.00","203,350.40","203,350.40","Materials","FI0009005987","Nasdaq Omx Helsinki Ltd.","Finland","EUR"
"MRK","MERCK","Equity","0.18","95.52","2,112.00","201,738.24","201,738.24","Health Care","DE0006599905","Xetra","Germany","EUR"
"RWE","RWE AG","Equity","0.18","22.87","8,817.00","201,644.79","201,644.79","Utilities","DE0007037129","Xetra","Germany","EUR"
"HM B","HENNES & MAURITZ","Equity","0.18","15.77","12,753.00","201,172.78","201,172.78","Consumer Discretionary","SE0000106270","Nasdaq Omx Nordic","Sweden","SEK"
"COLO B","COLOPLAST B","Equity","0.18","106.09","1,895.00","201,044.57","201,044.57","Health Care","DK0060448595","Omx Nordic Exchange Copenhagen A/S","Denmark","DKK"
"NN","NN GROUP NV","Equity","0.18","36.10","5,517.00","199,163.70","199,163.70","Financials","NL0010773842","Euronext Amsterdam","Netherlands","EUR"
"AHT","ASHTEAD GROUP PLC","Equity","0.18","25.86","7,686.00","198,735.63","198,735.63","Industrials","GB0000536739","London Stock Exchange","United Kingdom","GBP"
"SGSN","SGS SA","Equity","0.18","2,260.89","86.00","194,436.11","194,436.11","Industrials","CH0002497458","Six Swiss Exchange Ag","Switzerland","CHF"
"INF","INFORMA PLC","Equity","0.17","9.31","20,452.00","190,331.04","190,331.04","Communication","GB00BMJ6DW54","London Stock Exchange","United Kingdom","GBP"
"HO","THALES SA","Equity","0.17","108.50","1,728.00","187,488.00","187,488.00","Industrials","FR0000121329","Nyse Euronext - Euronext Paris","France","EUR"
"RBS","ROYAL BANK OF SCOTLAND GROUP PLC","Equity","0.17","2.50","74,851.00","187,284.27","187,284.27","Financials","GB00B7T77214","London Stock Exchange","United Kingdom","GBP"
"FER","FERROVIAL SA","Equity","0.17","23.00","8,060.00","185,380.00","185,380.00","Industrials","ES0118900010","Bolsa De Madrid","Spain","EUR"
"SCMN","SWISSCOM AG","Equity","0.17","444.17","415.00","184,331.83","184,331.83","Communication","CH0008742519","Six Swiss Exchange Ag","Switzerland","CHF"
"RNO","RENAULT SA","Equity","0.17","54.47","3,382.00","184,217.54","184,217.54","Consumer Discretionary","FR0000131906","Nyse Euronext - Euronext Paris","France","EUR"
"IHG","INTERCONTINENTAL HOTELS GROUP PLC","Equity","0.17","59.75","3,067.00","183,251.25","183,251.25","Consumer Discretionary","GB00BHJYC057","London Stock Exchange","United Kingdom","GBP"
"MTX","MTU AERO ENGINES HOLDING AG","Equity","0.17","214.70","850.00","182,495.00","182,495.00","Industrials","DE000A0D9PT0","Xetra","Germany","EUR"
"ATL","ATLANTIA","Equity","0.16","23.72","7,630.00","180,983.60","180,983.60","Industrials","IT0003506190","Borsa Italiana","Italy","EUR"
"DWNI","DEUTSCHE WOHNEN","Equity","0.16","33.60","5,386.00","180,969.60","180,969.60","Real Estate","DE000A0HN5C6","Xetra","Germany","EUR"
"SOON","SONOVA HOLDING AG","Equity","0.16","199.92","898.00","179,526.68","179,526.68","Health Care","CH0012549785","Six Swiss Exchange Ag","Switzerland","CHF"
"TELIA","TELIA COMPANY","Equity","0.16","4.11","43,123.00","177,070.47","177,070.47","Communication","SE0000667925","Nasdaq Omx Nordic","Sweden","SEK"
"SY1","SYMRISE AG","Equity","0.16","84.66","2,085.00","176,516.10","176,516.10","Materials","DE000SYM9999","Xetra","Germany","EUR"
"STM","STMICROELECTRONICS NV","Equity","0.16","16.14","10,792.00","174,182.88","174,182.88","Information Technology","NL0000226223","Borsa Italiana","France","EUR"
"BEI","BEIERSDORF AG","Equity","0.16","108.15","1,606.00","173,688.90","173,688.90","Consumer Staples","DE0005200000","Xetra","Germany","EUR"
"HEI","HEIDELBERGCEMENT AG","Equity","0.15","70.54","2,414.00","170,283.56","170,283.56","Materials","DE0006047004","Xetra","Germany","EUR"
"FTI","TECHNIPFMC PLC","Equity","0.15","22.10","7,634.00","168,711.40","168,711.40","Energy","GB00BDSFG982","Nyse Euronext - Euronext Paris","United States","EUR"
"MRO","MELROSE INDUSTRIES PLC","Equity","0.15","2.11","79,376.00","167,731.61","167,731.61","Industrials","GB00BZ1G4322","London Stock Exchange","United Kingdom","GBP"
"PUB","PUBLICIS GROUPE SA","Equity","0.15","46.90","3,571.00","167,479.90","167,479.90","Communication","FR0000130577","Nyse Euronext - Euronext Paris","France","EUR"
"ITRK","INTERTEK GROUP PLC","Equity","0.15","63.79","2,622.00","167,270.62","167,270.62","Industrials","GB0031638363","London Stock Exchange","United Kingdom","GBP"
"EBS","ERSTE GROUP BANK AG","Equity","0.15","33.69","4,879.00","164,373.51","164,373.51","Financials","AT0000652011","Wiener Boerse Ag","Austria","EUR"
"ACS","ACS ACTIVIDADES DE CONSTRUCCION Y","Equity","0.15","36.58","4,492.00","164,317.36","164,317.36","Industrials","ES0167050915","Bolsa De Madrid","Spain","EUR"
"MT","ARCELORMITTAL SA","Equity","0.15","15.61","10,455.00","163,181.64","163,181.64","Materials","LU1598757687","Euronext Amsterdam","France","EUR"
"ABF","ASSOCIATED BRITISH FOODS PLC","Equity","0.15","27.44","5,884.00","161,453.73","161,453.73","Consumer Staples","GB0006731235","London Stock Exchange","United Kingdom","GBP"
"DANSKE","DANSKE BANK","Equity","0.14","14.04","11,269.00","158,163.79","158,163.79","Financials","DK0010274414","Omx Nordic Exchange Copenhagen A/S","Denmark","DKK"
"EN","BOUYGUES SA","Equity","0.14","32.94","4,765.00","156,959.10","156,959.10","Industrials","FR0000120503","Nyse Euronext - Euronext Paris","France","EUR"
"CA","CARREFOUR SA","Equity","0.14","17.14","9,136.00","156,591.04","156,591.04","Consumer Staples","FR0000120172","Nyse Euronext - Euronext Paris","France","EUR"
"SRG","SNAM","Equity","0.14","4.53","34,494.00","156,223.33","156,223.33","Utilities","IT0003153415","Borsa Italiana","Italy","EUR"
"UCB","UCB SA","Equity","0.14","74.92","2,066.00","154,784.72","154,784.72","Health Care","BE0003739530","Nyse Euronext - Euronext Brussels","Belgium","EUR"
"CNHI","CNH INDUSTRIAL NV","Equity","0.14","9.49","16,298.00","154,668.02","154,668.02","Industrials","NL0010545661","Borsa Italiana","Italy","EUR"
"CABK","CAIXABANK SA","Equity","0.14","2.63","58,636.00","154,329.95","154,329.95","Financials","ES0140609019","Bolsa De Madrid","Spain","EUR"
"ABN","ABN AMRO BANK NV","Equity","0.14","19.64","7,694.00","151,071.69","151,071.69","Financials","NL0011540547","Euronext Amsterdam","Netherlands","EUR"
"WTB","WHITBREAD PLC","Equity","0.14","53.14","2,841.00","150,971.46","150,971.46","Consumer Discretionary","GB00B1KJJ408","London Stock Exchange","United Kingdom","GBP"
"NZYM B","NOVOZYMES B","Equity","0.14","42.07","3,543.00","149,062.51","149,062.51","Materials","DK0060336014","Omx Nordic Exchange Copenhagen A/S","Denmark","DKK"
"BAER","JULIUS BAER GRUPPE AG","Equity","0.13","40.80","3,615.00","147,499.41","147,499.41","Financials","CH0102484968","Six Swiss Exchange Ag","Switzerland","CHF"
"GBP","GBP CASH","Cash","0.13","111.45","129,320.00","144,129.40","144,129.40","Cash and/or Derivatives","-","-","United Kingdom","GBP"
"CSSE","CASH COLLATERAL EUR CSFBI","Cash Collateral and Margins","0.05","100.00","53,000.00","53,000.00","53,000.00","Cash and/or Derivatives","-","-","European Union","EUR"
"CHF","CHF CASH","Cash","0.02","89.93","22,675.00","20,391.83","20,391.83","Cash and/or Derivatives","-","-","Switzerland","CHF"
"IBE.D","IBERDROLA RIGHTS SA","Equity","0.02","0.20","97,403.00","19,675.41","19,675.41","Utilities","ES06445809I8","Bolsa De Madrid","Spain","EUR"
"DKK","DKK CASH","Cash","0.00","13.40","7,356.00","985.64","985.64","Cash and/or Derivatives","-","-","Denmark","DKK"
"USD","USD CASH","Cash","0.00","88.64","566.00","501.64","501.64","Cash and/or Derivatives","-","-","United States","USD"
"NOK","NOK CASH","Cash","0.00","10.39","1,386.00","143.95","143.95","Cash and/or Derivatives","-","-","Norway","NOK"
"SEK","SEK CASH","Cash","0.00","9.51","654.00","62.16","62.16","Cash and/or Derivatives","-","-","Sweden","SEK"
"1700557D","ROLLS-ROYCE HOLDINGS PLC","Equity","0.00","0.00","0.00","0.00","0.00","Industrials","GB00BJ02V944","London Stock Exchange","United Kingdom","GBP"
"-","CARREFOUR SA","Equity","0.00","0.00","9,633.00","0.10","0.10","Consumer Staples","FR0013421039","-","France","EUR"
"-","PUBLICIS GROUPE SA DIVIDEND COUPON","Equity","0.00","0.00","3,571.00","0.04","0.04","Communication","FR0013418555","Nyse Euronext - Euronext Paris","France","EUR"
"SXPU9","STOXX EUR LARGE 200 SEP 19","Futures","0.00","393.30","38.00","0.00","747,270.00","Cash and/or Derivatives","DE000C23QC41","Eurex Deutschland","-","EUR"
"MARGIN_EUR","FUTURES EUR MARGIN BALANCE","Cash Collateral and Margins","0.00","100.00","0.00","0.00","0.00","Cash and/or Derivatives","-","-","European Union","EUR"
 