﻿Fund Holdings as of,"Jul 4, 2019"
 
Issuer Ticker,Name,Asset Class,Weight (%),Price,Shares,Market Value,Notional Value,Sector,ISIN,Exchange,Country,Market Currency
"CPG","COMPASS GROUP PLC","Equity","27.30","21.61","351,422.00","7,594,411.33","7,594,411.33","Consumer Discretionary","GB00BD6K4575","London Stock Exchange","United Kingdom","GBP"
"IHG","INTERCONTINENTAL HOTELS GROUP PLC","Equity","8.91","59.75","41,484.00","2,478,641.94","2,478,641.94","Consumer Discretionary","GB00BHJYC057","London Stock Exchange","United Kingdom","GBP"
"WTB","WHITBREAD PLC","Equity","7.34","53.14","38,429.00","2,042,126.73","2,042,126.73","Consumer Discretionary","GB00B1KJJ408","London Stock Exchange","United Kingdom","GBP"
"SW","SODEXO SA","Equity","7.06","104.20","18,832.00","1,962,294.40","1,962,294.40","Consumer Discretionary","FR0000121220","Nyse Euronext - Euronext Paris","France","EUR"
"AC","ACCOR SA","Equity","6.25","38.79","44,824.00","1,738,722.96","1,738,722.96","Consumer Discretionary","FR0000120404","Nyse Euronext - Euronext Paris","France","EUR"
"CCL","CARNIVAL PLC","Equity","5.19","39.88","36,219.00","1,444,322.42","1,444,322.42","Consumer Discretionary","GB0031215220","London Stock Exchange","United Kingdom","GBP"
"RY4C","RYANAIR HOLDINGS PLC","Equity","4.94","10.98","125,205.00","1,375,376.92","1,375,376.92","Industrials","IE00BYTBXV33","Irish Stock Exchange - All Market","Ireland","EUR"
"FLTR","FLUTTER ENTERTAINMENT PLC","Equity","4.88","76.66","17,714.00","1,357,955.24","1,357,955.24","Consumer Discretionary","IE00BWT6H894","Irish Stock Exchange - All Market","Ireland","EUR"
"IAG","INTERNATIONAL AIRLINES GROUP SA","Equity","4.04","5.10","220,159.00","1,123,064.55","1,123,064.55","Industrials","ES0177542018","London Stock Exchange","Spain","GBP"
"GVC","GVC HOLDINGS PLC","Equity","3.53","7.62","128,735.00","980,812.64","980,812.64","Consumer Discretionary","IM00B5VQMV65","London Stock Exchange","United Kingdom","GBP"
"TUI","TUI AG","Equity","3.09","8.82","97,570.00","860,379.28","860,379.28","Consumer Discretionary","DE000TUAG000","London Stock Exchange","United Kingdom","GBP"
"LHA","DEUTSCHE LUFTHANSA AG","Equity","2.91","15.37","52,579.00","808,139.23","808,139.23","Industrials","DE0008232125","Xetra","Germany","EUR"
"MERL","MERLIN ENTERTAINMENT GROUP PLC","Equity","2.87","5.00","159,559.00","798,107.73","798,107.73","Consumer Discretionary","GB00BDZT6P94","London Stock Exchange","United Kingdom","GBP"
"SSPG","SSP GROUP PLC","Equity","2.71","7.66","98,442.00","753,745.14","753,745.14","Consumer Discretionary","GB00BGBN7C04","London Stock Exchange","United Kingdom","GBP"
"CINE","CINEWORLD GROUP PLC","Equity","2.23","2.84","218,748.00","620,711.58","620,711.58","Communication","GB00B15FWH70","London Stock Exchange","United Kingdom","GBP"
"EZJ","EASYJET PLC","Equity","1.78","11.30","43,948.00","496,421.10","496,421.10","Industrials","GB00B7KR2P84","London Stock Exchange","United Kingdom","GBP"
"GNK","GREENE KING PLC","Equity","1.72","6.99","68,600.00","479,684.84","479,684.84","Consumer Discretionary","GB00B0HZP136","London Stock Exchange","United Kingdom","GBP"
"AF","AIR FRANCE-KLM SA","Equity","1.67","8.85","52,653.00","465,873.74","465,873.74","Industrials","FR0000031122","Nyse Euronext - Euronext Paris","France","EUR"
"EUR","EUR CASH","Cash","0.93","100.00","258,191.00","258,190.63","258,190.63","Cash and/or Derivatives","-","-","European Union","EUR"
"GBP","GBP CASH","Cash","0.48","111.45","118,614.00","132,197.05","132,197.05","Cash and/or Derivatives","-","-","United Kingdom","GBP"
"CSSE","CASH COLLATERAL EUR CSFBI","Cash Collateral and Margins","0.15","100.00","43,000.00","43,000.00","43,000.00","Cash and/or Derivatives","-","-","European Union","EUR"
"QOU9","STOXX 600 TRVL SEP 19","Futures","0.00","234.60","37.00","0.00","434,010.00","Cash and/or Derivatives","DE000C23QD16","Eurex Deutschland","European Union","EUR"
"MARGIN_EUR","FUTURES EUR MARGIN BALANCE","Cash Collateral and Margins","0.00","100.00","0.00","0.00","0.00","Cash and/or Derivatives","-","-","European Union","EUR"
"SEK","SEK CASH","Cash","0.00","9.51","-515.00","-48.91","-48.91","Cash and/or Derivatives","-","-","Sweden","SEK"
 