﻿Fund Holdings as of,"Jul 4, 2019"
 
Issuer Ticker,Name,Asset Class,Weight (%),Price,Shares,Market Value,Notional Value,Sector,ISIN,Exchange,Country,Market Currency
"SAP","SAP","Equity","7.71","123.76","133,705.00","16,547,330.80","16,547,330.80","Information Technology","DE0007164600","Xetra","Germany","EUR"
"FP","TOTAL SA","Equity","7.20","49.45","312,370.00","15,448,258.35","15,448,258.35","Energy","FR0000120271","Nyse Euronext - Euronext Paris","France","EUR"
"UNA","UNILEVER NV","Equity","5.43","54.94","211,939.00","11,643,928.66","11,643,928.66","Consumer Staples","NL0000388619","Euronext Amsterdam","Netherlands","EUR"
"ALV","ALLIANZ","Equity","5.31","217.20","52,492.00","11,401,262.40","11,401,262.40","Financials","DE0008404005","Xetra","Germany","EUR"
"SIE","SIEMENS N AG","Equity","5.17","105.54","105,124.00","11,094,786.96","11,094,786.96","Industrials","DE0007236101","Xetra","Germany","EUR"
"SAN","BANCO SANTANDER SA","Equity","3.95","4.22","2,008,410.00","8,470,469.18","8,470,469.18","Financials","ES0113900J37","Bolsa De Madrid","Spain","EUR"
"IBE","IBERDROLA SA","Equity","3.09","8.73","758,204.00","6,620,637.33","6,620,637.33","Utilities","ES0144580Y14","Bolsa De Madrid","Spain","EUR"
"BN","DANONE SA","Equity","2.81","75.68","79,656.00","6,028,366.08","6,028,366.08","Consumer Staples","FR0000120644","Nyse Euronext - Euronext Paris","France","EUR"
"ADS","ADIDAS N AG","Equity","2.80","278.25","21,563.00","5,999,904.75","5,999,904.75","Consumer Discretionary","DE000A1EWWW0","Xetra","Germany","EUR"
"CS","AXA SA","Equity","2.69","23.73","243,146.00","5,769,854.58","5,769,854.58","Financials","FR0000120628","Nyse Euronext - Euronext Paris","France","EUR"
"SU","SCHNEIDER ELECTRIC","Equity","2.50","81.00","66,141.00","5,357,421.00","5,357,421.00","Industrials","FR0000121972","Nyse Euronext - Euronext Paris","France","EUR"
"INGA","ING GROEP NV","Equity","2.34","10.41","482,040.00","5,017,072.32","5,017,072.32","Financials","NL0011821202","Euronext Amsterdam","Netherlands","EUR"
"KER","KERING SA","Equity","2.26","527.10","9,207.00","4,853,009.70","4,853,009.70","Consumer Discretionary","FR0000121485","Nyse Euronext - Euronext Paris","France","EUR"
"PHIA","KONINKLIJKE PHILIPS NV","Equity","2.11","39.60","114,592.00","4,537,843.20","4,537,843.20","Health Care","NL0000009538","Euronext Amsterdam","Netherlands","EUR"
"BBVA","BANCO BILBAO VIZCAYA ARGENTARIA SA","Equity","1.96","5.09","825,000.00","4,196,775.00","4,196,775.00","Financials","ES0113211835","Bolsa De Madrid","Spain","EUR"
"MUV2","MUENCHENER RUECKVERSICHERUNGS-GESE","Equity","1.89","227.70","17,842.00","4,062,623.40","4,062,623.40","Financials","DE0008430026","Xetra","Germany","EUR"
"ISP","INTESA SANPAOLO","Equity","1.84","2.03","1,949,535.00","3,949,757.91","3,949,757.91","Financials","IT0000072618","Borsa Italiana","Italy","EUR"
"AMS","AMADEUS IT GROUP SA","Equity","1.81","71.40","54,298.00","3,876,877.20","3,876,877.20","Information Technology","ES0109067019","Bolsa De Madrid","Spain","EUR"
"EL","ESSILORLUXOTTICA SA","Equity","1.72","114.40","32,171.00","3,680,362.40","3,680,362.40","Consumer Discretionary","FR0000121667","Nyse Euronext - Euronext Paris","France","EUR"
"ITX","INDUSTRIA DE DISENO TEXTIL INDITEX","Equity","1.65","27.08","131,118.00","3,550,675.44","3,550,675.44","Consumer Discretionary","ES0148396007","Bolsa De Madrid","Spain","EUR"
"ENGI","ENGIE SA","Equity","1.46","13.83","226,831.00","3,137,072.73","3,137,072.73","Utilities","FR0010208488","Nyse Euronext - Euronext Paris","France","EUR"
"NOKIA","NOKIA","Equity","1.46","4.50","696,882.00","3,133,878.35","3,133,878.35","Information Technology","FI0009000681","Nasdaq Omx Helsinki Ltd.","Finland","EUR"
"DB1","DEUTSCHE BOERSE AG","Equity","1.42","129.80","23,509.00","3,051,468.20","3,051,468.20","Financials","DE0005810055","Xetra","Germany","EUR"
"CRG","CRH PLC","Equity","1.40","30.27","99,519.00","3,012,440.13","3,012,440.13","Materials","IE0001827041","Irish Stock Exchange - All Market","Ireland","EUR"
"AD","KONINKLIJKE AHOLD DELHAIZE NV","Equity","1.39","20.38","146,489.00","2,984,713.38","2,984,713.38","Consumer Staples","NL0011794037","Euronext Amsterdam","Netherlands","EUR"
"BMW","BMW AG","Equity","1.23","67.11","39,487.00","2,649,972.57","2,649,972.57","Consumer Discretionary","DE0005190003","Xetra","Germany","EUR"
"DSM","KONINKILIJKE DSM NV","Equity","1.18","112.55","22,452.00","2,526,972.60","2,526,972.60","Materials","NL0000009827","Euronext Amsterdam","Netherlands","EUR"
"AKZAT","AKZO NOBEL NV","Equity","1.11","84.83","28,172.00","2,389,830.76","2,389,830.76","Materials","NL0013267909","Euronext Amsterdam","Netherlands","EUR"
"SGO","COMPAGNIE DE SAINT GOBAIN SA","Equity","1.09","34.55","67,613.00","2,335,691.08","2,335,691.08","Industrials","FR0000125007","Nyse Euronext - Euronext Paris","France","EUR"
"IFX","INFINEON TECHNOLOGIES AG","Equity","1.05","16.15","139,583.00","2,254,823.78","2,254,823.78","Information Technology","DE0006231004","Xetra","Germany","EUR"
"GLE","SOCIETE GENERALE SA","Equity","0.98","22.41","93,689.00","2,100,038.94","2,100,038.94","Financials","FR0000130809","Nyse Euronext - Euronext Paris","France","EUR"
"FME","FRESENIUS MEDICAL CARE AG & CO KGA","Equity","0.86","70.70","26,228.00","1,854,319.60","1,854,319.60","Health Care","DE0005785802","Xetra","Germany","EUR"
"DBK","DEUTSCHE BANK AG","Equity","0.77","7.00","235,430.00","1,648,480.86","1,648,480.86","Financials","DE0005140008","Xetra","Germany","EUR"
"VIE","VEOLIA ENVIRON. SA","Equity","0.72","22.26","69,623.00","1,549,807.98","1,549,807.98","Utilities","FR0000124141","Nyse Euronext - Euronext Paris","France","EUR"
"UPM","UPM-KYMMENE","Equity","0.72","23.32","65,877.00","1,536,251.64","1,536,251.64","Materials","FI0009005987","Nasdaq Omx Helsinki Ltd.","Finland","EUR"
"UG","PEUGEOT SA","Equity","0.71","22.03","69,455.00","1,530,093.65","1,530,093.65","Consumer Discretionary","FR0000121501","Nyse Euronext - Euronext Paris","France","EUR"
"NESTE","NESTE","Equity","0.68","30.56","47,627.00","1,455,481.12","1,455,481.12","Energy","FI0009013296","Nasdaq Omx Helsinki Ltd.","Finland","EUR"
"CCEP","COCA COLA EUROPEAN PARTNERS PLC","Equity","0.67","51.31","28,171.00","1,445,505.40","1,445,505.40","Consumer Staples","GB00BDCPN049","New York Stock Exchange Inc.","Netherlands","USD"
"NN","NN GROUP NV","Equity","0.63","36.10","37,722.00","1,361,764.20","1,361,764.20","Financials","NL0010773842","Euronext Amsterdam","Netherlands","EUR"
"EDEN","EDENRED SA","Equity","0.63","45.68","29,627.00","1,353,361.36","1,353,361.36","Industrials","FR0010908533","Nyse Euronext - Euronext Paris","France","EUR"
"FER","FERROVIAL SA","Equity","0.63","23.00","58,610.00","1,348,030.00","1,348,030.00","Industrials","ES0118900010","Bolsa De Madrid","Spain","EUR"
"STM","STMICROELECTRONICS NV","Equity","0.62","16.14","82,299.00","1,328,305.86","1,328,305.86","Information Technology","NL0000226223","Borsa Italiana","France","EUR"
"CA","CARREFOUR SA","Equity","0.55","17.14","69,405.00","1,189,601.70","1,189,601.70","Consumer Staples","FR0000120172","Nyse Euronext - Euronext Paris","France","EUR"
"CABK","CAIXABANK SA","Equity","0.55","2.63","444,590.00","1,170,160.88","1,170,160.88","Financials","ES0140609019","Bolsa De Madrid","Spain","EUR"
"CNHI","CNH INDUSTRIAL NV","Equity","0.54","9.49","123,098.00","1,168,200.02","1,168,200.02","Industrials","NL0010545661","Borsa Italiana","Italy","EUR"
"SW","SODEXO SA","Equity","0.53","104.20","10,954.00","1,141,406.80","1,141,406.80","Consumer Discretionary","FR0000121220","Nyse Euronext - Euronext Paris","France","EUR"
"NTGY","NATURGY ENERGY SA","Equity","0.50","24.05","44,619.00","1,073,086.95","1,073,086.95","Utilities","ES0116870314","Bolsa De Madrid","Spain","EUR"
"EDP","EDP ENERGIAS DE PORTUGAL SA","Equity","0.48","3.41","302,242.00","1,030,342.98","1,030,342.98","Utilities","PTEDP0AM0009","Nyse Euronext - Euronext Lisbon","Portugal","EUR"
"TRN","TERNA RETE ELETTRICA NAZIONALE","Equity","0.47","5.84","173,562.00","1,014,296.33","1,014,296.33","Utilities","IT0003242622","Borsa Italiana","Italy","EUR"
"ABN","ABN AMRO BANK NV","Equity","0.47","19.64","51,247.00","1,006,234.85","1,006,234.85","Financials","NL0011540547","Euronext Amsterdam","Netherlands","EUR"
"REE","RED ELECTRICA SA","Equity","0.46","18.58","53,487.00","993,788.46","993,788.46","Utilities","ES0173093024","Bolsa De Madrid","Spain","EUR"
"ATO","ATOS","Equity","0.43","77.00","11,909.00","916,993.00","916,993.00","Information Technology","FR0000051732","Nyse Euronext - Euronext Paris","France","EUR"
"GFC","GECINA REIT SA","Equity","0.42","133.20","6,793.00","904,827.60","904,827.60","Real Estate","FR0010040865","Nyse Euronext - Euronext Paris","France","EUR"
"ALO","ALSTOM SA","Equity","0.39","41.78","20,008.00","835,934.24","835,934.24","Industrials","FR0010220475","Nyse Euronext - Euronext Paris","France","EUR"
"FR","VALEO SA","Equity","0.37","26.74","29,768.00","795,996.32","795,996.32","Consumer Discretionary","FR0013176526","Nyse Euronext - Euronext Paris","France","EUR"
"LI","KLEPIERRE REIT SA","Equity","0.36","30.85","25,153.00","775,970.05","775,970.05","Real Estate","FR0000121964","Nyse Euronext - Euronext Paris","France","EUR"
"RAND","RANDSTAD HOLDING","Equity","0.35","48.87","15,425.00","753,819.75","753,819.75","Industrials","NL0000379121","Euronext Amsterdam","Netherlands","EUR"
"GALP","GALP ENERGIA SGPS SA","Equity","0.35","13.33","56,415.00","752,011.95","752,011.95","Energy","PTGAL0AM0009","Nyse Euronext - Euronext Lisbon","Portugal","EUR"
"COV","COVIVIO SA","Equity","0.34","94.30","7,703.00","726,392.90","726,392.90","Real Estate","FR0000064578","Nyse Euronext - Euronext Paris","France","EUR"
"EUR","EUR CASH","Cash","0.34","100.00","722,588.00","722,588.28","722,588.28","Cash and/or Derivatives","-","-","European Union","EUR"
"WRT1V","WARTSILA","Equity","0.33","12.70","56,491.00","717,153.24","717,153.24","Industrials","FI0009003727","Nasdaq Omx Helsinki Ltd.","Finland","EUR"
"SEV","SUEZ SA","Equity","0.32","13.14","52,568.00","690,480.68","690,480.68","Utilities","FR0010613471","Nyse Euronext - Euronext Paris","France","EUR"
"ADP","AEROPORTS DE PARIS SA","Equity","0.30","158.60","4,056.00","643,281.60","643,281.60","Industrials","FR0010340141","Nyse Euronext - Euronext Paris","France","EUR"
"LXS","LANXESS AG","Equity","0.28","52.96","11,353.00","601,254.88","601,254.88","Materials","DE0005470405","Xetra","Germany","EUR"
"ING","INGENICO GROUP SA","Equity","0.28","76.20","7,830.00","596,646.00","596,646.00","Information Technology","FR0000125346","Nyse Euronext - Euronext Paris","France","EUR"
"BKT","BANKINTER SA","Equity","0.23","6.38","78,945.00","503,669.10","503,669.10","Financials","ES0113679I37","Bolsa De Madrid","Spain","EUR"
"EVK","EVONIK INDUSTRIES AG","Equity","0.22","25.98","18,510.00","480,889.80","480,889.80","Materials","DE000EVNK013","Xetra","Germany","EUR"
"SBMO","SBM OFFSHORE NV","Equity","0.21","17.41","25,543.00","444,703.63","444,703.63","Energy","NL0000360618","Euronext Amsterdam","Netherlands","EUR"
"TYRES","NOKIAN RENKAAT","Equity","0.20","27.72","15,427.00","427,636.44","427,636.44","Consumer Discretionary","FI0009005318","Nasdaq Omx Helsinki Ltd.","Finland","EUR"
"KESKOB","KESKO CLASS B","Equity","0.20","50.40","8,432.00","424,972.80","424,972.80","Consumer Staples","FI0009000202","Nasdaq Omx Helsinki Ltd.","Finland","EUR"
"SGRE","SIEMENS GAMESA RENEWABLE ENERGY SA","Equity","0.20","15.04","27,926.00","420,007.04","420,007.04","Industrials","ES0143416115","Bolsa De Madrid","Spain","EUR"
"RXL","REXEL SA","Equity","0.19","10.98","37,497.00","411,529.58","411,529.58","Industrials","FR0010451203","Nyse Euronext - Euronext Paris","France","EUR"
"ENG","ENAGAS SA","Equity","0.18","22.50","17,531.00","394,447.50","394,447.50","Utilities","ES0130960018","Bolsa De Madrid","Spain","EUR"
"VALMT","VALMET","Equity","0.18","23.14","16,627.00","384,748.78","384,748.78","Industrials","FI4000074984","Nasdaq Omx Helsinki Ltd.","Finland","EUR"
"LIGHT","SIGNIFY NV","Equity","0.16","26.74","13,082.00","349,812.68","349,812.68","Industrials","NL0011821392","Euronext Amsterdam","Netherlands","EUR"
"SPM","SAIPEM","Equity","0.14","4.31","71,704.00","309,331.06","309,331.06","Energy","IT0005252140","Borsa Italiana","Italy","EUR"
"B4B","METRO AG","Equity","0.13","15.97","17,049.00","272,187.28","272,187.28","Consumer Staples","DE000BFB0019","Xetra","Germany","EUR"
"HOT","HOCHTIEF AG","Equity","0.13","109.60","2,463.00","269,944.80","269,944.80","Industrials","DE0006070006","Xetra","Germany","EUR"
"PIRC","PIRELLI & C","Equity","0.11","5.34","46,092.00","246,315.65","246,315.65","Consumer Discretionary","IT0005278236","Borsa Italiana","Italy","EUR"
"AF","AIR FRANCE-KLM SA","Equity","0.11","8.85","26,692.00","236,170.82","236,170.82","Industrials","FR0000031122","Nyse Euronext - Euronext Paris","France","EUR"
"SOP","SOPRA STERIA GROUP","Equity","0.09","101.80","1,902.00","193,623.60","193,623.60","Information Technology","FR0000050809","Nyse Euronext - Euronext Paris","France","EUR"
"IBE.D","IBERDROLA RIGHTS SA","Equity","0.07","0.20","758,204.00","153,157.21","153,157.21","Utilities","ES06445809I8","Bolsa De Madrid","Spain","EUR"
"TFI","TELEVISION FRANCAISE SA","Equity","0.06","9.25","12,887.00","119,204.75","119,204.75","Communication","FR0000054900","Nyse Euronext - Euronext Paris","France","EUR"
"WHA","WERELDHAVE NV","Equity","0.05","23.50","5,011.00","117,758.50","117,758.50","Real Estate","NL0000289213","Euronext Amsterdam","Netherlands","EUR"
"PNL","POSTNL NV","Equity","0.04","1.59","57,418.00","91,438.17","91,438.17","Industrials","NL0009739416","Euronext Amsterdam","Netherlands","EUR"
"USD","USD CASH","Cash","0.00","88.64","9,137.00","8,098.48","8,098.48","Cash and/or Derivatives","-","-","United States","USD"
"-","CARREFOUR SA","Equity","0.00","0.00","66,582.00","0.67","0.67","Consumer Staples","FR0013421039","-","France","EUR"
"-","INGENICO GROUP SA COUPON","Equity","0.00","0.00","7,610.00","0.08","0.08","Other","FR0013419249","-","France","EUR"
 