﻿iShares Currency Hedged MSCI Australia ETF
Inception Date,"Jun 29, 2015"
Fund Holdings as of,"Jul 3, 2019"
Total Net Assets,"1,317,033.31"
Shares Outstanding,"50,000.00"
Stock,"-"
Bond,"-"
Cash,"-"
Other,"-"
 
Issuer Ticker,Name,Asset Class,Price,Market Value,Sector,SEDOL,ISIN,Country,Currency
"EWA","ISHARES MSCI AUSTRALIA ETF INC","Equity","22.77","1,325,100.15","Financials","2373658","US4642861037","United States","USD"
"XTSLA","BLK CSH FND TREASURY SL AGENCY","Money Market","1.00","652.77","Cash and/or Derivatives","-","US0669224778","United States","USD"
"AUD","AUD/USD","Forwards","1.00","161.62","Cash and/or Derivatives","-","-","United States","USD"
"USD","USD CASH","Cash","100.00","16.48","Cash and/or Derivatives","-","-","United States","USD"
"AUD","AUD/USD","Forwards","1.00","-14.67","Cash and/or Derivatives","-","-","United States","USD"
"AUD","AUD/USD","Forwards","1.00","-18.58","Cash and/or Derivatives","-","-","United States","USD"
"AUD","AUD/USD","Forwards","1.00","-8,087.66","Cash and/or Derivatives","-","-","United States","USD"
 
iShares Currency Hedged MSCI Australia ETF
Inception Date,"Jun 29, 2015"
Fund Holdings as of,"Jul 3, 2019"
Total Net Assets,"1,317,033.31"
Shares Outstanding,"50,000.00"
Stock,"-"
Bond,"-"
Cash,"-"
Other,"-"
 
Ticker,Name,Asset Class,Sector,Country,Market Value,Price,ISIN,SEDOL,Currency
"CBA","COMMONWEALTH BANK OF AUSTRALIA","Equity","Financials","Australia","132,006.48","56.92","AU000000CBA7","6215035","USD"
"BHP","BHP GROUP LTD","Equity","Materials","Australia","114,219.13","29.59","AU000000BHP4","6144690","USD"
"CSL","CSL LTD","Equity","Health Care","Australia","90,666.67","152.76","AU000000CSL8","6185495","USD"
"WBC","WESTPAC BANKING CORP","Equity","Financials","Australia","88,631.31","19.62","AU000000WBC1","6076146","USD"
"ANZ","AUSTRALIA AND NEW ZEALAND BANKING","Equity","Financials","Australia","73,153.35","19.54","AU000000ANZ3","6065586","USD"
"NAB","NATIONAL AUSTRALIA BANK LTD","Equity","Financials","Australia","68,122.74","18.72","AU000000NAB4","6624608","USD"
"WOW","WOOLWORTHS GROUP LTD","Equity","Consumer Staples","Australia","39,246.29","23.78","AU000000WOW2","6981239","USD"
"WES","WESFARMERS LTD","Equity","Consumer Discretionary","Australia","38,057.54","25.60","AU000000WES1","6948836","USD"
"MQG","MACQUARIE GROUP LTD DEF","Equity","Financials","Australia","37,948.22","89.53","AU000000MQG1","B28YTC2","USD"
"TCL","TRANSURBAN GROUP STAPLED UNITS","Equity","Industrials","Australia","37,152.63","10.59","AU000000TCL6","6200882","USD"
"RIO","RIO TINTO LTD","Equity","Materials","Australia","36,623.52","75.27","AU000000RIO1","6220103","USD"
"WPL","WOODSIDE PETROLEUM LTD","Equity","Energy","Australia","30,979.12","25.21","AU000000WPL2","6979728","USD"
"GMG","GOODMAN GROUP UNITS","Equity","Real Estate","Australia","23,533.91","10.99","AU000000GMG2","B03FYZ4","USD"
"NCM","NEWCREST MINING LTD","Equity","Materials","Australia","22,645.30","22.50","AU000000NCM7","6637101","USD"
"SCG","SCENTRE GROUP","Equity","Real Estate","Australia","19,530.52","2.80","AU000000SCG8","BLZH0Z7","USD"
"BXB","BRAMBLES LTD","Equity","Industrials","Australia","18,737.71","8.96","AU000000BXB1","B1FJ0C0","USD"
"IAG","INSURANCE AUSTRALIA GROUP LTD","Equity","Financials","Australia","18,115.05","5.98","AU000000IAG3","6271026","USD"
"SUN","SUNCORP GROUP LTD","Equity","Financials","Australia","16,391.89","9.62","AU000000SUN6","6585084","USD"
"ALL","ARISTOCRAT LEISURE LTD","Equity","Consumer Discretionary","Australia","15,741.53","20.96","AU000000ALL7","6253983","USD"
"S32","SOUTH32 LTD","Equity","Materials","Australia","15,276.02","2.31","AU000000S320","BWSW5D9","USD"
"ASX","ASX LTD","Equity","Financials","Australia","15,119.00","59.48","AU000000ASX7","6129222","USD"
"TLS","TELSTRA CORPORATION LTD","Equity","Communication","Australia","14,757.91","2.71","AU000000TLS2","6087289","USD"
"QBE","QBE INSURANCE GROUP LTD","Equity","Financials","Australia","14,455.25","8.33","AU000000QBE9","6715740","USD"
"COL","COLES GROUP LTD","Equity","Consumer Staples","Australia","14,219.25","9.60","AU0000030678","BYWR0T5","USD"
"DXS","DEXUS STAPLED UNITS","Equity","Real Estate","Australia","13,610.90","9.49","AU000000DXS1","B033YN6","USD"
"AGL","AGL ENERGY LTD","Equity","Utilities","Australia","12,552.81","14.65","AU000000AGL7","BSS7GP5","USD"
"APA","APA GROUP UNITS","Equity","Utilities","Australia","12,112.74","7.86","AU000000APA1","6247306","USD"
"ORG","ORIGIN ENERGY LTD","Equity","Energy","Australia","12,006.47","5.22","AU000000ORG5","6214861","USD"
"FMG","FORTESCUE METALS GROUP LTD","Equity","Materials","Australia","11,970.16","6.61","AU000000FMG4","6086253","USD"
"MGR","MIRVAC GROUP STAPLED UNITS","Equity","Real Estate","Australia","11,523.07","2.26","AU000000MGR9","6161978","USD"
"COH","COCHLEAR LTD","Equity","Health Care","Australia","11,424.88","151.49","AU000000COH5","6211798","USD"
"SHL","SONIC HEALTHCARE LTD","Equity","Health Care","Australia","11,284.95","19.20","AU000000SHL7","6821120","USD"
"STO","SANTOS LTD","Equity","Energy","Australia","11,224.66","4.85","AU000000STO6","6776703","USD"
"GPT","GPT GROUP STAPLED UNITS","Equity","Real Estate","Australia","11,212.73","4.42","AU000000GPT8","6365866","USD"
"TWE","TREASURY WINE ESTATES LTD","Equity","Consumer Staples","Australia","10,195.19","10.86","AU000000TWE9","B61JC67","USD"
"AUD","AUD CASH","Cash","Cash and/or Derivatives","Australia","10,141.52","70.32","-","-","USD"
"AZJ","AURIZON HOLDINGS LTD","Equity","Industrials","Australia","10,015.24","3.85","AU000000AZJ1","B87CVM3","USD"
"SGP","STOCKLAND STAPLED UNITS LTD","Equity","Real Estate","Australia","9,592.53","3.05","AU000000SGP0","6850856","USD"
"RHC","RAMSAY HEALTH CARE LTD","Equity","Health Care","Australia","9,452.73","51.15","AU000000RHC8","6041995","USD"
"MPL","MEDIBANK PRIVATE LTD","Equity","Financials","Australia","8,856.04","2.46","AU000000MPL3","BRTNNQ5","USD"
"OSH","OIL SEARCH LTD","Equity","Energy","Australia","8,764.48","4.89","PG0008579883","6657604","USD"
"TAH","TABCORP HOLDINGS LTD","Equity","Consumer Discretionary","Australia","8,417.57","3.20","AU000000TAH8","6873262","USD"
"SYD","SYDNEY AIRPORT STAPLED UNITS LTD","Equity","Industrials","Australia","8,285.45","5.74","AU000000SYD9","B70DWB2","USD"
"VCX","VICINITY CENTRES","Equity","Real Estate","Australia","7,714.87","1.81","AU000000VCX7","BY7QXS7","USD"
"JHX","JAMES HARDIE INDUSTRIES CDI PLC","Equity","Materials","Australia","7,539.69","13.05","AU000000JHX1","B60QWJ2","USD"
"CPU","COMPUTERSHARE LTD","Equity","Information Technology","Australia","7,521.00","11.78","AU000000CPU5","6180412","USD"
"ORI","ORICA LTD","Equity","Materials","Australia","7,222.46","14.55","AU000000ORI1","6458001","USD"
"LLC","LENDLEASE GROUP STAPLED UNITS","Equity","Real Estate","Australia","7,117.78","9.66","AU000000LLC3","6512004","USD"
"SEK","SEEK LTD","Equity","Industrials","Australia","6,647.10","15.26","AU000000SEK6","B0767Y3","USD"
"BSL","BLUESCOPE STEEL LTD","Equity","Materials","Australia","5,910.21","8.48","AU000000BSL0","6533232","USD"
"AMP","AMP LTD","Equity","Financials","Australia","5,854.42","1.53","AU000000AMP6","6709958","USD"
"CTX","CALTEX AUSTRALIA LTD","Equity","Energy","Australia","5,701.11","17.50","AU000000CTX1","6161503","USD"
"BLD","BORAL LTD","Equity","Materials","Australia","5,685.47","3.71","AU000000BLD2","6218670","USD"
"AWC","ALUMINA LTD","Equity","Materials","Australia","5,394.88","1.69","AU000000AWC3","6954985","USD"
"BEN","BENDIGO AND ADELAIDE BANK LTD","Equity","Financials","Australia","5,092.76","8.00","AU000000BEN6","6091280","USD"
"IPL","INCITEC PIVOT LTD","Equity","Materials","Australia","4,998.94","2.38","AU000000IPL1","6673042","USD"
"CCL","COCA-COLA AMATIL LTD","Equity","Consumer Staples","Australia","4,801.90","7.26","AU000000CCL2","6123451","USD"
"REA","REA GROUP LTD","Equity","Communication","Australia","4,725.31","68.70","AU000000REA9","6198578","USD"
"WOR","WORLEYPARSONS LTD","Equity","Energy","Australia","4,523.23","10.74","AU000000WOR2","6562474","USD"
"CWN","CROWN RESORTS LTD","Equity","Consumer Discretionary","Australia","4,327.38","8.90","AU000000CWN6","B29LCJ0","USD"
"CIM","CIMIC GROUP LTD","Equity","Industrials","Australia","4,155.78","32.72","AU000000CIM7","BX17Q13","USD"
"BOQ","BANK OF QUEENSLAND LTD","Equity","Financials","Australia","3,549.94","6.62","AU000000BOQ8","6076243","USD"
"CGF","CHALLENGER LTD","Equity","Financials","Australia","3,435.32","4.78","AU000000CGF5","6726300","USD"
"AST","AUSNET SERVICES","Equity","Utilities","Australia","3,288.90","1.35","AU000000AST5","BPXR7J0","USD"
"SOL","WASHINGTON H SOUL PATTINSON & COMP","Equity","Energy","Australia","2,478.60","15.49","AU000000SOL3","6821807","USD"
"TPM","TPG TELECOM LTD","Equity","Communication","Australia","2,334.03","4.70","AU000000TPM6","6351876","USD"
"FLT","FLIGHT CENTRE TRAVEL GROUP LTD","Equity","Consumer Discretionary","Australia","2,220.87","30.22","AU000000FLT9","6352147","USD"
"DMP","DOMINOS PIZZA ENTERPRISES LTD","Equity","Consumer Discretionary","Australia","2,179.26","27.11","AU000000DMP0","B07SFG7","USD"
"HVN","HARVEY NORMAN HOLDINGS LTD","Equity","Consumer Discretionary","Australia","1,974.27","2.83","AU000000HVN7","6173508","USD"
"XTSLA","BLK CSH FND TREASURY SL AGENCY","Money Market","Cash and/or Derivatives","United States","1,160.02","1.00","US0669224778","-","USD"
"UBFUT","CASH COLLATERAL AUD UBFUT","Cash Collateral and Margins","Cash and/or Derivatives","Australia","482.47","70.32","-","-","USD"
"AUD","AUD/USD","Forwards","Cash and/or Derivatives","United States","161.62","1.00","-","-","USD"
"3357358Z","BGP HOLDINGS PLC - UNLISTED Prvt","Equity","Financials","Malta","0.13","0.00","MV3357358ZDD","9933572","USD"
"XPU9","SPI 200 SEP 19","Futures","Cash and/or Derivatives","-","0.00","4,656.97","-","-","USD"
"AUD","AUD/USD","Forwards","Cash and/or Derivatives","United States","-14.67","1.00","-","-","USD"
"AUD","AUD/USD","Forwards","Cash and/or Derivatives","United States","-18.58","1.00","-","-","USD"
"USD","USD CASH","Cash","Cash and/or Derivatives","United States","-242.97","100.00","-","-","USD"
"AUD","AUD/USD","Forwards","Cash and/or Derivatives","United States","-8,087.66","1.00","-","-","USD"
 