﻿iShares Currency Hedged MSCI Italy ETF
Inception Date,"Jun 29, 2015"
Fund Holdings as of,"Jul 3, 2019"
Total Net Assets,"1,737,447.96"
Shares Outstanding,"100,000.00"
Stock,"-"
Bond,"-"
Cash,"-"
Other,"-"
 
Issuer Ticker,Name,Asset Class,Price,Market Value,Sector,SEDOL,ISIN,Country,Currency
"EWI","ISHARES MSCI ITALY ETF","Equity","28.28","1,721,120.80","Financials","BD73LW1","US46434G8309","United States","USD"
"EUR","EUR/USD","Forwards","1.00","14,547.14","Cash and/or Derivatives","-","-","United States","USD"
"XTSLA","BLK CSH FND TREASURY SL AGENCY","Money Market","1.00","822.53","Cash and/or Derivatives","-","US0669224778","United States","USD"
"USD","USD CASH","Cash","100.00","426.55","Cash and/or Derivatives","-","-","United States","USD"
"EUR","EUR/USD","Forwards","1.00","47.90","Cash and/or Derivatives","-","-","United States","USD"
"EUR","EUR/USD","Forwards","1.00","32.96","Cash and/or Derivatives","-","-","United States","USD"
"EUR","EUR/USD","Forwards","1.00","-14.55","Cash and/or Derivatives","-","-","United States","USD"
 
iShares Currency Hedged MSCI Italy ETF
Inception Date,"Jun 29, 2015"
Fund Holdings as of,"Jul 3, 2019"
Total Net Assets,"1,737,447.96"
Shares Outstanding,"100,000.00"
Stock,"-"
Bond,"-"
Cash,"-"
Other,"-"
 
Ticker,Name,Asset Class,Sector,Country,Market Value,Price,ISIN,SEDOL,Currency
"ENEL","ENEL","Equity","Utilities","Italy","287,834.74","7.23","IT0003128367","7144569","USD"
"ENI","ENI","Equity","Energy","Italy","202,122.57","16.43","IT0003132476","7145056","USD"
"ISP","INTESA SANPAOLO","Equity","Financials","Italy","158,983.54","2.23","IT0000072618","4076836","USD"
"UCG","UNICREDIT","Equity","Financials","Italy","115,506.83","12.57","IT0005239360","BYMXPS7","USD"
"RACE","FERRARI NV","Equity","Consumer Discretionary","Italy","85,655.88","167.64","NL0011585146","BD6G507","USD"
"FCA","FIAT CHRYSLER AUTOMOBILES NV","Equity","Consumer Discretionary","Italy","76,584.54","14.27","NL0010877643","BRJFWP3","USD"
"ATL","ATLANTIA","Equity","Industrials","Italy","76,060.63","26.60","IT0003506190","7667163","USD"
"G","ASSICURAZIONI GENERALI","Equity","Financials","Italy","74,026.44","19.25","IT0000062072","4056719","USD"
"CNHI","CNH INDUSTRIAL NV","Equity","Industrials","Italy","63,868.56","10.60","NL0010545661","BDSV2V0","USD"
"SRG","SNAM","Equity","Utilities","Italy","62,909.55","5.14","IT0003153415","7251470","USD"
"TRN","TERNA RETE ELETTRICA NAZIONALE","Equity","Utilities","Italy","56,185.47","6.62","IT0003242622","B01BN57","USD"
"EXO","EXOR NV","Equity","Financials","Italy","48,795.15","72.13","NL0012059018","BYSLCX9","USD"
"MONC","MONCLER","Equity","Consumer Discretionary","Italy","48,542.32","43.43","IT0004965148","BGLP232","USD"
"MB","MEDIOBANCA BANCA DI CREDITO FINANZ","Equity","Financials","Italy","41,538.39","10.48","IT0000062957","4574813","USD"
"TEN","TENARIS SA","Equity","Energy","Italy","38,857.74","13.03","LU0156801721","7538515","USD"
"CPR","DAVIDE CAMPARI MILANO","Equity","Consumer Staples","Italy","38,136.42","10.19","IT0005252207","BZ4CMZ5","USD"
"PST","POSTE ITALIANE","Equity","Financials","Italy","37,509.93","10.93","IT0003796171","BYYN701","USD"
"LDO","LEONARDO FINMECCANICA SPA","Equity","Industrials","Italy","36,638.53","13.02","IT0003856405","B0DJNG0","USD"
"TIT","TELECOM ITALIA","Equity","Communication","Italy","34,269.24","0.56","IT0003497168","7634394","USD"
"PRY","PRYSMIAN","Equity","Industrials","Italy","33,436.39","20.63","IT0004176001","B1W4V69","USD"
"REC","RECORDATI INDUSTRIA CHIMICA E FARM","Equity","Health Care","Italy","30,701.01","42.41","IT0003828271","B07DRZ5","USD"
"FBK","FINECOBANK BANCA FINECO","Equity","Financials","Italy","27,749.97","11.70","IT0000072170","BNGN9Z1","USD"
"TITR","TELECOM ITALIA SAVING","Equity","Communication","Italy","24,072.97","0.52","IT0003497176","7634402","USD"
"PIRC","PIRELLI & C","Equity","Consumer Discretionary","Italy","19,075.35","5.92","IT0005278236","BZ5ZHK3","USD"
"EUR","EUR/USD","Forwards","Cash and/or Derivatives","United States","14,547.14","1.00","-","-","USD"
"EUR","EUR CASH","Cash","Cash and/or Derivatives","European Union","2,290.12","112.81","-","-","USD"
"XTSLA","BLK CSH FND TREASURY SL AGENCY","Money Market","Cash and/or Derivatives","United States","1,818.03","1.00","US0669224778","-","USD"
"WFFUT","CASH COLLATERAL EUR WFFUT","Cash Collateral and Margins","Cash and/or Derivatives","United States","277.79","112.81","-","-","USD"
"EUR","EUR/USD","Forwards","Cash and/or Derivatives","United States","47.90","1.00","-","-","USD"
"EUR","EUR/USD","Forwards","Cash and/or Derivatives","United States","32.96","1.00","-","-","USD"
"MARGIN_USD","FUTURES USD MARGIN BALANCE","Cash Collateral and Margins","Cash and/or Derivatives","United States","0.00","100.00","-","-","USD"
"STU9","FTSE/MIB INDEX SEP 19","Futures","Cash and/or Derivatives","-","0.00","24,615.02","IT0014913153","-","USD"
"EUR","EUR/USD","Forwards","Cash and/or Derivatives","United States","-14.55","1.00","-","-","USD"
"USD","USD CASH","Cash","Cash and/or Derivatives","United States","-1,078.05","100.00","-","-","USD"
 