﻿Fund Holdings as of,"Jul 4, 2019"
 
Issuer Ticker,Name,Asset Class,Weight (%),Price,Shares,Market Value,Notional Value,Sector,ISIN,Coupon (%),Maturity,Exchange,Country,Market Currency,Duration
"ICSEAGD","BLK ICS EUR LIQ FUND AGEN ACC T0","Money Market","3.10","99.87","2,516,564.00","251,340,183.91","251,340,183.91","Cash and/or Derivatives","IE00B568BM13","0.00","-","-","European Union","EUR","0.15"
"WINTRE","WIND TRE SPA RegS","Fixed Income","0.80","99.24","65,007,000.00","64,876,751.25","64,876,751.25","Communications","XS1708450215","2.75","Jan 20, 2024","-","Italy","EUR","0.07"
"ISPIM","INTESA SANPAOLO SPA MTN RegS","Fixed Income","0.68","120.39","43,574,000.00","54,817,414.08","54,817,414.08","Banking","XS0971213201","6.63","Sep 13, 2023","-","Italy","EUR","3.69"
"UCGIM","UNICREDIT SPA MTN RegS","Fixed Income","0.67","118.32","44,117,000.00","54,300,352.39","54,300,352.39","Banking","XS0849517650","6.95","Oct 31, 2022","-","Italy","EUR","3.00"
"TEVA","TEVA PHARMACEUTICAL FINANCE NETHER RegS","Fixed Income","0.66","98.53","54,322,000.00","53,715,910.02","53,715,910.02","Consumer Non-Cyclical","XS1439749109","0.38","Jul 25, 2020","-","Israel","EUR","1.06"
"WINTRE","WIND TRE SPA RegS","Fixed Income","0.64","100.15","51,034,000.00","51,855,664.41","51,855,664.41","Communications","XS1708450561","3.13","Jan 20, 2025","-","Italy","EUR","4.25"
"TKAGR","THYSSENKRUPP AG MTN RegS","Fixed Income","0.63","104.87","48,241,000.00","51,108,369.24","51,108,369.24","Capital Goods","DE000A2TEDB8","2.88","Feb 22, 2024","-","Germany","EUR","4.20"
"BHCCN","BAUSCH HEALTH COMPANIES INC RegS","Fixed Income","0.62","101.29","49,624,000.00","50,572,438.70","50,572,438.70","Consumer Non-Cyclical","XS1205619288","4.50","May 15, 2023","-","United States","EUR","0.08"
"INTRUM","INTRUM JUSTITIA AB RegS","Fixed Income","0.61","101.00","48,664,000.00","49,782,596.11","49,782,596.11","Financial Other","XS1634531344","2.75","Jul 15, 2022","-","Sweden","EUR","1.78"
"WINTRE","WIND TRE SPA RegS","Fixed Income","0.61","101.12","48,277,000.00","49,400,306.82","49,400,306.82","Communications","XS1708450488","2.63","Jan 20, 2023","-","Italy","EUR","1.96"
"IQV","IQVIA INC RegS","Fixed Income","0.61","103.29","47,306,000.00","49,329,186.69","49,329,186.69","Consumer Non-Cyclical","XS1533922776","3.25","Mar 15, 2025","-","United States","EUR","0.69"
"FCAIM","FIAT FINANCE AND TRADE LTD MTN RegS","Fixed Income","0.58","113.21","39,723,000.00","46,804,916.94","46,804,916.94","Consumer Cyclical","XS1088515207","4.75","Jul 15, 2022","-","Italy","EUR","2.80"
"ATCNA","ALTICE LUXEMBOURG SA RegS","Fixed Income","0.58","103.49","44,625,000.00","46,749,670.62","46,749,670.62","Communications","XS1992154341","8.00","May 15, 2027","-","Luxembourg","EUR","4.81"
"NFLX","NETFLIX INC MTN","Fixed Income","0.57","110.17","41,921,000.00","46,407,809.05","46,407,809.05","Communications","XS1821883102","3.63","May 15, 2027","-","United States","EUR","6.96"
"INXN","INTERXION HOLDING NV RegS","Fixed Income","0.54","108.79","40,025,000.00","43,647,806.40","43,647,806.40","Technology","XS1838072426","4.75","Jun 15, 2025","-","Netherlands","EUR","1.89"
"SOFTBK","SOFTBANK GROUP CORP RegS","Fixed Income","0.51","115.39","35,800,000.00","41,703,245.38","41,703,245.38","Communications","XS1793255941","5.00","Apr 15, 2028","-","Japan","EUR","7.16"
"DB","DEUTSCHE BANK AG (FRANKFURT AM MAI MTN RegS","Fixed Income","0.51","101.93","40,422,000.00","41,619,688.41","41,619,688.41","Banking","DE000DB7XJJ2","2.75","Feb 17, 2025","-","Germany","EUR","5.26"
"TEVA","TEVA PHARMACEUTICAL FINANCE NETHER RegS","Fixed Income","0.51","82.98","48,931,000.00","40,998,118.60","40,998,118.60","Consumer Non-Cyclical","XS1439749281","1.13","Oct 15, 2024","-","Israel","EUR","5.11"
"TKAGR","THYSSENKRUPP AG RegS","Fixed Income","0.50","101.68","40,036,000.00","40,892,694.40","40,892,694.40","Capital Goods","DE000A2BPET2","1.38","Mar 3, 2022","-","Germany","EUR","2.41"
"SFRFP","ALTICE FRANCE SA (FRANCE) RegS","Fixed Income","0.50","108.89","36,416,000.00","40,586,696.36","40,586,696.36","Communications","XS1859337419","5.88","Feb 1, 2027","-","France","EUR","3.35"
"FCAIM","FIAT CHRYSLER AUTOMOBILES NV MTN RegS","Fixed Income","0.50","111.72","35,856,000.00","40,417,072.65","40,417,072.65","Consumer Cyclical","XS1388625425","3.75","Mar 29, 2024","-","United Kingdom","EUR","4.44"
"FCAIM","FIAT FINANCE AND TRADE LTD MTN RegS","Fixed Income","0.48","101.77","36,523,000.00","38,951,064.30","38,951,064.30","Consumer Cyclical","XS0953215349","6.75","Oct 14, 2019","-","Italy","EUR","0.28"
"SOFTBK","SOFTBANK GROUP CORP RegS","Fixed Income","0.48","104.48","36,871,000.00","38,871,071.29","38,871,071.29","Communications","XS1684385161","3.13","Sep 19, 2025","-","Japan","EUR","5.55"
"PICSUR","PICARD GROUPE SAS RegS","Fixed Income","0.47","95.11","40,205,000.00","38,263,634.57","38,263,634.57","Consumer Non-Cyclical","XS1733942178","3.00","Nov 30, 2023","-","France","EUR","3.40"
"TKAGR","THYSSENKRUPP AG MTN RegS","Fixed Income","0.47","100.13","37,262,000.00","38,126,396.73","38,126,396.73","Capital Goods","DE000A1R0410","3.13","Oct 25, 2019","-","Germany","EUR","0.31"
"SOFTBK","SOFTBANK GROUP CORP RegS","Fixed Income","0.47","109.14","34,490,000.00","37,942,661.69","37,942,661.69","Communications","XS1811213781","4.00","Apr 20, 2023","-","Japan","EUR","3.34"
"SKGID","SMURFIT KAPPA ACQUISITIONS RegS","Fixed Income","0.46","109.13","33,910,000.00","37,474,445.32","37,474,445.32","Basic Industry","XS1849518276","2.88","Jan 15, 2026","-","Ireland","EUR","5.98"
"TDCDC","DKT FINANCE APS RegS","Fixed Income","0.46","109.47","33,950,000.00","37,276,837.08","37,276,837.08","Communications","XS1841967356","7.00","Jun 17, 2023","-","Denmark","EUR","0.94"
"VERISR","VERISURE MIDHOLDING AB RegS","Fixed Income","0.46","103.78","35,683,000.00","37,225,856.40","37,225,856.40","Consumer Cyclical","XS1720016531","5.75","Dec 1, 2023","-","Sweden","EUR","0.41"
"TEVA","TEVA PHARMACEUTICAL FINANCE NETHER RegS","Fixed Income","0.46","89.69","41,312,000.00","37,189,813.80","37,189,813.80","Consumer Non-Cyclical","XS1211040917","1.25","Mar 31, 2023","-","Israel","EUR","3.68"
"EQIX","EQUINIX INC","Fixed Income","0.44","104.68","34,008,000.00","36,026,765.70","36,026,765.70","Technology","XS1734328799","2.88","Feb 1, 2026","-","United States","EUR","1.56"
"UNITY","UNITYMEDIA HESSEN GMBH & CO KG / U RegS","Fixed Income","0.42","103.80","32,405,000.00","34,244,180.70","34,244,180.70","Communications","XS1150437579","4.00","Jan 15, 2025","-","Germany","EUR","0.53"
"EQIX","EQUINIX INC","Fixed Income","0.42","104.21","32,525,000.00","34,139,890.46","34,139,890.46","Technology","XS1679781424","2.88","Oct 1, 2025","-","United States","EUR","1.23"
"MATTER","MATTERHORN TELECOM SA RegS","Fixed Income","0.42","100.81","33,196,000.00","33,703,198.55","33,703,198.55","Communications","XS1219465728","3.88","May 1, 2022","-","Luxembourg","EUR","0.82"
"ZIGGO","ZIGGO BOND COMPANY BV RegS","Fixed Income","0.40","103.46","30,816,000.00","32,555,263.60","32,555,263.60","Communications","XS1170079443","4.63","Jan 15, 2025","-","Netherlands","EUR","0.52"
"GRFSM","GRIFOLS SA RegS","Fixed Income","0.40","103.45","31,235,000.00","32,490,299.94","32,490,299.94","Consumer Non-Cyclical","XS1598757760","3.20","May 1, 2025","-","Spain","EUR","0.82"
"FCAIM","FIAT FINANCE AND TRADE LTD MTN RegS","Fixed Income","0.40","107.62","29,676,000.00","32,336,743.27","32,336,743.27","Consumer Cyclical","XS1048568452","4.75","Mar 22, 2021","-","Italy","EUR","1.68"
"IGT","INTERNATIONAL GAME TECHNOLOGY PLC RegS","Fixed Income","0.40","112.40","28,277,000.00","32,317,861.22","32,317,861.22","Consumer Cyclical","XS1204434028","4.75","Feb 15, 2023","-","Italy","EUR","2.91"
"INTRUM","INTRUM JUSTITIA AB RegS","Fixed Income","0.39","103.32","30,580,000.00","32,045,410.25","32,045,410.25","Financial Other","XS1634532748","3.13","Jul 15, 2024","-","Sweden","EUR","1.02"
"ISPIM","INTESA SANPAOLO SPA MTN RegS","Fixed Income","0.39","104.91","28,950,000.00","31,818,740.76","31,818,740.76","Banking","XS0526326334","5.15","Jul 16, 2020","-","Italy","EUR","0.99"
"BAMIIM","BANCO BPM SPA MTN RegS","Fixed Income","0.37","102.48","28,964,000.00","30,432,097.28","30,432,097.28","Banking","XS1266866927","2.75","Jul 27, 2020","-","Italy","EUR","1.04"
"ZIGGO","ZIGGO BV RegS","Fixed Income","0.37","103.22","28,451,000.00","29,879,832.93","29,879,832.93","Communications","XS1175813655","3.75","Jan 15, 2025","-","Netherlands","EUR","0.53"
"TITIM","TELECOM ITALIA SPA MTN RegS","Fixed Income","0.36","109.80","26,714,000.00","29,576,373.79","29,576,373.79","Communications","XS1935256369","4.00","Apr 11, 2024","-","Italy","EUR","4.23"
"FINRSK","FINANCIAL & RISK US HOLDINGS INC RegS","Fixed Income","0.36","103.12","28,156,000.00","29,209,296.25","29,209,296.25","Technology","XS1843460525","4.50","May 15, 2026","-","United States","EUR","4.49"
"UNIIM","UNIPOL GRUPPO FINANZIARIO SPA MTN RegS","Fixed Income","0.36","102.71","28,039,000.00","29,047,864.50","29,047,864.50","Insurance","XS1206977495","3.00","Mar 18, 2025","-","Italy","EUR","5.31"
"ADNT","ADIENT GLOBAL HOLDINGS LTD RegS","Fixed Income","0.35","84.40","33,061,000.00","28,360,584.29","28,360,584.29","Consumer Cyclical","XS1468662801","3.50","Aug 15, 2024","-","United States","EUR","4.63"
"SABSM","BANCO DE SABADELL SA MTN RegS","Fixed Income","0.35","102.93","27,400,000.00","28,279,839.71","28,279,839.71","Banking","XS1991397545","1.75","May 10, 2024","-","Spain","EUR","4.70"
"TEVA","TEVA PHARMACEUTICAL FINANCE NETHER","Fixed Income","0.35","95.92","28,946,000.00","28,223,797.30","28,223,797.30","Consumer Non-Cyclical","XS1813724603","4.50","Mar 1, 2025","-","Israel","EUR","4.98"
"LKQ","LKQ EUROPEAN HOLDINGS BV RegS","Fixed Income","0.35","105.78","26,300,000.00","28,066,586.34","28,066,586.34","Consumer Cyclical","XS1799640666","3.63","Apr 1, 2026","-","United States","EUR","1.71"
"TKAGR","THYSSENKRUPP AG MTN RegS","Fixed Income","0.35","103.18","26,916,000.00","28,010,868.06","28,010,868.06","Capital Goods","DE000A2AAPF1","2.75","Mar 8, 2021","-","Germany","EUR","1.42"
"ZIGGO","ZIGGO BV RegS","Fixed Income","0.34","106.90","25,263,000.00","27,513,477.16","27,513,477.16","Communications","XS1493836461","4.25","Jan 15, 2027","-","Netherlands","EUR","2.63"
"DB","DEUTSCHE BANK AG RegS","Fixed Income","0.34","108.25","25,000,000.00","27,206,662.21","27,206,662.21","Banking","DE000DL40SR8","4.50","May 19, 2026","-","Germany","EUR","6.09"
"ORANOF","ORANO SA MTN RegS","Fixed Income","0.33","105.00","25,600,000.00","27,051,577.79","27,051,577.79","Owned No Guarantee","FR0013414919","3.38","Apr 23, 2026","-","France","EUR","6.07"
"NOKIA","NOKIA OYJ MTN RegS","Fixed Income","0.33","103.96","25,843,000.00","27,030,775.24","27,030,775.24","Communications","XS1960685383","2.00","Mar 11, 2026","-","Finland","EUR","6.20"
"ORANOF","ORANO SA MTN RegS","Fixed Income","0.33","105.65","25,150,000.00","26,824,622.40","26,824,622.40","Owned No Guarantee","FR0010941690","3.50","Mar 22, 2021","-","France","EUR","1.69"
"ISPIM","INTESA SANPAOLO SPA MTN RegS","Fixed Income","0.33","100.94","25,450,000.00","26,679,339.59","26,679,339.59","Banking","XS0452166324","5.00","Sep 23, 2019","-","Italy","EUR","0.22"
"ATCNA","ALTICE LUXEMBOURG SA RegS","Fixed Income","0.33","100.74","25,905,000.00","26,519,289.01","26,519,289.01","Communications","XS1117300241","6.25","Feb 15, 2025","-","Luxembourg","EUR","4.03"
"TITIM","TELECOM ITALIA SPA MTN RegS","Fixed Income","0.33","99.88","26,052,000.00","26,469,695.64","26,469,695.64","Communications","XS1698218523","2.38","Oct 12, 2027","-","Italy","EUR","7.45"
"ORANOF","ORANO SA MTN RegS","Fixed Income","0.32","101.41","25,250,000.00","26,345,511.03","26,345,511.03","Owned No Guarantee","FR0010817452","4.38","Nov 6, 2019","-","France","EUR","0.34"
"LDOIM","LEONARDO FINMECCANICA SPA MTN RegS","Fixed Income","0.32","106.72","24,165,000.00","26,283,382.52","26,283,382.52","Capital Goods","XS0999654873","4.50","Jan 19, 2021","-","Italy","EUR","1.51"
"SELNSW","SELECTA GROUP BV RegS","Fixed Income","0.32","104.89","24,669,000.00","26,265,184.48","26,265,184.48","Capital Goods","XS1756356371","5.88","Feb 1, 2024","-","Netherlands","EUR","0.57"
"HTOGA","OTE PLC MTN RegS","Fixed Income","0.32","103.12","24,622,000.00","26,239,403.13","26,239,403.13","Communications","XS1086785182","3.50","Jul 9, 2020","-","Greece","EUR","0.99"
"CLNXSM","CELLNEX TELECOM SA MTN RegS","Fixed Income","0.32","105.94","24,500,000.00","26,225,595.65","26,225,595.65","Communications","XS1468525057","2.38","Jan 16, 2024","-","Spain","EUR","4.12"
"INEGRP","INEOS FINANCE PLC RegS","Fixed Income","0.32","101.68","25,525,000.00","26,103,542.56","26,103,542.56","Basic Industry","XS1843437549","2.88","May 1, 2026","-","United Kingdom","EUR","5.06"
"DUFNSW","DUFRY ONE BV RegS","Fixed Income","0.32","103.07","24,960,000.00","25,864,971.11","25,864,971.11","Consumer Cyclical","XS1699848914","2.50","Oct 15, 2024","-","Switzerland","EUR","1.31"
"IGT","INTERNATIONAL GAME TECHNOLOGY PLC RegS","Fixed Income","0.32","105.69","24,300,000.00","25,715,540.88","25,715,540.88","Consumer Cyclical","XS2009038113","3.50","Jun 15, 2026","-","Italy","EUR","3.60"
"LNCFIN","LINCOLN FINANCING SARL RegS","Fixed Income","0.32","103.94","24,418,000.00","25,616,080.57","25,616,080.57","Financial Other","XS1974797364","3.63","Apr 1, 2024","-","Netherlands","EUR","1.24"
"LHMCFI","LHMC FINCO SARL RegS","Fixed Income","0.31","108.67","23,445,000.00","25,538,672.89","25,538,672.89","Consumer Cyclical","XS1849558900","6.25","Dec 20, 2023","-","Spain","EUR","0.95"
"LABFP","SYNLAB BONDCO PLC RegS","Fixed Income","0.31","100.24","25,414,000.00","25,482,151.88","25,482,151.88","Consumer Non-Cyclical","XS1516322200","3.50","Jul 1, 2022","-","United Kingdom","EUR","0.08"
"EQIX","EQUINIX INC","Fixed Income","0.31","104.45","24,175,000.00","25,469,046.79","25,469,046.79","Technology","XS1788558754","2.88","Mar 15, 2024","-","United States","EUR","1.18"
"COFP","CASINO GUICHARD PERRACHON SA MTN RegS","Fixed Income","0.31","92.31","27,300,000.00","25,392,302.85","25,392,302.85","Consumer Non-Cyclical","FR0011052661","5.98","May 26, 2021","-","France","EUR","1.84"
"COFP","CASINO GUICHARD PERRACHON SA MTN RegS","Fixed Income","0.31","84.23","29,600,000.00","25,368,420.73","25,368,420.73","Consumer Non-Cyclical","FR0011765825","4.50","Mar 7, 2024","-","France","EUR","4.23"
"POWSOL","PANTHER BF AGGREGATOR 2 LP RegS","Fixed Income","0.31","104.26","24,050,000.00","25,349,748.85","25,349,748.85","Consumer Cyclical","XS1964638107","4.38","May 15, 2026","-","United States","EUR","4.35"
"SOFTBK","SOFTBANK GROUP CORP RegS","Fixed Income","0.31","113.22","21,995,000.00","25,349,526.61","25,349,526.61","Communications","XS1266662334","4.75","Jul 30, 2025","-","Japan","EUR","5.14"
"OI","OI EUROPEAN GROUP BV RegS","Fixed Income","0.31","109.04","23,125,000.00","25,315,376.36","25,315,376.36","Capital Goods","XS1405765907","3.13","Nov 15, 2024","-","United States","EUR","4.80"
"EIRCOM","EIRCOM FINANCE DAC RegS","Fixed Income","0.31","104.30","23,725,000.00","24,872,808.91","24,872,808.91","Communications","XS1991034825","3.50","May 15, 2026","-","Ireland","EUR","3.90"
"TKAGR","THYSSENKRUPP AG MTN RegS","Fixed Income","0.31","101.69","24,188,000.00","24,855,417.93","24,855,417.93","Capital Goods","DE000A14J579","1.75","Nov 25, 2020","-","Germany","EUR","1.13"
"TITIM","TELECOM ITALIA SPA MTN RegS","Fixed Income","0.30","104.13","23,625,000.00","24,749,821.11","24,749,821.11","Communications","XS1982819994","2.75","Apr 15, 2025","-","Italy","EUR","5.28"
"ORANOF","ORANO SA MTN RegS","Fixed Income","0.30","106.59","22,900,000.00","24,617,185.04","24,617,185.04","Owned No Guarantee","FR0011791391","3.13","Mar 20, 2023","-","France","EUR","3.33"
"ELISGP","ELIS SA MTN RegS","Fixed Income","0.30","105.08","22,900,000.00","24,231,868.36","24,231,868.36","Consumer Non-Cyclical","FR0013318094","1.88","Feb 15, 2023","-","France","EUR","3.29"
"ARGID","ARDAGH PACKAGING FINANCE PLC RegS","Fixed Income","0.30","107.30","22,350,000.00","24,203,936.97","24,203,936.97","Capital Goods","XS1406669983","6.75","May 15, 2024","-","Ireland","EUR","0.03"
"ARGID","ARDAGH PACKAGING FINANCE PLC/ARDAG RegS","Fixed Income","0.30","103.00","23,121,000.00","24,007,421.89","24,007,421.89","Capital Goods","XS1574148877","2.75","Mar 15, 2024","-","Ireland","EUR","0.69"
"TITIM","TELECOM ITALIA SPA MTN RegS","Fixed Income","0.30","108.63","21,991,000.00","23,978,454.05","23,978,454.05","Communications","XS1419869885","3.63","May 25, 2026","-","Italy","EUR","6.25"
"NEXICP","NEXI CAPITAL SPA RegS","Fixed Income","0.30","103.56","23,050,000.00","23,960,955.21","23,960,955.21","Financial Other","XS1819648129","4.13","Nov 1, 2023","-","Italy","EUR","0.33"
"BAMIIM","BANCO BPM SPA MTN RegS","Fixed Income","0.29","101.04","23,400,000.00","23,794,484.97","23,794,484.97","Banking","XS1960684063","2.00","Mar 8, 2022","-","Italy","EUR","2.63"
"SFRFP","NUMERICABLE GROUP SA RegS","Fixed Income","0.29","104.04","22,277,400.00","23,661,402.41","23,661,402.41","Communications","XS1028956149","5.63","May 15, 2024","-","France","EUR","0.08"
"SDFGR","K&S AG RegS","Fixed Income","0.29","106.96","21,981,000.00","23,651,626.27","23,651,626.27","Basic Industry","XS1591416679","2.63","Apr 6, 2023","-","Germany","EUR","3.40"
"SAZGR","NIDDA HEALTHCARE HOLDING AG RegS","Fixed Income","0.29","103.61","22,625,000.00","23,648,059.26","23,648,059.26","Consumer Non-Cyclical","XS1690644668","3.50","Sep 30, 2024","-","Germany","EUR","1.28"
"TITIM","TELECOM ITALIA SPA MTN RegS","Fixed Income","0.29","105.49","21,914,000.00","23,623,353.15","23,623,353.15","Communications","XS1497606365","3.00","Sep 30, 2025","-","Italy","EUR","5.70"
"ENR","ENERGIZER GAMMA ACQUISITION BV RegS","Fixed Income","0.29","105.08","21,675,000.00","23,258,482.18","23,258,482.18","Consumer Non-Cyclical","XS1846665534","4.63","Jul 15, 2026","-","United States","EUR","2.49"
"BLL","BALL CORPORATION RegS","Fixed Income","0.29","116.00","19,988,000.00","23,192,375.37","23,192,375.37","Capital Goods","XS1330978567","4.38","Dec 15, 2023","-","United States","EUR","4.14"
"CCK","CROWN EURO HOLDINGS SA RegS","Fixed Income","0.29","111.10","20,748,000.00","23,147,312.21","23,147,312.21","Capital Goods","XS1227287221","3.38","May 15, 2025","-","United States","EUR","5.00"
"CCK","CROWN EUROPEAN HOLDINGS SA RegS","Fixed Income","0.28","108.18","20,874,000.00","22,725,295.93","22,725,295.93","Capital Goods","XS1490137418","2.63","Sep 30, 2024","-","United States","EUR","4.52"
"EGBLFN","EG GLOBAL FINANCE PLC RegS","Fixed Income","0.28","100.32","22,450,000.00","22,661,656.73","22,661,656.73","Consumer Cyclical","XS1992087996","4.38","Feb 7, 2025","-","United Kingdom","EUR","4.44"
"TITIM","TELECOM ITALIA SPA MTN RegS","Fixed Income","0.28","104.34","21,225,000.00","22,656,407.55","22,656,407.55","Communications","XS1551678409","2.50","Jul 19, 2023","-","Italy","EUR","3.82"
"TEVA","TEVA PHARMACEUTICAL FINANCE NETHER","Fixed Income","0.28","99.12","22,685,000.00","22,648,255.85","22,648,255.85","Consumer Non-Cyclical","XS1812903828","3.25","Apr 15, 2022","-","Israel","EUR","2.66"
"CRTING","EL CORTE INGLES SA RegS","Fixed Income","0.28","104.98","21,200,000.00","22,395,326.67","22,395,326.67","Consumer Cyclical","XS1886543476","3.00","Mar 15, 2024","-","Spain","EUR","1.27"
"EOFP","FAURECIA RegS","Fixed Income","0.28","101.97","21,890,000.00","22,364,207.33","22,364,207.33","Consumer Cyclical","XS1384278203","3.63","Jun 15, 2023","-","France","EUR","0.08"
"EUROCA","EUROPCAR GROUPE SA RegS","Fixed Income","0.27","104.71","20,922,000.00","22,027,865.09","22,027,865.09","Transportation","XS1706202592","4.13","Nov 15, 2024","-","France","EUR","1.35"
"TITIM","TELECOM ITALIA SPA MTN RegS","Fixed Income","0.27","107.07","20,212,000.00","21,945,183.96","21,945,183.96","Communications","XS1169832810","3.25","Jan 16, 2023","-","Italy","EUR","3.37"
"SLGN","SILGAN HOLDINGS INC","Fixed Income","0.27","103.25","21,000,000.00","21,890,831.67","21,890,831.67","Capital Goods","XS1725581190","3.25","Mar 15, 2025","-","United States","EUR","0.69"
"INEGRP","INEOS GROUP HOLDINGS SA RegS","Fixed Income","0.27","102.94","20,784,000.00","21,881,432.03","21,881,432.03","Basic Industry","XS1405769990","5.38","Aug 1, 2024","-","Luxembourg","EUR","0.08"
"BAMIIM","BANCO BPM SPA MTN RegS","Fixed Income","0.27","105.39","19,954,000.00","21,823,456.78","21,823,456.78","Banking","XS0555834984","6.00","Nov 5, 2020","-","Italy","EUR","1.29"
"CEMEX","CEMEX SAB DE CV RegS","Fixed Income","0.27","102.97","21,095,000.00","21,770,286.11","21,770,286.11","Capital Goods","XS1731106347","2.75","Dec 5, 2024","-","Mexico","EUR","1.69"
"ICCREA","ICCREA BANCA ISTITUTO CENTRALE DEL MTN RegS","Fixed Income","0.27","100.62","21,375,000.00","21,624,569.23","21,624,569.23","Banking","XS1569103259","1.50","Feb 21, 2020","-","Italy","EUR","0.64"
"SIGHCO","SIGMA HOLDCO BV RegS","Fixed Income","0.27","97.17","22,050,000.00","21,611,634.48","21,611,634.48","Consumer Non-Cyclical","XS1813504666","5.75","May 15, 2026","-","Netherlands","EUR","5.52"
"NOKIA","NOKIA OYJ MTN RegS","Fixed Income","0.27","105.45","20,325,000.00","21,556,058.29","21,556,058.29","Communications","XS1577731604","2.00","Mar 15, 2024","-","Finland","EUR","4.33"
"SPIEFP","SPIE SA RegS","Fixed Income","0.26","103.74","20,500,000.00","21,289,285.69","21,289,285.69","Capital Goods","FR0013426376","2.63","Jun 18, 2026","-","France","EUR","6.26"
"SDFGR","K&S AG RegS","Fixed Income","0.26","108.62","19,000,000.00","21,230,807.57","21,230,807.57","Basic Industry","XS1854830889","3.25","Jul 18, 2024","-","Germany","EUR","4.43"
"ROSINI","ROSSINI SARL RegS","Fixed Income","0.26","109.11","19,150,000.00","21,127,352.40","21,127,352.40","Consumer Non-Cyclical","XS1881594946","6.75","Oct 30, 2025","-","Italy","EUR","2.28"
"BULENR","BULGARIAN ENERGY HOLDING EAD RegS","Fixed Income","0.26","107.53","18,825,000.00","21,090,076.22","21,090,076.22","Owned No Guarantee","XS1405778041","4.88","Aug 2, 2021","-","Bulgaria","EUR","1.96"
"CCK","CROWN EUROPEAN HOLDINGS SA RegS","Fixed Income","0.26","110.58","19,033,000.00","21,032,458.95","21,032,458.95","Capital Goods","XS1084050316","4.00","Jul 15, 2022","-","United States","EUR","2.68"
"COFP","CASINO GUICHARD PERRACHON SA MTN","Fixed Income","0.26","99.00","20,400,000.00","21,016,005.11","21,016,005.11","Consumer Non-Cyclical","FR0011301480","4.41","Aug 6, 2019","-","France","EUR","0.09"
"CMACG","CMA CGM SA RegS","Fixed Income","0.26","94.25","21,335,000.00","20,884,446.28","20,884,446.28","Transportation","XS1244815111","7.75","Jan 15, 2021","-","France","EUR","1.43"
"ALGSCO","ALGECO SCOTSMAN GLOBAL FINANCE PLC RegS","Fixed Income","0.26","104.75","19,407,000.00","20,815,894.29","20,815,894.29","Industrial Other","XS1767052050","6.50","Feb 15, 2023","-","United Kingdom","EUR","0.61"
"RXLFP","REXEL SA RegS","Fixed Income","0.25","105.00","19,673,000.00","20,686,568.26","20,686,568.26","Capital Goods","XS1958300375","2.75","Jun 15, 2026","-","France","EUR","3.86"
"MERLLN","MERLIN ENTERTAINMENTS PLC RegS","Fixed Income","0.25","104.90","19,540,000.00","20,659,669.14","20,659,669.14","Consumer Cyclical","XS1204272709","2.75","Mar 15, 2022","-","United Kingdom","EUR","2.38"
"DUFNSW","DUFRY FINANCE SCA RegS","Fixed Income","0.25","102.64","19,734,000.00","20,631,859.51","20,631,859.51","Consumer Cyclical","XS1266592457","4.50","Aug 1, 2023","-","Switzerland","EUR","0.08"
"LNCFIN","LINCOLN FINANCING SARL RegS","Fixed Income","0.25","100.71","20,450,000.00","20,601,503.68","20,601,503.68","Financial Other","XS1974797950","3.88","Apr 1, 2024","-","Netherlands","EUR","0.74"
"EOFP","FAURECIA RegS","Fixed Income","0.25","104.89","19,600,000.00","20,585,866.61","20,585,866.61","Consumer Cyclical","XS1785467751","2.63","Jun 15, 2025","-","France","EUR","1.97"
"RESIDO","RESIDOMO SRO RegS","Fixed Income","0.25","103.86","19,605,000.00","20,506,168.33","20,506,168.33","Industrial Other","XS1698063739","3.38","Oct 15, 2024","-","Czech Republic","EUR","1.27"
"TNETBB","TELENET FINANCE LUXEMBOURG NOTES S RegS","Fixed Income","0.25","104.22","19,300,000.00","20,438,761.85","20,438,761.85","Communications","BE6300371273","3.50","Mar 1, 2028","-","Belgium","EUR","5.17"
"ALTICE","ALTICE FINCO SA RegS","Fixed Income","0.25","88.96","22,389,000.00","20,416,562.93","20,416,562.93","Communications","XS1577952440","4.75","Jan 15, 2028","-","Luxembourg","EUR","6.85"
"BACRED","MEDIOBANCA","Fixed Income","0.25","105.81","18,603,000.00","20,274,392.12","20,274,392.12","Banking","IT0004645542","5.00","Nov 15, 2020","-","Italy","EUR","1.33"
"COFP","CASINO GUICHARD PERRACHON SA MTN RegS","Fixed Income","0.25","82.25","24,600,000.00","20,259,824.02","20,259,824.02","Consumer Non-Cyclical","FR0013260379","1.87","Jun 13, 2022","-","France","EUR","2.89"
"ROSINI","ROSSINI SARL MTN RegS","Fixed Income","0.25","102.75","19,463,000.00","20,220,856.78","20,220,856.78","Consumer Non-Cyclical","XS1881594607","6.25","Oct 30, 2025","-","Italy","EUR","0.32"
"TKAGR","THYSSENKRUPP AG MTN RegS","Fixed Income","0.25","104.00","19,139,000.00","20,074,305.89","20,074,305.89","Capital Goods","DE000A14J587","2.50","Feb 25, 2025","-","Germany","EUR","5.32"
"IQV","IQVIA INC RegS","Fixed Income","0.24","102.51","19,175,000.00","19,804,856.14","19,804,856.14","Consumer Non-Cyclical","XS1492822033","3.50","Oct 15, 2024","-","United States","EUR","0.28"
"TCGR","TELE COLUMBUS AG RegS","Fixed Income","0.24","93.33","20,922,000.00","19,674,345.12","19,674,345.12","Communications","XS1814546013","3.88","May 2, 2025","-","Germany","EUR","5.23"
"ORANOF","ORANO SA MTN RegS","Fixed Income","0.24","103.59","18,500,000.00","19,664,785.77","19,664,785.77","Owned No Guarantee","FR0011560986","3.25","Sep 4, 2020","-","France","EUR","1.14"
"GETFP","GETLINK SE RegS","Fixed Income","0.24","105.26","18,650,000.00","19,637,793.11","19,637,793.11","Transportation","XS1886399093","3.63","Oct 1, 2023","-","France","EUR","1.23"
"PROGRP","PROGROUP AG RegS","Fixed Income","0.24","103.10","18,800,000.00","19,529,878.67","19,529,878.67","Basic Industry","DE000A2G8WA3","3.00","Mar 31, 2026","-","Germany","EUR","2.68"
"DAR","DARLING GLOBAL FINANCE BV RegS","Fixed Income","0.24","106.08","18,265,000.00","19,467,915.04","19,467,915.04","Consumer Non-Cyclical","XS1813579593","3.63","May 15, 2026","-","United States","EUR","1.84"
"CMACG","CMA CGM SA RegS","Fixed Income","0.24","87.23","21,450,000.00","19,365,051.18","19,365,051.18","Transportation","XS1647100848","6.50","Jul 15, 2022","-","France","EUR","2.70"
"SKGID","SMURFIT KAPPA ACQUISITIONS RegS","Fixed Income","0.24","105.36","18,254,000.00","19,292,783.62","19,292,783.62","Basic Industry","XS1074396927","3.25","Jun 1, 2021","-","Ireland","EUR","1.63"
"VOVCAB","VOLVO CAR AB MTN RegS","Fixed Income","0.24","103.17","18,575,000.00","19,263,978.14","19,263,978.14","Consumer Cyclical","XS1971935223","2.13","Apr 2, 2024","-","Sweden","EUR","4.40"
"TVOYFH","TEOLLISUUDEN VOIMA OYJ MTN RegS","Fixed Income","0.24","104.01","18,325,000.00","19,198,394.44","19,198,394.44","Electric","XS1043513529","2.50","Mar 17, 2021","-","Finland","EUR","1.68"
"SPIEFP","SPIE SA RegS","Fixed Income","0.24","108.75","17,500,000.00","19,188,814.12","19,188,814.12","Capital Goods","FR0013245263","3.13","Mar 22, 2024","-","France","EUR","4.02"
"COFP","CASINO GUICHARD PERRACHON SA MTN RegS","Fixed Income","0.24","85.61","21,800,000.00","19,108,643.07","19,108,643.07","Consumer Non-Cyclical","FR0011400571","4.56","Jan 25, 2023","-","France","EUR","3.29"
"PTECLN","PLAYTECH PLC RegS","Fixed Income","0.23","105.20","17,900,000.00","18,985,769.85","18,985,769.85","Technology","XS1849464323","3.75","Oct 12, 2023","-","United Kingdom","EUR","1.25"
"EOFP","FAURECIA RegS","Fixed Income","0.23","105.89","17,800,000.00","18,880,034.78","18,880,034.78","Consumer Cyclical","XS1963830002","3.13","Jun 15, 2026","-","France","EUR","3.43"
"TVOYFH","TEOLLISUUDEN VOIMA OYJ MTN RegS","Fixed Income","0.23","106.73","17,425,000.00","18,813,182.89","18,813,182.89","Electric","XS1514470316","2.63","Jan 13, 2023","-","Finland","EUR","3.40"
"TSCOLN","TESCO CORPORATE TREASURY SERVICES MTN RegS","Fixed Income","0.23","109.21","17,153,000.00","18,735,776.23","18,735,776.23","Consumer Non-Cyclical","XS1082971588","2.50","Jul 1, 2024","-","United Kingdom","EUR","4.78"
"ADRBID","UNITED GROUP BV RegS","Fixed Income","0.23","102.21","18,300,000.00","18,682,007.42","18,682,007.42","Communications","XS1647814968","4.38","Jul 1, 2022","-","Netherlands","EUR","0.85"
"HTZ","HERTZ HOLDINGS NETHERLANDS BV RegS","Fixed Income","0.23","105.66","17,349,000.00","18,591,301.55","18,591,301.55","Transportation","XS1790929217","5.50","Mar 30, 2023","-","United States","EUR","0.73"
"SKGID","SMURFIT KAPPA ACQUISITIONS RegS","Fixed Income","0.23","107.58","17,106,000.00","18,575,076.11","18,575,076.11","Basic Industry","XS1555147369","2.38","Feb 1, 2024","-","Ireland","EUR","4.13"
"UCGIM","UNICREDIT SPA MTN RegS","Fixed Income","0.23","109.99","16,600,000.00","18,469,891.72","18,469,891.72","Banking","XS0618847775","6.13","Apr 19, 2021","-","Italy","EUR","1.74"
"OI","OI EUROPEAN GROUP BV RegS","Fixed Income","0.23","107.99","16,539,000.00","18,340,614.77","18,340,614.77","Capital Goods","XS0542593792","6.75","Sep 15, 2020","-","United States","EUR","1.15"
"FIREBC","FIRE BC SPA RegS","Fixed Income","0.22","101.22","17,950,000.00","18,186,059.71","18,186,059.71","Financial Other","XS1883354976","4.75","Sep 30, 2024","-","Italy","EUR","0.27"
"ADLERR","ADLER REAL ESTATE AG RegS","Fixed Income","0.22","102.59","17,600,000.00","18,120,538.03","18,120,538.03","Financial Other","XS1713464441","1.88","Apr 27, 2023","-","Germany","EUR","3.66"
"HEMABV","HEMA BONDCO I BV RegS","Fixed Income","0.22","92.06","19,700,000.00","18,112,076.03","18,112,076.03","Consumer Cyclical","XS1647643110","6.25","Jul 15, 2022","-","Netherlands","EUR","0.15"
"INEGRP","INEOS FINANCE PLC RegS","Fixed Income","0.22","99.63","18,100,000.00","18,086,133.39","18,086,133.39","Basic Industry","XS1577947440","2.13","Nov 15, 2025","-","Luxembourg","EUR","4.89"
"CMACG","CMA CGM SA RegS","Fixed Income","0.22","76.94","23,130,000.00","18,062,698.88","18,062,698.88","Transportation","XS1703065620","5.25","Jan 15, 2025","-","France","EUR","4.71"
"INTERN","INTERTRUST GROUP BV RegS","Fixed Income","0.22","106.45","16,775,000.00","17,935,979.30","17,935,979.30","Consumer Cyclical","XS1904250708","3.38","Nov 15, 2025","-","Netherlands","EUR","2.36"
"NOKIA","NOKIA CORP MTN RegS","Fixed Income","0.22","101.69","17,492,000.00","17,840,297.37","17,840,297.37","Communications","XS1577727164","1.00","Mar 15, 2021","-","Finland","EUR","1.62"
"COTY","COTY INC RegS","Fixed Income","0.22","96.30","18,350,000.00","17,839,699.75","17,839,699.75","Consumer Non-Cyclical","XS1801786275","4.00","Apr 15, 2023","-","United States","EUR","3.53"
"SNFF","SPCM SA RegS","Fixed Income","0.22","101.11","17,555,000.00","17,778,777.49","17,778,777.49","Basic Industry","XS1221105759","2.88","Jun 15, 2023","-","France","EUR","0.08"
"SABSM","BANCO DE SABADELL SA MTN RegS","Fixed Income","0.22","116.05","15,200,000.00","17,776,667.87","17,776,667.87","Banking","XS1405136364","5.63","May 6, 2026","-","Spain","EUR","5.92"
"BWY","BWAY HOLDING CO RegS","Fixed Income","0.22","103.05","17,025,000.00","17,724,558.20","17,724,558.20","Capital Goods","XS1851302312","4.75","Apr 15, 2024","-","United States","EUR","1.73"
"MEOGR","METRO WHOLESALE & FOOD SPECIALIST MTN RegS","Fixed Income","0.22","99.39","17,628,000.00","17,597,680.65","17,597,680.65","Consumer Non-Cyclical","XS1203941775","1.50","Mar 19, 2025","-","Germany","EUR","5.51"
"AVTR","AVANTOR INC RegS","Fixed Income","0.22","106.94","16,250,000.00","17,576,744.79","17,576,744.79","Consumer Non-Cyclical","XS1687277985","4.75","Oct 1, 2024","-","United States","EUR","1.22"
"CRBKMO","CBOM FINANCE PLC RegS","Fixed Income","0.22","102.83","16,785,000.00","17,576,863.42","17,576,863.42","Banking","XS1951067039","5.15","Feb 20, 2024","-","Russian Federation","EUR","4.19"
"LEVI","LEVI STRAUSS & CO","Fixed Income","0.22","107.02","16,205,000.00","17,514,262.72","17,514,262.72","Consumer Cyclical","XS1602130947","3.38","Mar 15, 2027","-","United States","EUR","2.82"
"CLNXSM","CELLNEX TELECOM SA MTN RegS","Fixed Income","0.22","107.73","15,800,000.00","17,483,976.99","17,483,976.99","Communications","XS1265778933","3.13","Jul 27, 2022","-","Spain","EUR","2.91"
"IPGIM","SALINI IMPREGILO SPA RegS","Fixed Income","0.21","98.57","17,671,000.00","17,444,461.78","17,444,461.78","Industrial Other","XS1435297202","3.75","Jun 24, 2021","-","Italy","EUR","1.94"
"MPW","MPT OPERATING PARTNERSHIP LP / MPT","Fixed Income","0.21","110.00","15,313,000.00","17,380,008.52","17,380,008.52","Reits","XS1278084147","4.00","Aug 19, 2022","-","United States","EUR","2.70"
"TTMTIN","JAGUAR LAND ROVER AUTOMOTIVE PLC RegS","Fixed Income","0.21","86.73","19,795,000.00","17,372,224.19","17,372,224.19","Consumer Cyclical","XS1551347393","2.20","Jan 15, 2024","-","United Kingdom","EUR","4.29"
"WMG","WMG ACQUISITION CORP RegS","Fixed Income","0.21","106.08","16,225,000.00","17,347,191.40","17,347,191.40","Communications","XS1891203546","3.63","Oct 15, 2026","-","United States","EUR","2.42"
"RXLFP","REXEL SA RegS","Fixed Income","0.21","103.27","16,700,000.00","17,264,199.94","17,264,199.94","Capital Goods","XS1716833352","2.13","Jun 15, 2025","-","France","EUR","1.49"
"COFP","CASINO GUICHARD PERRACHON SA MTN","Fixed Income","0.21","97.49","17,300,000.00","17,158,778.11","17,158,778.11","Consumer Non-Cyclical","FR0011215508","5.24","Mar 9, 2020","-","France","EUR","0.68"
"CCK","CROWN EUROPEAN HOLDINGS SA RegS","Fixed Income","0.21","108.29","15,639,000.00","17,132,222.58","17,132,222.58","Capital Goods","XS1758723883","2.88","Feb 1, 2026","-","United States","EUR","5.69"
"GESTSM","GESTAMP FUNDING LUXEMBOURG SA RegS","Fixed Income","0.21","101.75","16,750,000.00","17,124,548.61","17,124,548.61","Consumer Cyclical","XS1409497283","3.50","May 15, 2023","-","Spain","EUR","0.65"
"ADRBID","UNITED GROUP BV RegS","Fixed Income","0.21","100.78","16,900,000.00","17,122,664.54","17,122,664.54","Communications","XS1843437200","4.13","May 15, 2025","-","Netherlands","EUR","0.85"
"ALTICE","ALTICE FINANCING SA MTN RegS","Fixed Income","0.21","102.96","16,399,000.00","17,109,305.19","17,109,305.19","Communications","XS1181246775","5.25","Feb 15, 2023","-","Luxembourg","EUR","0.08"
"CONGLO","CONTOURGLOBAL POWER HOLDINGS SA RegS","Fixed Income","0.21","103.90","16,150,000.00","17,012,208.12","17,012,208.12","Electric","XS1859531060","3.38","Aug 1, 2023","-","Luxembourg","EUR","1.06"
"WPGLN","WORLDPAY FINANCE PLC RegS","Fixed Income","0.21","111.31","15,075,000.00","16,859,144.84","16,859,144.84","Technology","XS1319701451","3.75","Nov 15, 2022","-","United Kingdom","EUR","2.98"
"PPFARA","PPF ARENA 1 BV MTN RegS","Fixed Income","0.21","101.48","16,468,000.00","16,851,710.47","16,851,710.47","Communications","XS1969645255","3.13","Mar 27, 2026","-","Netherlands","EUR","6.08"
"ICCREA","ICCREA BANCA ISTITUTO CENTRALE DEL MTN RegS","Fixed Income","0.21","100.75","16,525,000.00","16,829,580.65","16,829,580.65","Banking","XS1696459731","1.50","Oct 11, 2022","-","Italy","EUR","3.20"
"IGT","INTERNATIONAL GAME TECHNOLOGY PLC RegS","Fixed Income","0.21","108.49","15,275,000.00","16,822,836.46","16,822,836.46","Consumer Cyclical","XS1844997970","3.50","Jul 15, 2024","-","United States","EUR","4.21"
"BAMIIM","BANCA POPOLARE DI MILANO SCARL MTN RegS","Fixed Income","0.21","108.52","15,080,000.00","16,731,471.37","16,731,471.37","Banking","XS0597182665","7.13","Mar 1, 2021","-","Italy","EUR","1.60"
"ISPIM","INTESA SANPAOLO SPA MTN RegS","Fixed Income","0.21","104.32","15,950,000.00","16,728,780.98","16,728,780.98","Banking","XS1222597905","2.86","Apr 23, 2025","-","Italy","EUR","5.43"
"PETBRA","PETROBRAS GLOBAL FINANCE BV MTN","Fixed Income","0.21","114.52","14,310,000.00","16,661,158.41","16,661,158.41","Owned No Guarantee","XS0716979595","5.88","Mar 7, 2022","-","Brazil","EUR","2.53"
"CBLCSY","CABLE COMMUNICATIONS SYSTEMS NV RegS","Fixed Income","0.21","103.32","15,950,000.00","16,653,749.44","16,653,749.44","Communications","XS1405770576","5.00","Oct 15, 2023","-","Romania","EUR","0.28"
"UNIIM","UNIPOL GRUPPO SPA MTN RegS","Fixed Income","0.21","101.87","16,004,000.00","16,638,011.42","16,638,011.42","Insurance","XS1725580622","3.50","Nov 29, 2027","-","Italy","EUR","7.25"
"CDRSM","CODERE FINANCE 2 (LUXEMBOURG) SA RegS","Fixed Income","0.20","99.89","16,439,000.00","16,631,234.38","16,631,234.38","Consumer Cyclical","XS1513765922","6.75","Nov 1, 2021","-","Spain","EUR","1.67"
"TDCDC","TDC AS MTN RegS","Fixed Income","0.20","111.30","14,696,000.00","16,605,155.75","16,605,155.75","Communications","XS0752467497","5.00","Mar 2, 2022","-","Denmark","EUR","2.54"
"EUR","EUR CASH","Cash","0.20","100.00","16,594,018.00","16,594,018.11","16,594,018.11","Cash and/or Derivatives","-","0.00","-","-","European Union","EUR","0.00"
"BRFSBZ","BRF SA RegS","Fixed Income","0.20","102.88","16,050,000.00","16,551,151.16","16,551,151.16","Consumer Non-Cyclical","XS1242327168","2.75","Jun 3, 2022","-","Brazil","EUR","2.85"
"VOVCAB","VOLVO CAR AB RegS","Fixed Income","0.20","105.79","15,550,000.00","16,516,601.30","16,516,601.30","Consumer Cyclical","XS1409634612","3.25","May 18, 2021","-","Sweden","EUR","1.83"
"FBRICC","FABRIC BC SPA RegS","Fixed Income","0.20","100.11","16,424,000.00","16,505,339.30","16,505,339.30","Basic Industry","XS1816220328","4.13","Nov 30, 2024","-","Italy","EUR","0.18"
"NOVO","NOVOMATIC AG MTN RegS","Fixed Income","0.20","99.10","16,418,000.00","16,480,017.31","16,480,017.31","Consumer Cyclical","AT0000A1LHT0","1.63","Sep 20, 2023","-","Austria","EUR","4.07"
"TITIM","TELECOM ITALIA SPA MTN RegS","Fixed Income","0.20","104.09","15,600,000.00","16,431,424.44","16,431,424.44","Communications","XS1846631049","2.88","Jan 28, 2026","-","Italy","EUR","5.93"
"SPCHEM","STARFRUIT US HOLDCO LLC/STARFRUIT RegS","Fixed Income","0.20","102.60","15,600,000.00","16,270,274.63","16,270,274.63","Basic Industry","XS1885682036","6.50","Oct 1, 2026","-","Netherlands","EUR","4.53"
"WEPAHY","WEPA HYGIENEPRODUKTE GMBH RegS","Fixed Income","0.20","101.89","15,850,000.00","16,236,805.51","16,236,805.51","Basic Industry","DE000A2AA0W5","3.75","May 15, 2024","-","Germany","EUR","0.75"
"SPMIM","SAIPEM FINANCE INTERNATIONAL BV MTN RegS","Fixed Income","0.20","111.03","14,225,000.00","16,231,566.81","16,231,566.81","Energy","XS1487495316","3.75","Sep 8, 2023","-","Italy","EUR","3.87"
"GBFGR","BILFINGER SE RegS","Fixed Income","0.20","100.77","15,883,000.00","16,221,773.51","16,221,773.51","Industrial Other","DE000A1R0TU2","2.38","Dec 7, 2019","-","Germany","EUR","0.43"
"TITIM","TELECOM ITALIA SPA MTN RegS","Fixed Income","0.20","107.97","14,700,000.00","16,116,033.60","16,116,033.60","Communications","XS1347748607","3.63","Jan 19, 2024","-","Italy","EUR","4.24"
"MEOGR","METRO AG MTN RegS","Fixed Income","0.20","102.28","15,575,000.00","16,075,655.84","16,075,655.84","Consumer Non-Cyclical","DE000A13R8M3","1.38","Oct 28, 2021","-","Germany","EUR","2.29"
"BACRED","MEDIOBANCA SPA","Fixed Income","0.20","113.40","14,025,000.00","16,073,449.43","16,073,449.43","Banking","IT0004917842","5.75","Apr 18, 2023","-","Italy","EUR","3.51"
"TITIM","TELECOM ITALIA SPA MTN RegS","Fixed Income","0.20","102.10","15,450,000.00","16,052,744.71","16,052,744.71","Communications","XS0868458653","4.00","Jan 21, 2020","-","Italy","EUR","0.55"
"SPMIM","SAIPEM FINANCE INTERNATIONAL BV MTN RegS","Fixed Income","0.20","106.41","14,981,000.00","16,047,566.92","16,047,566.92","Energy","XS1591523755","2.75","Apr 5, 2022","-","Italy","EUR","2.69"
"ERICB","TELEFONAKTIEBOLAGET LM ERICSSON MTN RegS","Fixed Income","0.20","101.31","15,766,000.00","16,019,868.67","16,019,868.67","Technology","XS1571293171","0.88","Mar 1, 2021","-","Sweden","EUR","1.66"
"AXTA","AXALTA COATING SYSTEMS DUTCH HOLDI RegS","Fixed Income","0.20","104.07","15,125,000.00","16,007,669.79","16,007,669.79","Basic Industry","XS1492656787","3.75","Jan 15, 2025","-","United States","EUR","0.53"
"UBIIM","UNIONE DI BANCHE ITALIANE SPA MTN RegS","Fixed Income","0.20","101.62","15,725,000.00","16,000,602.38","16,000,602.38","Banking","XS2015314037","2.63","Jun 20, 2024","-","Italy","EUR","4.73"
"VKFP","VALLOUREC SA RegS","Fixed Income","0.20","92.05","17,064,000.00","15,968,620.98","15,968,620.98","Basic Industry","XS1700480160","6.63","Oct 15, 2022","-","France","EUR","2.96"
"BULENR","BULGARIAN ENERGY HOLDING EAD RegS","Fixed Income","0.20","104.84","15,200,000.00","15,944,971.31","15,944,971.31","Owned No Guarantee","XS1839682116","3.50","Jun 28, 2025","-","Bulgaria","EUR","5.53"
"MAXDIY","MAXEDA DIY HOLDING BV RegS","Fixed Income","0.20","100.59","15,386,000.00","15,929,789.36","15,929,789.36","Consumer Cyclical","XS1648303813","6.13","Jul 15, 2022","-","Netherlands","EUR","2.08"
"IPDEBV","IPD 3 BV MTN RegS","Fixed Income","0.20","102.13","15,250,000.00","15,898,451.35","15,898,451.35","Communications","XS1577954149","4.50","Jul 15, 2022","-","Netherlands","EUR","1.20"
"BAMIIM","BANCO BPM SPA MTN RegS","Fixed Income","0.19","101.18","15,625,000.00","15,822,687.16","15,822,687.16","Banking","XS2016160777","2.50","Jun 21, 2024","-","Italy","EUR","4.75"
"SPMIM","SAIPEM FINANCE INTERNATIONAL BV MTN RegS","Fixed Income","0.19","104.46","14,941,000.00","15,802,755.66","15,802,755.66","Energy","XS1711584430","2.63","Jan 7, 2025","-","Netherlands","EUR","5.17"
"USIMIT","UNIPOLSAI ASSICURAZIONI SPA MTN RegS","Fixed Income","0.19","97.80","15,775,000.00","15,643,743.91","15,643,743.91","Insurance","XS1784311703","3.88","Mar 1, 2028","-","Italy","EUR","7.42"
"CC","CHEMOURS COMPANY","Fixed Income","0.19","99.34","15,649,000.00","15,632,273.65","15,632,273.65","Basic Industry","XS1827600724","4.00","May 15, 2026","-","United States","EUR","5.65"
"ADLERR","ADLER REAL ESTATE AG RegS","Fixed Income","0.19","101.63","15,216,000.00","15,595,490.65","15,595,490.65","Financial Other","XS1731858392","1.50","Dec 6, 2021","-","Germany","EUR","2.31"
"LDOIM","LEONARDO SPA MTN RegS","Fixed Income","0.19","102.70","15,158,000.00","15,584,481.81","15,584,481.81","Capital Goods","XS1627782771","1.50","Jun 7, 2024","-","Italy","EUR","4.65"
"VMED","VIRGIN MEDIA FINANCE PLC MTN RegS","Fixed Income","0.19","103.83","14,700,000.00","15,574,261.92","15,574,261.92","Communications","XS1169920193","4.50","Jan 15, 2025","-","United Kingdom","EUR","0.53"
"BCBCN","COTT FINANCE CORPORATION MTN RegS","Fixed Income","0.19","104.46","14,850,000.00","15,519,116.25","15,519,116.25","Consumer Non-Cyclical","XS1436943309","5.50","Jul 1, 2024","-","Canada","EUR","0.08"
"SDFGR","K+S AG RegS","Fixed Income","0.19","109.03","13,912,000.00","15,498,425.38","15,498,425.38","Basic Industry","XS0997941355","4.13","Dec 6, 2021","-","Germany","EUR","2.32"
"CBRFHG","CBR FASHION FINANCE BV RegS","Fixed Income","0.19","99.85","15,125,000.00","15,304,109.41","15,304,109.41","Consumer Cyclical","XS1709347923","5.13","Oct 1, 2022","-","Germany","EUR","2.65"
"TNEMAK","NEMAK SAB DE CV RegS","Fixed Income","0.19","103.76","14,600,000.00","15,297,900.28","15,297,900.28","Consumer Cyclical","XS1533916299","3.25","Mar 15, 2024","-","Mexico","EUR","1.91"
"SABSM","BANCO DE SABADELL SA MTN","Fixed Income","0.19","104.87","14,350,000.00","15,228,140.31","15,228,140.31","Banking","ES0213860051","6.25","Apr 26, 2020","-","Spain","EUR","0.82"
"PAPREC","PAPREC HOLDING SA RegS","Fixed Income","0.19","97.77","15,350,000.00","15,217,631.83","15,217,631.83","Capital Goods","XS1794209459","4.00","Mar 31, 2025","-","France","EUR","4.95"
"DOCGEN","DIOCLE SPA RegS","Fixed Income","0.19","101.16","15,000,000.00","15,186,439.73","15,186,439.73","Industrial Other","XS2015218584","3.88","Jun 30, 2026","-","Italy","EUR","1.77"
"BPSOIM","BANCA POPOLARE DI SONDRIO SCPA MTN RegS","Fixed Income","0.19","99.35","15,180,000.00","15,172,307.46","15,172,307.46","Banking","XS1975757789","2.38","Apr 3, 2024","-","Italy","EUR","4.54"
"ERICB","TELEFONAKTIEBOLAGET LM ERICSSON MTN RegS","Fixed Income","0.19","104.93","14,350,000.00","15,149,713.86","15,149,713.86","Technology","XS1571293684","1.88","Mar 1, 2024","-","Sweden","EUR","4.50"
"CEMEX","CEMEX FINANCE LLC RegS","Fixed Income","0.19","105.36","14,310,000.00","15,112,232.51","15,112,232.51","Capital Goods","XS1433214449","4.63","Jun 15, 2024","-","Mexico","EUR","0.94"
"ATCNA","ALTICE SA RegS","Fixed Income","0.19","103.03","14,230,562.00","15,062,935.01","15,062,935.01","Communications","XS1061642317","7.25","May 15, 2022","-","Luxembourg","EUR","0.08"
"SAPSJ","SAPPI PAPIER HOLDING GMBH RegS","Fixed Income","0.19","103.80","14,350,000.00","15,017,661.65","15,017,661.65","Basic Industry","XS1961852750","3.13","Apr 15, 2026","-","South Africa","EUR","4.20"
"EUROCA","EUROPCAR MOBILITY GROUP SA RegS","Fixed Income","0.18","103.08","14,450,000.00","15,007,339.07","15,007,339.07","Transportation","XS1983375871","4.00","Apr 30, 2026","-","France","EUR","4.70"
"ATALIA","LA FINANCIERE ATALIAN SAS RegS","Fixed Income","0.18","73.50","19,945,000.00","14,777,028.89","14,777,028.89","Consumer Cyclical","XS1605600532","4.00","May 15, 2024","-","France","EUR","4.37"
"TTMTIN","JAGUAR LAND ROVER AUTOMOTIVE PLC RegS","Fixed Income","0.18","90.29","15,925,000.00","14,716,902.43","14,716,902.43","Consumer Cyclical","XS1881005976","4.50","Jan 15, 2026","-","United Kingdom","EUR","5.57"
"SPMIM","SAIPEM FINANCE INTERNATIONAL BV MTN RegS","Fixed Income","0.18","104.59","13,875,000.00","14,646,641.91","14,646,641.91","Energy","XS1487498922","3.00","Mar 8, 2021","-","Italy","EUR","1.65"
"SUNSHM","SUNSHINE MID BV RegS","Fixed Income","0.18","105.00","13,750,000.00","14,558,919.68","14,558,919.68","Consumer Non-Cyclical","XS1814787054","6.50","May 15, 2026","-","Netherlands","EUR","3.38"
"VOVCAB","VOLVO CAR AB MTN RegS","Fixed Income","0.18","102.31","14,106,000.00","14,555,585.27","14,555,585.27","Consumer Cyclical","XS1724626699","2.00","Jan 24, 2025","-","Sweden","EUR","5.18"
"MPW","MPT OPERATING PARTNERSHIP LP / MPT","Fixed Income","0.18","109.58","13,150,000.00","14,530,965.57","14,530,965.57","Reits","XS1523028436","3.33","Mar 24, 2025","-","United States","EUR","5.11"
"SOFTBK","SOFTBANK GROUP CORP RegS","Fixed Income","0.18","112.33","12,825,000.00","14,524,938.36","14,524,938.36","Communications","XS1811213864","4.50","Apr 20, 2025","-","Japan","EUR","5.00"
"NDB","NORDDEUTSCHE LANDESBANK NY GIROZEN MTN","Fixed Income","0.18","102.00","14,190,000.00","14,494,594.17","14,494,594.17","Owned No Guarantee","XS0520938647","6.00","Jun 29, 2020","-","Germany","EUR","0.99"
"ELISGP","ELIS SA MTN RegS","Fixed Income","0.18","103.74","13,900,000.00","14,475,835.21","14,475,835.21","Consumer Non-Cyclical","FR0013413556","1.75","Apr 11, 2024","-","France","EUR","4.45"
"UBIIM","UNIONE DI BANCHE ITALIANE SPA MTN RegS","Fixed Income","0.18","99.90","14,400,000.00","14,442,196.02","14,442,196.02","Banking","XS1807182495","1.75","Apr 12, 2023","-","Italy","EUR","3.68"
"HBI","HANESBRANDS FINANCE LUXEMBOURG SCA RegS","Fixed Income","0.18","110.34","13,015,000.00","14,384,575.25","14,384,575.25","Consumer Cyclical","XS1419661118","3.50","Jun 15, 2024","-","United States","EUR","4.41"
"OCINV","OCI NV RegS","Fixed Income","0.18","105.81","13,325,000.00","14,246,655.75","14,246,655.75","Basic Industry","XS1713465687","5.00","Apr 15, 2023","-","Netherlands","EUR","0.77"
"BLL","BALL CORPORATION","Fixed Income","0.17","104.98","13,500,000.00","14,175,726.65","14,175,726.65","Capital Goods","XS1330978211","3.50","Dec 15, 2020","-","United States","EUR","1.43"
"PRMHLD","PROMONTORIA HOLDING 264 BV RegS","Fixed Income","0.17","94.90","14,440,000.00","14,091,299.99","14,091,299.99","Transportation","XS1860216909","6.75","Aug 15, 2023","-","Netherlands","EUR","3.57"
"NOVEMG","NOVEM GROUP GMBH RegS","Fixed Income","0.17","102.33","13,700,000.00","14,082,732.33","14,082,732.33","Consumer Cyclical","XS1843435410","5.25","May 15, 2024","-","Germany","EUR","0.15"
"EDRSM","EDREAMS ODIGEO SA RegS","Fixed Income","0.17","104.73","13,200,000.00","14,071,987.60","14,071,987.60","Consumer Cyclical","XS1879565791","5.50","Sep 1, 2023","-","Spain","EUR","1.23"
"GCLIM","GUALA CLOSURES SPA RegS","Fixed Income","0.17","101.54","13,700,000.00","14,022,452.33","14,022,452.33","Capital Goods","XS1888268064","3.50","Apr 15, 2024","-","Italy","EUR","0.08"
"BAMIIM","BANCO BPM SPA MTN RegS","Fixed Income","0.17","99.84","13,950,000.00","13,978,076.68","13,978,076.68","Banking","XS1811053641","1.75","Apr 24, 2023","-","Italy","EUR","3.72"
"UNITY","UNITYMEDIA HESSEN GMBH & CO KG / U RegS","Fixed Income","0.17","108.32","12,645,000.00","13,922,835.91","13,922,835.91","Communications","XS1334248223","4.63","Feb 15, 2026","-","Germany","EUR","1.56"
"SKGID","SMURFIT KAPPA ACQUISITIONS RegS","Fixed Income","0.17","102.09","13,393,000.00","13,909,378.28","13,909,378.28","Basic Industry","XS0880132989","4.13","Jan 30, 2020","-","Ireland","EUR","0.57"
"TEREOS","TEREOS FINANCE GROUPE I SA RegS","Fixed Income","0.17","79.93","17,100,000.00","13,702,476.04","13,702,476.04","Consumer Non-Cyclical","FR0013183571","4.13","Jun 16, 2023","-","France","EUR","3.70"
"KRO","KRONOS INTERNATIONAL INC RegS","Fixed Income","0.17","99.87","13,500,000.00","13,637,137.50","13,637,137.50","Basic Industry","XS1680281133","3.75","Sep 15, 2025","-","Germany","EUR","5.00"
"LHMCFI","CIRSA FINANCE INTERNATIONAL SARL RegS","Fixed Income","0.17","101.41","13,400,000.00","13,618,367.89","13,618,367.89","Consumer Cyclical","XS1849559205","5.75","Dec 20, 2023","-","Spain","EUR","0.08"
"EUROCA","EC FINANCE PLC RegS","Fixed Income","0.17","102.01","13,300,000.00","13,609,983.62","13,609,983.62","Transportation","XS1703900164","2.38","Nov 15, 2022","-","United Kingdom","EUR","0.37"
"IGT","INTERNATIONAL GAME TECHNOLOGY PLC RegS","Fixed Income","0.17","102.96","13,000,000.00","13,591,153.33","13,591,153.33","Consumer Cyclical","XS0860855930","4.75","Mar 5, 2020","-","United States","EUR","0.67"
"IGBOND","NOMAD FOODS BONDCO PLC RegS","Fixed Income","0.17","103.39","13,055,000.00","13,557,122.57","13,557,122.57","Consumer Non-Cyclical","XS1600824962","3.25","May 15, 2024","-","United Kingdom","EUR","0.86"
"TSCOLN","TESCO CORPORATE TREASURY SERVICES MTN RegS","Fixed Income","0.17","103.82","12,832,000.00","13,444,208.59","13,444,208.59","Consumer Non-Cyclical","XS1896851224","1.38","Oct 24, 2023","-","United Kingdom","EUR","3.99"
"SDFGR","K+S AG MTN RegS","Fixed Income","0.17","107.35","12,500,000.00","13,433,494.26","13,433,494.26","Basic Industry","DE000A1PGZ82","3.00","Jun 20, 2022","-","Germany","EUR","2.89"
"CTCBON","CTC BONDCO GMBH RegS","Fixed Income","0.17","102.00","12,875,000.00","13,393,486.98","13,393,486.98","Basic Industry","XS1729972015","5.25","Dec 15, 2025","-","Germany","EUR","3.90"
"BDC","BELDEN INC RegS","Fixed Income","0.16","105.20","12,485,000.00","13,332,787.68","13,332,787.68","Industrial Other","XS1640668940","3.38","Jul 15, 2027","-","United States","EUR","4.01"
"TEN","TENNECO INC RegS","Fixed Income","0.16","98.93","13,325,000.00","13,325,238.74","13,325,238.74","Consumer Cyclical","XS1587905727","4.88","Apr 15, 2022","-","United States","EUR","2.56"
"ADLERR","ADLER REAL ESTATE AG RegS","Fixed Income","0.16","102.11","13,000,000.00","13,316,253.88","13,316,253.88","Financial Other","XS1843441491","1.50","Apr 17, 2022","-","Germany","EUR","2.68"
"VKFP","VALLOUREC SA RegS","Fixed Income","0.16","88.80","14,675,000.00","13,236,330.26","13,236,330.26","Basic Industry","XS1807435026","6.38","Oct 15, 2023","-","France","EUR","3.74"
"MONTE","BANCA MONTE DEI PASCHI DI SIENA SP MTN RegS","Fixed Income","0.16","100.00","13,200,000.00","13,200,000.00","13,200,000.00","Banking","-","4.25","Jul 10, 2022","-","Italy","EUR","2.91"
"ECPG","CABOT FINANCIAL (LUXEMBOURG) II SA MTN RegS","Fixed Income","0.16","101.54","12,950,000.00","13,194,776.58","13,194,776.58","Finance Companies","XS2010158553","6.38","Jun 14, 2024","-","United Kingdom","EUR","0.26"
"TEN","FEDERAL-MOGUL HOLDINGS LLC / FEDER RegS","Fixed Income","0.16","98.88","13,019,000.00","13,180,450.07","13,180,450.07","Consumer Cyclical","XS1639490918","5.00","Jul 15, 2024","-","United States","EUR","4.08"
"TPZSM","TASTY BONDCO 1 SA RegS","Fixed Income","0.16","106.07","12,250,000.00","13,132,017.42","13,132,017.42","Consumer Cyclical","XS1990733898","6.25","May 15, 2026","-","Spain","EUR","4.12"
"CAR","AVIS BUDGET FINANCE PLC RegS","Fixed Income","0.16","105.71","12,186,000.00","13,130,814.57","13,130,814.57","Transportation","XS1889107931","4.75","Jan 30, 2026","-","United States","EUR","2.69"
"HPLGR","HAPAG-LLOYD AG RegS","Fixed Income","0.16","105.40","12,175,000.00","13,124,958.37","13,124,958.37","Transportation","XS1645113322","5.13","Jul 15, 2024","-","Germany","EUR","0.97"
"IQV","IQVIA INC RegS","Fixed Income","0.16","104.06","12,500,000.00","13,117,634.03","13,117,634.03","Consumer Non-Cyclical","XS1684387456","2.88","Sep 15, 2025","-","United States","EUR","1.18"
"LABFP","EPHIOS HOLDCO II PLC RegS","Fixed Income","0.16","104.38","12,530,000.00","13,090,324.89","13,090,324.89","Consumer Non-Cyclical","XS1268471494","8.25","Jul 1, 2023","-","France","EUR","0.03"
"LKQ","LKQ ITALIA BONDCO S.P.A. RegS","Fixed Income","0.16","111.41","11,600,000.00","13,039,521.91","13,039,521.91","Consumer Cyclical","XS1395004408","3.88","Apr 1, 2024","-","United States","EUR","4.17"
"BMBGBN","BMBG BOND FINANCE SCA RegS","Fixed Income","0.16","100.62","12,900,000.00","13,000,942.93","13,000,942.93","Capital Goods","XS1432585997","3.00","Jun 15, 2021","-","Germany","EUR","0.95"
"CCK","CROWN EUROPEAN HOLDINGS SA RegS","Fixed Income","0.16","105.80","12,175,000.00","12,998,155.40","12,998,155.40","Capital Goods","XS1758716085","2.25","Feb 1, 2023","-","United States","EUR","3.21"
"FINRSK","FINANCIAL & RISK US HOLDINGS INC RegS","Fixed Income","0.16","102.15","12,500,000.00","12,895,357.85","12,895,357.85","Technology","XS1843460103","6.88","Nov 15, 2026","-","United States","EUR","4.63"
"MATTER","MATTERHORN TELECOM SA RegS","Fixed Income","0.16","99.69","12,825,000.00","12,855,915.38","12,855,915.38","Communications","XS1720690889","4.00","Nov 15, 2027","-","Luxembourg","EUR","6.59"
"IPFLN","INTERNATIONAL PERSONAL FINANCE PLC MTN RegS","Fixed Income","0.16","94.35","13,400,000.00","12,830,262.02","12,830,262.02","Financial Other","XS1054714248","5.75","Apr 7, 2021","-","United Kingdom","EUR","1.71"
"CONSUS","CONSUS REAL ESTATE AG RegS","Fixed Income","0.16","96.49","13,100,000.00","12,808,364.31","12,808,364.31","Financial Other","XS1843437465","9.63","May 15, 2024","-","Germany","EUR","3.94"
"CEMEX","CEMEX SAB DE CV RegS","Fixed Income","0.16","103.28","12,250,000.00","12,762,841.15","12,762,841.15","Capital Goods","XS1964617879","3.13","Mar 19, 2026","-","Mexico","EUR","4.27"
"GFKLDE","GARFUNKELUX HOLDCO 3 SA RegS","Fixed Income","0.16","84.00","15,100,000.00","12,744,400.00","12,744,400.00","Financial Other","XS1756364805","4.50","Sep 1, 2023","-","Luxembourg","EUR","3.15"
"JHXAU","JAMES HARDIE INTERNATIONAL FINANCE RegS","Fixed Income","0.16","106.75","11,798,000.00","12,704,848.35","12,704,848.35","Capital Goods","XS1888221261","3.63","Oct 1, 2026","-","Ireland","EUR","2.24"
"ABHFIN","ALFA HOLDING ISSUANCE PLC MTN RegS","Fixed Income","0.16","100.94","12,500,000.00","12,677,339.48","12,677,339.48","Banking","XS1588061694","2.63","Apr 28, 2020","-","Russian Federation","EUR","0.82"
"TITIM","TELECOM ITALIA SPA MTN RegS","Fixed Income","0.16","106.75","11,650,000.00","12,666,346.32","12,666,346.32","Communications","XS1020952435","4.50","Jan 25, 2021","-","Italy","EUR","1.53"
"GESTSM","GESTAMP AUTOMOCION SA MTN RegS","Fixed Income","0.16","98.87","12,725,000.00","12,656,196.63","12,656,196.63","Consumer Cyclical","XS1814065345","3.25","Apr 30, 2026","-","Spain","EUR","5.53"
"TITIM","TELECOM ITALIA SPA MTN RegS","Fixed Income","0.16","105.86","11,504,000.00","12,611,148.22","12,611,148.22","Communications","XS0974375130","4.88","Sep 25, 2020","-","Italy","EUR","1.19"
"VRDLN","VIRIDIAN GROUP FINANCE CO PLC/VIRI RegS","Fixed Income","0.15","101.52","12,225,000.00","12,564,107.51","12,564,107.51","Electric","XS1684813493","4.00","Sep 15, 2025","-","United Kingdom","EUR","3.78"
"OI","OI EUROPEAN GROUP BV RegS","Fixed Income","0.15","108.00","11,470,000.00","12,533,460.17","12,533,460.17","Capital Goods","XS0908230781","4.88","Mar 31, 2021","-","United States","EUR","1.68"
"VKFP","VALLOUREC SA MTN RegS","Fixed Income","0.15","99.95","12,100,000.00","12,459,781.07","12,459,781.07","Basic Industry","FR0011302793","3.25","Aug 2, 2019","-","France","EUR","0.08"
"UGI","UGI INTERNATIONAL LLC RegS","Fixed Income","0.15","105.98","11,673,000.00","12,437,785.78","12,437,785.78","Energy","XS1895495478","3.25","Nov 1, 2025","-","United States","EUR","2.39"
"IPGIM","SALINI IMPREGILO SPA RegS","Fixed Income","0.15","85.33","14,350,000.00","12,420,776.35","12,420,776.35","Industrial Other","XS1707063589","1.75","Oct 26, 2024","-","Italy","EUR","5.05"
"ARWLN","ARROW GLOBAL FINANCE PLC RegS","Fixed Income","0.15","95.57","12,955,000.00","12,384,456.40","12,384,456.40","Financial Other","XS1533918824","2.88","Apr 1, 2025","-","United Kingdom","EUR","3.93"
"CLNXSM","CELLNEX TELECOM SA MTN RegS","Fixed Income","0.15","108.98","11,300,000.00","12,383,975.66","12,383,975.66","Communications","XS1551726810","2.88","Apr 18, 2025","-","Spain","EUR","5.24"
"TCHEN","BLITZ F18-675 GMBH RegS","Fixed Income","0.15","106.58","11,325,000.00","12,361,165.78","12,361,165.78","Industrial Other","XS1859258383","6.00","Jul 30, 2026","-","Germany","EUR","2.45"
"BDC","BELDEN INC RegS","Fixed Income","0.15","106.69","11,421,000.00","12,318,720.74","12,318,720.74","Industrial Other","XS1789515134","3.88","Mar 15, 2028","-","United States","EUR","4.63"
"SCHENC","PLATIN 1426 GMBH RegS","Fixed Income","0.15","101.38","12,075,000.00","12,275,371.41","12,275,371.41","Capital Goods","XS1735583095","5.38","Jun 15, 2023","-","Germany","EUR","1.84"
"ELISGP","ELIS SA MTN RegS","Fixed Income","0.15","107.76","11,200,000.00","12,192,008.98","12,192,008.98","Consumer Non-Cyclical","FR0013318102","2.88","Feb 15, 2026","-","France","EUR","5.95"
"TITANL","TEAMSYSTEM SPA RegS","Fixed Income","0.15","100.20","12,100,000.00","12,147,055.56","12,147,055.56","Technology","XS1799537904","4.00","Apr 15, 2023","-","Italy","EUR","0.17"
"AUTODI","AUTODIS SA RegS","Fixed Income","0.15","100.20","11,946,377.00","12,061,554.50","12,061,554.50","Consumer Cyclical","XS1517169972","4.38","May 1, 2022","-","France","EUR","0.03"
"TVOYFH","TEOLLISUUDEN VOIMA OYJ MTN RegS","Fixed Income","0.15","104.39","11,500,000.00","12,040,139.52","12,040,139.52","Electric","XS1816329418","2.00","May 8, 2024","-","Finland","EUR","4.49"
"CTLT","CATALENT PHARMA SOLUTIONS INC RegS","Fixed Income","0.15","104.19","11,525,000.00","12,036,790.03","12,036,790.03","Consumer Non-Cyclical","XS1531338678","4.75","Dec 15, 2024","-","United States","EUR","0.45"
"ICCREA","ICCREA BANCA ISTITUTO CENTRALE DEL MTN RegS","Fixed Income","0.15","100.59","11,800,000.00","12,003,936.33","12,003,936.33","Banking","XS1143070503","1.88","Nov 25, 2019","-","Italy","EUR","0.40"
"GARAN","TURKIYE GARANTI BANKASI AS MTN RegS","Fixed Income","0.15","99.97","11,600,000.00","11,983,613.59","11,983,613.59","Banking","XS1084838496","3.38","Jul 8, 2019","-","Turkey","EUR","0.01"
"TVOYFH","TEOLLISUUDEN VOIMA OYJ MTN RegS","Fixed Income","0.15","104.62","11,334,000.00","11,956,459.62","11,956,459.62","Electric","XS1183235644","2.13","Feb 4, 2025","-","Finland","EUR","5.15"
"CSTM","CONSTELLIUM NV RegS","Fixed Income","0.15","103.97","11,320,000.00","11,954,709.26","11,954,709.26","Basic Industry","XS1713568811","4.25","Feb 15, 2026","-","Netherlands","EUR","1.73"
"COFP","CASINO GUICHARD PERRACHON SA MTN RegS","Fixed Income","0.15","81.34","14,400,000.00","11,920,083.58","11,920,083.58","Consumer Non-Cyclical","FR0012369122","3.58","Feb 7, 2025","-","France","EUR","5.05"
"ADRBID","UNITED GROUP BV RegS","Fixed Income","0.15","104.06","11,190,000.00","11,906,715.96","11,906,715.96","Communications","XS1647815775","4.88","Jul 1, 2024","-","Netherlands","EUR","1.02"
"UNILAB","UNILABS SUBHOLDING AB (PUBL) RegS","Fixed Income","0.15","102.18","11,555,000.00","11,897,752.37","11,897,752.37","Consumer Non-Cyclical","XS1602515733","5.75","May 15, 2025","-","Sweden","EUR","3.11"
"HTOGA","OTE PLC MTN RegS","Fixed Income","0.15","101.71","11,369,000.00","11,856,281.57","11,856,281.57","Communications","XS1327539976","4.38","Dec 2, 2019","-","Greece","EUR","0.42"
"SPB","SPECTRUM BRANDS INC RegS","Fixed Income","0.15","105.99","11,050,000.00","11,825,421.86","11,825,421.86","Consumer Non-Cyclical","XS1493296500","4.00","Oct 1, 2026","-","United States","EUR","2.39"
"SAPSJ","SAPPI PAPIER HOLDING GMBH RegS","Fixed Income","0.15","102.67","11,370,000.00","11,796,122.33","11,796,122.33","Basic Industry","XS1383922876","4.00","Apr 1, 2023","-","South Africa","EUR","0.08"
"GFKLDE","GARFUNKELUX HOLDCO 3 SA RegS","Fixed Income","0.14","93.43","12,150,000.00","11,741,383.76","11,741,383.76","Financial Other","XS1263891910","7.50","Aug 1, 2022","-","Luxembourg","EUR","2.71"
"SCHMAN","SCHUMANN SPA RegS","Fixed Income","0.14","103.00","11,050,000.00","11,712,386.11","11,712,386.11","Consumer Cyclical","XS1454980159","7.00","Jul 31, 2023","-","Italy","EUR","1.76"
"ENGPRO","ENERGO PRO AS RegS","Fixed Income","0.14","100.97","11,325,000.00","11,695,595.89","11,695,595.89","Electric","XS1731657141","4.00","Dec 7, 2022","-","Czech Republic","EUR","2.63"
"ARMK","ARAMARK INTERNATIONAL FINANCE SARL RegS","Fixed Income","0.14","103.31","11,150,000.00","11,612,949.55","11,612,949.55","Consumer Non-Cyclical","XS1586831999","3.13","Apr 1, 2025","-","United States","EUR","0.85"
"NWGLOV","N&W GLOBAL VENDING SPA RegS","Fixed Income","0.14","105.34","10,850,000.00","11,595,651.18","11,595,651.18","Industrial Other","XS1504057008","7.00","Oct 15, 2023","-","Italy","EUR","0.28"
"PTECLN","PLAYTECH PLC RegS","Fixed Income","0.14","106.68","10,725,000.00","11,589,771.77","11,589,771.77","Technology","XS1956187550","4.25","Mar 7, 2026","-","United Kingdom","EUR","3.03"
"ARGID","ARDAGH PACKAGING FINANCE PLC/ARDAG RegS","Fixed Income","0.14","103.07","11,100,000.00","11,503,461.51","11,503,461.51","Capital Goods","XS1406669553","4.13","May 15, 2023","-","Ireland","EUR","0.03"
"SEE","SEALED AIR CORPORATION MTN RegS","Fixed Income","0.14","113.61","9,980,000.00","11,473,756.50","11,473,756.50","Capital Goods","XS1247796185","4.50","Sep 15, 2023","-","United States","EUR","3.65"
"CONGLO","CONTOURGLOBAL POWER HOLDINGS SA RegS","Fixed Income","0.14","107.07","10,430,000.00","11,355,199.23","11,355,199.23","Electric","XS1859543073","4.13","Aug 1, 2025","-","Luxembourg","EUR","2.01"
"CFX","COLFAX CORPORATION RegS","Fixed Income","0.14","103.03","10,950,000.00","11,330,203.83","11,330,203.83","Capital Goods","XS1599406839","3.25","May 15, 2025","-","United States","EUR","0.79"
"GARSRL","GARRETT LX I SARL/GARRETT BORROWIN RegS","Fixed Income","0.14","97.52","11,400,000.00","11,245,979.48","11,245,979.48","Consumer Cyclical","XS1884811594","5.13","Oct 15, 2026","-","Switzerland","EUR","5.93"
"GFKLDE","GARFUNKELUX HOLDCO 3 SA RegS","Fixed Income","0.14","81.51","13,538,000.00","11,075,084.31","11,075,084.31","Financial Other","XS1681017163","3.50","Sep 1, 2023","-","Luxembourg","EUR","3.20"
"DOMSS","DOMETIC GROUP AB (PUBL) MTN RegS","Fixed Income","0.14","100.96","10,900,000.00","11,058,860.96","11,058,860.96","Consumer Non-Cyclical","XS1991114858","3.00","May 8, 2026","-","Sweden","EUR","6.26"
"BDC","BELDEN INC RegS","Fixed Income","0.14","103.51","10,580,000.00","11,042,955.00","11,042,955.00","Industrial Other","XS1684785345","2.88","Sep 15, 2025","-","United States","EUR","1.20"
"LHMCFI","CIRSA FINANCE INTERNATIONAL SARL RegS","Fixed Income","0.14","105.96","10,325,000.00","10,997,572.22","10,997,572.22","Consumer Cyclical","XS1990952779","4.75","May 22, 2025","-","Spain","EUR","1.79"
"SAZGR","NIDDA BONDCO GMBH RegS","Fixed Income","0.13","105.37","10,151,000.00","10,893,992.52","10,893,992.52","Consumer Non-Cyclical","XS1914256695","7.25","Sep 30, 2025","-","Germany","EUR","2.21"
"BANIJA","BANIJAY GROUP SAS RegS","Fixed Income","0.13","102.24","10,590,000.00","10,835,876.27","10,835,876.27","Communications","XS1642700766","4.00","Jul 1, 2022","-","France","EUR","0.08"
"VKFP","VALLOUREC SA RegS","Fixed Income","0.13","72.89","14,500,000.00","10,816,884.62","10,816,884.62","Basic Industry","FR0012188456","2.25","Sep 30, 2024","-","France","EUR","4.86"
"TITKGA","TITAN GLOBAL FINANCE PLC RegS","Fixed Income","0.13","102.38","10,525,000.00","10,809,341.32","10,809,341.32","Capital Goods","XS1716212243","2.38","Nov 16, 2024","-","Greece","EUR","4.83"
"SELNSW","SELECTA GROUP BV RegS","Fixed Income","0.13","101.00","10,600,000.00","10,710,682.88","10,710,682.88","Capital Goods","XS1756359045","5.38","Feb 1, 2024","-","Netherlands","EUR","0.25"
"FNACFP","FNAC DARTY SA RegS","Fixed Income","0.13","103.18","10,300,000.00","10,654,244.47","10,654,244.47","Consumer Cyclical","XS1987729412","1.88","May 30, 2024","-","France","EUR","2.07"
"LWSN","INFOR US INC MTN","Fixed Income","0.13","101.07","10,450,000.00","10,643,600.76","10,643,600.76","Technology","XS1354235217","5.75","May 15, 2022","-","United States","EUR","0.85"
"IRM","IRON MOUNTAIN INC RegS","Fixed Income","0.13","103.64","10,130,000.00","10,642,071.16","10,642,071.16","Technology","XS1619006486","3.00","Jan 15, 2025","-","United States","EUR","0.93"
"SWPORT","SWISSPORT FINANCING SARL RegS","Fixed Income","0.13","103.05","10,200,000.00","10,547,858.76","10,547,858.76","Transportation","XS1644604792","6.75","Dec 15, 2021","-","Luxembourg","EUR","0.45"
"BGRKNG","BURGER KING FRANCE SAS RegS","Fixed Income","0.13","106.97","9,725,000.00","10,505,208.55","10,505,208.55","Consumer Cyclical","XS1600514696","6.00","May 1, 2024","-","France","EUR","0.82"
"EGBLFN","EG GLOBAL FINANCE PLC RegS","Fixed Income","0.13","100.03","10,400,000.00","10,460,865.94","10,460,865.94","Consumer Cyclical","XS1992918661","3.63","Feb 7, 2024","-","United Kingdom","EUR","2.42"
"FNACFP","FNAC DARTY SA RegS","Fixed Income","0.13","105.07","9,825,000.00","10,358,493.90","10,358,493.90","Consumer Cyclical","XS1987729768","2.63","May 30, 2026","-","France","EUR","2.96"
"NHHSM","NH HOTEL GROUP SA RegS","Fixed Income","0.13","102.61","9,936,229.00","10,291,697.65","10,291,697.65","Consumer Cyclical","XS1497527736","3.75","Oct 1, 2019","-","Spain","EUR","1.54"
"ANTOLN","GRUPO ANTOLIN IRAUSA SA RegS","Fixed Income","0.13","94.06","10,850,000.00","10,267,764.89","10,267,764.89","Consumer Cyclical","XS1598243142","3.25","Apr 30, 2024","-","Spain","EUR","4.48"
"DIVRSY","DIAMOND BC BV RegS","Fixed Income","0.13","84.11","11,900,000.00","10,267,344.39","10,267,344.39","Consumer Non-Cyclical","XS1654544136","5.63","Aug 15, 2025","-","United States","EUR","5.05"
"LOXAM","LOXAM SAS RegS","Fixed Income","0.13","105.92","9,535,000.00","10,225,362.29","10,225,362.29","Capital Goods","XS1590067432","6.00","Apr 15, 2025","-","France","EUR","0.77"
"LKQ","LKQ EUROPEAN HOLDINGS BV RegS","Fixed Income","0.12","109.59","9,150,000.00","10,129,037.04","10,129,037.04","Consumer Cyclical","XS1799641045","4.13","Apr 1, 2028","-","United States","EUR","4.01"
"INTDGP","INTERNATIONAL DESIGN GROUP SPA RegS","Fixed Income","0.12","101.40","9,875,000.00","10,100,221.32","10,100,221.32","Consumer Non-Cyclical","XS1908248963","6.50","Nov 15, 2025","-","Italy","EUR","4.59"
"VERISR","VERISURE HOLDING AB RegS","Fixed Income","0.12","104.22","9,650,000.00","10,088,102.60","10,088,102.60","Consumer Cyclical","XS1908250191","3.50","May 15, 2023","-","Sweden","EUR","0.84"
"ABVVPS","AUTOSTRADA BRESCIA VERONA VICENZA RegS","Fixed Income","0.12","101.05","9,831,000.00","10,001,945.51","10,001,945.51","Capital Goods","XS1205716720","2.38","Mar 20, 2020","-","Italy","EUR","0.71"
"SAMISA","SAMSONITE FINCO SARL MTN RegS","Fixed Income","0.12","103.17","9,600,000.00","9,950,465.17","9,950,465.17","Consumer Cyclical","XS1811792792","3.50","May 15, 2026","-","United States","EUR","2.96"
"RXLFP","REXEL SA MTN RegS","Fixed Income","0.12","102.92","9,650,000.00","9,945,217.79","9,945,217.79","Capital Goods","XS1574686264","2.63","Jun 15, 2024","-","France","EUR","0.70"
"EMPARQ","ARENA LUXEMBOURG FINANCE SARL RegS","Fixed Income","0.12","103.62","9,550,000.00","9,944,092.69","9,944,092.69","Technology","XS1577948174","2.88","Nov 1, 2024","-","Luxembourg","EUR","1.33"
"WIEAV","WIENERBERGER AG","Fixed Income","0.12","103.00","9,573,000.00","9,941,987.36","9,941,987.36","Capital Goods","AT0000A100E2","4.00","Apr 17, 2020","-","Austria","EUR","0.79"
"AXTA","AXALTA COATING SYSTEMS LLC RegS","Fixed Income","0.12","103.92","9,400,000.00","9,922,899.65","9,922,899.65","Basic Industry","XS1468538035","4.25","Aug 15, 2024","-","Netherlands","EUR","0.12"
"PHARGR","PHOENIX PIB FINANCE BV MTN RegS","Fixed Income","0.12","102.16","9,668,000.00","9,909,119.13","9,909,119.13","Consumer Non-Cyclical","XS0935786789","3.13","May 27, 2020","-","Germany","EUR","0.90"
"ANACAP","ANACAP FINANCIAL EUROPE SA SICAV-R MTN RegS","Fixed Income","0.12","88.24","11,100,000.00","9,898,264.67","9,898,264.67","Brokerage/Asset Managers/Exchanges","XS1649046874","5.00","Aug 1, 2024","-","Luxembourg","EUR","3.45"
"ICCREA","ICCREA BANCA ISTITUTO CENTRALE DEL MTN RegS","Fixed Income","0.12","99.30","9,900,000.00","9,842,438.93","9,842,438.93","Banking","XS1762912571","0.69","Feb 1, 2021","-","Italy","EUR","0.08"
"LOXAM","LOXAM SAS RegS","Fixed Income","0.12","105.24","9,164,000.00","9,830,897.37","9,830,897.37","Capital Goods","XS1590066624","4.25","Apr 15, 2024","-","France","EUR","0.77"
"CEVAGR","CEVA LOGISTICS FINANCE BV RegS","Fixed Income","0.12","100.91","9,529,000.00","9,828,170.58","9,828,170.58","Transportation","XS1860570404","5.25","Aug 1, 2025","-","Netherlands","EUR","4.48"
"CGGFP","CGG HOLDING (US) INC RegS","Fixed Income","0.12","107.16","9,050,000.00","9,822,491.88","9,822,491.88","Energy","XS1713465760","7.88","May 1, 2023","-","France","EUR","0.81"
"LOXAM","LOXAM SAS RegS","Fixed Income","0.12","101.16","9,633,000.00","9,808,564.05","9,808,564.05","Capital Goods","XS1975699569","2.88","Apr 15, 2026","-","France","EUR","5.19"
"MOBLUX","MOBILUX FINANCE SAS MTN RegS","Fixed Income","0.12","103.57","9,350,000.00","9,753,731.23","9,753,731.23","Consumer Cyclical","XS1512670412","5.50","Nov 15, 2024","-","France","EUR","0.37"
"PELHOL","HP PELZER HOLDING GMBH RegS","Fixed Income","0.12","92.88","10,290,000.00","9,666,490.31","9,666,490.31","Consumer Cyclical","XS1533914591","4.13","Apr 1, 2024","-","Germany","EUR","4.31"
"ACKAF","ARCELIK AS RegS","Fixed Income","0.12","102.29","9,087,000.00","9,579,683.45","9,579,683.45","Capital Goods","XS1109959467","3.88","Sep 16, 2021","-","Turkey","EUR","2.10"
"CARLTV","CARLSON TRAVEL INC RegS","Fixed Income","0.12","100.00","9,525,000.00","9,546,650.85","9,546,650.85","Consumer Cyclical","XS1535991498","4.75","Jun 15, 2023","-","United States","EUR","0.13"
"CCAPGR","CORESTATE CAPITAL HOLDING SA RegS","Fixed Income","0.12","100.13","9,400,000.00","9,484,477.55","9,484,477.55","Financial Other","DE000A19YDA9","3.50","Apr 15, 2023","-","Germany","EUR","3.57"
"BKIR","BANK OF IRELAND MTN RegS","Fixed Income","0.12","127.23","7,150,000.00","9,482,968.51","9,482,968.51","Banking","XS0867469305","10.00","Dec 19, 2022","-","Ireland","EUR","3.03"
"RFLBNI","RAIFFEISENLANDESBANK NIEDEROSTERRE MTN RegS","Fixed Income","0.12","112.84","8,100,000.00","9,425,888.19","9,425,888.19","Banking","XS0997355036","5.88","Nov 27, 2023","-","Austria","EUR","3.93"
"KMEAGR","KME AG RegS","Fixed Income","0.12","96.75","9,475,000.00","9,332,282.81","9,332,282.81","Basic Industry","XS1756722069","6.75","Feb 1, 2023","-","Germany","EUR","3.19"
"ADLERR","ADLER REAL ESTATE AG RegS","Fixed Income","0.11","105.24","8,800,000.00","9,310,329.34","9,310,329.34","Financial Other","XS1713464524","3.00","Apr 27, 2026","-","Germany","EUR","6.19"
"DOUGR","KIRK BEAUTY ZERO GMBH RegS","Fixed Income","0.11","93.27","9,900,000.00","9,216,542.50","9,216,542.50","Consumer Cyclical","XS1251078009","6.25","Jul 15, 2022","-","Germany","EUR","2.81"
"NVFVES","NOVAFIVES SAS RegS","Fixed Income","0.11","96.64","9,500,000.00","9,206,009.09","9,206,009.09","Industrial Other","XS1713466222","5.00","Jun 15, 2025","-","France","EUR","5.14"
"STKGRP","LSF10 WOLVERINE INVESTMENTS SCA RegS","Fixed Income","0.11","103.32","8,745,000.00","9,167,723.58","9,167,723.58","Capital Goods","XS1791484394","5.00","Mar 15, 2024","-","Luxembourg","EUR","1.22"
"LECTA","LECTA SA RegS","Fixed Income","0.11","76.35","11,568,000.00","9,151,618.32","9,151,618.32","Basic Industry","XS1458413728","6.50","Aug 1, 2023","-","United Kingdom","EUR","3.46"
"NEXFP","NEXANS SA RegS","Fixed Income","0.11","109.41","8,100,000.00","9,136,792.79","9,136,792.79","Capital Goods","FR0013354297","3.75","Aug 8, 2023","-","France","EUR","3.56"
"INTDGP","INTERNATIONAL DESIGN GROUP SPA RegS","Fixed Income","0.11","100.12","9,050,000.00","9,135,424.56","9,135,424.56","Consumer Non-Cyclical","XS1908258681","6.00","Nov 15, 2025","-","Italy","EUR","0.15"
"GBFGR","BILFINGER SE RegS","Fixed Income","0.11","105.55","8,600,000.00","9,098,447.54","9,098,447.54","Industrial Other","DE000A2YNQW7","4.50","Jun 14, 2024","-","Germany","EUR","4.38"
"KOANO","KONGSBERG ACTUATION SYSTEMS BV RegS","Fixed Income","0.11","101.02","8,777,000.00","9,072,735.94","9,072,735.94","Consumer Cyclical","XS1843461689","5.00","Jul 15, 2025","-","Switzerland","EUR","4.43"
"TUIGR","TUI AG RegS","Fixed Income","0.11","102.49","8,700,000.00","9,045,409.06","9,045,409.06","Consumer Cyclical","XS1504103984","2.13","Oct 26, 2021","-","Germany","EUR","2.02"
"SOFTBK","SOFTBANK GROUP CORP RegS","Fixed Income","0.11","108.82","8,165,000.00","9,025,008.11","9,025,008.11","Communications","XS1266662763","4.00","Jul 30, 2022","-","Japan","EUR","2.67"
"ADLERR","ADLER REAL ESTATE AG RegS","Fixed Income","0.11","103.16","8,675,000.00","9,023,986.91","9,023,986.91","Financial Other","XS1731858715","2.13","Feb 6, 2024","-","Germany","EUR","4.35"
"SAZGR","NIDDA BONDCO GMBH RegS","Fixed Income","0.11","99.41","8,950,000.00","9,014,340.26","9,014,340.26","Consumer Non-Cyclical","XS1690645129","5.00","Sep 30, 2025","-","Germany","EUR","4.64"
"MATTER","MATTERHORN TELECOM HOLDING SA RegS","Fixed Income","0.11","101.08","8,839,000.00","9,010,163.26","9,010,163.26","Communications","XS1219475792","4.88","May 1, 2023","-","Luxembourg","EUR","0.82"
"TRVLEX","TRAVELEX FINANCING PLC RegS","Fixed Income","0.11","99.98","8,900,000.00","8,995,427.48","8,995,427.48","Banking","XS1577963306","8.00","May 15, 2022","-","United Kingdom","EUR","2.38"
"CRYALM","CRYSTAL ALMOND SARL RegS","Fixed Income","0.11","105.43","8,390,000.00","8,992,402.00","8,992,402.00","Communications","XS1405766202","10.00","Nov 1, 2021","-","Luxembourg","EUR","0.33"
"NDXGR","NORDEX SE RegS","Fixed Income","0.11","101.85","8,575,000.00","8,970,864.88","8,970,864.88","Industrial Other","XS1713474168","6.50","Feb 1, 2023","-","Germany","EUR","2.43"
"LOXAM","LOXAM SAS RegS","Fixed Income","0.11","101.99","8,625,000.00","8,888,038.54","8,888,038.54","Capital Goods","XS1401324972","3.50","May 3, 2023","-","France","EUR","0.08"
"BAMIIM","BANCO POPOLARE SC MTN RegS","Fixed Income","0.11","108.23","8,150,000.00","8,868,716.97","8,868,716.97","Banking","XS0632503412","6.38","May 31, 2021","-","Italy","EUR","1.86"
"STLNSW","SCHMOLZ + BICKENBACH LUXEMBOURG FI RegS","Fixed Income","0.11","86.18","9,975,000.00","8,859,421.44","8,859,421.44","Basic Industry","DE000A19FW97","5.63","Jul 15, 2022","-","Switzerland","EUR","2.74"
"WMG","WMG ACQUISITION CORP RegS","Fixed Income","0.11","104.41","8,415,000.00","8,847,127.50","8,847,127.50","Communications","XS1505573995","4.13","Nov 1, 2024","-","United States","EUR","0.33"
"CAR","AVIS BUDGET FINANCE PLC RegS","Fixed Income","0.11","105.62","8,324,000.00","8,842,517.78","8,842,517.78","Transportation","XS1576621632","4.50","May 15, 2025","-","United States","EUR","0.86"
"CAR","AVIS BUDGET FINANCE PLC RegS","Fixed Income","0.11","104.25","8,375,000.00","8,777,959.64","8,777,959.64","Transportation","XS1496337236","4.13","Nov 15, 2024","-","United States","EUR","0.37"
"PRMHLD","PROMONTORIA HOLDING 264 BV RegS","Fixed Income","0.11","96.51","8,950,000.00","8,721,551.25","8,721,551.25","Transportation","XS1860222543","6.25","Aug 15, 2023","-","Netherlands","EUR","0.12"
"SGLGR","SGL CARBON SE RegS","Fixed Income","0.11","104.28","8,250,000.00","8,692,405.97","8,692,405.97","Basic Industry","XS1945271952","4.63","Sep 30, 2024","-","Germany","EUR","2.48"
"CSTM","CONSTELLIUM NV MTN RegS","Fixed Income","0.11","100.48","8,550,000.00","8,644,792.47","8,644,792.47","Basic Industry","XS1064882316","4.63","May 15, 2021","-","Netherlands","EUR","0.37"
"PICSUR","PICARD BONDCO SA RegS","Fixed Income","0.11","86.77","9,950,000.00","8,638,328.65","8,638,328.65","Consumer Non-Cyclical","XS1713474754","5.50","Nov 30, 2024","-","Luxembourg","EUR","4.71"
"UNIIM","UNIPOL GRUPPO FINANZIARIO SPA MTN RegS","Fixed Income","0.11","106.41","7,978,000.00","8,604,821.07","8,604,821.07","Insurance","XS1041042828","4.38","Mar 5, 2021","-","Italy","EUR","1.63"
"SKGID","SMURFIT KAPPA ACQUISITIONS RegS","Fixed Income","0.11","109.14","7,800,000.00","8,604,274.38","8,604,274.38","Basic Industry","XS1117298759","2.75","Feb 1, 2025","-","Ireland","EUR","5.00"
"ATALIA","LA FINANCIERE ATALIAN SAS RegS","Fixed Income","0.11","73.44","11,575,000.00","8,532,567.52","8,532,567.52","Consumer Cyclical","XS1820759147","5.13","May 15, 2025","-","France","EUR","4.99"
"TITKGA","TITAN GLOBAL FINANCE PLC RegS","Fixed Income","0.11","105.50","8,075,000.00","8,531,983.49","8,531,983.49","Capital Goods","XS1429814830","3.50","Jun 17, 2021","-","Greece","EUR","1.91"
"SGMS","SCIENTIFIC GAMES INTERNATIONAL INC RegS","Fixed Income","0.10","98.50","8,450,000.00","8,502,357.14","8,502,357.14","Consumer Cyclical","XS1766775891","5.50","Feb 15, 2026","-","United States","EUR","5.27"
"HTOGA","OTE PLC MTN RegS","Fixed Income","0.10","105.81","7,850,000.00","8,485,018.22","8,485,018.22","Communications","XS1857022609","2.38","Jul 18, 2022","-","Greece","EUR","2.92"
"KRA","KRATON POLYMERS LLC/KRATON POLYMER RegS","Fixed Income","0.10","103.38","8,125,000.00","8,457,603.65","8,457,603.65","Basic Industry","XS1713463633","5.25","May 15, 2026","-","United States","EUR","3.89"
"MASAIN","MASARIA INVESTMENTS SAU RegS","Fixed Income","0.10","100.64","8,300,000.00","8,431,714.08","8,431,714.08","Consumer Cyclical","XS1681774888","5.25","Sep 15, 2024","-","Spain","EUR","0.20"
"ENGPRO","ENERGO PRO AS RegS","Fixed Income","0.10","97.23","8,600,000.00","8,427,595.38","8,427,595.38","Electric","XS1816296062","4.50","May 4, 2024","-","Czech Republic","EUR","4.42"
"DOMSS","DOMETIC GROUP AB (PUBL) MTN RegS","Fixed Income","0.10","104.75","7,850,000.00","8,412,398.99","8,412,398.99","Consumer Non-Cyclical","XS1878856803","3.00","Sep 13, 2023","-","Sweden","EUR","3.87"
"NVFVES","NOVAFIVES SAS RegS","Fixed Income","0.10","95.38","8,735,000.00","8,356,556.12","8,356,556.12","Industrial Other","XS1713466149","4.50","Jun 15, 2025","-","France","EUR","3.92"
"INLOTG","INTRALOT CAPITAL LUXEMBOURG SA RegS","Fixed Income","0.10","50.14","15,950,000.00","8,260,463.00","8,260,463.00","Consumer Cyclical","XS1685702794","5.25","Sep 15, 2024","-","Greece","EUR","4.20"
"INTRUM","INTRUM JUSTITIA AB RegS","Fixed Income","0.10","100.13","8,200,000.00","8,258,575.33","8,258,575.33","Financial Other","XS1634529363","2.63","Jul 15, 2022","-","Sweden","EUR","0.03"
"BKTSM","BANKINTER SA MTN RegS","Fixed Income","0.10","101.10","7,750,000.00","8,236,957.98","8,236,957.98","Banking","ES0213679196","6.38","Sep 11, 2019","-","Spain","EUR","0.19"
"GT","GOODYEAR DUNLOP TIRES EUROPE BV RegS","Fixed Income","0.10","101.94","8,050,000.00","8,221,699.79","8,221,699.79","Consumer Cyclical","XS1333193875","3.75","Dec 15, 2023","-","United States","EUR","0.45"
"TSCOLN","TESCO CORPORATE TREASURY SERVICES MTN RegS","Fixed Income","0.10","102.32","7,900,000.00","8,190,684.35","8,190,684.35","Consumer Non-Cyclical","XS0992638220","2.13","Nov 12, 2020","-","United Kingdom","EUR","1.15"
"RADHLD","RADISSON HOTEL HOLDINGS AB RegS","Fixed Income","0.10","108.96","7,194,000.00","8,070,883.89","8,070,883.89","Consumer Cyclical","XS1843462497","6.88","Jul 15, 2023","-","Sweden","EUR","0.99"
"SMTPLN","SUMMIT GERMANY LTD RegS","Fixed Income","0.10","96.16","8,300,000.00","8,051,925.08","8,051,925.08","Financial Other","XS1757821688","2.00","Jan 31, 2025","-","Germany","EUR","5.23"
"TCGLN","THOMAS COOK GROUP PLC RegS","Fixed Income","0.10","35.75","22,280,000.00","8,038,593.06","8,038,593.06","Consumer Cyclical","XS1531306717","6.25","Jun 15, 2022","-","United Kingdom","EUR","2.55"
"TEN","TENNECO INC RegS","Fixed Income","0.10","98.53","8,150,000.00","8,017,973.40","8,017,973.40","Consumer Cyclical","XS1587913663","4.88","Apr 15, 2024","-","United States","EUR","0.30"
"LPLAYG","SAFARI VERWALTUNGS GMBH RegS","Fixed Income","0.10","87.81","9,100,000.00","8,016,797.93","8,016,797.93","Consumer Cyclical","XS1713475058","5.38","Nov 30, 2022","-","Germany","EUR","3.14"
"SCHUBR","PRESTIGEBIDCO GMBH RegS","Fixed Income","0.10","105.18","7,525,000.00","7,939,763.03","7,939,763.03","Consumer Cyclical","XS1533933039","6.25","Dec 15, 2023","-","Germany","EUR","0.45"
"SCHMAN","SCHUMANN SPA RegS","Fixed Income","0.10","100.33","7,600,000.00","7,715,837.72","7,715,837.72","Consumer Cyclical","XS1454976801","6.63","Jul 31, 2022","-","Italy","EUR","0.03"
"LIMACO","LIMACORPORATE SPA RegS","Fixed Income","0.10","100.25","7,650,000.00","7,712,156.25","7,712,156.25","Consumer Non-Cyclical","XS1662516217","3.75","Aug 15, 2023","-","Italy","EUR","0.12"
"KAEISO","KAEFER ISOLIERTECHNIK GMBH & CO KG RegS","Fixed Income","0.09","106.44","7,050,000.00","7,691,291.50","7,691,291.50","Industrial Other","DE000A2NB965","5.50","Jan 10, 2024","-","Germany","EUR","0.98"
"WIEAV","WIENERBERGER AG RegS","Fixed Income","0.09","104.82","7,275,000.00","7,650,772.83","7,650,772.83","Capital Goods","AT0000A20F93","2.00","May 2, 2024","-","Austria","EUR","4.66"
"HBMGR","HORNBACH-BAUMARKT-AG RegS","Fixed Income","0.09","101.90","7,369,000.00","7,617,975.29","7,617,975.29","Consumer Cyclical","DE000A1R02E0","3.88","Feb 15, 2020","-","Germany","EUR","0.63"
"BMC","BANFF MERGER SUB INC RegS","Fixed Income","0.09","85.19","8,650,000.00","7,616,667.40","7,616,667.40","Technology","XS1864418857","8.38","Sep 1, 2026","-","United States","EUR","5.21"
"DIASM","DISTRIBUIDORA INTERNACIONAL DE ALI MTN RegS","Fixed Income","0.09","83.00","9,100,000.00","7,569,658.47","7,569,658.47","Consumer Non-Cyclical","XS1400342587","1.00","Apr 28, 2021","-","Spain","EUR","1.81"
"SGMS","SCIENTIFIC GAMES INTERNATIONAL INC RegS","Fixed Income","0.09","101.85","7,300,000.00","7,530,227.04","7,530,227.04","Consumer Cyclical","XS1766775545","3.38","Feb 15, 2026","-","United States","EUR","4.73"
"NORICA","NORICAN GROUP APS RegS","Fixed Income","0.09","94.00","7,958,000.00","7,529,035.15","7,529,035.15","Capital Goods","XS1577963058","4.50","May 15, 2023","-","Denmark","EUR","3.57"
"NEXFP","NEXANS SA RegS","Fixed Income","0.09","104.93","7,100,000.00","7,474,263.11","7,474,263.11","Capital Goods","FR0013176294","3.25","May 26, 2021","-","France","EUR","1.63"
"SRNSBE","SARENS FINANCE CO NV RegS","Fixed Income","0.09","97.13","7,500,000.00","7,466,744.79","7,466,744.79","Capital Goods","BE6275588760","5.13","Feb 5, 2022","-","Belgium","EUR","2.40"
"MANTEN","REKEEP SPA RegS","Fixed Income","0.09","85.64","8,650,000.00","7,448,731.25","7,448,731.25","Consumer Cyclical","XS1642816554","9.00","Jun 15, 2022","-","Italy","EUR","2.62"
"OUTOK","OUTOKUMPU OYJ RegS","Fixed Income","0.09","101.25","7,325,000.00","7,429,991.67","7,429,991.67","Basic Industry","FI4000331004","4.13","Jun 18, 2024","-","Finland","EUR","3.34"
"SWPORT","SWISSPORT FINANCING SARL RegS","Fixed Income","0.09","106.57","6,900,000.00","7,388,491.25","7,388,491.25","Transportation","XS1644605179","9.75","Dec 15, 2022","-","Luxembourg","EUR","0.45"
"ARWLN","ARROW GLOBAL FINANCE PLC RegS","Fixed Income","0.09","98.42","7,475,000.00","7,382,814.56","7,382,814.56","Financial Other","XS1713473350","3.75","Mar 1, 2026","-","United Kingdom","EUR","3.60"
"OHLSM","OBRASCON HUARTE LAIN SA RegS","Fixed Income","0.09","69.98","10,170,000.00","7,262,676.12","7,262,676.12","Capital Goods","XS1043961439","4.75","Mar 15, 2022","-","Spain","EUR","2.49"
"TAKKO","TAKKO LUXEMBOURG 2 SCA MTN RegS","Fixed Income","0.09","86.37","8,230,000.00","7,168,358.58","7,168,358.58","Consumer Cyclical","XS1710653137","5.38","Nov 15, 2023","-","Luxembourg","EUR","3.90"
"AUTODI","AUTODIS SA RegS","Fixed Income","0.09","100.42","6,945,000.00","7,027,457.64","7,027,457.64","Consumer Cyclical","XS1517169899","4.38","May 1, 2022","-","France","EUR","0.33"
"COTY","COTY INC RegS","Fixed Income","0.09","96.48","7,200,000.00","7,021,530.08","7,021,530.08","Consumer Non-Cyclical","XS1801788305","4.75","Apr 15, 2026","-","United States","EUR","5.73"
"DOUGR","KIRK BEAUTY ONE GMBH RegS","Fixed Income","0.09","65.72","10,650,000.00","6,981,592.71","6,981,592.71","Consumer Cyclical","XS1251078694","8.75","Jul 15, 2023","-","Germany","EUR","3.36"
"MAXGPE","MAXIMA GRUPE UAB MTN RegS","Fixed Income","0.09","102.30","6,650,000.00","6,976,834.75","6,976,834.75","Consumer Non-Cyclical","XS1878323499","3.25","Sep 13, 2023","-","Lithuania","EUR","3.91"
"ALTICE","ALTICE FINCO SA RegS","Fixed Income","0.09","103.96","6,700,000.00","6,946,868.20","6,946,868.20","Communications","XS0946155693","9.00","Jun 15, 2023","-","Luxembourg","EUR","0.08"
"SUP","SUPERIOR INDUSTRIES INTERNATIONAL RegS","Fixed Income","0.08","86.31","7,925,000.00","6,870,644.79","6,870,644.79","Consumer Cyclical","XS1577958058","6.00","Jun 15, 2025","-","United States","EUR","5.01"
"ANTOLN","GRUPO ANTOLIN IRAUSA SA RegS","Fixed Income","0.08","90.94","7,475,000.00","6,842,801.88","6,842,801.88","Consumer Cyclical","XS1812087598","3.38","Apr 30, 2026","-","Spain","EUR","6.09"
"MSSIN","SAMVARDHANA MOTHERSON AUTOMOTIVE S RegS","Fixed Income","0.08","91.87","7,150,000.00","6,696,645.67","6,696,645.67","Consumer Cyclical","XS1635870923","1.80","Jul 6, 2024","-","Netherlands","EUR","4.75"
"MASAIN","MASARIA INVESTMENTS SAU RegS","Fixed Income","0.08","102.99","6,350,000.00","6,675,430.44","6,675,430.44","Consumer Cyclical","XS1681770464","5.00","Sep 15, 2024","-","Spain","EUR","0.20"
"AAFFP","3AB OPTIQUE DEVELOPPEMENT SAS RegS","Fixed Income","0.08","103.37","6,325,000.00","6,603,738.53","6,603,738.53","Consumer Cyclical","XS1577949149","4.00","Oct 1, 2023","-","France","EUR","0.77"
"PROGST","PRO-GEST SPA RegS","Fixed Income","0.08","92.13","7,150,000.00","6,599,273.24","6,599,273.24","Capital Goods","XS1733958927","3.25","Dec 15, 2024","-","Italy","EUR","5.03"
"TEREOS","TEREOS FINANCE GROUP I RegS","Fixed Income","0.08","99.79","6,400,000.00","6,477,482.67","6,477,482.67","Consumer Non-Cyclical","FR0011439900","4.25","Mar 4, 2020","-","France","EUR","0.67"
"STKGRP","LSF10 WOLVERINE INVESTMENTS SCA RegS","Fixed Income","0.08","100.94","6,350,000.00","6,423,749.08","6,423,749.08","Capital Goods","XS1791484717","4.63","Mar 15, 2024","-","Denmark","EUR","0.74"
"ECOREG","GROUPE ECORE HOLDING SAS RegS","Fixed Income","0.08","96.14","6,600,000.00","6,401,715.83","6,401,715.83","Industrial Other","XS1910293643","6.25","Nov 15, 2023","-","Netherlands","EUR","0.17"
"EAGRUY","EAGLE INTERMEDIATE GLOBAL HOLDING RegS","Fixed Income","0.08","94.90","6,575,000.00","6,301,784.09","6,301,784.09","Consumer Cyclical","XS1713464953","5.38","May 1, 2023","-","China","EUR","3.48"
"LOXAM","LOXAM SAS RegS","Fixed Income","0.08","102.06","5,950,000.00","6,170,551.36","6,170,551.36","Capital Goods","XS1591779399","3.50","Apr 15, 2022","-","France","EUR","0.08"
"BORMPH","BORMIOLI PHARMA BIDCO SPA RegS","Fixed Income","0.08","93.07","6,550,000.00","6,128,121.78","6,128,121.78","Capital Goods","XS1713858576","3.50","Nov 15, 2024","-","Italy","EUR","0.00"
"BGRKNG","BURGER KING FRANCE SAS RegS","Fixed Income","0.08","102.20","5,925,000.00","6,109,845.19","6,109,845.19","Consumer Cyclical","XS1600481821","5.25","May 1, 2023","-","France","EUR","0.08"
"BACRED","MEDIOBANCA BANCA DI CREDITO FINANZ","Fixed Income","0.08","106.02","5,750,000.00","6,106,754.72","6,106,754.72","Banking","IT0005188351","3.75","Jun 16, 2026","-","Italy","EUR","6.28"
"PIAGIM","PIAGGIO & C SPA RegS","Fixed Income","0.07","104.15","5,725,000.00","5,999,580.99","5,999,580.99","Consumer Cyclical","XS1808984501","3.63","Apr 30, 2025","-","Italy","EUR","2.21"
"NAVIRA","NAVIERA ARMAS SA MTN RegS","Fixed Income","0.07","73.00","8,050,000.00","5,923,067.01","5,923,067.01","Transportation","XS1717590563","4.25","Nov 15, 2024","-","Spain","EUR","-0.60"
"ALMAIN","ALMAVIVA THE ITALIAN INNOVATION CO RegS","Fixed Income","0.07","88.88","6,500,000.00","5,880,288.19","5,880,288.19","Technology","XS1694628287","7.25","Oct 15, 2022","-","Italy","EUR","2.93"
"SKGID","SMURFIT KAPPA ACQUISITIONS RegS","Fixed Income","0.07","103.28","5,630,000.00","5,808,894.81","5,808,894.81","Basic Industry","XS0832432446","3.19","Oct 15, 2020","-","Ireland","EUR","0.05"
"OHLSM","OBRASCON HUARTE LAIN SA RegS","Fixed Income","0.07","69.30","8,150,000.00","5,783,155.84","5,783,155.84","Capital Goods","XS1206510569","5.50","Mar 15, 2023","-","Spain","EUR","3.26"
"HATAFI","HAYA FINANCE 2017 SA RegS","Fixed Income","0.07","84.31","6,800,000.00","5,781,841.67","5,781,841.67","Reits","XS1716821779","5.25","Nov 15, 2022","-","Spain","EUR","3.09"
"RAFHEI","RAFFINERIE HEIDE GMBH RegS","Fixed Income","0.07","82.15","6,755,000.00","5,660,478.91","5,660,478.91","Energy","XS1729059862","6.38","Dec 1, 2022","-","Germany","EUR","3.04"
"IGDIM","IMMOBILIARE GRANDE DISTRIBUZIONE RegS","Fixed Income","0.07","102.14","5,500,000.00","5,632,038.66","5,632,038.66","Reits","XS1425959316","2.50","May 31, 2021","-","Italy","EUR","1.64"
"ADRBID","UNITED GROUP BV RegS","Fixed Income","0.07","103.88","5,375,000.00","5,583,603.75","5,583,603.75","Communications","XS1843433803","4.88","Jul 1, 2024","-","Netherlands","EUR","1.18"
"LOUBID","LOUVRE BIDCO SAS RegS","Fixed Income","0.06","98.79","5,250,000.00","5,244,823.09","5,244,823.09","Financial Other","XS1685582105","4.25","Sep 30, 2024","-","France","EUR","4.37"
"NAVIRA","NAVIERA ARMAS SA RegS","Fixed Income","0.06","76.50","6,700,000.00","5,204,131.94","5,204,131.94","Transportation","XS1459821036","6.50","Jul 31, 2023","-","Spain","EUR","2.91"
"DIASM","DISTRIBUIDORA INTERNACIONAL DE ALI MTN RegS","Fixed Income","0.06","59.65","8,500,000.00","5,088,335.72","5,088,335.72","Consumer Non-Cyclical","XS1589970968","0.88","Apr 6, 2023","-","Spain","EUR","3.70"
"BOPRLN","BOPARAN FINANCE PLC MTN RegS","Fixed Income","0.06","54.17","8,716,000.00","4,868,400.78","4,868,400.78","Consumer Non-Cyclical","XS1082473395","4.38","Jul 15, 2021","-","United Kingdom","EUR","1.89"
"MCLIM","MARCOLIN SPA RegS","Fixed Income","0.06","99.93","4,675,000.00","4,698,651.60","4,698,651.60","Consumer Non-Cyclical","XS1562036704","4.13","Feb 15, 2023","-","Italy","EUR","0.14"
"INLOTG","INTRALOT CAPITAL LUXEMBOURG SA RegS","Fixed Income","0.06","65.90","6,825,000.00","4,637,258.54","4,637,258.54","Consumer Cyclical","XS1405774727","6.75","Sep 15, 2021","-","Greece","EUR","2.00"
"TCGLN","THOMAS COOK FINANCE 2 PLC RegS","Fixed Income","0.05","34.75","11,100,000.00","4,059,169.79","4,059,169.79","Consumer Cyclical","XS1733231663","3.88","Jul 15, 2023","-","United Kingdom","EUR","3.37"
"ZIGGO","LGE HOLDCO VI BV RegS","Fixed Income","0.05","104.36","3,573,422.00","3,764,056.09","3,764,056.09","Communications","XS1028411152","7.13","May 15, 2024","-","Netherlands","EUR","0.08"
"PVH","PVH CORP RegS","Fixed Income","0.04","110.39","3,263,000.00","3,607,220.62","3,607,220.62","Consumer Cyclical","XS1734066811","3.13","Dec 15, 2027","-","United States","EUR","7.42"
"PVH","PVH CORP RegS","Fixed Income","0.04","112.58","3,125,000.00","3,571,479.63","3,571,479.63","Consumer Cyclical","XS1435229460","3.63","Jul 15, 2024","-","United States","EUR","4.41"
"ALDESA","ALDESA FINANCIAL SERVICES SA RegS","Fixed Income","0.04","54.00","6,600,000.00","3,549,379.17","3,549,379.17","Capital Goods","XS1028959754","7.25","Apr 1, 2021","-","Spain","EUR","1.65"
"GBP","GBP CASH","Cash","0.03","111.45","2,219,357.00","2,473,515.32","2,473,515.32","Cash and/or Derivatives","-","0.00","-","-","United Kingdom","GBP","0.00"
"MOBYIT","MOBY SPA RegS","Fixed Income","0.03","29.33","7,100,000.00","2,296,652.54","2,296,652.54","Transportation","XS1361301457","7.75","Feb 15, 2023","-","Italy","EUR","2.57"
"UBIIM","UNIONE DI BANCHE ITALIANE SPA RegS","Fixed Income","0.02","99.61","1,575,000.00","1,568,904.75","1,568,904.75","Banking","-","4.90","Jul 12, 2029","-","Italy","EUR","4.59"
"LOUBID","LOUVRE BIDCO SASU RegS","Fixed Income","0.02","100.30","1,325,000.00","1,330,086.01","1,330,086.01","Financial Other","XS1885543691","5.03","Sep 30, 2024","-","France","EUR","0.27"
"SBERRU","SB CAPITAL SA RegS","Fixed Income","0.01","101.11","800,000.00","825,886.61","825,886.61","Owned No Guarantee","XS1082459568","3.35","Nov 15, 2019","-","Russian Federation","EUR","0.37"
"SENGR","SENVION HOLDING GMBH RegS","Fixed Income","0.01","32.63","1,985,000.00","647,804.75","647,804.75","Electric","XS1608040090","0.00","Oct 25, 2022","-","Germany","EUR","0.00"
"USD","USD CASH","Cash","0.00","88.64","15,217.00","13,488.10","13,488.10","Cash and/or Derivatives","-","0.00","-","-","United States","USD","0.00"
"ESF","ESPIRITO SANTO FINANCIAL GROUP SA","Fixed Income","0.00","0.13","5,000,000.00","6,250.00","6,250.00","Banking","XS0458566071","0.00","Oct 21, 2019","-","Portugal","EUR","0.00"
 