﻿iShares U.S. Broker-Dealers & Securities Exchanges ETF
Inception Date,"May 1, 2006"
Fund Holdings as of,"Jul 3, 2019"
Total Net Assets,"238,366,004.75"
Shares Outstanding,"3,700,000.00"
Stock,"-"
Bond,"-"
Cash,"-"
Other,"-"
 
Issuer Ticker,Name,Asset Class,Weight (%),Price,Shares,Market Value,Notional Value,Sector,SEDOL,ISIN,Exchange
"CME","CME GROUP INC CLASS A","Equity","17.92","201.67","208,889.00","42,126,644.63","42,126,644.63","Financials","2965839","US12572Q1058","NASDAQ"
"GS","GOLDMAN SACHS GROUP INC","Equity","17.40","206.04","198,525.00","40,904,091.00","40,904,091.00","Financials","2407966","US38141G1040","New York Stock Exchange Inc."
"MS","MORGAN STANLEY","Equity","10.36","43.99","553,900.00","24,366,061.00","24,366,061.00","Financials","2262314","US6174464486","New York Stock Exchange Inc."
"NDAQ","NASDAQ INC","Equity","4.66","101.42","108,020.00","10,955,388.40","10,955,388.40","Financials","2965107","US6311031081","NASDAQ"
"MKTX","MARKETAXESS HOLDINGS INC","Equity","4.62","338.50","32,092.00","10,863,142.00","10,863,142.00","Financials","B03Q9D0","US57060D1081","NASDAQ"
"ICE","INTERCONTINENTAL EXCHANGE INC","Equity","4.55","88.59","120,690.00","10,691,927.10","10,691,927.10","Financials","BFSSDS9","US45866F1049","New York Stock Exchange Inc."
"CBOE","CBOE GLOBAL MARKETS INC","Equity","4.48","110.00","95,798.00","10,537,780.00","10,537,780.00","Financials","B5834C5","US12503M1080","Cboe BZX formerly known as BATS"
"RJF","RAYMOND JAMES INC","Equity","4.44","84.41","123,596.00","10,432,738.36","10,432,738.36","Financials","2718992","US7547301090","New York Stock Exchange Inc."
"ETFC","E TRADE FINANCIAL CORP","Equity","4.39","45.53","226,809.00","10,326,613.77","10,326,613.77","Financials","2299011","US2692464017","NASDAQ"
"AMTD","TD AMERITRADE HOLDING CORP","Equity","4.33","50.28","202,393.00","10,176,320.04","10,176,320.04","Financials","2983154","US87236Y1082","NASDAQ"
"SCHW","CHARLES SCHWAB CORP","Equity","4.22","40.45","245,094.00","9,914,052.30","9,914,052.30","Financials","2779397","US8085131055","New York Stock Exchange Inc."
"LPLA","LPL FINANCIAL HOLDINGS INC","Equity","3.90","82.63","110,956.00","9,168,294.28","9,168,294.28","Financials","B75JX34","US50212V1008","NASDAQ"
"LAZ","LAZARD LTD CLASS A","Equity","2.57","34.98","172,910.00","6,048,391.80","6,048,391.80","Financials","B081VQ7","BMG540501027","New York Stock Exchange Inc."
"IBKR","INTERACTIVE BROKERS GROUP INC CLAS","Equity","2.29","53.76","100,089.00","5,380,784.64","5,380,784.64","Financials","B1WT4X2","US45841N1072","IEX"
"SF","STIFEL FINANCIAL CORP","Equity","2.18","59.02","86,759.00","5,120,516.18","5,120,516.18","Financials","2849234","US8606301021","New York Stock Exchange Inc."
"EVR","EVERCORE INC CLASS A","Equity","2.08","89.18","54,761.00","4,883,585.98","4,883,585.98","Financials","B1BHXZ2","US29977A1051","New York Stock Exchange Inc."
"MC","MOELIS CLASS A","Equity","0.97","34.67","65,924.00","2,285,585.08","2,285,585.08","Financials","BLG38Q1","US60786M1053","New York Stock Exchange Inc."
"HLI","HOULIHAN LOKEY INC CLASS A","Equity","0.90","45.64","46,386.00","2,117,057.04","2,117,057.04","Financials","BYQ3PM7","US4415931009","New York Stock Exchange Inc."
"BGCP","BGC PARTNERS INC CLASS A","Equity","0.84","5.40","364,594.00","1,968,807.60","1,968,807.60","Financials","2528168","US05541T1016","NASDAQ"
"VIRT","VIRTU FINANCIAL INC CLASS A","Equity","0.80","21.70","87,163.00","1,891,437.10","1,891,437.10","Financials","BWTVWD4","US9282541013","NASDAQ"
"PJC","PIPER JAFFRAY","Equity","0.61","74.79","19,190.00","1,435,220.10","1,435,220.10","Financials","2227089","US7240781002","New York Stock Exchange Inc."
"PJT","PJT PARTNERS INC CLASS A","Equity","0.48","40.59","27,618.00","1,121,014.62","1,121,014.62","Financials","BYNWB63","US69343T1079","New York Stock Exchange Inc."
"INTL","INTL FCSTONE INC","Equity","0.37","39.57","21,936.00","868,007.52","868,007.52","Financials","2456441","US46116V1052","NASDAQ"
"COWN","COWEN INC CLASS A","Equity","0.28","16.97","38,260.00","649,272.20","649,272.20","Financials","BZ1J497","US2236226062","NASDAQ"
"DHIL","DIAMOND HILL INVESTMENT GROUP INC","Equity","0.26","137.30","4,477.00","614,692.10","614,692.10","Financials","2801137","US25264R2076","NASDAQ"
"GHL","GREENHILL INC","Equity","0.15","13.90","25,426.00","353,421.40","353,421.40","Financials","B00G8B4","US3952591044","New York Stock Exchange Inc."
"XTSLA","BLK CSH FND TREASURY SL AGENCY","Money Market","0.05","1.00","119,287.00","119,287.38","119,287.38","Cash and/or Derivatives","-","US0669224778","-"
"USD","USD CASH","Cash","-0.08","100.00","-176,384.00","-176,384.47","-176,384.47","Cash and/or Derivatives","-","-","-"
 