﻿iShares U.S. Regional Banks ETF
Inception Date,"May 1, 2006"
Fund Holdings as of,"Jul 3, 2019"
Total Net Assets,"471,219,493.70"
Shares Outstanding,"10,200,000.00"
Stock,"-"
Bond,"-"
Cash,"-"
Other,"-"
 
Issuer Ticker,Name,Asset Class,Weight (%),Price,Shares,Market Value,Notional Value,Sector,SEDOL,ISIN,Exchange
"USB","US BANCORP","Equity","14.75","53.25","1,305,284.00","69,506,373.00","69,506,373.00","Financials","2736035","US9029733048","New York Stock Exchange Inc."
"PNC","PNC FINANCIAL SERVICES GROUP INC","Equity","11.75","140.67","393,745.00","55,388,109.15","55,388,109.15","Financials","2692665","US6934751057","New York Stock Exchange Inc."
"BBT","BB AND T CORP","Equity","6.96","49.07","668,037.00","32,780,575.59","32,780,575.59","Financials","2830904","US0549371070","New York Stock Exchange Inc."
"STI","SUNTRUST BANKS INC","Equity","5.16","62.81","387,106.00","24,314,127.86","24,314,127.86","Financials","2860990","US8679141031","New York Stock Exchange Inc."
"MTB","M&T BANK CORP","Equity","4.34","171.55","119,162.00","20,442,241.10","20,442,241.10","Financials","2340168","US55261F1049","New York Stock Exchange Inc."
"FITB","FIFTH THIRD BANCORP","Equity","3.78","28.10","634,224.00","17,821,694.40","17,821,694.40","Financials","2336747","US3167731005","NASDAQ"
"KEY","KEYCORP","Equity","3.32","17.79","879,432.00","15,645,095.28","15,645,095.28","Financials","2490911","US4932671088","New York Stock Exchange Inc."
"FRC","FIRST REPUBLIC BANK","Equity","3.04","99.51","143,722.00","14,301,776.22","14,301,776.22","Financials","B4WHY15","US33616C1009","New York Stock Exchange Inc."
"CFG","CITIZENS FINANCIAL GROUP INC","Equity","3.01","35.51","399,779.00","14,196,152.29","14,196,152.29","Financials","BQRX1X3","US1746101054","New York Stock Exchange Inc."
"RF","REGIONS FINANCIAL CORP","Equity","2.83","15.07","883,737.00","13,317,916.59","13,317,916.59","Financials","B01R311","US7591EP1005","New York Stock Exchange Inc."
"HBAN","HUNTINGTON BANCSHARES INC","Equity","2.68","13.83","912,707.00","12,622,737.81","12,622,737.81","Financials","2445966","US4461501045","NASDAQ"
"SIVB","SVB FINANCIAL GROUP","Equity","2.11","218.27","45,635.00","9,960,751.45","9,960,751.45","Financials","2808053","US78486Q1013","NASDAQ"
"CMA","COMERICA INC","Equity","2.05","71.73","134,460.00","9,644,815.80","9,644,815.80","Financials","2212870","US2003401070","New York Stock Exchange Inc."
"ZION","ZIONS BANCORPORATION","Equity","1.53","45.37","159,233.00","7,224,401.21","7,224,401.21","Financials","2989828","US9897011071","NASDAQ"
"SBNY","SIGNATURE BANK","Equity","1.26","123.97","48,054.00","5,957,254.38","5,957,254.38","Financials","B00JQL9","US82669G1040","NASDAQ"
"EWBC","EAST WEST BANCORP INC","Equity","1.26","46.74","126,946.00","5,933,456.04","5,933,456.04","Financials","2487407","US27579R1041","NASDAQ"
"PBCT","PEOPLES UNITED FINANCIAL INC","Equity","1.23","16.86","343,976.00","5,799,435.36","5,799,435.36","Financials","B1W41J2","US7127041058","NASDAQ"
"CFR","CULLEN FROST BANKERS INC","Equity","1.09","93.41","55,030.00","5,140,352.30","5,140,352.30","Financials","2239556","US2298991090","New York Stock Exchange Inc."
"CBSH","COMMERCE BANCSHARES INC","Equity","1.09","59.81","85,782.00","5,130,621.42","5,130,621.42","Financials","2213204","US2005251036","NASDAQ"
"SNV","SYNOVUS FINANCIAL CORP","Equity","1.01","34.57","137,373.00","4,748,984.61","4,748,984.61","Financials","BMH4NJ8","US87161C5013","New York Stock Exchange Inc."
"BPOP","POPULAR INC","Equity","0.99","55.33","84,296.00","4,664,097.68","4,664,097.68","Financials","B86QM90","PR7331747001","NASDAQ"
"CIT","CIT GROUP INC","Equity","0.93","52.09","84,042.00","4,377,747.78","4,377,747.78","Financials","B4Z73G0","US1255818015","New York Stock Exchange Inc."
"NYCB","NEW YORK COMMUNITY BANCORP INC","Equity","0.89","10.24","407,623.00","4,174,059.52","4,174,059.52","Financials","2711656","US6494451031","New York Stock Exchange Inc."
"FHN","FIRST HORIZON NATIONAL CORP","Equity","0.87","14.88","275,059.00","4,092,877.92","4,092,877.92","Financials","2341484","US3205171057","New York Stock Exchange Inc."
"PACW","PACWEST BANCORP","Equity","0.84","38.35","103,646.00","3,974,824.10","3,974,824.10","Financials","2619772","US6952631033","NASDAQ"
"PB","PROSPERITY BANCSHARES INC","Equity","0.83","67.75","57,887.00","3,921,844.25","3,921,844.25","Financials","2310257","US7436061052","New York Stock Exchange Inc."
"STL","STERLING BAN","Equity","0.82","21.05","182,780.00","3,847,519.00","3,847,519.00","Financials","BFNXVB8","US85917A1007","New York Stock Exchange Inc."
"WBS","WEBSTER FINANCIAL CORP","Equity","0.80","46.89","80,367.00","3,768,408.63","3,768,408.63","Financials","2945143","US9478901096","New York Stock Exchange Inc."
"WAL","WESTERN ALLIANCE","Equity","0.79","44.64","83,832.00","3,742,260.48","3,742,260.48","Financials","B0CCGJ4","US9576381092","New York Stock Exchange Inc."
"PNFP","PINNACLE FINANCIAL PARTNERS INC","Equity","0.77","57.33","63,096.00","3,617,293.68","3,617,293.68","Financials","2675097","US72346Q1040","NASDAQ"
"IBKC","IBERIABANK CORP","Equity","0.76","75.74","47,462.00","3,594,771.88","3,594,771.88","Financials","2452450","US4508281080","NASDAQ"
"FFIN","FIRST FINANCIAL BANKSHARES INC","Equity","0.76","30.36","118,382.00","3,594,077.52","3,594,077.52","Financials","2266026","US32020R1095","NASDAQ"
"WTFC","WINTRUST FINANCIAL CORP","Equity","0.76","72.54","49,422.00","3,585,071.88","3,585,071.88","Financials","2425258","US97650W1080","NASDAQ"
"FCNCA","FIRST CITIZENS BANCSHARES INC CLAS","Equity","0.72","453.22","7,509.00","3,403,228.98","3,403,228.98","Financials","2355582","US31946M1036","NASDAQ"
"FNB","FNB CORP","Equity","0.70","11.59","283,295.00","3,283,389.05","3,283,389.05","Financials","2041308","US3025201019","New York Stock Exchange Inc."
"UBSI","UNITED BANKSHARES INC","Equity","0.70","36.79","89,067.00","3,276,774.93","3,276,774.93","Financials","2905794","US9099071071","NASDAQ"
"UMPQ","UMPQUA HOLDINGS CORP","Equity","0.69","16.90","192,120.00","3,246,828.00","3,246,828.00","Financials","2484389","US9042141039","NASDAQ"
"VLY","VALLEY NATIONAL","Equity","0.66","10.80","289,462.00","3,126,189.60","3,126,189.60","Financials","2935326","US9197941076","NASDAQ"
"OZK","BANK OZK","Equity","0.65","29.27","105,436.00","3,086,111.72","3,086,111.72","Financials","BZ56Q65","US06417N1037","NASDAQ"
"ASB","ASSOCIATED BANCORP","Equity","0.64","21.23","142,957.00","3,034,977.11","3,034,977.11","Financials","2055718","US0454871056","New York Stock Exchange Inc."
"GBCI","GLACIER BANCORP INC","Equity","0.64","40.61","74,027.00","3,006,236.47","3,006,236.47","Financials","2370585","US37637Q1058","NASDAQ"
"TCF","TCF FINANCIAL CORP","Equity","0.64","20.97","143,211.00","3,003,134.67","3,003,134.67","Financials","2868455","US8722751026","New York Stock Exchange Inc."
"HWC","HANCOCK WHITNEY CORP","Equity","0.62","39.38","74,766.00","2,944,285.08","2,944,285.08","Financials","2415497","US4101201097","NASDAQ"
"BOH","BANK OF HAWAII CORP.","Equity","0.62","82.16","35,750.00","2,937,220.00","2,937,220.00","Financials","2074070","US0625401098","New York Stock Exchange Inc."
"BKU","BANKUNITED INC","Equity","0.61","33.29","85,802.00","2,856,348.58","2,856,348.58","Financials","B3NNTZ4","US06652K1034","New York Stock Exchange Inc."
"TCBI","TEXAS CAPITAL BANCSHARES INC","Equity","0.56","60.50","43,849.00","2,652,864.50","2,652,864.50","Financials","2977209","US88224Q1076","NASDAQ"
"HOMB","HOME BANCSHARES INC","Equity","0.56","19.53","134,825.00","2,633,132.25","2,633,132.25","Financials","B17MTL9","US4368932004","NASDAQ"
"CHFC","CHEMICAL FINANCIAL CORP","Equity","0.55","41.51","62,342.00","2,587,816.42","2,587,816.42","Financials","2190277","US1637311028","NASDAQ"
"UMBF","UMB FINANCIAL CORP","Equity","0.53","64.72","38,517.00","2,492,820.24","2,492,820.24","Financials","2918510","US9027881088","NASDAQ"
"WAFD","WASHINGTON FEDERAL INC","Equity","0.52","34.89","70,045.00","2,443,870.05","2,443,870.05","Financials","2941981","US9388241096","NASDAQ"
"FULT","FULTON FINANCIAL CORP","Equity","0.51","16.37","147,278.00","2,410,940.86","2,410,940.86","Financials","2356585","US3602711000","NASDAQ"
"CATY","CATHAY GENERAL BANCORP","Equity","0.51","35.90","66,582.00","2,390,293.80","2,390,293.80","Financials","2264235","US1491501045","NASDAQ"
"BXS","BANCORPSOUTH","Equity","0.49","28.69","80,252.00","2,302,429.88","2,302,429.88","Financials","BF3BNF0","US05971J1025","New York Stock Exchange Inc."
"ISBC","INVESTORS BANCORP INC","Equity","0.48","11.23","199,411.00","2,239,385.53","2,239,385.53","Financials","BMHT4M3","US46146L1017","NASDAQ"
"BOKF","BOK FINANCIAL CORP","Equity","0.44","75.80","27,437.00","2,079,724.60","2,079,724.60","Financials","2109091","US05561Q2012","NASDAQ"
"FHB","FIRST HAWAIIAN INC","Equity","0.43","25.45","79,146.00","2,014,265.70","2,014,265.70","Financials","BDC6HG1","US32051X1081","NASDAQ"
"TRMK","TRUSTMARK CORP","Equity","0.40","33.12","56,373.00","1,867,073.76","1,867,073.76","Financials","2340210","US8984021027","NASDAQ"
"IBOC","INTERNATIONAL BANCSHARES CORP","Equity","0.38","37.49","47,543.00","1,782,387.07","1,782,387.07","Financials","2243911","US4590441030","NASDAQ"
"CFFN","CAPITOL FEDERAL FINANCIAL INC","Equity","0.36","13.64","123,334.00","1,682,275.76","1,682,275.76","Financials","B3KWJV0","US14057J1016","NASDAQ"
"TFSL","TFS FINANCIAL CORP","Equity","0.18","17.87","46,546.00","831,777.02","831,777.02","Financials","B1W8J67","US87240R1077","NASDAQ"
"USD","USD CASH","Cash","0.11","100.00","536,718.00","536,717.53","536,717.53","Cash and/or Derivatives","-","-","-"
"XTSLA","BLK CSH FND TREASURY SL AGENCY","Money Market","0.05","1.00","237,305.00","237,304.67","237,304.67","Cash and/or Derivatives","-","US0669224778","-"
 