﻿Fund Holdings as of,"Jul 4, 2019"
 
Issuer Ticker,Name,Asset Class,Weight (%),Price,Shares,Market Value,Notional Value,Sector,ISIN,Coupon (%),Maturity,Exchange,Country,Market Currency,Duration
"TBILL","TREASURY BILL","Cash","13.88","99.84","60,119,000.00","60,022,148.29","60,022,148.29","Cash and/or Derivatives","US912796SB68","0.00","Aug 1, 2019","-","United States","USD","0.08"
"TBILL","TREASURY BILL","Cash","11.88","99.75","51,464,000.00","51,337,398.56","51,337,398.56","Cash and/or Derivatives","US912796QV41","0.00","Aug 15, 2019","-","United States","USD","0.11"
"TNOTE","TREASURY NOTE","Fixed Income","5.97","99.67","25,894,000.00","25,812,605.59","25,812,605.59","Treasury","US912828XH83","1.63","Jun 30, 2020","-","United States","USD","0.98"
"TNOTE","TREASURY NOTE","Fixed Income","4.64","99.83","20,018,000.00","20,042,038.30","20,042,038.30","Treasury","US9128282B53","0.75","Aug 15, 2019","-","United States","USD","0.11"
"TNOTE","TREASURY NOTE","Fixed Income","4.63","99.79","20,014,000.00","20,024,816.70","20,024,816.70","Treasury","US912828F627","1.50","Oct 31, 2019","-","United States","USD","0.32"
"TNOTE","TREASURY NOTE","Fixed Income","4.41","100.13","18,907,000.00","19,077,764.32","19,077,764.32","Treasury","US9128283Y48","2.25","Feb 29, 2020","-","United States","USD","0.65"
"TNOTE","TREASURY NOTE","Fixed Income","3.81","99.90","16,415,000.00","16,472,885.03","16,472,885.03","Treasury","US912828F395","1.75","Sep 30, 2019","-","United States","USD","0.24"
"TNOTE","TREASURY NOTE","Fixed Income","3.44","100.46","14,762,000.00","14,863,745.67","14,863,745.67","Treasury","US9128284Q05","2.50","May 31, 2020","-","United States","USD","0.90"
"TNOTE","TREASURY NOTE","Fixed Income","2.73","99.97","11,694,500.00","11,790,351.48","11,790,351.48","Treasury","US9128283S79","2.00","Jan 31, 2020","-","United States","USD","0.57"
"TNOTE","TREASURY NOTE","Fixed Income","2.56","100.17","10,999,000.00","11,082,143.24","11,082,143.24","Treasury","US9128284C19","2.25","Mar 31, 2020","-","United States","USD","0.73"
"TNOTE","TREASURY NOTE","Fixed Income","2.55","99.72","10,995,000.00","11,018,402.80","11,018,402.80","Treasury","US912828W630","1.63","Mar 15, 2020","-","United States","USD","0.69"
"TNOTE","TREASURY NOTE","Fixed Income","2.49","99.52","10,832,000.00","10,781,276.81","10,781,276.81","Treasury","US912828UF54","1.13","Dec 31, 2019","-","United States","USD","0.49"
"TBILL","TREASURY BILL","Cash","2.44","99.67","10,602,000.00","10,567,214.84","10,567,214.84","Cash and/or Derivatives","US912796SF72","0.00","Aug 29, 2019","-","United States","USD","0.15"
"TBILL","TREASURY BILL","Cash","2.44","99.40","10,602,000.00","10,537,932.11","10,537,932.11","Cash and/or Derivatives","US912796SN07","0.00","Oct 17, 2019","-","United States","USD","0.28"
"TNOTE","TREASURY NOTE","Fixed Income","2.11","99.75","9,139,000.00","9,128,887.17","9,128,887.17","Treasury","US912828G617","1.50","Nov 30, 2019","-","United States","USD","0.41"
"TNOTE","TREASURY NOTE","Fixed Income","2.06","100.15","8,762,000.00","8,897,462.26","8,897,462.26","Treasury","US912828LJ77","3.63","Aug 15, 2019","-","United States","USD","0.11"
"TNOTE","TREASURY NOTE","Fixed Income","2.04","99.90","8,762,000.00","8,802,260.15","8,802,260.15","Treasury","US912828D804","1.63","Aug 31, 2019","-","United States","USD","0.17"
"TNOTE","TREASURY NOTE","Fixed Income","2.03","99.79","8,762,000.00","8,775,134.14","8,775,134.14","Treasury","US9128282X73","1.38","Sep 30, 2019","-","United States","USD","0.24"
"TNOTE","TREASURY NOTE","Fixed Income","1.96","99.36","8,506,000.00","8,476,017.05","8,476,017.05","Treasury","US912828UV05","1.13","Mar 31, 2020","-","United States","USD","0.73"
"TNOTE","TREASURY NOTE","Fixed Income","1.91","99.48","8,301,000.00","8,278,036.68","8,278,036.68","Treasury","US912828K585","1.38","Apr 30, 2020","-","United States","USD","0.81"
"TNOTE","TREASURY NOTE","Fixed Income","1.88","99.83","8,106,000.00","8,105,559.71","8,105,559.71","Treasury","US9128283H15","1.75","Nov 30, 2019","-","United States","USD","0.41"
"TNOTE","TREASURY NOTE","Fixed Income","1.78","99.63","7,657,000.00","7,678,326.14","7,678,326.14","Treasury","US912828V319","1.38","Jan 15, 2020","-","United States","USD","0.53"
"TNOTE","TREASURY NOTE","Fixed Income","1.77","99.76","7,657,000.00","7,639,807.21","7,639,807.21","Treasury","US912828G955","1.63","Dec 31, 2019","-","United States","USD","0.49"
"TBILL","TREASURY BILL","Cash","1.30","99.59","5,629,000.00","5,605,999.91","5,605,999.91","Cash and/or Derivatives","US912796RA94","0.00","Sep 12, 2019","-","United States","USD","0.19"
"TNOTE","TREASURY NOTE","Fixed Income","1.29","99.53","5,604,000.00","5,597,510.51","5,597,510.51","Treasury","US912828J843","1.38","Mar 31, 2020","-","United States","USD","0.73"
"TBILL","TREASURY BILL","Cash","1.29","99.14","5,629,000.00","5,580,703.18","5,580,703.18","Cash and/or Derivatives","US912796RN16","0.00","Dec 5, 2019","-","United States","USD","0.42"
"TNOTE","TREASURY NOTE","Fixed Income","1.26","99.70","5,441,000.00","5,436,526.37","5,436,526.37","Treasury","US912828T594","1.00","Oct 15, 2019","-","United States","USD","0.28"
"TNOTE","TREASURY NOTE","Fixed Income","1.20","100.43","5,156,000.00","5,201,999.76","5,201,999.76","Treasury","US912828LY45","3.38","Nov 15, 2019","-","United States","USD","0.36"
"TNOTE","TREASURY NOTE","Fixed Income","1.02","99.57","4,413,000.00","4,414,641.11","4,414,641.11","Treasury","US912828J504","1.38","Feb 29, 2020","-","United States","USD","0.65"
"TNOTE","TREASURY NOTE","Fixed Income","0.96","100.30","4,118,000.00","4,147,501.24","4,147,501.24","Treasury","US9128284J61","2.38","Apr 30, 2020","-","United States","USD","0.81"
"TNOTE","TREASURY NOTE","Fixed Income","0.88","100.93","3,717,000.00","3,803,294.61","3,803,294.61","Treasury","US912828MP29","3.63","Feb 15, 2020","-","United States","USD","0.61"
"TBILL","TREASURY BILL","Cash","0.76","99.06","3,300,000.00","3,268,884.30","3,268,884.30","Cash and/or Derivatives","US912796SX88","0.00","Dec 19, 2019","-","United States","USD","0.46"
"TBILL","TREASURY BILL","Cash","0.76","98.43","3,320,000.00","3,268,018.76","3,268,018.76","Cash and/or Derivatives","US912796SM24","0.00","Apr 23, 2020","-","United States","USD","0.80"
"TNOTE","TREASURY NOTE","Fixed Income","0.71","99.60","3,083,000.00","3,080,825.52","3,080,825.52","Treasury","US912828X216","1.50","Apr 15, 2020","-","United States","USD","0.77"
"TNOTE","TREASURY NOTE","Fixed Income","0.71","99.27","3,074,000.00","3,057,772.64","3,057,772.64","Treasury","US912828VA58","1.13","Apr 30, 2020","-","United States","USD","0.81"
"TBILL","TREASURY BILL","Cash","0.70","99.71","3,056,000.00","3,047,201.78","3,047,201.78","Cash and/or Derivatives","US912796SE08","0.00","Aug 22, 2019","-","United States","USD","0.13"
"TBILL","TREASURY BILL","Cash","0.70","98.90","3,056,000.00","3,022,466.51","3,022,466.51","Cash and/or Derivatives","US912796RY70","0.00","Jan 30, 2020","-","United States","USD","0.57"
"TNOTE","TREASURY NOTE","Fixed Income","0.49","99.54","2,100,000.00","2,101,570.13","2,101,570.13","Treasury","US912828H524","1.25","Jan 31, 2020","-","United States","USD","0.57"
"TBILL","TREASURY BILL","Cash","0.46","98.31","2,036,000.00","2,001,679.15","2,001,679.15","Cash and/or Derivatives","US912796SR11","0.00","May 21, 2020","-","United States","USD","0.87"
"ICSUAGD","BLK ICS USD LIQ AGENCY DIS","Money Market","0.09","1.00","390,366.00","390,365.51","390,365.51","Cash and/or Derivatives","IE00B50QMP13","2.36","-","-","United States","USD","0.10"
"USD","USD CASH","Cash","0.01","100.00","46,194.00","46,193.66","46,193.66","Cash and/or Derivatives","-","0.00","-","-","United States","USD","0.00"
"MXN","MXN CASH","Cash","0.00","5.26","0.00","0.00","0.00","Cash and/or Derivatives","-","0.00","-","-","Mexico","MXN","0.00"
 