﻿Fund Holdings as of,"Jul 4, 2019"
 
Issuer Ticker,Name,Asset Class,Weight (%),Price,Shares,Market Value,Notional Value,Sector,ISIN,Coupon (%),Maturity,Exchange,Country,Market Currency,Duration
"TNOTE","TREASURY NOTE (2OLD)","Fixed Income","9.96","110.09","309,692,000.00","342,371,659.21","342,371,659.21","Treasury","US9128285M81","3.13","Nov 15, 2028","-","United States","USD","8.15"
"TNOTE","TREASURY NOTE (OLD)","Fixed Income","9.10","105.88","292,641,000.00","312,891,047.59","312,891,047.59","Treasury","US9128286B18","2.63","Feb 15, 2029","-","United States","USD","8.43"
"TNOTE","TREASURY NOTE","Fixed Income","8.70","107.87","274,219,000.00","298,917,341.59","298,917,341.59","Treasury","US9128284V99","2.88","Aug 15, 2028","-","United States","USD","7.97"
"TNOTE","TREASURY NOTE","Fixed Income","8.47","106.68","270,004,000.00","290,961,996.59","290,961,996.59","Treasury","US9128283W81","2.75","Feb 15, 2028","-","United States","USD","7.62"
"TNOTE","TREASURY NOTE","Fixed Income","8.46","107.75","268,783,000.00","290,758,120.20","290,758,120.20","Treasury","US9128284N73","2.88","May 15, 2028","-","United States","USD","7.83"
"TNOTE","TREASURY NOTE","Fixed Income","7.56","102.70","252,266,000.00","259,917,941.80","259,917,941.80","Treasury","US9128283F58","2.25","Nov 15, 2027","-","United States","USD","7.59"
"TNOTE","TREASURY NOTE","Fixed Income","7.52","102.74","249,344,000.00","258,397,686.01","258,397,686.01","Treasury","US9128282R06","2.25","Aug 15, 2027","-","United States","USD","7.34"
"TNOTE","TREASURY NOTE","Fixed Income","7.27","102.74","241,184,000.00","249,931,965.94","249,931,965.94","Treasury","US912828V988","2.25","Feb 15, 2027","-","United States","USD","6.93"
"TNOTE","TREASURY NOTE","Fixed Income","7.26","103.69","239,711,000.00","249,385,748.99","249,385,748.99","Treasury","US912828X885","2.38","May 15, 2027","-","United States","USD","7.15"
"TNOTE","TREASURY NOTE","Fixed Income","6.90","97.68","241,215,000.00","237,056,770.44","237,056,770.44","Treasury","US9128282A70","1.50","Aug 15, 2026","-","United States","USD","6.67"
"TNOTE","TREASURY NOTE","Fixed Income","6.71","101.01","227,699,000.00","230,662,020.36","230,662,020.36","Treasury","US912828U246","2.00","Nov 15, 2026","-","United States","USD","6.81"
"TNOTE","TREASURY NOTE (OTR)","Fixed Income","5.24","103.75","173,185,000.00","180,276,225.10","180,276,225.10","Treasury","US9128286T26","2.38","May 15, 2029","-","United States","USD","8.76"
"TBOND","TREASURY BOND","Fixed Income","1.51","132.63","38,907,000.00","51,953,134.62","51,953,134.62","Treasury","US912810FB99","6.13","Nov 15, 2027","-","United States","USD","6.82"
"TBOND","TREASURY BOND","Fixed Income","1.04","129.83","27,128,000.00","35,809,169.41","35,809,169.41","Treasury","US912810FE39","5.50","Aug 15, 2028","-","United States","USD","7.36"
"TBOND","TREASURY BOND","Fixed Income","1.03","128.32","27,531,000.00","35,541,034.45","35,541,034.45","Treasury","US912810FF04","5.25","Nov 15, 2028","-","United States","USD","7.65"
"TBOND","TREASURY BOND","Fixed Income","0.80","128.90","20,872,000.00","27,337,359.77","27,337,359.77","Treasury","US912810FG86","5.25","Feb 15, 2029","-","United States","USD","7.74"
"TBOND","TREASURY BOND","Fixed Income","0.75","131.86","19,363,000.00","25,715,859.79","25,715,859.79","Treasury","US912810EY02","6.50","Nov 15, 2026","-","United States","USD","6.08"
"TBOND","TREASURY BOND","Fixed Income","0.70","133.67","17,773,000.00","24,205,080.89","24,205,080.89","Treasury","US912810FA17","6.38","Aug 15, 2027","-","United States","USD","6.54"
"TBOND","TREASURY BOND","Fixed Income","0.60","133.64","15,170,000.00","20,669,698.12","20,669,698.12","Treasury","US912810EZ76","6.63","Feb 15, 2027","-","United States","USD","6.17"
"TBOND","TREASURY BOND","Fixed Income","0.33","132.62","8,264,000.00","11,179,838.89","11,179,838.89","Treasury","US912810EX29","6.75","Aug 15, 2026","-","United States","USD","5.81"
"USD","USD CASH","Cash","0.06","100.00","2,024,367.00","2,024,366.59","2,024,366.59","Cash and/or Derivatives","-","0.00","-","-","United States","USD","0.00"
"GBP","GBP CASH","Cash","0.03","125.74","942,393.00","1,184,965.41","1,184,965.41","Cash and/or Derivatives","-","0.00","-","-","United Kingdom","GBP","0.00"
"EUR","EUR CASH","Cash","0.00","112.82","28,312.00","31,941.26","31,941.26","Cash and/or Derivatives","-","0.00","-","-","European Union","EUR","0.00"
 