﻿Fund Holdings as of,"Jul 3, 2019"
 
Name,Asset Class,Weight (%),Price,Market Value,Notional Value,Sector,SEDOL,ISIN,Coupon (%),Maturity,YTM (%),Yield to Worst (%),Duration,Par Value
"VISA INC","Fixed Income","2.64","102.39","676,762.53","676,762.53","Consumer Cyclical","BYPHGM7","US92826CAC64","2.80","Dec 14, 2022","2.08","2.04","3.17","660,000.00"
"QUALCOMM INCORPORATED","Fixed Income","1.89","101.86","485,527.58","485,527.58","Technology","BWX4DC5","US747525AE30","3.00","May 20, 2022","2.33","2.33","2.75","475,000.00"
"ORACLE CORPORATION","Fixed Income","1.80","101.04","462,173.83","462,173.83","Technology","B84CSM5","US68389XAP06","2.50","Oct 15, 2022","2.17","2.17","3.14","455,000.00"
"CHEVRON CORP","Fixed Income","1.67","100.79","429,152.92","429,152.92","Energy","B7VZR56","US166764AB69","2.36","Dec 5, 2022","2.11","2.10","3.14","425,000.00"
"AMERICA MOVIL SAB DE CV","Fixed Income","1.61","101.94","413,574.61","413,574.61","Communications","B8J4X43","US02364WBD65","3.13","Jul 16, 2022","2.46","2.46","2.86","400,000.00"
"BP CAPITAL MARKETS PLC","Fixed Income","1.58","101.00","405,599.33","405,599.33","Energy","B8ZQX87","US05565QCB23","2.50","Nov 6, 2022","2.19","2.19","3.19","400,000.00"
"GLAXOSMITHKLINE CAPITAL PLC","Fixed Income","1.48","101.67","379,820.99","379,820.99","Consumer Non-Cyclical","B84G0G5","US377373AD71","2.85","May 8, 2022","2.24","2.24","2.72","372,000.00"
"INTEL CORPORATION","Fixed Income","1.39","101.95","357,294.00","357,294.00","Technology","B93KPN7","US458140AM21","2.70","Dec 15, 2022","2.11","2.11","3.29","350,000.00"
"HOME DEPOT INC","Fixed Income","1.39","101.78","357,050.17","357,050.17","Consumer Cyclical","BYQF352","US437076BG61","2.63","Jun 1, 2022","1.99","1.97","2.74","350,000.00"
"JOHN DEERE CAPITAL CORP","Fixed Income","1.39","102.39","356,371.20","356,371.20","Capital Goods","BYQ64Y1","US24422ETG43","2.80","Mar 6, 2023","2.12","2.12","3.46","345,000.00"
"NOVARTIS CAPITAL CORP","Fixed Income","1.39","100.97","355,778.47","355,778.47","Consumer Non-Cyclical","B8FPT86","US66989HAE80","2.40","Sep 21, 2022","2.09","2.09","3.07","350,000.00"
"UNITED PARCEL SERVICE INC","Fixed Income","1.35","100.95","346,364.31","346,364.31","Transportation","B7WCTT4","US911312AQ92","2.45","Oct 1, 2022","2.15","2.15","3.10","341,000.00"
"PHILIP MORRIS INTERNATIONAL INC","Fixed Income","1.34","100.79","344,583.72","344,583.72","Consumer Non-Cyclical","B930D99","US718172AV10","2.63","Mar 6, 2023","2.40","2.40","3.47","339,000.00"
"PEPSICO INC","Fixed Income","1.27","102.51","324,820.27","324,820.27","Consumer Non-Cyclical","B8FXQJ0","US713448CG16","2.75","Mar 1, 2023","2.03","2.03","3.45","314,000.00"
"DEERE & CO","Fixed Income","1.24","101.09","316,979.97","316,979.97","Capital Goods","B80CFY0","US244199BE40","2.60","Jun 8, 2022","2.21","2.18","2.66","313,000.00"
"AMAZON.COM INC","Fixed Income","1.19","101.08","305,869.00","305,869.00","Consumer Cyclical","BFMLNF1","US023135AW69","2.40","Feb 22, 2023","2.09","2.08","3.41","300,000.00"
"INTERNATIONAL BUSINESS MACHINES CO","Fixed Income","1.17","99.07","299,582.00","299,582.00","Technology","B8F5C09","US459200HG92","1.88","Aug 1, 2022","2.19","2.19","2.96","300,000.00"
"MERCK & CO INC","Fixed Income","1.09","101.06","279,903.25","279,903.25","Consumer Non-Cyclical","B8FNG45","US589331AT41","2.40","Sep 15, 2022","2.05","1.99","2.74","275,000.00"
"PROCTER & GAMBLE COMPANY","Fixed Income","1.09","100.51","278,731.90","278,731.90","Consumer Non-Cyclical","BD9FR05","US742718EU91","2.15","Aug 11, 2022","1.98","1.98","2.97","275,000.00"
"APPLE INC","Fixed Income","1.05","102.61","269,472.23","269,472.23","Technology","BYN2GL3","US037833BU32","2.85","Feb 23, 2023","2.10","2.07","3.32","260,000.00"
"EXXON MOBIL CORP","Fixed Income","1.04","102.20","268,111.51","268,111.51","Energy","BYYD0D5","US30231GAR39","2.73","Mar 1, 2023","2.10","2.07","3.35","260,000.00"
"MICROSOFT CORPORATION","Fixed Income","1.04","102.13","266,675.93","266,675.93","Technology","BYV2RY5","US594918BH60","2.65","Nov 3, 2022","1.99","1.95","3.07","260,000.00"
"OCCIDENTAL PETROLEUM CORP","Fixed Income","1.03","101.02","265,330.00","265,330.00","Energy","B89F625","US674599CE35","2.70","Feb 15, 2023","2.40","2.36","3.13","260,000.00"
"APPLE INC","Fixed Income","1.00","101.76","255,345.00","255,345.00","Technology","BXC5WQ3","US037833BF64","2.70","May 13, 2022","2.06","2.06","2.74","250,000.00"
"TOYOTA MOTOR CREDIT CORP MTN","Fixed Income","0.99","101.35","254,476.42","254,476.42","Consumer Cyclical","B8GMCL0","US89233P7F71","2.63","Jan 10, 2023","2.22","2.22","3.32","248,000.00"
"BAKER HUGHES A GE CO LLC / BAKER H","Fixed Income","0.99","100.99","252,816.60","252,816.60","Energy","BF3SRX7","US05723KAD28","2.77","Dec 15, 2022","2.47","2.47","3.24","250,000.00"
"BLK CSH FND TREASURY SL AGENCY","Money Market","0.92","1.00","236,247.35","236,247.35","Cash and/or Derivatives","-","US0669224778","2.36","-","2.35","2.35","0.05","236,247.00"
"ABB FINANCE USA INC","Fixed Income","0.92","101.67","234,853.54","234,853.54","Capital Goods","B7W9683","US00037BAB80","2.88","May 8, 2022","2.27","2.27","2.72","230,000.00"
"GILEAD SCIENCES INC","Fixed Income","0.91","103.06","234,358.62","234,358.62","Consumer Non-Cyclical","BYMYP57","US375558BC64","3.25","Sep 1, 2022","2.24","2.19","2.85","225,000.00"
"GLAXOSMITHKLINE CAPITAL INC","Fixed Income","0.90","101.91","231,123.75","231,123.75","Consumer Non-Cyclical","B99FK75","US377372AH03","2.80","Mar 18, 2023","2.26","2.26","3.50","225,000.00"
"SHELL INTERNATIONAL FINANCE BV","Fixed Income","0.89","100.73","228,610.85","228,610.85","Energy","B57ZCF1","US822582AS19","2.38","Aug 21, 2022","2.13","2.13","2.99","225,000.00"
"WALMART INC","Fixed Income","0.89","101.02","227,561.62","227,561.62","Consumer Cyclical","BZ1H242","US931142DU48","2.35","Dec 15, 2022","2.04","2.03","3.26","225,000.00"
"PHILIP MORRIS INTERNATIONAL INC","Fixed Income","0.89","100.18","227,421.50","227,421.50","Consumer Non-Cyclical","BF954Z3","US718172CA54","2.38","Aug 17, 2022","2.31","2.31","2.94","225,000.00"
"TOYOTA MOTOR CREDIT CORP","Fixed Income","0.88","99.99","226,529.56","226,529.56","Consumer Cyclical","BF99VV0","US89236TEC53","2.15","Sep 8, 2022","2.15","2.15","3.05","225,000.00"
"SHELL INTERNATIONAL FINANCE BV","Fixed Income","0.85","100.29","216,983.67","216,983.67","Energy","B92PZX3","US822582AV48","2.25","Jan 6, 2023","2.16","2.16","3.33","214,000.00"
"COMCAST CORPORATION","Fixed Income","0.81","102.34","207,336.00","207,336.00","Communications","B994FP5","US20030NBF78","2.85","Jan 15, 2023","2.16","2.16","3.33","200,000.00"
"TOTAL CAPITAL INTERNATIONAL SA","Fixed Income","0.80","101.81","205,984.00","205,984.00","Energy","B86QQ87","US89153VAE92","2.70","Jan 25, 2023","2.17","2.17","3.36","200,000.00"
"BAIDU INC","Fixed Income","0.80","102.26","205,202.56","205,202.56","Technology","B997SV1","US056752AB41","3.50","Nov 28, 2022","2.80","2.80","3.21","200,000.00"
"INTERNATIONAL BUSINESS MACHINES CO","Fixed Income","0.80","102.05","204,964.50","204,964.50","Technology","BZBZMB3","US459200JC60","2.88","Nov 9, 2022","2.24","2.24","3.18","200,000.00"
"DIAGEO INVESTMENT CORPORATION","Fixed Income","0.80","101.82","204,474.56","204,474.56","Consumer Non-Cyclical","B84RFF2","US25245BAB36","2.88","May 11, 2022","2.21","2.21","2.73","200,000.00"
"PRECISION CASTPARTS CORP.","Fixed Income","0.80","100.89","204,111.33","204,111.33","Capital Goods","B8KRPX4","US740189AG06","2.50","Jan 15, 2023","2.24","2.22","3.21","200,000.00"
"NOVARTIS CAPITAL CORP","Fixed Income","0.79","100.87","202,359.35","202,359.35","Consumer Non-Cyclical","BZ7NY93","US66989HAM07","2.40","May 17, 2022","2.08","2.08","2.71","200,000.00"
"RAYTHEON CO","Fixed Income","0.79","100.70","201,650.00","201,650.00","Capital Goods","B8YRK46","US755111BX88","2.50","Dec 15, 2022","2.29","2.27","3.16","200,000.00"
"GENERAL DYNAMICS CORPORATION","Fixed Income","0.79","100.44","201,484.00","201,484.00","Capital Goods","B8ZQTM3","US369550AU23","2.25","Nov 15, 2022","2.11","2.10","3.10","200,000.00"
"UNILEVER CAPITAL CORP","Fixed Income","0.78","100.16","201,026.89","201,026.89","Consumer Non-Cyclical","BDGKT29","US904764AW76","2.20","May 5, 2022","2.14","2.14","2.69","200,000.00"
"3M CO MTN","Fixed Income","0.75","99.81","191,715.63","191,715.63","Capital Goods","B7NJ2Q2","US88579YAF88","2.00","Jun 26, 2022","2.06","2.06","2.89","192,000.00"
"BRISTOL-MYERS SQUIBB CO","Fixed Income","0.74","99.41","190,481.54","190,481.54","Consumer Non-Cyclical","B7GX3F7","US110122AT56","2.00","Aug 1, 2022","2.20","2.20","2.95","190,000.00"
"BP CAPITAL MARKETS AMERICA INC.","Fixed Income","0.73","102.92","188,240.40","188,240.40","Energy","-","US10373QAJ94","3.25","May 6, 2022","2.18","2.18","2.70","182,000.00"
"BURLINGTON NORTHERN SANTA FE LLC","Fixed Income","0.73","102.61","186,312.60","186,312.60","Transportation","B951YM0","US12189LAM37","3.00","Mar 15, 2023","2.26","2.21","3.31","180,000.00"
"QUALCOMM INCORPORATED","Fixed Income","0.69","100.61","177,994.25","177,994.25","Technology","BF3KVH5","US747525AR43","2.60","Jan 30, 2023","2.42","2.42","3.33","175,000.00"
"NATIONAL RURAL UTILITIES COOPERATI","Fixed Income","0.69","100.62","176,883.58","176,883.58","Electric","BDCWFW1","US637432NM30","2.40","Apr 25, 2022","2.17","2.16","2.65","175,000.00"
"ELI LILLY AND COMPANY","Fixed Income","0.69","100.70","176,771.58","176,771.58","Consumer Non-Cyclical","BDVJY04","US532457BQ09","2.35","May 15, 2022","2.10","2.10","2.76","175,000.00"
"COSTCO WHOLESALE CORPORATION","Fixed Income","0.69","100.70","176,724.62","176,724.62","Consumer Cyclical","BDFVGQ6","US22160KAK16","2.30","May 18, 2022","2.05","2.04","2.72","175,000.00"
"MICROSOFT CORP","Fixed Income","0.69","100.68","176,677.08","176,677.08","Technology","B7JJ5L2","US594918AQ78","2.13","Nov 15, 2022","1.92","1.92","3.23","175,000.00"
"PEPSICO INC","Fixed Income","0.69","100.46","176,466.94","176,466.94","Consumer Non-Cyclical","BD45XC4","US713448DT28","2.25","May 2, 2022","2.08","2.08","2.68","175,000.00"
"WALT DISNEY COMPANY (THE) MTN","Fixed Income","0.67","100.77","171,660.69","171,660.69","Communications","B6YCNP9","US25468PCW41","2.35","Dec 1, 2022","2.12","2.12","3.27","170,000.00"
"ORACLE CORPORATION","Fixed Income","0.63","100.95","162,059.75","162,059.75","Technology","BWTM323","US68389XBB01","2.50","May 15, 2022","2.15","2.13","2.65","160,000.00"
"COVIDIEN INTERNATIONAL FINANCE SA","Fixed Income","0.63","102.32","160,887.32","160,887.32","Consumer Non-Cyclical","B8CQS30","US22303QAN07","3.20","Jun 15, 2022","2.38","2.31","2.63","157,000.00"
"CATERPILLAR INC","Fixed Income","0.62","101.16","158,894.29","158,894.29","Capital Goods","B8GMYT2","US149123BX80","2.60","Jun 26, 2022","2.20","2.16","2.71","157,000.00"
"INTEL CORP","Fixed Income","0.61","102.92","156,375.17","156,375.17","Technology","BWVFJN3","US458140AR18","3.10","Jul 29, 2022","2.11","2.11","2.89","150,000.00"
"EMERSON ELECTRIC CO","Fixed Income","0.60","102.30","154,957.88","154,957.88","Capital Goods","B9KH3Q0","US291011BE39","2.63","Feb 15, 2023","1.96","1.92","3.26","150,000.00"
"CISCO SYSTEMS INC","Fixed Income","0.60","102.70","154,272.00","154,272.00","Technology","BZ0Y976","US17275RAV42","3.00","Jun 15, 2022","2.05","2.05","2.82","150,000.00"
"PRAXAIR INC","Fixed Income","0.60","101.59","152,842.71","152,842.71","Basic Industry","B9KGTQ9","US74005PBF09","2.70","Feb 21, 2023","2.24","2.21","3.28","149,000.00"
"CATERPILLAR FINANCIAL SERVICES COR MTN","Fixed Income","0.59","101.23","152,155.20","152,155.20","Capital Goods","B9K7Q49","US14912L5Q03","2.63","Mar 1, 2023","2.27","2.27","3.46","149,000.00"
"APPLE INC","Fixed Income","0.59","100.69","151,536.33","151,536.33","Technology","BD3N0S4","US037833CQ11","2.30","May 11, 2022","2.05","2.04","2.70","150,000.00"
"CATERPILLAR FINANCIAL SERVICES COR MTN","Fixed Income","0.59","100.67","151,269.00","151,269.00","Capital Goods","BZ4DLY0","US14913QAA76","2.40","Jun 6, 2022","2.16","2.16","2.81","150,000.00"
"NORTHERN STATES POWER COMPANY (MIN","Fixed Income","0.59","99.93","151,131.25","151,131.25","Electric","B73TH78","US665772CH05","2.15","Aug 15, 2022","2.17","2.17","2.73","150,000.00"
"COLGATE-PALMOLIVE CO MTN","Fixed Income","0.59","99.47","150,438.50","150,438.50","Consumer Non-Cyclical","B8BGTC7","US19416QEA40","1.95","Feb 1, 2023","2.10","2.10","3.42","150,000.00"
"ABBVIE INC","Fixed Income","0.56","101.19","144,347.50","144,347.50","Consumer Non-Cyclical","BD035B5","US00287YAL39","2.90","Nov 6, 2022","2.52","2.52","3.18","142,000.00"
"CISCO SYSTEMS INC","Fixed Income","0.56","101.76","143,730.69","143,730.69","Technology","BYYLJ76","US17275RBE18","2.60","Feb 28, 2023","2.10","2.10","3.45","140,000.00"
"AMAZON.COM INC","Fixed Income","0.56","101.34","143,220.91","143,220.91","Consumer Cyclical","B8VBQ21","US023135AJ58","2.50","Nov 29, 2022","2.09","2.06","3.10","141,000.00"
"COLGATE-PALMOLIVE CO MTN","Fixed Income","0.56","101.07","143,054.84","143,054.84","Consumer Non-Cyclical","B4KMTY0","US19416QDZ00","2.30","May 3, 2022","1.91","1.91","2.73","141,000.00"
"KAISER FOUNDATION HOSPITALS","Fixed Income","0.51","102.86","129,691.81","129,691.81","Consumer Non-Cyclical","B7DCCM7","US48305QAA13","3.50","Apr 1, 2022","2.42","2.42","2.60","125,000.00"
"BOEING CO","Fixed Income","0.50","101.70","128,309.86","128,309.86","Capital Goods","BDFK209","US097023BW42","2.80","Mar 1, 2023","2.31","2.30","3.40","125,000.00"
"AT&T INC","Fixed Income","0.49","100.65","126,102.92","126,102.92","Communications","B8KGTH3","US00206RBN17","2.63","Dec 1, 2022","2.43","2.41","3.12","125,000.00"
"COMCAST CABLE COMMUNICATIONS HOLDI","Fixed Income","0.49","123.48","124,739.67","124,739.67","Communications","2166502","US00209TAB17","9.46","Nov 15, 2022","2.18","2.18","2.96","100,000.00"
"DUKE ENERGY CORP","Fixed Income","0.48","101.86","123,637.40","123,637.40","Electric","B84LGT5","US26441CAJ45","3.05","Aug 15, 2022","2.43","2.37","2.77","120,000.00"
"WALT DISNEY CO 144A","Fixed Income","0.47","102.26","119,614.95","119,614.95","Communications","BJYGYF9","US254687CL89","3.00","Sep 15, 2022","2.26","2.26","3.03","116,000.00"
"ONCOR ELECTRIC DELIVERY CO LLC","Fixed Income","0.45","104.82","115,701.79","115,701.79","Electric","B7MWLF4","US68233JAR59","4.10","Jun 1, 2022","2.38","2.23","2.53","110,000.00"
"CELGENE CORPORATION","Fixed Income","0.41","103.52","104,881.83","104,881.83","Consumer Non-Cyclical","BYQH820","US151020AR55","3.55","Aug 15, 2022","2.37","2.37","2.92","100,000.00"
"PEPSICO INC","Fixed Income","0.41","102.94","104,373.44","104,373.44","Consumer Non-Cyclical","BYQXN45","US713448CX49","3.10","Jul 17, 2022","2.09","2.04","2.74","100,000.00"
"COMCAST CORPORATION","Fixed Income","0.40","101.77","102,705.94","102,705.94","Communications","BYN2GB3","US20030NBR17","2.75","Mar 1, 2023","2.24","2.23","3.40","100,000.00"
"PROGRESS ENERGY CAROLINAS INC","Fixed Income","0.40","101.64","102,009.33","102,009.33","Electric","B87NVK4","US144141DC90","2.80","May 15, 2022","2.21","2.15","2.57","100,000.00"
"EBAY INC","Fixed Income","0.40","100.17","101,384.32","101,384.32","Consumer Cyclical","B833XK2","US278642AE34","2.60","Jul 15, 2022","2.54","2.54","2.75","100,000.00"
"BAT CAPITAL CORP","Fixed Income","0.40","100.31","101,366.53","101,366.53","Consumer Non-Cyclical","BG5QS55","US05526DAV73","2.76","Aug 15, 2022","2.66","2.66","2.91","100,000.00"
"DUKE ENERGY CORP","Fixed Income","0.39","100.17","101,089.99","101,089.99","Electric","BF46ZB4","US26441CAW55","2.40","Aug 15, 2022","2.34","2.34","2.93","100,000.00"
"GENERAL ELECTRIC CO","Fixed Income","0.39","99.94","100,570.00","100,570.00","Capital Goods","B8321X8","US369604BD45","2.70","Oct 9, 2022","2.72","2.72","3.11","100,000.00"
"IBM CREDIT LLC","Fixed Income","0.39","99.85","100,553.78","100,553.78","Technology","BDH45F5","US44932HAC79","2.20","Sep 8, 2022","2.25","2.25","3.05","100,000.00"
"NSTAR ELECTRIC CO","Fixed Income","0.37","100.42","95,889.75","95,889.75","Electric","B8GR1Y1","US67021CAG24","2.38","Oct 15, 2022","2.24","2.23","3.01","95,000.00"
"EXELON GENERATION CO LLC","Fixed Income","0.37","104.55","95,329.32","95,329.32","Electric","B8N3G36","US30161MAL72","4.25","Jun 15, 2022","2.64","2.50","2.57","91,000.00"
"PHILLIPS 66","Fixed Income","0.35","105.61","90,703.41","90,703.41","Energy","B94MSW2","US718546AC87","4.30","Apr 1, 2022","2.18","2.18","2.58","85,000.00"
"DIAGEO INVESTMENT CORPORATION","Fixed Income","0.35","117.23","89,725.50","89,725.50","Consumer Non-Cyclical","2583866","US386088AF50","8.00","Sep 15, 2022","2.37","2.37","2.84","75,000.00"
"CVS HEALTH CORP","Fixed Income","0.35","103.38","88,868.92","88,868.92","Consumer Non-Cyclical","BF4JKN0","US126650CV07","3.70","Mar 9, 2023","2.73","2.71","3.36","85,000.00"
"LOWES COMPANIES INC","Fixed Income","0.34","101.90","87,187.05","87,187.05","Consumer Cyclical","B7JJ233","US548661CW57","3.12","Apr 15, 2022","2.41","2.34","2.47","85,000.00"
"UNITED TECHNOLOGIES CORP","Fixed Income","0.34","102.29","87,183.27","87,183.27","Capital Goods","B8DTG89","US913017BV07","3.10","Jun 1, 2022","2.28","2.28","2.78","85,000.00"
"GENERAL MOTORS FINANCIAL CO INC","Fixed Income","0.34","101.45","86,911.15","86,911.15","Consumer Cyclical","BWTXKZ8","US37045XAW65","3.45","Apr 10, 2022","2.90","2.87","2.51","85,000.00"
"ALTRIA GROUP INC","Fixed Income","0.34","100.97","86,795.20","86,795.20","Consumer Non-Cyclical","B8JZ904","US02209SAN36","2.85","Aug 9, 2022","2.52","2.52","2.93","85,000.00"
"HEWLETT PACKARD ENTERPRISE CO","Fixed Income","0.31","105.46","79,806.25","79,806.25","Technology","BYXLJZ5","US42824CAN92","4.40","Oct 15, 2022","2.65","2.57","2.91","75,000.00"
"COMCAST CORP","Fixed Income","0.31","102.93","78,289.00","78,289.00","Communications","B8J33M8","US20030NBD21","3.13","Jul 15, 2022","2.12","2.12","2.85","75,000.00"
"NBCUNIVERSAL MEDIA LLC","Fixed Income","0.30","102.33","77,756.75","77,756.75","Communications","B86PMS6","US63946BAH33","2.88","Jan 15, 2023","2.18","2.18","3.32","75,000.00"
"TOYOTA MOTOR CREDIT CORP MTN","Fixed Income","0.30","101.90","77,416.67","77,416.67","Consumer Cyclical","BYMVVZ0","US89236TCQ67","2.80","Jul 13, 2022","2.15","2.15","2.86","75,000.00"
"BERKSHIRE HATHAWAY ENERGY CO","Fixed Income","0.30","101.80","77,330.00","77,330.00","Electric","BG5NT19","US084659AK79","2.80","Jan 15, 2023","2.27","2.25","3.28","75,000.00"
"TOYOTA MOTOR CREDIT CORP MTN","Fixed Income","0.30","101.64","77,196.75","77,196.75","Consumer Cyclical","-","US89236TEL52","2.70","Jan 11, 2023","2.21","2.21","3.32","75,000.00"
"KRAFT HEINZ FOODS CO","Fixed Income","0.30","102.66","77,193.38","77,193.38","Consumer Non-Cyclical","B41RF24","US50076QAZ90","3.50","Jun 6, 2022","2.55","2.55","2.78","75,000.00"
"DISCOVERY COMMUNICATIONS LLC","Fixed Income","0.30","102.02","76,847.25","76,847.25","Communications","B8BC754","US25470DAF69","3.30","May 15, 2022","2.56","2.56","2.73","75,000.00"
"CATERPILLAR FINANCIAL SERVICES COR MTN","Fixed Income","0.30","101.76","76,507.00","76,507.00","Capital Goods","B735SX9","US14912L5F48","2.85","Jun 1, 2022","2.22","2.22","2.79","75,000.00"
"STARBUCKS CORP","Fixed Income","0.30","101.22","76,015.50","76,015.50","Consumer Cyclical","BYYG2B6","US855244AG47","2.70","Jun 15, 2022","2.27","2.25","2.72","75,000.00"
"INTEL CORPORATION","Fixed Income","0.30","100.73","75,804.34","75,804.34","Technology","BZ5ZTH4","US458140BB56","2.35","May 11, 2022","2.08","2.08","2.70","75,000.00"
"3M CO MTN","Fixed Income","0.30","100.36","75,778.51","75,778.51","Capital Goods","BD6NKB4","US88579YAX94","2.25","Mar 15, 2023","2.15","2.14","3.48","75,000.00"
"NATIONAL RURAL UTILITIES COOPERATI MTN","Fixed Income","0.30","100.28","75,725.24","75,725.24","Electric","BZ06422","US63743HEQ11","2.30","Sep 15, 2022","2.21","2.21","3.02","75,000.00"
"OCCIDENTAL PETROLEUM CORPORATION","Fixed Income","0.29","100.35","75,685.75","75,685.75","Energy","BYYD6F9","US674599CK94","2.60","Apr 15, 2022","2.47","2.46","2.62","75,000.00"
"CAMPBELL SOUP CO","Fixed Income","0.29","99.71","75,571.96","75,571.96","Consumer Non-Cyclical","B8GPWW0","US134429AY59","2.50","Aug 2, 2022","2.60","2.60","2.93","75,000.00"
"COCA-COLA CO","Fixed Income","0.29","100.47","75,523.67","75,523.67","Consumer Non-Cyclical","BF2KDB4","US191216CF57","2.20","May 25, 2022","2.03","2.03","2.79","75,000.00"
"TEXAS INSTRUMENTS INC","Fixed Income","0.29","99.39","74,728.25","74,728.25","Technology","BD076W5","US882508BA13","1.85","May 15, 2022","2.07","2.07","2.74","75,000.00"
"NVR INC","Fixed Income","0.29","103.54","73,308.20","73,308.20","Consumer Cyclical","B8N33T1","US62944TAE55","3.95","Sep 15, 2022","2.78","2.69","2.79","70,000.00"
"KINDER MORGAN ENERGY PARTNERS LP","Fixed Income","0.27","102.64","68,613.27","68,613.27","Energy","B7T9C11","US494550BM77","3.45","Feb 15, 2023","2.68","2.63","3.21","66,000.00"
"NEWMONT MINING CORP 144A","Fixed Income","0.27","103.77","68,173.30","68,173.30","Basic Industry","-","US651639AS56","3.70","Mar 15, 2023","2.62","2.55","3.25","65,000.00"
"WILLIAMS COMPANIES INC","Fixed Income","0.27","101.97","68,147.75","68,147.75","Energy","B6ZZMP0","US96950FAJ30","3.35","Aug 15, 2022","2.69","2.63","2.76","66,000.00"
"CROWN CASTLE INTERNATIONAL CORP","Fixed Income","0.26","108.96","66,843.00","66,843.00","Communications","B9444C0","US228227BD57","5.25","Jan 15, 2023","2.58","2.58","3.19","60,000.00"
"CONNECTICUT LIGHT AND POWER COMPAN","Fixed Income","0.26","101.01","66,412.88","66,412.88","Electric","B8J2Y88","US207597EF82","2.50","Jan 15, 2023","2.20","2.18","3.21","65,000.00"
"NATIONAL OILWELL VARCO INC.","Fixed Income","0.25","99.71","64,962.37","64,962.37","Energy","B91NHP4","US637071AJ02","2.60","Dec 1, 2022","2.69","2.69","3.14","65,000.00"
"BIOGEN INC","Fixed Income","0.24","103.49","62,743.50","62,743.50","Consumer Non-Cyclical","BYQC6K9","US09062XAE31","3.63","Sep 15, 2022","2.48","2.48","3.00","60,000.00"
"OMNICOM GROUP INC","Fixed Income","0.24","103.24","62,319.78","62,319.78","Communications","B7T1YQ6","US681919AZ97","3.63","May 1, 2022","2.43","2.43","2.68","60,000.00"
"ARROW ELECTRONICS INC","Fixed Income","0.24","101.55","61,468.47","61,468.47","Technology","BW01ZP6","US042735BD16","3.50","Apr 1, 2022","2.91","2.87","2.48","60,000.00"
"CARDINAL HEALTH INC","Fixed Income","0.24","101.46","61,453.80","61,453.80","Consumer Non-Cyclical","B9B3527","US14149YAY41","3.20","Mar 15, 2023","2.78","2.78","3.46","60,000.00"
"EOG RESOURCES INC.","Fixed Income","0.24","101.26","61,226.10","61,226.10","Energy","B84LCZ3","US26875PAK75","2.63","Mar 15, 2023","2.27","2.24","3.35","60,000.00"
"DOW CHEMICAL COMPANY (THE)","Fixed Income","0.24","101.48","61,127.40","61,127.40","Basic Industry","B8S08X6","US260543CH45","3.00","Nov 15, 2022","2.54","2.50","3.04","60,000.00"
"DUKE ENERGY CAROLINAS LLC","Fixed Income","0.24","101.01","61,053.00","61,053.00","Electric","BZ587C4","US26442CAQ78","2.50","Mar 15, 2023","2.22","2.20","3.41","60,000.00"
"VERIZON COMMUNICATIONS INC","Fixed Income","0.24","100.82","60,745.76","60,745.76","Communications","B3W62Q6","US92343VBJ26","2.45","Nov 1, 2022","2.19","2.17","3.04","60,000.00"
"ENTERPRISE PRODUCTS OPERATING LLC","Fixed Income","0.22","102.90","57,147.20","57,147.20","Energy","B9M5X73","US29379VAZ67","3.35","Mar 15, 2023","2.52","2.47","3.29","55,000.00"
"NUCOR CORPORATION","Fixed Income","0.20","105.38","52,240.61","52,240.61","Basic Industry","B3NM218","US670346AL99","4.13","Sep 15, 2022","2.37","2.07","2.55","49,000.00"
"CVS HEALTH CORP","Fixed Income","0.20","102.74","52,163.86","52,163.86","Consumer Non-Cyclical","BYPFCL2","US126650CK42","3.50","Jul 20, 2022","2.56","2.51","2.73","50,000.00"
"ENERGY TRANSFER PARTNERS LP","Fixed Income","0.20","102.19","51,854.50","51,854.50","Energy","B8HDKR4","US29273RAS85","3.60","Feb 1, 2023","2.95","2.91","3.16","50,000.00"
"BURLINGTON NORTHERN SANTA FE LLC","Fixed Income","0.20","102.45","51,742.31","51,742.31","Transportation","B8NWQY4","US12189LAL53","3.05","Sep 1, 2022","2.24","2.18","2.81","50,000.00"
"CONAGRA BRANDS INC","Fixed Income","0.20","101.92","51,661.72","51,661.72","Consumer Non-Cyclical","B905G54","US205887BR27","3.20","Jan 25, 2023","2.63","2.59","3.17","50,000.00"
"ALLERGAN FINANCE LLC","Fixed Income","0.20","101.69","51,260.28","51,260.28","Consumer Non-Cyclical","B84XZ61","US942683AF00","3.25","Oct 1, 2022","2.70","2.66","2.91","50,000.00"
"NATIONAL RURAL UTILITIES COOP FINA","Fixed Income","0.20","101.46","51,248.00","51,248.00","Electric","-","US637432NJ01","2.70","Feb 15, 2023","2.28","2.26","3.32","50,000.00"
"GENERAL ELECTRIC CAPITAL CORP","Fixed Income","0.20","101.24","51,128.00","51,128.00","Capital Goods","B74Y084","US36962G6F61","3.15","Sep 7, 2022","2.74","2.74","3.00","50,000.00"
"GENERAL MOTORS FINANCIAL CO INC","Fixed Income","0.20","100.54","51,072.47","51,072.47","Consumer Cyclical","BF28ST1","US37045XCF15","3.25","Jan 5, 2023","3.09","3.08","3.23","50,000.00"
"EATON CORPORATION","Fixed Income","0.20","101.53","50,998.99","50,998.99","Capital Goods","BH4XWD0","US278062AC86","2.75","Nov 2, 2022","2.27","2.27","3.17","50,000.00"
"FEDEX CORP","Fixed Income","0.20","100.73","50,919.67","50,919.67","Transportation","B8DKZK7","US31428XAS53","2.63","Aug 1, 2022","2.38","2.38","2.92","50,000.00"
"AT&T INC","Fixed Income","0.20","101.78","50,896.83","50,896.83","Communications","BX2KBC7","US00206RCM25","3.00","Jun 30, 2022","2.38","2.35","2.75","50,000.00"
"PACCAR FINANCIAL CORP MTN","Fixed Income","0.20","101.30","50,843.57","50,843.57","Consumer Cyclical","-","US69371RP831","2.65","May 10, 2022","2.18","2.18","2.73","50,000.00"
"AMERICAN ELECTRIC POWER COMPANY IN","Fixed Income","0.20","101.47","50,808.25","50,808.25","Electric","B8YQJP7","US025537AG68","2.95","Dec 15, 2022","2.50","2.47","3.13","50,000.00"
"BRISTOL-MYERS SQUIBB CO 144A","Fixed Income","0.20","101.23","50,782.72","50,782.72","Consumer Non-Cyclical","-","US110122BY33","2.60","May 16, 2022","2.16","2.16","2.75","50,000.00"
"SYSCO CORPORATION","Fixed Income","0.20","100.90","50,525.84","50,525.84","Consumer Non-Cyclical","B8L2KS8","US871829AQ03","2.60","Jun 12, 2022","2.28","2.28","2.83","50,000.00"
"BROADCOM INC 144A","Fixed Income","0.20","100.18","50,471.44","50,471.44","Technology","-","US11135FAC59","3.13","Oct 15, 2022","3.07","3.07","3.10","50,000.00"
"JOHNSON & JOHNSON","Fixed Income","0.20","100.10","50,398.86","50,398.86","Consumer Non-Cyclical","BD31B41","US478160BT00","2.05","Mar 1, 2023","2.02","2.02","3.41","50,000.00"
"HEWLETT-PACKARD CO","Fixed Income","0.19","104.47","47,559.60","47,559.60","Technology","B7N55M7","US428236BX09","4.05","Sep 15, 2022","2.58","2.58","2.98","45,000.00"
"ZOETIS INC","Fixed Income","0.18","102.55","46,764.55","46,764.55","Consumer Non-Cyclical","BG3PT39","US98978VAB99","3.25","Feb 1, 2023","2.50","2.45","3.18","45,000.00"
"WASTE MANAGEMENT INC","Fixed Income","0.18","102.06","46,318.05","46,318.05","Capital Goods","B4KJJ29","US94106LAY56","2.90","Sep 15, 2022","2.23","2.18","2.86","45,000.00"
"NUTRIEN LTD","Fixed Income","0.18","101.58","46,073.25","46,073.25","Basic Industry","BFM70F8","US67077MAJ71","3.15","Oct 1, 2022","2.64","2.60","2.91","45,000.00"
"VIRGINIA ELECTRIC AND POWER CO","Fixed Income","0.18","101.46","46,026.45","46,026.45","Electric","BCFFRF7","US927804FN91","2.75","Mar 15, 2023","2.34","2.31","3.34","45,000.00"
"PUGET ENERGY INC","Fixed Income","0.17","107.28","43,962.40","43,962.40","Electric","B92MHP0","US745310AF99","5.63","Jul 15, 2022","3.09","2.89","2.54","40,000.00"
"TYSON FOODS INC","Fixed Income","0.17","105.65","43,409.98","43,409.98","Consumer Non-Cyclical","B8L2L07","US902494AT07","4.50","Jun 15, 2022","2.50","2.33","2.55","41,000.00"
"LABORATORY CORP OF AMERICA","Fixed Income","0.17","103.30","42,906.57","42,906.57","Consumer Non-Cyclical","B8K2RF5","US50540RAL69","3.75","Aug 23, 2022","2.65","2.56","2.74","41,000.00"
"FIRSTENERGY CORPORATION","Fixed Income","0.17","105.76","42,814.80","42,814.80","Electric","B9DM5H7","US337932AF44","4.25","Mar 15, 2023","2.61","2.50","3.21","40,000.00"
"FISERV INC","Fixed Income","0.17","103.31","42,723.00","42,723.00","Technology","B88P0T1","US337738AM09","3.50","Oct 1, 2022","2.43","2.35","2.87","41,000.00"
"EASTMAN CHEMICAL CO","Fixed Income","0.17","102.72","42,683.05","42,683.05","Basic Industry","B8FL100","US277432AN05","3.60","Aug 15, 2022","2.68","2.61","2.73","41,000.00"
"CELGENE CORPORATION","Fixed Income","0.17","102.66","42,601.39","42,601.39","Consumer Non-Cyclical","B86SW07","US151020AH73","3.25","Aug 15, 2022","2.36","2.36","2.93","41,000.00"
"AMGEN INC","Fixed Income","0.17","103.05","42,449.08","42,449.08","Consumer Non-Cyclical","B8487Y8","US031162BN92","3.63","May 15, 2022","2.51","2.41","2.52","41,000.00"
"SUNOCO LOGISTICS PARTNERS LP","Fixed Income","0.17","101.77","42,386.21","42,386.21","Energy","B83F3M0","US86765BAL36","3.45","Jan 15, 2023","2.92","2.88","3.14","41,000.00"
"NORFOLK SOUTHERN CORPORATION","Fixed Income","0.16","102.15","42,336.52","42,336.52","Transportation","B9XQF46","US655844BL13","2.90","Feb 15, 2023","2.28","2.24","3.24","41,000.00"
"AIR PRODUCTS AND CHEMICALS INC","Fixed Income","0.16","101.64","42,143.83","42,143.83","Basic Industry","B8J82L5","US009158AT32","2.75","Feb 3, 2023","2.27","2.27","3.38","41,000.00"
"WALGREEN CO","Fixed Income","0.16","101.77","42,105.77","42,105.77","Consumer Cyclical","B8QB7D4","US931422AH23","3.10","Sep 15, 2022","2.52","2.52","3.02","41,000.00"
"PROGRESS ENERGY INC","Fixed Income","0.16","101.80","42,066.41","42,066.41","Electric","B77NX90","US743263AS47","3.15","Apr 1, 2022","2.47","2.40","2.43","41,000.00"
"AMEREN ILLINOIS CO","Fixed Income","0.16","101.40","41,950.38","41,950.38","Electric","B8408C9","US02361DAL47","2.70","Sep 1, 2022","2.24","2.20","2.85","41,000.00"
"STANLEY BLACK & DECKER INC","Fixed Income","0.16","101.74","41,918.17","41,918.17","Capital Goods","B8ZQVF0","US854502AD32","2.90","Nov 1, 2022","2.35","2.35","3.16","41,000.00"
"CONSUMERS ENERGY COMPANY","Fixed Income","0.16","101.81","41,897.08","41,897.08","Electric","B87F973","US210518CT13","2.85","May 15, 2022","2.20","2.14","2.56","41,000.00"
"ANHEUSER-BUSCH INBEV FINANCE INC","Fixed Income","0.16","103.35","41,895.33","41,895.33","Consumer Non-Cyclical","BYMLHV8","US035242AL09","3.30","Feb 1, 2023","2.32","2.28","3.22","40,000.00"
"CHURCH & DWIGHT CO INC","Fixed Income","0.16","101.34","41,849.41","41,849.41","Consumer Non-Cyclical","B83NH77","US171340AH58","2.88","Oct 1, 2022","2.44","2.44","3.08","41,000.00"
"SEMPRA ENERGY","Fixed Income","0.16","100.87","41,657.53","41,657.53","Natural Gas","B81Z5C6","US816851AT63","2.88","Oct 1, 2022","2.59","2.57","2.94","41,000.00"
"MCKESSON CORP","Fixed Income","0.16","100.70","41,637.14","41,637.14","Consumer Non-Cyclical","B8Y9WB3","US58155QAG82","2.85","Mar 15, 2023","2.65","2.64","3.35","41,000.00"
"DOMINION RESOURCES INC/VA","Fixed Income","0.16","100.60","41,585.07","41,585.07","Electric","B8N2M68","US25746UBP30","2.75","Sep 15, 2022","2.55","2.54","2.90","41,000.00"
"CABOT CORPORATION","Fixed Income","0.16","102.19","41,568.27","41,568.27","Basic Industry","B8J4PV4","US127055AH48","3.70","Jul 15, 2022","2.94","2.94","2.83","40,000.00"
"CATHOLIC HEALTH INITIATIVES","Fixed Income","0.16","100.82","41,544.09","41,544.09","Consumer Non-Cyclical","B815117","US14916RAC88","2.95","Nov 1, 2022","2.69","2.69","3.16","41,000.00"
"PRAXAIR INC","Fixed Income","0.16","100.25","41,447.86","41,447.86","Basic Industry","B89Y0K8","US74005PBB94","2.20","Aug 15, 2022","2.12","2.11","2.85","41,000.00"
"CENTERPOINT ENERGY HOUSTON ELECTRI","Fixed Income","0.16","100.03","41,399.75","41,399.75","Electric","B7MGJ30","US15189XAL29","2.25","Aug 1, 2022","2.24","2.24","2.81","41,000.00"
"UNION PACIFIC CORPORATION","Fixed Income","0.16","102.00","41,348.67","41,348.67","Transportation","B8L2KY4","US907818DM74","2.95","Jan 15, 2023","2.36","2.32","3.16","40,000.00"
"MOTOROLA SOLUTIONS INC","Fixed Income","0.16","101.91","41,238.44","41,238.44","Technology","B97S4D0","US620076BC25","3.50","Mar 1, 2023","2.95","2.95","3.40","40,000.00"
"AUTODESK INC","Fixed Income","0.16","102.71","41,156.80","41,156.80","Technology","B952JG2","US052769AB25","3.60","Dec 15, 2022","2.77","2.71","3.08","40,000.00"
"MAXIM INTEGRATED PRODUCTS INC","Fixed Income","0.16","101.76","41,107.80","41,107.80","Technology","B94ZLP5","US57772KAB70","3.38","Mar 15, 2023","2.87","2.84","3.30","40,000.00"
"ONEOK PARTNERS LP","Fixed Income","0.16","101.83","41,078.60","41,078.60","Energy","B8QBB21","US68268NAJ28","3.38","Oct 1, 2022","2.78","2.68","2.72","40,000.00"
"MOSAIC CO","Fixed Income","0.16","101.93","40,945.33","40,945.33","Basic Industry","BD5W7Y4","US61945CAF05","3.25","Nov 15, 2022","2.65","2.63","3.13","40,000.00"
"UNION PACIFIC CORP","Fixed Income","0.15","105.00","37,431.01","37,431.01","Transportation","B75C3K0","US907818DK19","4.16","Jul 15, 2022","2.44","2.30","2.60","35,000.00"
"AMERICAN TOWER CORP","Fixed Income","0.14","103.22","36,648.68","36,648.68","Communications","B7T8T62","US03027XAB64","3.50","Jan 31, 2023","2.55","2.55","3.32","35,000.00"
"LOCKHEED MARTIN CORPORATION","Fixed Income","0.14","102.91","36,523.43","36,523.43","Capital Goods","BD869B4","US539830BG38","3.10","Jan 15, 2023","2.24","2.20","3.20","35,000.00"
"NATIONAL FUEL GAS CO","Fixed Income","0.14","102.48","36,312.44","36,312.44","Energy","B9CHSW9","US636180BL49","3.75","Mar 1, 2023","3.03","2.98","3.23","35,000.00"
"REPUBLIC SERVICES INC","Fixed Income","0.14","103.00","36,159.04","36,159.04","Capital Goods","B86N2X5","US760759AP52","3.55","Jun 1, 2022","2.48","2.38","2.57","35,000.00"
"GEORGIA POWER COMPANY","Fixed Income","0.14","101.28","35,581.70","35,581.70","Electric","B8BPLQ2","US373334JX00","2.85","May 15, 2022","2.38","2.38","2.74","35,000.00"
"TRANSCANADA PIPELINES LIMITED","Fixed Income","0.14","99.95","35,350.89","35,350.89","Energy","B83D476","US893526DM20","2.50","Aug 1, 2022","2.52","2.52","2.93","35,000.00"
"MACYS RETAIL HOLDINGS INC","Fixed Income","0.14","97.98","34,680.13","34,680.13","Consumer Cyclical","B92RSX0","US55616XAH08","2.88","Feb 15, 2023","3.47","3.47","3.33","35,000.00"
"AUTOZONE INC","Fixed Income","0.13","103.44","34,398.10","34,398.10","Consumer Cyclical","B828NK8","US053332AM44","3.70","Apr 15, 2022","2.42","2.30","2.43","33,000.00"
"CLOROX CO","Fixed Income","0.13","102.23","34,036.86","34,036.86","Consumer Non-Cyclical","B8QB4N3","US189054AT60","3.05","Sep 15, 2022","2.32","2.27","2.85","33,000.00"
"MOHAWK INDUSTRIES INC","Fixed Income","0.12","103.91","31,661.57","31,661.57","Capital Goods","B953BY7","US608190AJ33","3.85","Feb 1, 2023","2.69","2.61","3.13","30,000.00"
"PARKER HANNIFIN CORP MTN","Fixed Income","0.12","103.22","31,282.50","31,282.50","Capital Goods","B64PMD9","US70109HAK14","3.50","Sep 15, 2022","2.45","2.45","3.01","30,000.00"
"THERMO FISHER SCIENTIFIC INC","Fixed Income","0.12","102.66","31,239.30","31,239.30","Consumer Non-Cyclical","B7FFGR7","US883556BC51","3.15","Jan 15, 2023","2.36","2.30","3.14","30,000.00"
"KRAFT HEINZ FOODS CO","Fixed Income","0.12","102.33","31,190.50","31,190.50","Consumer Non-Cyclical","BD7YG41","US50077LAJ52","3.50","Jul 15, 2022","2.69","2.65","2.72","30,000.00"
"AT&T INC","Fixed Income","0.12","102.70","30,889.33","30,889.33","Communications","-","US00206RHM79","3.40","Jun 15, 2022","2.45","2.45","2.80","30,000.00"
"TECHNIPFMC PLC","Fixed Income","0.12","101.63","30,754.10","30,754.10","Energy","-","US87854XAD30","3.45","Oct 1, 2022","2.92","2.88","2.90","30,000.00"
"ALLERGAN INC/UNITED STATES","Fixed Income","0.12","100.01","30,254.40","30,254.40","Consumer Non-Cyclical","B92V081","US018490AQ58","2.80","Mar 15, 2023","2.80","2.80","3.37","30,000.00"
"APACHE CORP","Fixed Income","0.12","101.73","29,705.04","29,705.04","Energy","B73KYD6","US037411AZ87","3.25","Apr 15, 2022","2.60","2.54","2.47","29,000.00"
"CROWN CASTLE INTERNATIONAL CORPORA","Fixed Income","0.10","106.30","26,838.06","26,838.06","Communications","BLBWJ71","US228227BE31","4.88","Apr 15, 2022","2.52","2.52","2.60","25,000.00"
"ENTERGY CORPORATION","Fixed Income","0.10","104.18","26,510.42","26,510.42","Electric","BYY0L22","US29364GAH65","4.00","Jul 15, 2022","2.56","2.49","2.68","25,000.00"
"PPL CAPITAL FUNDING LLC","Fixed Income","0.10","102.85","25,790.78","25,790.78","Electric","B8DYKT3","US69352PAE34","3.50","Dec 1, 2022","2.62","2.56","3.04","25,000.00"
"ORACLE CORPORATION","Fixed Income","0.10","101.46","25,616.56","25,616.56","Technology","BD390Y8","US68389XBR52","2.63","Feb 15, 2023","2.20","2.19","3.37","25,000.00"
"DTE ENERGY COMPANY","Fixed Income","0.10","102.22","25,597.00","25,597.00","Electric","BYM7B36","US233331AV91","3.30","Jun 15, 2022","2.51","2.47","2.69","25,000.00"
"PHILIP MORRIS INTERNATIONAL INC","Fixed Income","0.10","100.47","25,345.18","25,345.18","Consumer Non-Cyclical","B72SNZ6","US718172AT63","2.50","Aug 22, 2022","2.34","2.34","2.99","25,000.00"
"CVS HEALTH CORP","Fixed Income","0.10","100.39","25,158.36","25,158.36","Consumer Non-Cyclical","B90QJ25","US126650BZ20","2.75","Dec 1, 2022","2.63","2.62","3.12","25,000.00"
"MOTOROLA SOLUTIONS INC","Fixed Income","0.10","102.65","24,756.24","24,756.24","Technology","B84QSV6","US620076BB42","3.75","May 15, 2022","2.78","2.78","2.71","24,000.00"
"USD CASH","Cash","-0.24","100.00","-60,525.23","-60,525.23","Cash and/or Derivatives","-","-","0.00","-","2.36","2.36","0.00","-60,525.00"
 