﻿Fund Holdings as of,"Jul 4, 2019"
 
Issuer Ticker,Name,Asset Class,Weight (%),Price,Shares,Market Value,Notional Value,Sector,ISIN,Coupon (%),Maturity,Exchange,Country,Market Currency,Duration
"FRTR","FRANCE (REPUBLIC OF) RegS","Fixed Income","5.53","125.79","56,200,566.00","71,672,897.77","71,672,897.77","Treasury","FR0011008705","1.85","Jul 25, 2027","-","France","EUR","7.54"
"FRTR","FRANCE (REPUBLIC OF) RegS","Fixed Income","4.65","114.27","51,806,175.00","60,223,216.74","60,223,216.74","Treasury","FR0010585901","2.10","Jul 25, 2023","-","France","EUR","3.89"
"FRTR","FRANCE (REPUBLIC OF)","Fixed Income","4.64","103.66","56,896,973.00","60,187,067.87","60,187,067.87","Treasury","FR0010050559","2.25","Jul 25, 2020","-","France","EUR","1.05"
"BTPS","ITALY (REPUBLIC OF)","Fixed Income","4.48","109.83","52,519,000.00","58,094,018.08","58,094,018.08","Treasury","IT0004243512","2.60","Sep 15, 2023","-","Italy","EUR","4.00"
"FRTR","FRANCE (REPUBLIC OF) RegS","Fixed Income","4.36","107.87","51,937,484.00","56,563,925.71","56,563,925.71","Treasury","FR0010899765","1.10","Jul 25, 2022","-","France","EUR","3.01"
"FRTR","FRANCE (REPUBLIC OF)","Fixed Income","4.15","154.80","34,405,763.00","53,843,104.88","53,843,104.88","Treasury","FR0010447367","1.80","Jul 25, 2040","-","France","EUR","18.25"
"FRTR","FRANCE (REPUBLIC OF) RegS","Fixed Income","4.09","156.28","33,273,659.00","52,986,227.83","52,986,227.83","Treasury","FR0000188799","3.15","Jul 25, 2032","-","France","EUR","11.19"
"BTPS","ITALY (REPUBLIC OF)","Fixed Income","3.73","105.13","45,770,277.00","48,406,837.35","48,406,837.35","Treasury","IT0004604671","2.10","Sep 15, 2021","-","Italy","EUR","2.16"
"BTPS","ITALY (REPUBLIC OF)","Fixed Income","3.63","117.91","39,654,265.00","47,038,218.32","47,038,218.32","Treasury","IT0003745541","2.35","Sep 15, 2035","-","Italy","EUR","13.73"
"FRTR","FRANCE (REPUBLIC OF) RegS","Fixed Income","3.57","108.37","42,597,370.00","46,261,858.22","46,261,858.22","Treasury","FR0011427848","0.25","Jul 25, 2024","-","France","EUR","5.04"
"DBRI","GERMANY (FEDERAL REPUBLIC OF) RegS","Fixed Income","3.45","105.36","42,447,445.00","44,731,906.50","44,731,906.50","Treasury","DE0001030542","0.10","Apr 15, 2023","-","Germany","EUR","3.79"
"DBRI","GERMANY (GOVERNMENT OF) RegS","Fixed Income","3.40","110.04","40,052,022.00","44,081,999.27","44,081,999.27","Treasury","DE0001030567","0.10","Apr 15, 2026","-","Germany","EUR","6.78"
"FRTR","FRANCE (REPUBLIC OF) RegS","Fixed Income","3.34","147.45","28,752,516.00","43,318,075.45","43,318,075.45","Treasury","FR0000186413","3.40","Jul 25, 2029","-","France","EUR","8.79"
"DBRI","GERMANY (FEDERAL REPUBLIC OF) RegS","Fixed Income","3.16","119.94","34,150,405.00","40,996,635.12","40,996,635.12","Treasury","DE0001030559","0.50","Apr 15, 2030","-","Germany","EUR","10.56"
"BTPS","ITALY (REPUBLIC OF)","Fixed Income","3.14","116.82","34,514,383.00","40,643,464.72","40,643,464.72","Treasury","IT0004735152","3.10","Sep 15, 2026","-","Italy","EUR","6.54"
"BTPS","ITALY (REPUBLIC OF)","Fixed Income","3.12","103.42","39,064,724.00","40,470,127.97","40,470,127.97","Treasury","IT0005246134","1.30","May 15, 2028","-","Italy","EUR","8.42"
"FRTR","FRANCE (REPUBLIC OF)","Fixed Income","3.11","119.37","33,577,293.00","40,301,725.91","40,301,725.91","Treasury","FR0011982776","0.70","Jul 25, 2030","-","France","EUR","10.68"
"SPGBEI","SPAIN (KINGDOM OF)","Fixed Income","3.05","115.81","33,842,662.00","39,553,342.14","39,553,342.14","Treasury","ES00000126A4","1.80","Nov 30, 2024","-","Spain","EUR","5.19"
"BTPS","ITALY (REPUBLIC OF)","Fixed Income","2.81","109.62","33,020,947.00","36,431,624.54","36,431,624.54","Treasury","IT0005004426","2.35","Sep 15, 2024","-","Italy","EUR","4.93"
"BTPS","ITALY (REPUBLIC OF)","Fixed Income","2.61","100.94","33,447,722.00","33,889,913.97","33,889,913.97","Treasury","IT0005138828","1.25","Sep 15, 2032","-","Italy","EUR","12.18"
"SPGBEI","SPAIN (KINGDOM OF)","Fixed Income","2.44","118.64","26,562,233.00","31,669,295.44","31,669,295.44","Treasury","ES00000127C8","1.00","Nov 30, 2030","-","Spain","EUR","10.86"
"BTPS","ITALY (REPUBLIC OF)","Fixed Income","2.44","118.50","26,519,913.00","31,629,016.24","31,629,016.24","Treasury","IT0004545890","2.55","Sep 15, 2041","-","Italy","EUR","17.42"
"FRTR","FRANCE REPUBLIC OF (GOVERNMENT) RegS","Fixed Income","2.21","107.28","26,717,103.00","28,669,897.09","28,669,897.09","Treasury","FR0012558310","0.10","Mar 1, 2025","-","France","EUR","5.67"
"DBRI","GERMANY (GOVERNMENT OF) RegS","Fixed Income","2.15","131.14","21,288,668.00","27,922,400.17","27,922,400.17","Treasury","DE0001030575","0.10","Apr 15, 2046","-","Germany","EUR","26.47"
"FRTR","FRANCE (REPUBLIC OF)","Fixed Income","2.07","117.75","22,799,829.00","26,867,147.17","26,867,147.17","Treasury","FR0013209871","0.10","Jul 25, 2047","-","France","EUR","27.67"
"SPGBEI","SPAIN (KINGDOM OF)","Fixed Income","2.06","112.34","23,704,086.00","26,720,349.90","26,720,349.90","Treasury","ES00000128S2","0.65","Nov 30, 2027","-","Spain","EUR","8.22"
"BTPS","ITALY (REPUBLIC OF)","Fixed Income","1.99","99.84","25,867,961.00","25,829,053.08","25,829,053.08","Treasury","IT0005188120","0.10","May 15, 2022","-","Italy","EUR","2.87"
"FRTR","FRANCE (REPUBLIC OF) RegS","Fixed Income","1.97","110.01","23,261,004.00","25,596,909.61","25,596,909.61","Treasury","FR0013238268","0.10","Mar 1, 2028","-","France","EUR","8.65"
"FRTR","FRANCE (REPUBLIC OF) RegS","Fixed Income","1.75","102.11","22,225,702.00","22,702,032.34","22,702,032.34","Treasury","FR0013140035","0.10","Mar 1, 2021","-","France","EUR","1.66"
"FRTR","FRANCE (REPUBLIC OF) RegS","Fixed Income","1.52","102.96","19,113,742.00","19,696,949.85","19,696,949.85","Treasury","FR0011347046","0.10","Jul 25, 2021","-","France","EUR","2.07"
"SPGBEI","SPAIN (KINGDOM OF)","Fixed Income","1.15","103.46","14,398,375.00","14,921,688.77","14,921,688.77","Treasury","ES00000128D4","0.30","Nov 30, 2021","-","Spain","EUR","2.41"
"SPGBEI","SPAIN (KINGDOM OF)","Fixed Income","1.10","116.09","12,292,608.00","14,321,164.02","14,321,164.02","Treasury","ES0000012C12","0.70","Nov 30, 2033","-","Spain","EUR","13.77"
"BTPS","ITALY (REPUBLIC OF) RegS","Fixed Income","1.06","98.99","13,865,243.00","13,727,642.89","13,727,642.89","Treasury","IT0005329344","0.10","May 15, 2023","-","Italy","EUR","3.87"
"FRTR","FRANCE (REPUBLIC OF)","Fixed Income","0.95","114.20","10,772,776.00","12,312,662.76","12,312,662.76","Treasury","FR0013327491","0.10","Jul 25, 2036","-","France","EUR","16.92"
"SPGBEI","SPAIN (KINGDOM OF)","Fixed Income","0.55","105.27","6,760,934.00","7,123,101.68","7,123,101.68","Treasury","ES0000012B70","0.15","Nov 30, 2023","-","Spain","EUR","4.41"
"FRTR","FRANCE (REPUBLIC OF) RegS","Fixed Income","0.41","111.28","4,819,067.00","5,364,062.35","5,364,062.35","Treasury","FR0013410552","0.10","Mar 1, 2029","-","France","EUR","9.64"
"ICSEAGD","BLK ICS EUR LIQ FUND AGEN ACC T0","Money Market","0.06","99.87","7,395.00","738,611.64","738,611.64","Cash and/or Derivatives","IE00B568BM13","0.00","-","-","European Union","EUR","0.16"
"EUR","EUR CASH","Cash","0.05","100.00","643,071.00","643,070.61","643,070.61","Cash and/or Derivatives","-","0.00","-","-","European Union","EUR","0.00"
"GBP","GBP CASH","Cash","0.01","111.45","143,645.00","160,095.52","160,095.52","Cash and/or Derivatives","-","0.00","-","-","United Kingdom","GBP","0.00"
"USD","USD CASH","Cash","0.00","88.64","1.00","1.13","1.13","Cash and/or Derivatives","-","0.00","-","-","United States","USD","0.00"
 