﻿iShares® iBonds® Dec 2019 Term Corporate ETF
Inception Date,"Mar 10, 2015"
Fund Holdings as of,"Jul 3, 2019"
Total Net Assets,"757,267,341.14"
Shares Outstanding,"30,500,000.00"
Stock,"-"
Bond,"-"
Cash,"-"
Other,"-"
 
Name,Asset Class,Weight (%),Price,Market Value,Notional Value,Sector,SEDOL,ISIN,Coupon (%),Maturity,YTM (%),Yield to Call (%),Yield to Worst (%),Duration,Par Value
"BLK CSH FND TREASURY SL AGENCY","Money Market","58.38","1.00","442,011,326.45","442,011,326.45","Cash and/or Derivatives","-","US0669224778","2.36","-","2.35","-","2.35","0.05","442,011,326.00"
"SHIRE ACQUISITIONS INVESTMENTS IRE","Fixed Income","0.80","99.86","6,049,126.45","6,049,126.45","Corporates","BYVWGM6","US82481LAA70","1.90","Sep 23, 2019","2.54","-","2.54","0.22","6,026,000.00"
"MORGAN STANLEY MTN","Fixed Income","0.73","100.64","5,539,266.56","5,539,266.56","Corporates","B94Q0S4","US61747YCJ29","5.63","Sep 23, 2019","2.69","-","2.69","0.22","5,420,000.00"
"WELLS FARGO BANK NA MTN","Fixed Income","0.70","99.94","5,330,285.06","5,330,285.06","Corporates","BDSFRZ1","US94988J5G85","2.15","Dec 6, 2019","2.29","-","2.29","0.42","5,325,000.00"
"MORGAN STANLEY MTN","Fixed Income","0.69","100.00","5,200,061.59","5,200,061.59","Corporates","BP96HL3","US61746BDR42","2.38","Jul 23, 2019","2.44","-","2.44","0.05","5,146,000.00"
"MICROSOFT CORPORATION","Fixed Income","0.65","99.90","4,909,687.85","4,909,687.85","Corporates","BDCBCR2","US594918BN39","1.10","Aug 8, 2019","2.14","-","2.14","0.10","4,893,000.00"
"GOLDMAN SACHS GROUP INC/THE","Fixed Income","0.61","99.98","4,594,809.30","4,594,809.30","Corporates","BZCD410","US38145GAJ94","2.30","Dec 13, 2019","2.35","-","2.35","0.39","4,590,000.00"
"UBS AG (STAMFORD BRANCH) MTN","Fixed Income","0.60","100.00","4,526,128.07","4,526,128.07","Corporates","BQ16S93","US90261XHE58","2.38","Aug 14, 2019","2.35","-","2.35","0.11","4,485,000.00"
"GOLDMAN SACHS GROUP INC/THE","Fixed Income","0.59","100.02","4,503,890.44","4,503,890.44","Corporates","BRTNN87","US38148FAB58","2.55","Oct 23, 2019","2.49","-","2.49","0.30","4,481,000.00"
"ALIBABA GROUP HOLDING LTD","Fixed Income","0.53","100.04","4,011,361.82","4,011,361.82","Corporates","BYP8WS8","US01609WAC64","2.50","Nov 28, 2019","2.39","-","2.36","0.34","4,000,000.00"
"BARCLAYS PLC","Fixed Income","0.52","100.05","3,968,530.99","3,968,530.99","Corporates","BSHZYB2","US06738EAD76","2.75","Nov 8, 2019","2.60","-","2.60","0.35","3,950,000.00"
"CITIGROUP INC","Fixed Income","0.52","100.01","3,901,627.96","3,901,627.96","Corporates","BPD5200","US172967HU88","2.50","Jul 29, 2019","2.35","-","2.35","0.07","3,860,000.00"
"JPMORGAN CHASE & CO","Fixed Income","0.51","99.95","3,874,007.22","3,874,007.22","Corporates","BRK9HM6","US48127HAA77","2.20","Oct 22, 2019","2.34","-","2.34","0.30","3,859,000.00"
"WESTPAC BANKING CORP","Fixed Income","0.51","100.92","3,824,063.77","3,824,063.77","Corporates","B3VGYG1","US961214BK83","4.88","Nov 19, 2019","2.41","-","2.41","0.38","3,767,000.00"
"ORACLE CORPORATION","Fixed Income","0.50","99.97","3,778,734.20","3,778,734.20","Corporates","BNXJBJ0","US68389XAX30","2.25","Oct 8, 2019","2.36","-","2.36","0.26","3,760,000.00"
"APPLE INC","Fixed Income","0.49","99.83","3,675,791.48","3,675,791.48","Corporates","-","US037833DH03","1.80","Nov 13, 2019","2.28","-","2.28","0.36","3,673,000.00"
"SHELL INTERNATIONAL FINANCE BV","Fixed Income","0.48","100.37","3,618,008.49","3,618,008.49","Corporates","B4KNWP5","US822582AJ10","4.30","Sep 22, 2019","2.59","-","2.59","0.22","3,562,000.00"
"ORACLE CORP","Fixed Income","0.47","100.00","3,542,048.61","3,542,048.61","Corporates","B3KKTL4","US68389XAG07","5.00","Jul 8, 2019","4.88","-","4.88","0.01","3,458,000.00"
"US BANK NA/CINCINNATI OH","Fixed Income","0.44","99.93","3,354,422.60","3,354,422.60","Corporates","BRK0053","US90331HML41","2.13","Oct 28, 2019","2.34","-","2.34","0.29","3,344,000.00"
"ROYAL BANK OF CANADA MTN","Fixed Income","0.40","99.95","2,998,697.20","2,998,697.20","Corporates","BYYQNT1","US78012KRK50","1.50","Jul 29, 2019","2.15","-","2.15","0.07","2,981,000.00"
"TORONTO-DOMINION BANK/THE MTN","Fixed Income","0.39","99.90","2,983,896.30","2,983,896.30","Corporates","BZ78089","US89114QBJ67","1.45","Aug 13, 2019","2.30","-","2.30","0.11","2,970,000.00"
"KINDER MORGAN INC","Fixed Income","0.39","100.15","2,983,511.21","2,983,511.21","Corporates","BST7892","US49456BAE11","3.05","Dec 1, 2019","2.67","-","2.58","0.33","2,971,000.00"
"CISCO SYSTEMS INC","Fixed Income","0.39","99.79","2,964,668.13","2,964,668.13","Corporates","BD915S7","US17275RBG65","1.40","Sep 20, 2019","2.37","-","2.37","0.21","2,959,000.00"
"WESTPAC BANKING CORP","Fixed Income","0.38","99.91","2,884,365.94","2,884,365.94","Corporates","BDCXGF4","US961214CY78","1.60","Aug 19, 2019","2.33","-","2.33","0.13","2,870,000.00"
"HONEYWELL INTERNATIONAL INC","Fixed Income","0.38","99.74","2,880,596.66","2,880,596.66","Corporates","BYX21Z2","US438516BJ49","1.40","Oct 30, 2019","2.20","-","2.20","0.32","2,881,000.00"
"CAPITAL ONE NA","Fixed Income","0.38","99.84","2,876,611.21","2,876,611.21","Corporates","BD37K31","US14042RBS94","1.85","Sep 13, 2019","2.66","-","2.66","0.20","2,865,000.00"
"AMERICAN EXPRESS CREDIT CORPORATIO MTN","Fixed Income","0.38","99.98","2,870,985.98","2,870,985.98","Corporates","BQ1YGP9","US0258M0DP10","2.25","Aug 15, 2019","2.40","-","2.40","0.12","2,847,000.00"
"PNC BANK NA","Fixed Income","0.37","99.97","2,768,058.70","2,768,058.70","Corporates","BQXKF14","US69353RDZ82","2.40","Oct 18, 2019","2.48","-","2.48","0.24","2,755,000.00"
"TORONTO-DOMINION BANK/THE MTN","Fixed Income","0.36","99.96","2,732,784.90","2,732,784.90","Corporates","BSHYZ50","US89114QAV05","2.25","Nov 5, 2019","2.36","-","2.36","0.34","2,724,000.00"
"CREDIT SUISSE NEW YORK NY MTN","Fixed Income","0.36","100.27","2,691,281.92","2,691,281.92","Corporates","B43XDV5","US22546QAC15","5.30","Aug 13, 2019","2.81","-","2.81","0.11","2,630,000.00"
"ORANGE SA","Fixed Income","0.35","99.70","2,648,359.83","2,648,359.83","Corporates","BYXM851","US685218AC36","1.63","Nov 3, 2019","2.51","-","2.51","0.34","2,649,000.00"
"BPCE SA MTN","Fixed Income","0.35","100.00","2,630,359.33","2,630,359.33","Corporates","BP3YP64","US05578DAN21","2.50","Jul 15, 2019","2.44","-","2.44","0.03","2,600,000.00"
"BANK OF MONTREAL MTN","Fixed Income","0.34","99.98","2,567,925.89","2,567,925.89","Corporates","BD0R313","US06367THQ67","1.50","Jul 18, 2019","2.06","-","2.06","0.04","2,551,000.00"
"AMERICAN HONDA FINANCE CORPORATION MTN","Fixed Income","0.33","99.99","2,534,036.40","2,534,036.40","Corporates","BDGTNP7","US02665WBE03","1.20","Jul 12, 2019","1.71","-","1.71","0.02","2,520,000.00"
"CITIBANK NA","Fixed Income","0.33","99.90","2,485,978.69","2,485,978.69","Corporates","BF3FXJ6","US17325FAF53","1.85","Sep 18, 2019","2.30","-","2.30","0.21","2,475,000.00"
"PFIZER INC","Fixed Income","0.32","99.75","2,433,977.30","2,433,977.30","Corporates","BD5B0H5","US717081EB53","1.70","Dec 15, 2019","2.26","-","2.26","0.45","2,438,000.00"
"ALTRIA GROUP INC","Fixed Income","0.32","100.49","2,408,523.19","2,408,523.19","Corporates","B4WWZ95","US02209SAJ24","9.25","Aug 6, 2019","3.77","-","3.77","0.09","2,310,000.00"
"WALGREENS BOOTS ALLIANCE INC","Fixed Income","0.32","100.03","2,395,771.99","2,395,771.99","Corporates","BSL7G29","US931427AA66","2.70","Nov 18, 2019","2.61","-","2.59","0.31","2,387,000.00"
"TOYOTA MOTOR CREDIT CORP MTN","Fixed Income","0.31","99.99","2,382,773.02","2,382,773.02","Corporates","BP8G402","US89236TBP93","2.13","Jul 18, 2019","2.32","-","2.32","0.04","2,360,000.00"
"COMMONWEALTH BANK OF AUSTRALIA/NEW","Fixed Income","0.31","100.00","2,367,519.25","2,367,519.25","Corporates","BQQP6Z7","US20271RAH30","2.30","Sep 6, 2019","2.29","-","2.29","0.18","2,350,000.00"
"FRANCE TELECOM","Fixed Income","0.31","100.00","2,318,024.22","2,318,024.22","Corporates","B68RJH4","US35177PAT49","5.38","Jul 8, 2019","5.24","-","5.24","0.01","2,259,000.00"
"EBAY INC.","Fixed Income","0.31","99.97","2,312,602.53","2,312,602.53","Corporates","BPFK1N9","US278642AH64","2.20","Aug 1, 2019","2.56","-","2.56","0.08","2,292,000.00"
"BECTON DICKINSON AND COMPANY","Fixed Income","0.30","100.05","2,308,325.76","2,308,325.76","Corporates","BTDFTZ2","US075887BE86","2.67","Dec 15, 2019","2.55","-","2.55","0.45","2,304,000.00"
"BANK OF NEW YORK MELLON CORP/THE MTN","Fixed Income","0.30","100.00","2,307,347.56","2,307,347.56","Corporates","BQRB159","US06406HCW79","2.30","Sep 11, 2019","2.29","-","2.29","0.14","2,291,000.00"
"SHELL INTERNATIONAL FINANCE BV","Fixed Income","0.30","99.83","2,295,724.05","2,295,724.05","Corporates","BD5MDZ7","US822582BU55","1.38","Sep 12, 2019","2.28","-","2.28","0.19","2,290,000.00"
"FORD MOTOR CREDIT COMPANY LLC","Fixed Income","0.30","99.91","2,292,714.60","2,292,714.60","Corporates","BS9VG01","US345397WY53","2.60","Nov 4, 2019","2.85","-","2.85","0.34","2,285,000.00"
"COSTCO WHOLESALE CORPORATION","Fixed Income","0.30","99.74","2,279,934.48","2,279,934.48","Corporates","B90G6L3","US22160KAF21","1.70","Dec 15, 2019","2.29","-","2.29","0.45","2,284,000.00"
"NATIONAL AUSTRALIA BANK LTD ( NEW","Fixed Income","0.30","99.99","2,277,531.29","2,277,531.29","Corporates","BZ76ST0","US63254AAQ13","1.38","Jul 12, 2019","1.80","-","1.80","0.02","2,263,000.00"
"TELEFONICA EMISIONES SAU","Fixed Income","0.28","100.08","2,140,724.89","2,140,724.89","Corporates","B614PC9","US87938WAH60","5.88","Jul 15, 2019","3.44","-","3.44","0.03","2,082,000.00"
"HSBC USA INC","Fixed Income","0.28","99.96","2,126,166.26","2,126,166.26","Corporates","BSKLJS9","US40428HPN60","2.38","Nov 13, 2019","2.48","-","2.48","0.36","2,120,000.00"
"AUSTRALIA AND NEW ZEALAND BANKING","Fixed Income","0.28","99.94","2,125,795.90","2,125,795.90","Corporates","BDR6RP5","US05253JAP66","2.05","Sep 23, 2019","2.30","-","2.30","0.22","2,115,000.00"
"AMERICAN INTERNATIONAL GROUP INC","Fixed Income","0.28","99.99","2,100,025.65","2,100,025.65","Corporates","BP4GRJ6","US026874CZ88","2.30","Jul 16, 2019","2.47","-","2.47","0.04","2,078,000.00"
"JPMORGAN CHASE BANK NA","Fixed Income","0.28","99.86","2,091,574.70","2,091,574.70","Corporates","BDCN739","US48125LRG94","1.65","Sep 23, 2019","2.29","-","2.29","0.22","2,085,000.00"
"CANADIAN IMPERIAL BANK OF COMMERCE","Fixed Income","0.27","99.88","2,064,121.20","2,064,121.20","Corporates","BD2BR55","US13607RAB69","1.60","Sep 6, 2019","2.31","-","2.31","0.18","2,056,000.00"
"TYSON FOODS INC","Fixed Income","0.27","100.00","2,059,692.45","2,059,692.45","Corporates","BPZ5FC1","US902494AW36","2.65","Aug 15, 2019","2.63","-","2.63","0.12","2,039,000.00"
"GILEAD SCIENCES INC","Fixed Income","0.27","99.87","2,059,210.27","2,059,210.27","Corporates","BF97NN0","US375558BR34","1.85","Sep 20, 2019","2.44","-","2.44","0.21","2,051,000.00"
"WAL-MART STORES INC","Fixed Income","0.27","99.86","2,044,491.71","2,044,491.71","Corporates","BZ1DXN6","US931142DY69","1.75","Oct 9, 2019","2.27","-","2.27","0.27","2,039,000.00"
"SUMITOMO MITSUI BANKING CORPORATIO","Fixed Income","0.27","100.00","2,026,533.70","2,026,533.70","Corporates","BP456Z2","US865622BM56","2.25","Jul 11, 2019","2.27","-","2.27","0.02","2,005,000.00"
"ANHEUSER-BUSCH INBEV WORLDWIDE INC","Fixed Income","0.27","101.53","2,024,405.41","2,024,405.41","Corporates","B448K52","US03523TBH05","6.88","Nov 15, 2019","2.63","-","2.63","0.37","1,976,000.00"
"AMAZONCOM INC","Fixed Income","0.27","100.11","2,023,297.72","2,023,297.72","Corporates","BTC0J03","US023135AL05","2.60","Dec 5, 2019","2.33","-","2.27","0.34","2,017,000.00"
"BANK OF MONTREAL MTN","Fixed Income","0.27","99.89","2,021,353.68","2,021,353.68","Corporates","BDRKN15","US06367TPX27","2.10","Dec 12, 2019","2.34","-","2.34","0.44","2,021,000.00"
"ASTRAZENECA PLC","Fixed Income","0.27","99.90","2,015,342.95","2,015,342.95","Corporates","B88X1V4","US046353AF58","1.95","Sep 18, 2019","2.43","-","2.43","0.21","2,006,000.00"
"CHEVRON CORP","Fixed Income","0.27","99.97","2,012,266.37","2,012,266.37","Corporates","BSM5SY8","US166764AN08","2.19","Nov 15, 2019","2.27","-","2.27","0.32","2,007,000.00"
"APPLE INC","Fixed Income","0.26","99.90","1,977,038.37","1,977,038.37","Corporates","BYWJVX2","US037833CB42","1.10","Aug 2, 2019","2.31","-","2.31","0.08","1,970,000.00"
"TORONTO-DOMINION BANK/THE MTN","Fixed Income","0.26","99.87","1,959,538.86","1,959,538.86","Corporates","BZ7M2F2","US89114QBU13","1.90","Oct 24, 2019","2.32","-","2.32","0.31","1,955,000.00"
"TOYOTA MOTOR CREDIT CORP MTN","Fixed Income","0.25","99.76","1,923,632.10","1,923,632.10","Corporates","BD9NGF7","US89236TDH59","1.55","Oct 18, 2019","2.36","-","2.36","0.29","1,922,000.00"
"COOPERATIEVE RABOBANK UA (NEW YORK","Fixed Income","0.25","99.92","1,913,877.30","1,913,877.30","Corporates","BD4G7V4","US21688AAG76","1.38","Aug 9, 2019","2.20","-","2.20","0.10","1,905,000.00"
"GENERAL ELECTRIC CAPITAL CORP","Fixed Income","0.25","100.25","1,885,339.44","1,885,339.44","Corporates","B449V18","US36962G4D32","6.00","Aug 7, 2019","3.22","-","3.22","0.09","1,836,000.00"
"AMERICAN HONDA FINANCE CORPORATION MTN","Fixed Income","0.25","99.98","1,868,611.53","1,868,611.53","Corporates","BQR9QZ8","US02665WAH43","2.25","Aug 15, 2019","2.40","-","2.40","0.12","1,853,000.00"
"LOCKHEED MARTIN CORPORATION","Fixed Income","0.25","100.61","1,864,741.26","1,864,741.26","Corporates","B44B7M7","US539830AT67","4.25","Nov 15, 2019","2.55","-","2.55","0.37","1,843,000.00"
"CONSTELLATION BRANDS INC","Fixed Income","0.24","100.46","1,827,605.27","1,827,605.27","Corporates","BRSG3L0","US21036PAM05","3.88","Nov 15, 2019","2.61","-","2.61","0.37","1,810,000.00"
"DOMINION RESOURCES INC/VA","Fixed Income","0.24","99.89","1,804,985.99","1,804,985.99","Corporates","BDBYBX1","US25746UCH05","1.60","Aug 15, 2019","2.56","-","2.56","0.12","1,796,000.00"
"IBM CREDIT LLC","Fixed Income","0.24","99.86","1,801,984.79","1,801,984.79","Corporates","BDH45C2","US44932HAA14","1.63","Sep 6, 2019","2.41","-","2.41","0.18","1,795,000.00"
"SANTANDER UK PLC","Fixed Income","0.24","99.97","1,787,596.09","1,787,596.09","Corporates","BYVGB67","US80283LAH69","2.35","Sep 10, 2019","2.48","-","2.48","0.19","1,775,000.00"
"BANK OF MONTREAL MTN","Fixed Income","0.23","99.87","1,755,244.49","1,755,244.49","Corporates","BD6D2B8","US06367TF964","1.75","Sep 11, 2019","2.43","-","2.43","0.19","1,748,000.00"
"DEUTSCHE TELEKOM INTERNATIONAL FIN","Fixed Income","0.23","100.00","1,713,562.50","1,713,562.50","Corporates","B5ZPGL7","US25156PAN33","6.00","Jul 8, 2019","5.83","-","5.83","0.01","1,665,000.00"
"WELLPOINT INC","Fixed Income","0.23","99.97","1,711,093.58","1,711,093.58","Corporates","BQ16SR1","US94973VBH96","2.25","Aug 15, 2019","2.50","-","2.50","0.12","1,697,000.00"
"CVS CAREMARK CORP","Fixed Income","0.22","99.97","1,699,326.71","1,699,326.71","Corporates","BQ16SL5","US126650CE81","2.25","Aug 12, 2019","2.51","-","2.51","0.11","1,685,000.00"
"ENTERPRISE PRODUCTS OPERATING LLC","Fixed Income","0.22","99.98","1,681,891.99","1,681,891.99","Corporates","BRHXG46","US29379VBD47","2.55","Oct 15, 2019","2.61","-","2.61","0.22","1,673,000.00"
"PNC BANK NATIONAL ASSOCIATION","Fixed Income","0.22","99.95","1,679,456.84","1,679,456.84","Corporates","BDH66Y7","US69353REX26","1.45","Jul 29, 2019","2.19","-","2.19","0.07","1,670,000.00"
"BERKSHIRE HATHAWAY FINANCE CORP","Fixed Income","0.22","99.89","1,677,522.47","1,677,522.47","Corporates","BD1JTS7","US084664CK54","1.30","Aug 15, 2019","2.22","-","2.22","0.12","1,671,000.00"
"BERKSHIRE HATHAWAY INC","Fixed Income","0.22","99.95","1,667,624.89","1,667,624.89","Corporates","BQ15RM6","US084670BL15","2.10","Aug 14, 2019","2.50","-","2.50","0.11","1,655,000.00"
"AMERICAN EXPRESS CREDIT CORPORATIO MTN","Fixed Income","0.22","99.79","1,662,420.16","1,662,420.16","Corporates","BYMTDY7","US0258M0EC97","1.70","Oct 30, 2019","2.35","-","2.35","0.32","1,661,000.00"
"CA INC","Fixed Income","0.21","100.89","1,592,424.95","1,592,424.95","Corporates","B56Q095","US12673PAC95","5.38","Dec 1, 2019","3.18","-","3.18","0.41","1,571,000.00"
"PEPSICO INC","Fixed Income","0.21","99.77","1,583,672.97","1,583,672.97","Corporates","BD3VCP9","US713448DJ46","1.35","Oct 4, 2019","2.25","-","2.25","0.25","1,582,000.00"
"GENERAL MOTORS FINANCIAL COMPANY I","Fixed Income","0.21","100.00","1,561,865.39","1,561,865.39","Corporates","BP3YP20","US37045XAN66","3.50","Jul 10, 2019","3.34","-","3.34","0.02","1,536,000.00"
"PROCTER & GAMBLE COMPANY","Fixed Income","0.20","99.87","1,527,992.39","1,527,992.39","Corporates","BRTL9M7","US742718EG08","1.90","Nov 1, 2019","2.30","-","2.30","0.33","1,525,000.00"
"TRANSCANADA PIPELINES LTD","Fixed Income","0.20","99.83","1,511,786.83","1,511,786.83","Corporates","BD823W1","US89352HAV15","2.13","Nov 15, 2019","2.57","-","2.57","0.37","1,510,000.00"
"SVENSKA HANDELSBANKEN AB MTN","Fixed Income","0.20","99.85","1,505,047.50","1,505,047.50","Corporates","BDCX137","US86960BAN29","1.50","Sep 6, 2019","2.35","-","2.35","0.18","1,500,000.00"
"HUSKY ENERGY INC.","Fixed Income","0.20","101.98","1,484,024.25","1,484,024.25","Corporates","B43M3V2","US448055AF08","7.25","Dec 15, 2019","2.78","-","2.78","0.45","1,450,000.00"
"JEFFERIES GROUP INC","Fixed Income","0.20","100.10","1,481,966.29","1,481,966.29","Corporates","B624807","US472319AF91","8.50","Jul 15, 2019","5.17","-","5.17","0.03","1,424,000.00"
"TEXAS INSTRUMENTS INC","Fixed Income","0.19","99.94","1,475,125.85","1,475,125.85","Corporates","B7F2XQ6","US882508AU85","1.65","Aug 3, 2019","2.41","-","2.41","0.09","1,466,000.00"
"GENERAL MOTORS FINANCIAL CO INC","Fixed Income","0.19","99.89","1,449,767.27","1,449,767.27","Corporates","BD0DS94","US37045XBP06","2.35","Oct 4, 2019","2.78","-","2.78","0.25","1,443,000.00"
"BURLINGTON NORTHERN SANTA FE CORPO","Fixed Income","0.19","100.49","1,449,098.33","1,449,098.33","Corporates","B4Q4FV9","US12189TBC71","4.70","Oct 1, 2019","2.65","-","2.65","0.24","1,425,000.00"
"SUMITOMO MITSUI BANKING CORPORATIO MTN","Fixed Income","0.19","99.94","1,430,398.38","1,430,398.38","Corporates","BZ1GZ40","US865622CH52","2.09","Oct 18, 2019","2.28","-","2.28","0.29","1,425,000.00"
"MEAD JOHNSON NUTRITION CO","Fixed Income","0.19","100.70","1,408,427.61","1,408,427.61","Corporates","B445V05","US582839AE65","4.90","Nov 1, 2019","2.72","-","2.72","0.33","1,387,000.00"
"MANUFACTURERS AND TRADERS TRUST CO","Fixed Income","0.18","99.99","1,400,613.41","1,400,613.41","Corporates","BPHWZV9","US55279HAG56","2.25","Jul 25, 2019","2.33","-","2.33","0.06","1,387,000.00"
"FIFTH THIRD BANK (OHIO)","Fixed Income","0.18","99.81","1,388,411.72","1,388,411.72","Corporates","BD87906","US31677QBH11","1.63","Sep 27, 2019","2.42","-","2.42","0.23","1,385,000.00"
"UNITED TECHNOLOGIES CORPORATION","Fixed Income","0.18","99.69","1,383,312.61","1,383,312.61","Corporates","BD24G13","US913017CF48","1.50","Nov 1, 2019","2.44","-","2.44","0.33","1,384,000.00"
"REPUBLIC SERVICES INC","Fixed Income","0.18","100.52","1,364,009.68","1,364,009.68","Corporates","B4TZTY0","US760761AB21","5.50","Sep 15, 2019","2.82","-","2.82","0.20","1,335,000.00"
"ROYAL BANK OF SCOTLAND GROUP PLC","Fixed Income","0.18","100.99","1,349,950.80","1,349,950.80","Corporates","B559P78","US780097AW11","6.40","Oct 21, 2019","3.03","-","3.03","0.30","1,320,000.00"
"IBM CORP","Fixed Income","0.17","101.78","1,320,214.00","1,320,214.00","Corporates","2452609","US459200AG65","8.38","Nov 1, 2019","2.85","-","2.85","0.33","1,279,000.00"
"JOHN DEERE CAPITAL CORP MTN","Fixed Income","0.17","99.96","1,299,334.84","1,299,334.84","Corporates","BQWJQG4","US24422ESS99","2.30","Sep 16, 2019","2.47","-","2.47","0.20","1,291,000.00"
"KEYBANK NA","Fixed Income","0.17","100.03","1,296,968.40","1,296,968.40","Corporates","BSPCB25","US49327M2F07","2.50","Dec 15, 2019","2.44","-","2.44","0.45","1,295,000.00"
"FORD MOTOR CREDIT COMPANY LLC","Fixed Income","0.17","99.92","1,278,369.19","1,278,369.19","Corporates","BDGPGJ0","US345397YD98","1.90","Aug 12, 2019","2.65","-","2.65","0.11","1,270,000.00"
"CITIZENS BANK NA/PROVIDENCE RI MTN","Fixed Income","0.17","100.00","1,277,541.85","1,277,541.85","Corporates","BTC2W66","US17401QAB77","2.45","Dec 4, 2019","2.44","-","2.44","0.36","1,275,000.00"
"SOUTHERN POWER COMPANY","Fixed Income","0.17","99.71","1,257,561.90","1,257,561.90","Corporates","BZ124T6","US843646AS92","1.95","Dec 15, 2019","2.60","-","2.60","0.45","1,260,000.00"
"SYNCHRONY FINANCIAL","Fixed Income","0.16","100.01","1,207,029.04","1,207,029.04","Corporates","BPYKS40","US87165BAB99","3.00","Aug 15, 2019","2.85","-","2.79","0.12","1,193,141.00"
"PHILIP MORRIS INTERNATIONAL INC","Fixed Income","0.16","99.81","1,197,529.88","1,197,529.88","Corporates","BF8NDF1","US718172CC11","1.88","Nov 1, 2019","2.47","-","2.47","0.33","1,196,000.00"
"JOHN DEERE CAPITAL CORP MTN","Fixed Income","0.16","99.72","1,182,161.54","1,182,161.54","Corporates","BD8FFZ7","US24422ETJ81","1.25","Oct 9, 2019","2.29","-","2.29","0.27","1,182,000.00"
"BP CAPITAL MARKETS PLC","Fixed Income","0.15","99.85","1,172,201.94","1,172,201.94","Corporates","BZ9P8C8","US05565QDR65","1.77","Sep 19, 2019","2.47","-","2.47","0.21","1,168,000.00"
"SKANDINAVISKA ENSKILDA BANKEN AB","Fixed Income","0.15","99.81","1,153,131.83","1,153,131.83","Corporates","BYY5ZC5","US830505AS24","1.50","Sep 13, 2019","2.45","-","2.45","0.20","1,150,000.00"
"EXELON GENERATION CO LLC","Fixed Income","0.15","100.50","1,152,680.27","1,152,680.27","Corporates","B4LVM14","US30161MAF05","5.20","Oct 1, 2019","3.11","-","3.11","0.24","1,132,000.00"
"GOLDMAN SACHS GROUP INC/THE","Fixed Income","0.15","99.98","1,145,584.05","1,145,584.05","Corporates","BZ9NZT8","US38141GWP52","1.95","Jul 23, 2019","2.34","-","2.34","0.05","1,136,000.00"
"KEYBANK NA","Fixed Income","0.15","99.90","1,140,439.17","1,140,439.17","Corporates","BZ02Q13","US49327M2P88","1.60","Aug 22, 2019","2.35","-","2.35","0.14","1,135,000.00"
"MOLSON COORS BREWING CO","Fixed Income","0.15","99.98","1,128,338.81","1,128,338.81","Corporates","BYT4Q35","US60871RAE09","1.45","Jul 15, 2019","2.10","-","2.10","0.03","1,121,000.00"
"COMPASS BANK","Fixed Income","0.15","100.00","1,107,909.61","1,107,909.61","Corporates","BRB3288","US20451PKN59","2.75","Sep 29, 2019","2.73","-","2.72","0.19","1,100,000.00"
"GENERAL MILLS INC","Fixed Income","0.15","99.91","1,097,839.94","1,097,839.94","Corporates","BRK2BC3","US370334BV55","2.20","Oct 21, 2019","2.49","-","2.49","0.30","1,094,000.00"
"JOHNSON & JOHNSON","Fixed Income","0.14","99.84","1,095,811.85","1,095,811.85","Corporates","BSQXLS3","US478160BM56","1.88","Dec 5, 2019","2.26","-","2.26","0.42","1,096,000.00"
"GENERAL ELECTRIC CO","Fixed Income","0.14","99.80","1,091,228.32","1,091,228.32","Corporates","B85RZB7","US36962G6P44","2.10","Dec 11, 2019","2.56","-","2.56","0.44","1,092,000.00"
"AUSTRALIA AND NEW ZEALAND BANKING MTN","Fixed Income","0.14","99.98","1,082,865.42","1,082,865.42","Corporates","BD0Q3G5","US05253JAN19","1.60","Jul 15, 2019","2.04","-","2.04","0.03","1,075,000.00"
"CAPITAL ONE NA","Fixed Income","0.14","99.98","1,078,192.63","1,078,192.63","Corporates","BQQFXK1","US14042E4A52","2.40","Sep 5, 2019","2.50","-","2.50","0.16","1,070,000.00"
"HONEYWELL INTERNATIONAL INC","Fixed Income","0.14","99.83","1,067,556.36","1,067,556.36","Corporates","BF329S8","US438516BQ81","1.80","Oct 30, 2019","2.32","-","2.32","0.32","1,066,000.00"
"CATERPILLAR FINANCIAL SERVICES COR MTN","Fixed Income","0.14","99.91","1,063,168.20","1,063,168.20","Corporates","BSVY2X3","US14912L6F39","2.25","Dec 1, 2019","2.47","-","2.47","0.41","1,062,000.00"
"NORTHROP GRUMMAN CORP","Fixed Income","0.14","100.13","1,062,525.27","1,062,525.27","Corporates","B3VGCF6","US666807BA91","5.05","Aug 1, 2019","3.28","-","3.28","0.08","1,039,000.00"
"CATERPILLAR FINANCIAL SERVICES COR MTN","Fixed Income","0.14","99.88","1,028,728.74","1,028,728.74","Corporates","BD2CHG9","US14913Q2F55","2.00","Nov 29, 2019","2.29","-","2.29","0.40","1,028,000.00"
"DUKE ENERGY CORP","Fixed Income","0.13","100.44","1,001,158.82","1,001,158.82","Corporates","B46DTQ9","US26441CAD74","5.05","Sep 15, 2019","2.82","-","2.82","0.20","982,000.00"
"BOEING CAPITAL CORP","Fixed Income","0.13","100.61","995,466.48","995,466.48","Corporates","B58VDF5","US097014AL88","4.70","Oct 27, 2019","2.72","-","2.72","0.32","981,000.00"
"BEMIS COMPANY INC 144A","Fixed Income","0.13","100.24","994,993.27","994,993.27","Corporates","-","US081437AK17","6.80","Aug 1, 2019","3.64","-","3.64","0.08","965,000.00"
"ROCKWELL COLLINS INC.","Fixed Income","0.13","99.99","970,629.14","970,629.14","Corporates","BD8Q5Q1","US774341AG67","1.95","Jul 15, 2019","2.32","-","2.32","0.03","962,000.00"
"UNITEDHEALTH GROUP INC","Fixed Income","0.13","99.97","963,808.92","963,808.92","Corporates","BTDF576","US91324PCG54","2.30","Dec 15, 2019","2.37","-","2.37","0.45","963,000.00"
"AIRCASTLE LTD","Fixed Income","0.13","101.37","956,071.09","956,071.09","Corporates","B85NKL0","US00928QAK76","6.25","Dec 1, 2019","2.86","-","2.86","0.41","938,000.00"
"ANDEAVOR LOGISTICS LP / TESORO LOG","Fixed Income","0.13","100.50","946,721.58","946,721.58","Corporates","BYP9NZ5","US88160QAK94","5.50","Oct 15, 2019","3.68","-","2.96","0.20","931,000.00"
"OMNICOM GROUP INC/OMNICOM CAPITAL","Fixed Income","0.12","100.07","937,160.38","937,160.38","Corporates","B62HHF4","US681919AY23","6.25","Jul 15, 2019","4.09","-","4.09","0.03","910,000.00"
"CARDINAL HEALTH INC","Fixed Income","0.12","99.92","934,283.40","934,283.40","Corporates","BSM8VH1","US14149YAZ16","2.40","Nov 15, 2019","2.60","-","2.60","0.37","932,000.00"
"SEMPRA ENERGY","Fixed Income","0.12","99.64","920,277.79","920,277.79","Corporates","BDFD8X3","US816851AZ24","1.63","Oct 7, 2019","3.00","-","3.00","0.26","920,000.00"
"DOMINION GAS HOLDINGS LLC","Fixed Income","0.12","99.85","910,772.25","910,772.25","Corporates","BT9Z2F7","US257375AG05","2.50","Dec 15, 2019","2.83","-","2.83","0.43","911,000.00"
"PLAINS ALL AMERICAN PIPELINE LP /","Fixed Income","0.12","99.97","902,929.06","902,929.06","Corporates","BYMBYJ5","US72650RBG65","2.60","Dec 15, 2019","2.66","-","2.66","0.40","902,000.00"
"CENOVUS ENERGY INC","Fixed Income","0.12","100.68","889,369.46","889,369.46","Corporates","B3LZRF8","US15135UAD19","5.70","Oct 15, 2019","3.25","-","3.25","0.28","872,692.00"
"DOMINION RESOURCES INC","Fixed Income","0.12","100.25","880,280.66","880,280.66","Corporates","B46JKX1","US25746UBH14","5.20","Aug 15, 2019","3.02","-","3.02","0.12","861,000.00"
"PRUDENTIAL FINANCIAL INC MTN","Fixed Income","0.12","99.99","870,722.41","870,722.41","Corporates","BQ1TD20","US74432QCB95","2.35","Aug 15, 2019","2.38","-","2.38","0.12","863,000.00"
"WALT DISNEY CO","Fixed Income","0.11","99.98","862,424.19","862,424.19","Corporates","BDGTNN5","US25468PDL76","0.88","Jul 12, 2019","1.55","-","1.55","0.02","859,000.00"
"PROCTER & GAMBLE COMPANY","Fixed Income","0.11","99.84","855,448.00","855,448.00","Corporates","BYWG4Y5","US742718EZ88","1.75","Oct 25, 2019","2.26","-","2.26","0.31","854,000.00"
"PROTECTIVE LIFE CORP","Fixed Income","0.11","101.25","845,426.32","845,426.32","Corporates","B4W2P95","US743674AX19","7.38","Oct 15, 2019","2.87","-","2.87","0.28","822,000.00"
"DEERE & CO","Fixed Income","0.11","100.54","826,004.58","826,004.58","Corporates","B512F60","US244199BC83","4.38","Oct 16, 2019","2.45","-","2.45","0.28","814,000.00"
"AMERICAN HONDA FINANCE CORPORATION MTN","Fixed Income","0.11","99.88","816,310.34","816,310.34","Corporates","BF3RD69","US02665WBZ32","2.00","Nov 13, 2019","2.32","-","2.32","0.36","815,000.00"
"HUMANA INC","Fixed Income","0.11","100.00","800,341.08","800,341.08","Corporates","BRTLDP8","US444859BC56","2.63","Oct 1, 2019","2.60","-","2.60","0.24","795,000.00"
"RYDER SYSTEM INC MTN","Fixed Income","0.11","99.93","796,006.19","796,006.19","Corporates","BMBMJD4","US78355HJX89","2.45","Sep 3, 2019","2.86","-","2.86","0.17","790,000.00"
"DISCOVERY COMMUNICATIONS LLC","Fixed Income","0.10","99.87","784,908.47","784,908.47","Corporates","BDG75X3","US25470DAN93","2.20","Sep 20, 2019","2.79","-","2.79","0.21","781,000.00"
"CNH INDUSTRIAL CAPITAL LLC","Fixed Income","0.10","100.01","761,895.00","761,895.00","Corporates","BYYTSY0","US12592BAB09","3.38","Jul 15, 2019","3.00","-","3.00","0.03","750,000.00"
"DTE ENERGY CO","Fixed Income","0.10","99.78","755,254.15","755,254.15","Corporates","BDGL911","US233331AX57","1.50","Oct 1, 2019","2.38","-","2.38","0.24","754,000.00"
"FIRST TENNESSEE BANK NA","Fixed Income","0.10","99.91","751,299.17","751,299.17","Corporates","BSNZWP6","US337158AF66","2.95","Dec 1, 2019","3.16","-","3.16","0.38","750,000.00"
"BOARDWALK PIPELINES LP","Fixed Income","0.10","100.49","741,051.50","741,051.50","Corporates","B3WM7V4","US096630AB45","5.75","Sep 15, 2019","3.23","-","3.23","0.20","725,000.00"
"NEWMONT MINING CORP","Fixed Income","0.10","100.53","729,193.89","729,193.89","Corporates","B4MKNN9","US651639AL04","5.13","Oct 1, 2019","2.89","-","2.89","0.24","716,000.00"
"PUBLIC SERVICE ENTERPRISE GROUP IN","Fixed Income","0.10","99.63","720,832.77","720,832.77","Corporates","BZ8VB28","US744573AJ58","1.60","Nov 15, 2019","2.63","-","2.63","0.37","722,000.00"
"GEORGIA POWER CO","Fixed Income","0.09","100.59","715,889.83","715,889.83","Corporates","B54MJQ5","US373334JP75","4.25","Dec 1, 2019","2.78","-","2.78","0.41","709,000.00"
"EMERSON ELECTRIC CO","Fixed Income","0.09","100.66","710,000.43","710,000.43","Corporates","B3L5758","US291011AY02","4.88","Oct 15, 2019","2.49","-","2.49","0.28","698,000.00"
"NEXTERA ENERGY CAPITAL HOLDINGS IN","Fixed Income","0.09","100.01","695,630.40","695,630.40","Corporates","BKL56G1","US65339KAK60","2.70","Sep 15, 2019","2.65","-","2.63","0.15","690,000.00"
"KELLOGG COMPANY","Fixed Income","0.09","100.58","692,763.33","692,763.33","Corporates","B433N26","US487836BC12","4.15","Nov 15, 2019","2.54","-","2.54","0.37","685,000.00"
"PROGRESS ENERGY INC","Fixed Income","0.09","100.93","691,297.93","691,297.93","Corporates","B3TY7K2","US743263AQ80","4.88","Dec 1, 2019","2.58","-","2.58","0.41","682,000.00"
"EVERSOURCE ENERGY","Fixed Income","0.09","100.60","690,197.64","690,197.64","Corporates","B4YYKL6","US67019EAB39","4.50","Nov 15, 2019","2.82","-","2.82","0.37","682,000.00"
"FS INVESTMENT CORP","Fixed Income","0.09","100.00","660,083.04","660,083.04","Corporates","BP410C5","US302635AA50","4.00","Jul 15, 2019","3.99","-","3.99","0.03","648,000.00"
"CHURCH & DWIGHT CO INC","Fixed Income","0.09","99.92","651,257.15","651,257.15","Corporates","BTDYMR2","US171340AJ15","2.45","Dec 15, 2019","2.63","-","2.63","0.42","651,000.00"
"MARSH & MCLENNAN COMPANIES INC","Fixed Income","0.09","99.95","649,461.07","649,461.07","Corporates","BQQP8S4","US571748AW25","2.35","Sep 10, 2019","2.58","-","2.58","0.18","645,000.00"
"NEXTERA ENERGY CAPITAL HOLDINGS IN","Fixed Income","0.08","99.92","634,019.40","634,019.40","Corporates","BN785F7","US65339KAL44","2.40","Sep 15, 2019","2.79","-","2.79","0.20","630,000.00"
"METHANEX CORPORATION","Fixed Income","0.08","100.08","631,521.45","631,521.45","Corporates","B8YX1D0","US59151KAH14","3.25","Dec 15, 2019","3.07","-","3.07","0.45","630,000.00"
"SOUTHWEST AIRLINES CO","Fixed Income","0.08","100.05","616,955.96","616,955.96","Corporates","-","US844741BA51","2.75","Nov 6, 2019","2.60","-","2.56","0.27","614,000.00"
"OFFICE PROPERTIES INCOME TRUST","Fixed Income","0.08","100.02","613,793.68","613,793.68","Corporates","BQ1RGG9","US38376AAA16","3.75","Aug 15, 2019","3.56","-","3.50","0.12","605,000.00"
"PPG INDUSTRIES INC","Fixed Income","0.08","99.91","613,313.76","613,313.76","Corporates","BSLVNL9","US693506BH92","2.30","Nov 15, 2019","2.55","-","2.55","0.34","612,000.00"
"NATIONAL RURAL UTILITIES COOPERATI","Fixed Income","0.08","99.99","589,750.28","589,750.28","Corporates","BSP66B1","US637432NB74","2.30","Nov 15, 2019","2.32","-","2.32","0.31","588,000.00"
"DTE ENERGY COMPANY","Fixed Income","0.08","99.97","576,048.42","576,048.42","Corporates","BSPL166","US233331AT46","2.40","Dec 1, 2019","2.47","-","2.47","0.36","575,000.00"
"NATIONAL RURAL UTILITIES COOPERATI MTN","Fixed Income","0.08","99.58","574,087.67","574,087.67","Corporates","BYM4WP6","US63743HEN89","1.50","Nov 1, 2019","2.78","-","2.78","0.33","575,000.00"
"RPM INTERNATIONAL INC","Fixed Income","0.07","100.88","507,984.16","507,984.16","Corporates","B4R8CF3","US749685AR45","6.13","Oct 15, 2019","2.94","-","2.94","0.28","497,000.00"
"APPLE INC","Fixed Income","0.07","99.82","501,427.50","501,427.50","Corporates","BF93V89","US037833CZ10","1.50","Sep 12, 2019","2.42","-","2.42","0.19","500,000.00"
"ZIMMER HOLDINGS INC.","Fixed Income","0.06","100.78","490,829.45","490,829.45","Corporates","B42SLZ1","US98956PAA03","4.63","Nov 30, 2019","2.69","-","2.69","0.41","485,000.00"
"AIR PRODUCTS AND CHEMICALS INC","Fixed Income","0.06","100.22","458,208.75","458,208.75","Corporates","B3WD0J6","US009158AP10","4.38","Aug 21, 2019","2.68","-","2.68","0.13","450,000.00"
"KEYSIGHT TECHNOLOGIES INC","Fixed Income","0.06","100.01","427,492.62","427,492.62","Corporates","BYSXJ67","US49338LAD55","3.30","Oct 30, 2019","3.25","-","3.24","0.25","425,000.00"
"ROCKWELL COLLINS INC.","Fixed Income","0.06","100.05","417,158.76","417,158.76","Corporates","B41TDD7","US774341AB70","5.25","Jul 15, 2019","3.78","-","3.78","0.03","407,000.00"
"REINSURANCE GROUP OF AMERICA INC","Fixed Income","0.05","101.28","358,493.85","358,493.85","Corporates","B57JPN2","US759351AG40","6.45","Nov 15, 2019","2.91","-","2.91","0.37","351,000.00"
"WR BERKLEY CORP","Fixed Income","0.04","100.87","314,410.81","314,410.81","Corporates","B41SV52","US084423AQ52","7.38","Sep 15, 2019","2.92","-","2.92","0.20","305,000.00"
"DIGNITY HEALTH","Fixed Income","0.04","99.96","314,286.90","314,286.90","Corporates","BDTM8M5","US254010AC56","2.64","Nov 1, 2019","2.76","-","2.76","0.33","313,000.00"
"CONTINENTAL AIRLINES 2009 2 PASS T","Fixed Income","0.04","101.52","309,856.97","309,856.97","Corporates","B4N0LK1","US21079UAA34","7.25","Nov 10, 2019","3.21","-","3.21","0.45","302,051.00"
"ACUITY BRANDS LIGHTING INC","Fixed Income","0.04","101.41","265,460.49","265,460.49","Corporates","B559Z01","US00510RAC79","6.00","Dec 15, 2019","2.82","-","2.82","0.45","261,000.00"
"BB&T CORPORATION","Fixed Income","0.03","100.85","256,425.54","256,425.54","Corporates","B03GRP8","US054937AF40","5.25","Nov 1, 2019","2.60","-","2.60","0.33","252,000.00"
"AGL CAPITAL CORP","Fixed Income","0.03","100.23","240,269.88","240,269.88","Corporates","B4Q31T6","US001192AG81","5.25","Aug 15, 2019","3.21","-","3.21","0.12","235,000.00"
"TD AMERITRADE HOLDING CO","Fixed Income","0.01","101.15","64,040.62","64,040.62","Corporates","B4Z69X6","US87236YAA64","5.60","Dec 1, 2019","2.75","-","2.75","0.41","63,000.00"
"FMC CORP","Fixed Income","0.01","101.15","61,861.93","61,861.93","Corporates","B503PG4","US302491AQ89","5.20","Dec 15, 2019","2.60","-","2.60","0.45","61,000.00"
"USD CASH","Cash","-0.16","100.00","-1,199,971.53","-1,199,971.53","Cash and/or Derivatives","-","-","0.00","-","2.36","-","2.36","0.00","-1,199,972.00"
 