﻿Fund Holdings as of,"Jul 4, 2019"
 
Issuer Ticker,Name,Asset Class,Weight (%),Price,Shares,Market Value,Notional Value,Sector,ISIN,Coupon (%),Maturity,Exchange,Country,Market Currency,Duration
"FRTR","FRANCE (REPUBLIC OF) RegS","Fixed Income","6.21","108.77","41,634,000.00","45,473,949.45","45,473,949.45","Treasury","FR0013341682","0.75","Nov 25, 2028","-","France","EUR","9.11"
"FRTR","FRANCE (REPUBLIC OF) RegS","Fixed Income","5.99","108.77","40,338,000.00","43,907,899.77","43,907,899.77","Treasury","FR0013286192","0.75","May 25, 2028","-","France","EUR","8.66"
"FRTR","FRANCE (REPUBLIC OF) RegS","Fixed Income","5.85","110.50","38,718,000.00","42,824,156.03","42,824,156.03","Treasury","FR0013250560","1.00","May 25, 2027","-","France","EUR","7.65"
"FRTR","FRANCE (REPUBLIC OF) RegS","Fixed Income","5.51","104.56","38,556,000.00","40,373,286.90","40,373,286.90","Treasury","FR0013200813","0.25","Nov 25, 2026","-","France","EUR","7.35"
"DBR","GERMANY (FEDERAL REPUBLIC OF) RegS","Fixed Income","4.63","108.51","31,104,000.00","33,887,952.87","33,887,952.87","Treasury","DE0001102424","0.50","Aug 15, 2027","-","Germany","EUR","7.97"
"DBR","GERMANY (FEDERAL REPUBLIC OF) RegS","Fixed Income","4.42","106.28","30,456,000.00","32,398,546.26","32,398,546.26","Treasury","DE0001102416","0.25","Feb 15, 2027","-","Germany","EUR","7.57"
"DBR","GERMANY (FEDERAL REPUBLIC OF) RegS","Fixed Income","4.20","104.28","29,484,000.00","30,745,030.68","30,745,030.68","Treasury","DE0001102408","0.00","Aug 15, 2026","-","Germany","EUR","7.14"
"FRTR","FRANCE (REPUBLIC OF) RegS","Fixed Income","4.14","106.24","28,512,000.00","30,306,158.89","30,306,158.89","Treasury","FR0013407236","0.50","May 25, 2029","-","France","EUR","9.70"
"SPGB","SPAIN (KINGDOM OF)","Fixed Income","4.10","109.51","27,216,000.00","30,041,882.02","30,041,882.02","Treasury","ES00000128H5","1.30","Oct 31, 2026","-","Spain","EUR","7.02"
"SPGB","SPAIN (KINGDOM OF)","Fixed Income","4.09","111.19","26,730,000.00","29,983,110.57","29,983,110.57","Treasury","ES0000012A89","1.45","Oct 31, 2027","-","Spain","EUR","7.87"
"SPGB","SPAIN (KINGDOM OF)","Fixed Income","3.91","111.69","25,596,000.00","28,655,109.44","28,655,109.44","Treasury","ES0000012E51","1.45","Apr 30, 2029","-","Spain","EUR","9.26"
"BTPS","ITALY (REPUBLIC OF) RegS","Fixed Income","3.88","104.99","26,892,000.00","28,462,035.64","28,462,035.64","Treasury","IT0005323032","2.00","Feb 1, 2028","-","Italy","EUR","7.90"
"SPGB","SPAIN (KINGDOM OF)","Fixed Income","3.88","111.09","25,272,000.00","28,403,775.48","28,403,775.48","Treasury","ES0000012B88","1.40","Jul 30, 2028","-","Spain","EUR","8.53"
"SPGB","SPAIN (KINGDOM OF)","Fixed Income","3.84","111.17","25,272,000.00","28,157,717.15","28,157,717.15","Treasury","ES0000012B39","1.40","Apr 30, 2028","-","Spain","EUR","8.40"
"DBR","GERMANY (FEDERAL REPUBLIC OF) RegS","Fixed Income","3.83","108.67","25,758,000.00","28,039,749.49","28,039,749.49","Treasury","DE0001102440","0.50","Feb 15, 2028","-","Germany","EUR","8.47"
"DBR","GERMANY (FEDERAL REPUBLIC OF) RegS","Fixed Income","3.73","106.43","25,596,000.00","27,304,234.96","27,304,234.96","Treasury","DE0001102457","0.25","Aug 15, 2028","-","Germany","EUR","9.03"
"DBR","GERMANY (FEDERAL REPUBLIC OF) RegS","Fixed Income","3.70","106.36","25,434,000.00","27,083,185.85","27,083,185.85","Treasury","DE0001102465","0.25","Feb 15, 2029","-","Germany","EUR","9.53"
"BTPS","ITALY (REPUBLIC OF) RegS","Fixed Income","3.65","111.14","23,976,000.00","26,707,935.73","26,707,935.73","Treasury","IT0005340929","2.80","Dec 1, 2028","-","Italy","EUR","8.40"
"SPGB","SPAIN (KINGDOM OF)","Fixed Income","3.38","111.28","22,194,000.00","24,755,880.78","24,755,880.78","Treasury","ES00000128P8","1.50","Apr 30, 2027","-","Spain","EUR","7.46"
"BTPS","ITALY (REPUBLIC OF)","Fixed Income","3.35","105.12","23,166,000.00","24,553,513.67","24,553,513.67","Treasury","IT0005274805","2.05","Aug 1, 2027","-","Italy","EUR","7.46"
"BTPS","ITALY (REPUBLIC OF)","Fixed Income","3.11","106.29","21,384,000.00","22,772,112.42","22,772,112.42","Treasury","IT0005240830","2.20","Jun 1, 2027","-","Italy","EUR","7.33"
"BTPS","ITALY (REPUBLIC OF) RegS","Fixed Income","2.86","100.25","20,898,000.00","20,974,215.01","20,974,215.01","Treasury","IT0005210650","1.25","Dec 1, 2026","-","Italy","EUR","7.11"
"NETHER","NETHERLANDS (KINGDOM OF)","Fixed Income","2.77","109.35","18,468,000.00","20,328,355.01","20,328,355.01","Treasury","NL0012171458","0.75","Jul 15, 2027","-","Netherlands","EUR","7.80"
"NETHER","NETHERLANDS (KINGDOM OF)","Fixed Income","2.66","107.01","18,144,000.00","19,503,336.05","19,503,336.05","Treasury","NL0011819040","0.50","Jul 15, 2026","-","Netherlands","EUR","6.92"
"NETHER","NETHERLANDS (KINGDOM OF)","Fixed Income","2.23","109.95","14,742,000.00","16,316,209.32","16,316,209.32","Treasury","NL0012818504","0.75","Jul 15, 2028","-","Netherlands","EUR","8.75"
"EUR","EUR CASH","Cash","0.05","100.00","356,206.00","356,205.81","356,205.81","Cash and/or Derivatives","-","0.00","-","-","European Union","EUR","0.00"
"ICSEAGD","BLK ICS EUR LIQ FUND AGEN ACC T0","Money Market","0.03","99.87","2,327.00","232,361.63","232,361.63","Cash and/or Derivatives","IE00B568BM13","0.00","-","-","European Union","EUR","0.16"
"GBP","GBP CASH","Cash","0.01","111.45","89,190.00","99,403.79","99,403.79","Cash and/or Derivatives","-","0.00","-","-","United Kingdom","GBP","0.00"
"USD","USD CASH","Cash","0.00","88.64","1,108.00","981.88","981.88","Cash and/or Derivatives","-","0.00","-","-","United States","USD","0.00"
 