﻿Fund Holdings as of,"Jul 4, 2019"
 
Issuer Ticker,Name,Asset Class,Weight (%),Price,Shares,Market Value,Notional Value,Sector,ISIN,Coupon (%),Maturity,Exchange,Country,Market Currency,Duration
"FRTR","FRANCE (REPUBLIC OF) RegS","Fixed Income","17.06","101.16","241,560,000.00","244,350,018.00","244,350,018.00","Treasury","FR0013311016","0.00","Feb 25, 2021","-","France","EUR","1.65"
"FRTR","FRANCE (REPUBLIC OF) RegS","Fixed Income","12.88","101.86","181,170,000.00","184,541,573.70","184,541,573.70","Treasury","FR0013398583","0.00","Feb 25, 2022","-","France","EUR","2.66"
"SPGB","SPAIN (KINGDOM OF)","Fixed Income","10.56","100.83","149,985,000.00","151,254,016.92","151,254,016.92","Treasury","ES00000128X2","0.05","Jan 31, 2021","-","Spain","EUR","1.59"
"BTPS","ITALY (REPUBLIC OF) RegS","Fixed Income","8.90","104.62","121,275,000.00","127,491,229.06","127,491,229.06","Treasury","IT0005348443","2.30","Oct 15, 2021","-","Italy","EUR","2.24"
"SPGB","SPAIN (KINGDOM OF)","Fixed Income","8.37","101.29","118,305,000.00","119,875,733.86","119,875,733.86","Treasury","ES0000012C46","0.05","Oct 31, 2021","-","Spain","EUR","2.34"
"BTPS","ITALY (REPUBLIC OF) RegS","Fixed Income","8.33","100.04","119,295,000.00","119,349,792.19","119,349,792.19","Treasury","IT0005330961","0.05","Apr 15, 2021","-","Italy","EUR","1.79"
"BTPS","ITALY (REPUBLIC OF) RegS","Fixed Income","8.23","100.42","117,315,000.00","117,856,666.82","117,856,666.82","Treasury","IT0005285041","0.20","Oct 15, 2020","-","Italy","EUR","1.29"
"BKO","GERMANY (FEDERAL REPUBLIC OF) RegS","Fixed Income","7.11","101.28","100,485,000.00","101,773,217.70","101,773,217.70","Treasury","DE0001104750","0.00","Mar 12, 2021","-","Germany","EUR","1.69"
"BKO","GERMANY (FEDERAL REPUBLIC OF) RegS","Fixed Income","6.66","100.85","94,545,000.00","95,348,632.50","95,348,632.50","Treasury","DE0001104735","0.00","Sep 11, 2020","-","Germany","EUR","1.19"
"BKO","GERMANY (FEDERAL REPUBLIC OF) RegS","Fixed Income","6.29","101.07","89,100,000.00","90,051,588.00","90,051,588.00","Treasury","DE0001104743","0.00","Dec 11, 2020","-","Germany","EUR","1.44"
"BKO","GERMANY (FEDERAL REPUBLIC OF) RegS","Fixed Income","5.54","101.49","78,210,000.00","79,376,111.10","79,376,111.10","Treasury","DE0001104768","0.00","Jun 11, 2021","-","Germany","EUR","1.94"
"EUR","EUR CASH","Cash","0.05","100.00","715,256.00","715,256.17","715,256.17","Cash and/or Derivatives","-","0.00","-","-","European Union","EUR","0.00"
"ICSEAGD","BLK ICS EUR LIQ FUND AGEN ACC T0","Money Market","0.01","99.87","1,882.00","187,973.48","187,973.48","Cash and/or Derivatives","IE00B568BM13","0.00","-","-","European Union","EUR","0.16"
"GBP","GBP CASH","Cash","0.01","111.45","104,046.00","115,960.73","115,960.73","Cash and/or Derivatives","-","0.00","-","-","United Kingdom","GBP","0.00"
"USD","USD CASH","Cash","0.00","88.64","1.00","0.75","0.75","Cash and/or Derivatives","-","0.00","-","-","United States","USD","0.00"
 