﻿Fund Holdings as of,"Jul 4, 2019"
 
Issuer Ticker,Name,Asset Class,Weight (%),Price,Shares,Market Value,Notional Value,Sector,ISIN,Coupon (%),Maturity,Exchange,Country,Market Currency,Duration
"FRTR","FRANCE (REPUBLIC OF) RegS","Fixed Income","14.27","102.53","396,730,000.00","406,771,236.30","406,771,236.30","Treasury","FR0013283686","0.00","Mar 25, 2023","-","France","EUR","3.74"
"FRTR","FRANCE (REPUBLIC OF) RegS","Fixed Income","13.51","102.79","374,644,000.00","385,085,328.28","385,085,328.28","Treasury","FR0013344751","0.00","Mar 25, 2024","-","France","EUR","4.74"
"OBL","GERMANY (FEDERAL REPUBLIC OF) RegS","Fixed Income","9.55","103.38","263,396,000.00","272,288,248.96","272,288,248.96","Treasury","DE0001141794","0.00","Apr 5, 2024","-","Germany","EUR","4.77"
"SPGB","SPAIN (KINGDOM OF)","Fixed Income","8.77","102.91","242,128,000.00","249,953,742.80","249,953,742.80","Treasury","ES0000012B62","0.35","Jul 30, 2023","-","Spain","EUR","4.06"
"SPGB","SPAIN (KINGDOM OF)","Fixed Income","8.39","102.99","231,494,000.00","239,106,188.66","239,106,188.66","Treasury","ES0000012A97","0.45","Oct 31, 2022","-","Spain","EUR","3.31"
"BTPS","ITALY (REPUBLIC OF) RegS","Fixed Income","8.15","106.96","215,952,000.00","232,332,455.89","232,332,455.89","Treasury","IT0005344335","2.45","Oct 1, 2023","-","Italy","EUR","4.06"
"BTPS","ITALY (REPUBLIC OF)","Fixed Income","8.02","101.20","224,950,000.00","228,514,077.97","228,514,077.97","Treasury","IT0005277444","0.90","Aug 1, 2022","-","Italy","EUR","3.04"
"BTPS","ITALY (REPUBLIC OF) RegS","Fixed Income","7.54","101.12","211,862,000.00","214,926,986.37","214,926,986.37","Treasury","IT0005325946","0.95","Mar 1, 2023","-","Italy","EUR","3.61"
"OBL","GERMANY (FEDERAL REPUBLIC OF) RegS","Fixed Income","7.48","102.56","207,772,000.00","213,099,274.08","213,099,274.08","Treasury","DE0001141760","0.00","Oct 7, 2022","-","Germany","EUR","3.27"
"OBL","GERMANY (FEDERAL REPUBLIC OF) RegS","Fixed Income","7.24","102.91","200,410,000.00","206,233,914.60","206,233,914.60","Treasury","DE0001141778","0.00","Apr 14, 2023","-","Germany","EUR","3.79"
"OBL","GERMANY (FEDERAL REPUBLIC OF) RegS","Fixed Income","7.02","103.20","193,866,000.00","200,063,896.02","200,063,896.02","Treasury","DE0001141786","0.00","Oct 13, 2023","-","Germany","EUR","4.29"
"EUR","EUR CASH","Cash","0.05","100.00","1,447,547.00","1,447,547.02","1,447,547.02","Cash and/or Derivatives","-","0.00","-","-","European Union","EUR","0.00"
"ICSEAGD","BLK ICS EUR LIQ FUND AGEN ACC T0","Money Market","0.01","99.87","3,653.00","364,796.99","364,796.99","Cash and/or Derivatives","IE00B568BM13","0.00","-","-","European Union","EUR","0.16"
"GBP","GBP CASH","Cash","0.01","111.45","183,942.00","205,007.09","205,007.09","Cash and/or Derivatives","-","0.00","-","-","United Kingdom","GBP","0.00"
"USD","USD CASH","Cash","0.00","88.64","202.00","178.64","178.64","Cash and/or Derivatives","-","0.00","-","-","United States","USD","0.00"
 