﻿Fund Holdings as of,"Jul 4, 2019"
 
Issuer Ticker,Name,Asset Class,Weight (%),Price,Shares,Market Value,Notional Value,Sector,ISIN,Coupon (%),Maturity,Exchange,Country,Market Currency,Duration
"TNOTE","TREASURY NOTE","Fixed Income","4.75","99.83","347,726,300.00","348,035,058.28","348,035,058.28","Treasury","US9128283G32","1.75","Nov 15, 2020","-","United States","USD","1.34"
"TNOTE","TREASURY NOTE","Fixed Income","3.49","99.27","255,811,000.00","255,487,496.60","255,487,496.60","Treasury","US912828N894","1.38","Jan 31, 2021","-","United States","USD","1.55"
"TNOTE","TREASURY NOTE","Fixed Income","3.46","98.85","255,136,000.00","253,219,975.78","253,219,975.78","Treasury","US912828P873","1.13","Feb 28, 2021","-","United States","USD","1.63"
"TNOTE","TREASURY NOTE","Fixed Income","3.11","99.67","228,016,600.00","228,109,974.67","228,109,974.67","Treasury","US9128282Z22","1.63","Oct 15, 2020","-","United States","USD","1.26"
"TNOTE","TREASURY NOTE","Fixed Income","3.05","98.68","225,377,000.00","223,516,788.05","223,516,788.05","Treasury","US912828S760","1.13","Jul 31, 2021","-","United States","USD","2.03"
"TNOTE","TREASURY NOTE","Fixed Income","2.86","98.63","211,728,000.00","209,469,292.64","209,469,292.64","Treasury","US912828T347","1.13","Sep 30, 2021","-","United States","USD","2.19"
"TNOTE","TREASURY NOTE","Fixed Income","2.84","99.39","208,409,200.00","208,143,340.09","208,143,340.09","Treasury","US912828L328","1.38","Aug 31, 2020","-","United States","USD","1.14"
"TNOTE","TREASURY NOTE (2OLD)","Fixed Income","2.67","100.80","193,406,000.00","195,770,726.81","195,770,726.81","Treasury","US912828WG10","2.25","Apr 30, 2021","-","United States","USD","1.77"
"TNOTE","TREASURY NOTE","Fixed Income","2.66","99.66","195,368,800.00","195,034,554.94","195,034,554.94","Treasury","US912828M987","1.63","Nov 30, 2020","-","United States","USD","1.38"
"TNOTE","TREASURY NOTE","Fixed Income","2.66","100.99","191,972,000.00","194,616,203.55","194,616,203.55","Treasury","US912828PC88","2.63","Nov 15, 2020","-","United States","USD","1.34"
"TNOTE","TREASURY NOTE","Fixed Income","2.66","102.82","186,644,000.00","194,580,616.41","194,580,616.41","Treasury","US912828PX26","3.63","Feb 15, 2021","-","United States","USD","1.56"
"TNOTE","TREASURY NOTE","Fixed Income","2.56","100.28","186,897,000.00","187,786,390.74","187,786,390.74","Treasury","US912828G534","1.88","Nov 30, 2021","-","United States","USD","2.34"
"TNOTE","TREASURY NOTE","Fixed Income","2.46","100.56","178,297,000.00","179,968,534.38","179,968,534.38","Treasury","US912828F965","2.00","Oct 31, 2021","-","United States","USD","2.26"
"TNOTE","TREASURY NOTE","Fixed Income","2.40","99.22","176,572,000.00","175,444,692.95","175,444,692.95","Treasury","US912828R770","1.38","May 31, 2021","-","United States","USD","1.87"
"TNOTE","TREASURY NOTE","Fixed Income","2.37","102.40","168,836,000.00","173,666,161.22","173,666,161.22","Treasury","US912828QN35","3.13","May 15, 2021","-","United States","USD","1.81"
"TNOTE","TREASURY NOTE","Fixed Income","2.36","99.36","173,123,600.00","172,658,462.30","172,658,462.30","Treasury","US912828L658","1.38","Sep 30, 2020","-","United States","USD","1.22"
"TNOTE","TREASURY NOTE","Fixed Income","2.25","98.65","166,180,000.00","164,594,341.15","164,594,341.15","Treasury","US9128282F67","1.13","Aug 31, 2021","-","United States","USD","2.11"
"TNOTE","TREASURY NOTE","Fixed Income","2.17","99.99","159,005,000.00","159,281,500.14","159,281,500.14","Treasury","US912828U659","1.75","Nov 30, 2021","-","United States","USD","2.34"
"TNOTE","TREASURY NOTE","Fixed Income","2.13","99.55","155,860,200.00","156,277,740.86","156,277,740.86","Treasury","US9128282J89","1.50","Jul 15, 2020","-","United States","USD","1.01"
"TNOTE","TREASURY NOTE","Fixed Income","1.98","102.02","140,590,000.00","144,956,480.73","144,956,480.73","Treasury","US9128284W72","2.75","Aug 15, 2021","-","United States","USD","2.03"
"TNOTE","TREASURY NOTE","Fixed Income","1.95","100.76","140,344,600.00","142,868,904.66","142,868,904.66","Treasury","US912828NT32","2.63","Aug 15, 2020","-","United States","USD","1.09"
"TNOTE","TREASURY NOTE","Fixed Income","1.84","99.85","134,602,000.00","134,453,457.91","134,453,457.91","Treasury","US912828N480","1.75","Dec 31, 2020","-","United States","USD","1.47"
"TNOTE","TREASURY NOTE","Fixed Income","1.73","98.74","128,372,000.00","126,783,725.80","126,783,725.80","Treasury","US912828S273","1.13","Jun 30, 2021","-","United States","USD","1.95"
"TNOTE","TREASURY NOTE","Fixed Income","1.70","99.67","124,733,600.00","124,363,547.95","124,363,547.95","Treasury","US912828XH83","1.63","Jun 30, 2020","-","United States","USD","0.98"
"TNOTE","TREASURY NOTE","Fixed Income","1.58","101.68","112,778,000.00","116,095,297.58","116,095,297.58","Treasury","US912828Y206","2.63","Jul 15, 2021","-","United States","USD","1.95"
"TNOTE","TREASURY NOTE","Fixed Income","1.58","102.48","112,422,000.00","115,956,813.07","115,956,813.07","Treasury","US9128285F31","2.88","Oct 15, 2021","-","United States","USD","2.19"
"TNOTE","TREASURY NOTE","Fixed Income","1.55","100.61","112,826,000.00","113,849,081.64","113,849,081.64","Treasury","US912828RR30","2.00","Nov 15, 2021","-","United States","USD","2.30"
"TNOTE","TREASURY NOTE","Fixed Income","1.52","101.92","108,000,000.00","111,142,226.59","111,142,226.59","Treasury","US9128286C90","2.50","Feb 15, 2022","-","United States","USD","2.51"
"TNOTE","TREASURY NOTE","Fixed Income","1.48","101.86","105,164,000.00","108,379,029.07","108,379,029.07","Treasury","US9128285V80","2.50","Jan 15, 2022","-","United States","USD","2.43"
"TNOTE","TREASURY NOTE (OTR)","Fixed Income","1.37","100.11","100,081,000.00","100,304,453.53","100,304,453.53","Treasury","US9128286Y11","1.75","Jun 15, 2022","-","United States","USD","2.86"
"TNOTE","TREASURY NOTE","Fixed Income","1.37","100.09","100,081,000.00","100,212,950.27","100,212,950.27","Treasury","US912828XW50","1.75","Jun 30, 2022","-","United States","USD","2.90"
"TNOTE","TREASURY NOTE","Fixed Income","1.35","100.03","98,104,000.00","98,737,267.72","98,737,267.72","Treasury","US912828J439","1.75","Feb 28, 2022","-","United States","USD","2.57"
"TNOTE","TREASURY NOTE","Fixed Income","1.34","102.14","96,042,000.00","98,260,050.63","98,260,050.63","Treasury","US9128285R78","2.63","Dec 15, 2021","-","United States","USD","2.37"
"TNOTE","TREASURY NOTE","Fixed Income","1.34","101.62","96,246,000.00","97,965,010.36","97,965,010.36","Treasury","US9128284T44","2.63","Jun 15, 2021","-","United States","USD","1.89"
"TNOTE","TREASURY NOTE","Fixed Income","1.32","99.02","97,623,000.00","96,999,691.55","96,999,691.55","Treasury","US912828Q376","1.25","Mar 31, 2021","-","United States","USD","1.71"
"TNOTE","TREASURY NOTE (2OLD)","Fixed Income","1.29","101.38","92,454,000.00","94,206,274.60","94,206,274.60","Treasury","US9128286M72","2.25","Apr 15, 2022","-","United States","USD","2.68"
"TNOTE","TREASURY NOTE (OLD)","Fixed Income","1.27","101.09","92,010,000.00","93,303,311.56","93,303,311.56","Treasury","US9128286U98","2.13","May 15, 2022","-","United States","USD","2.76"
"TNOTE","TREASURY NOTE","Fixed Income","1.20","101.75","85,958,000.00","88,096,882.17","88,096,882.17","Treasury","US9128286H87","2.38","Mar 15, 2022","-","United States","USD","2.59"
"TNOTE","TREASURY NOTE","Fixed Income","1.20","100.38","87,064,000.00","87,696,574.38","87,696,574.38","Treasury","US912828X471","1.88","Apr 30, 2022","-","United States","USD","2.74"
"TNOTE","TREASURY NOTE","Fixed Income","1.15","100.64","83,456,000.00","84,023,649.57","84,023,649.57","Treasury","US912828U816","2.00","Dec 31, 2021","-","United States","USD","2.42"
"TNOTE","TREASURY NOTE","Fixed Income","1.14","100.41","82,773,000.00","83,529,025.51","83,529,025.51","Treasury","US912828W895","1.88","Mar 31, 2022","-","United States","USD","2.65"
"TNOTE","TREASURY NOTE","Fixed Income","1.13","100.06","82,416,000.00","82,614,040.69","82,614,040.69","Treasury","US912828XR65","1.75","May 31, 2022","-","United States","USD","2.82"
"TNOTE","TREASURY NOTE","Fixed Income","1.11","100.49","80,034,000.00","80,990,263.63","80,990,263.63","Treasury","US912828D721","2.00","Aug 31, 2021","-","United States","USD","2.09"
"TNOTE","TREASURY NOTE","Fixed Income","1.10","100.93","79,507,000.00","80,292,487.68","80,292,487.68","Treasury","US9128285S51","2.50","Dec 31, 2020","-","United States","USD","1.46"
"TNOTE","TREASURY NOTE","Fixed Income","1.06","100.05","77,562,000.00","77,858,926.73","77,858,926.73","Treasury","US912828WZ90","1.75","Apr 30, 2022","-","United States","USD","2.74"
"TNOTE","TREASURY NOTE","Fixed Income","1.02","100.67","73,560,000.00","74,635,414.28","74,635,414.28","Treasury","US912828SF82","2.00","Feb 15, 2022","-","United States","USD","2.52"
"TNOTE","TREASURY NOTE","Fixed Income","1.02","100.34","73,880,000.00","74,623,354.06","74,623,354.06","Treasury","US912828W556","1.88","Feb 28, 2022","-","United States","USD","2.56"
"TNOTE","TREASURY NOTE","Fixed Income","1.00","100.92","72,233,000.00","72,932,284.53","72,932,284.53","Treasury","US912828G872","2.13","Dec 31, 2021","-","United States","USD","2.42"
"TNOTE","TREASURY NOTE","Fixed Income","0.98","100.04","71,207,000.00","71,571,907.86","71,571,907.86","Treasury","US912828J769","1.75","Mar 31, 2022","-","United States","USD","2.65"
"TNOTE","TREASURY NOTE","Fixed Income","0.96","100.43","70,208,000.00","70,649,097.30","70,649,097.30","Treasury","US912828XD79","1.88","May 31, 2022","-","United States","USD","2.81"
"TNOTE","TREASURY NOTE","Fixed Income","0.92","102.59","65,234,000.00","67,196,091.94","67,196,091.94","Treasury","US9128285L09","2.88","Nov 15, 2021","-","United States","USD","2.28"
"TNOTE","TREASURY NOTE","Fixed Income","0.82","99.67","59,887,400.00","60,113,327.70","60,113,327.70","Treasury","US912828XM78","1.63","Jul 31, 2020","-","United States","USD","1.05"
"TNOTE","TREASURY NOTE","Fixed Income","0.77","99.23","56,513,000.00","56,226,034.05","56,226,034.05","Treasury","US912828Q780","1.38","Apr 30, 2021","-","United States","USD","1.79"
"TNOTE","TREASURY NOTE","Fixed Income","0.57","100.80","40,862,000.00","41,569,733.84","41,569,733.84","Treasury","US9128284Y39","2.63","Aug 31, 2020","-","United States","USD","1.13"
"TNOTE","TREASURY NOTE","Fixed Income","0.54","100.68","39,402,000.00","39,689,554.08","39,689,554.08","Treasury","US912828WR74","2.13","Jun 30, 2021","-","United States","USD","1.94"
"TNOTE","TREASURY NOTE","Fixed Income","0.54","100.80","38,902,000.00","39,437,134.00","39,437,134.00","Treasury","US912828F213","2.13","Sep 30, 2021","-","United States","USD","2.17"
"TNOTE","TREASURY NOTE","Fixed Income","0.53","100.32","38,712,000.00","39,152,801.99","39,152,801.99","Treasury","US912828V723","1.88","Jan 31, 2022","-","United States","USD","2.49"
"TNOTE","TREASURY NOTE","Fixed Income","0.42","102.16","29,716,000.00","30,614,455.83","30,614,455.83","Treasury","US9128285A44","2.75","Sep 15, 2021","-","United States","USD","2.12"
"USD","USD CASH","Cash","0.19","100.00","13,625,006.00","13,625,006.45","13,625,006.45","Cash and/or Derivatives","-","0.00","-","-","United States","USD","0.00"
"TNOTE","TREASURY NOTE","Fixed Income","0.16","99.41","11,611,000.00","11,618,535.09","11,618,535.09","Treasury","US912828H862","1.50","Jan 31, 2022","-","United States","USD","2.50"
"GBP","GBP CASH","Cash","0.02","125.74","1,409,792.00","1,772,672.26","1,772,672.26","Cash and/or Derivatives","-","0.00","-","-","United Kingdom","GBP","0.00"
"EUR","EUR CASH","Cash","0.00","112.82","56,514.00","63,758.69","63,758.69","Cash and/or Derivatives","-","0.00","-","-","European Union","EUR","0.00"
 