﻿iShares Global Clean Energy ETF
Inception Date,"Jun 24, 2008"
Fund Holdings as of,"Jul 3, 2019"
Total Net Assets,"271,959,294.44"
Shares Outstanding,"25,200,000.00"
Stock,"-"
Bond,"-"
Cash,"-"
Other,"-"
 
Issuer Ticker,Name,Asset Class,Weight (%),Price,Shares,Market Value,Notional Value,Sector,SEDOL,ISIN,Exchange,Country,Currency,Market Currency,FX Rate
"SEDG","SOLAREDGE TECHNOLOGIES INC","Equity","5.66","62.30","249,051.00","15,515,877.30","15,515,877.30","Information Technology","BWC52Q6","US83417M1045","NASDAQ","United States","USD","USD","1.00"
"CEN","CONTACT ENERGY LTD","Equity","5.52","5.35","2,824,681.00","15,122,726.29","15,122,726.29","Utilities","6152529","NZCENE0001S6","New Zealand Exchange Ltd","New Zealand","USD","NZD","1.49"
"MEL","MERIDIAN ENERGY LTD","Equity","5.43","3.13","4,746,393.00","14,870,938.15","14,870,938.15","Utilities","BWFD052","NZMELE0002S7","New Zealand Exchange Ltd","New Zealand","USD","NZD","1.49"
"ORA","ORMAT TECH INC","Equity","5.21","62.73","227,536.00","14,273,333.28","14,273,333.28","Utilities","B03L311","US6866881021","New York Stock Exchange Inc.","United States","USD","USD","1.00"
"FSLR","FIRST SOLAR INC","Equity","5.05","66.19","209,134.00","13,842,579.46","13,842,579.46","Information Technology","B1HMF22","US3364331070","NASDAQ","United States","USD","USD","1.00"
"VER","VERBUND AG","Equity","4.87","53.36","250,107.00","13,346,083.43","13,346,083.43","Utilities","4661607","AT0000746409","Wiener Boerse Ag","Austria","USD","EUR","0.89"
"VWS","VESTAS WIND SYSTEMS","Equity","4.63","89.48","141,735.00","12,683,125.62","12,683,125.62","Industrials","5964651","DK0010268606","Omx Nordic Exchange Copenhagen A/S","Denmark","USD","DKK","6.62"
"SGRE","SIEMENS GAMESA RENEWABLE ENERGY SA","Equity","4.62","17.04","742,866.00","12,654,770.60","12,654,770.60","Industrials","B01CP21","ES0143416115","Bolsa De Madrid","Spain","USD","EUR","0.89"
"CIG","COMPANHIA ENERGETICA MINAS GERAIS","Equity","4.57","3.77","3,317,840.00","12,508,256.80","12,508,256.80","Utilities","2178938","US2044096012","New York Stock Exchange Inc.","Brazil","USD","USD","1.00"
"PEGI","PATTERN ENERGY GROUP INC CLASS A","Equity","4.40","23.56","511,733.00","12,056,429.48","12,056,429.48","Utilities","BD4R4G1","US70338P1003","NASDAQ","United States","USD","USD","1.00"
"257","CHINA EVERBRIGHT INTERNATIONAL LTD","Equity","4.39","0.96","12,521,000.00","12,012,708.27","12,012,708.27","Industrials","6630940","HK0257001336","Hong Kong Exchanges And Clearing Ltd","China","USD","HKD","7.80"
"CVA","COVANTA HOLDING CORP","Equity","4.32","18.10","654,233.00","11,841,617.30","11,841,617.30","Industrials","2255778","US22282E1029","New York Stock Exchange Inc.","United States","USD","USD","1.00"
"916","CHINA LONGYUAN POWER GROUP CORP LT","Equity","4.21","0.66","17,409,000.00","11,521,893.16","11,521,893.16","Utilities","B4Q2TX3","CNE100000HD4","Hong Kong Exchanges And Clearing Ltd","China","USD","HKD","7.80"
"RUN","SUNRUN INC","Equity","3.10","20.22","420,253.00","8,497,515.66","8,497,515.66","Industrials","BYXB1Y8","US86771W1053","NASDAQ","United States","USD","USD","1.00"
"ENPH","ENPHASE ENERGY INC","Equity","2.97","18.97","429,308.00","8,143,972.76","8,143,972.76","Information Technology","B65SQW4","US29355A1079","NASDAQ","United States","USD","USD","1.00"
"968","XINYI SOLAR HOLDINGS LTD","Equity","2.82","0.49","15,868,000.00","7,734,034.50","7,734,034.50","Information Technology","BGQYNN1","KYG9829N1025","Hong Kong Exchanges And Clearing Ltd","China","USD","HKD","7.80"
"958","HUANENG RENEWABLES CORPORATION COR","Equity","2.82","0.29","26,780,000.00","7,728,467.90","7,728,467.90","Utilities","B4WTBY3","CNE100000WS1","Hong Kong Exchanges And Clearing Ltd","China","USD","HKD","7.80"
"AY","ATLANTICA YIELD PLC","Equity","2.79","23.09","331,532.00","7,655,073.88","7,655,073.88","Utilities","BLP5YB5","GB00BLP5YB54","NASDAQ","United States","USD","USD","1.00"
"ELP","COMPANHIA PARANAENSE DE ENERGIA AD","Equity","2.58","12.43","568,433.00","7,065,622.19","7,065,622.19","Utilities","2209656","US20441B4077","New York Stock Exchange Inc.","Brazil","USD","USD","1.00"
"TERP","TERRAFORM POWER INC CLASS A","Equity","2.47","14.77","457,331.00","6,754,778.87","6,754,778.87","Utilities","BYZ1PN3","US88104R2094","NASDAQ","United States","USD","USD","1.00"
"INE","INNERGEX RENEWABLE ENERGY INC","Equity","2.46","10.89","618,880.00","6,741,096.89","6,741,096.89","Utilities","B29TNV3","CA45790B1040","Toronto Stock Exchange","Canada","USD","CAD","1.31"
"BLX","BORALEX INC CLASS A","Equity","2.12","15.07","385,004.00","5,800,442.45","5,800,442.45","Utilities","2099084","CA09950M3003","Toronto Stock Exchange","Canada","USD","CAD","1.31"
"NDX1","NORDEX","Equity","2.04","16.04","348,057.00","5,583,632.37","5,583,632.37","Industrials","B06CF71","DE000A0D6554","Xetra","Germany","USD","EUR","0.89"
"CSIQ","CANADIAN SOLAR INC","Equity","2.02","22.12","249,705.00","5,523,474.60","5,523,474.60","Information Technology","B1GKCH1","CA1366351098","NASDAQ","China","USD","USD","1.00"
"2208","XINJIANG GOLDWIND SCIENCE AND TECH","Equity","1.80","1.14","4,339,432.00","4,925,796.60","4,925,796.60","Industrials","B59GZJ7","CNE100000PP1","Hong Kong Exchanges And Clearing Ltd","China","USD","HKD","7.80"
"SSO","SCATEC SOLAR","Equity","1.74","10.55","451,403.00","4,763,618.25","4,763,618.25","Utilities","BQSSWW3","NO0010715139","Oslo Bors Asa","Norway","USD","NOK","8.55"
"3800","GCL-POLY ENERGY HOLDINGS LTD","Equity","1.38","0.06","67,819,000.00","3,783,911.37","3,783,911.37","Information Technology","B28XTR4","KYG3774X1088","Hong Kong Exchanges And Clearing Ltd","China","USD","HKD","7.80"
"JKS","JINKOSOLAR HOLDING ADR REP LTD","Equity","1.25","22.62","151,238.00","3,421,003.56","3,421,003.56","Information Technology","B64H9N4","US47759T1007","New York Stock Exchange Inc.","China","USD","USD","1.00"
"REGI","RENEWABLE ENERGY INC","Equity","1.20","15.74","209,131.00","3,291,721.94","3,291,721.94","Energy","B7577T2","US75972A3014","NASDAQ","United States","USD","USD","1.00"
"TPIC","TPI COMPOSITES INC","Equity","0.92","24.48","102,555.00","2,510,546.40","2,510,546.40","Industrials","BYYGK12","US87266J1043","NASDAQ","United States","USD","USD","1.00"
"USD","USD CASH","Cash","0.27","100.00","752,844.00","752,843.67","752,843.67","Cash and/or Derivatives","-","-","-","United States","USD","USD","1.00"
"HKD","HKD CASH","Cash","0.15","12.83","3,230,593.00","414,364.57","414,364.57","Cash and/or Derivatives","-","-","-","Hong Kong","USD","HKD","7.80"
"XTSLA","BLK CSH FND TREASURY SL AGENCY","Money Market","0.07","1.00","183,598.00","183,597.74","183,597.74","Cash and/or Derivatives","-","US0669224778","-","United States","USD","USD","1.00"
"EUR","EUR CASH","Cash","0.04","112.81","92,937.00","104,847.09","104,847.09","Cash and/or Derivatives","-","-","-","European Union","USD","EUR","0.89"
"CAD","CAD CASH","Cash","0.04","76.44","130,558.00","99,795.79","99,795.79","Cash and/or Derivatives","-","-","-","Canada","USD","CAD","1.31"
"NZD","NZD CASH","Cash","0.03","67.09","139,737.00","93,749.40","93,749.40","Cash and/or Derivatives","-","-","-","New Zealand","USD","NZD","1.49"
"DKK","DKK CASH","Cash","0.03","15.12","459,863.00","69,511.34","69,511.34","Cash and/or Derivatives","-","-","-","Denmark","USD","DKK","6.62"
"NOK","NOK CASH","Cash","0.01","11.70","306,215.00","35,825.49","35,825.49","Cash and/or Derivatives","-","-","-","Norway","USD","NOK","8.55"
 