﻿iShares Ultra Short-Term Bond ETF
Inception Date,"Dec 11, 2013"
Fund Holdings as of,"Jul 5, 2019"
Total Net Assets,"1,540,578,636.75"
Shares Outstanding,"30,650,000.00"
Stock,"-"
Bond,"-"
Cash,"-"
Other,"-"
 
Name,Asset Class,Weight (%),Price,Market Value,Notional Value,Sector,SEDOL,ISIN,Coupon (%),Maturity,YTM (%),Yield to Call (%),Yield to Worst (%),Duration,Par Value
"TENCENT HOLDINGS LTD MTN 144A","Fixed Income","1.27","100.26","19,628,715.72","19,628,715.72","Industrial","BVFM4X8","US88032WAC01","2.88","Feb 11, 2020","2.44","-","2.44","0.59","19,355,000.00"
"VERIZON COMMUNICATIONS INC","Fixed Income","1.11","100.37","17,127,529.32","17,127,529.32","Industrial","BF2JH97","US92343VDZ40","3.07","May 22, 2020","2.52","-","2.52","0.13","17,000,000.00"
"TRI-PARTY BARCLAYS BANK PLC","Cash","1.04","100.00","16,001,333.33","16,001,333.33","Cash and/or Derivatives","-","-","3.00","-","3.10","-","3.10","0.01","16,000,000.00"
"BRANCH BANKING AND TRUST COMPANY","Fixed Income","0.98","99.88","15,131,325.00","15,131,325.00","Financial Institutions","BDFFCG0","US07330NAN57","2.10","Jan 15, 2020","2.33","-","2.33","0.48","15,000,000.00"
"VIRGINIA ELECTRIC AND POWER COMPAN","Cash","0.97","99.93","14,989,066.67","14,989,066.67","Cash and/or Derivatives","-","-","0.00","Jul 15, 2019","2.63","-","2.63","0.03","15,000,000.00"
"INTERNATIONAL BUSINESS MACHINES CO","Fixed Income","0.91","100.41","14,116,828.44","14,116,828.44","Industrial","-","US459200KD25","2.92","May 13, 2021","2.54","-","2.54","0.11","14,000,000.00"
"AMERICAN HONDA FINANCE CORPORATION MTN","Fixed Income","0.91","99.58","14,048,817.00","14,048,817.00","Industrial","-","US02665WCY57","2.20","Jun 27, 2022","2.35","-","2.35","2.87","14,100,000.00"
"ENBRIDGE (US) INC","Cash","0.84","99.97","12,996,380.23","12,996,380.23","Cash and/or Derivatives","-","-","0.00","Jul 9, 2019","2.51","-","2.51","0.01","13,000,000.00"
"GOLDMAN SACHS GROUP INC/THE","Fixed Income","0.78","100.10","12,074,666.67","12,074,666.67","Financial Institutions","BV0L8F0","US38148LAA44","2.60","Apr 23, 2020","2.48","-","2.46","0.73","12,000,000.00"
"BANK OF NEW YORK MELLON/THE","Fixed Income","0.78","100.05","12,035,920.00","12,035,920.00","Financial Institutions","-","US06405LAB71","2.78","Jun 4, 2021","2.62","-","2.61","0.17","12,000,000.00"
"TRI-PARTY CITIGROUP GLOBAL MARKETS","Cash","0.78","100.00","12,000,937.12","12,000,937.12","Cash and/or Derivatives","-","-","2.81","-","2.91","-","2.91","0.01","12,000,000.00"
"NISSAN MOTOR ACCEPTANCE CORP.","Cash","0.77","99.50","11,939,653.33","11,939,653.33","Cash and/or Derivatives","-","US65475MWG13","0.00","Sep 16, 2019","2.49","-","2.49","0.20","12,000,000.00"
"ING BANK NV 144A","Fixed Income","0.65","100.07","10,081,441.10","10,081,441.10","Financial Institutions","BVZCM56","US44987CAC29","2.45","Mar 16, 2020","2.35","-","2.35","0.69","10,000,000.00"
"BP CAPITAL MARKETS PLC","Fixed Income","0.65","100.13","10,046,142.85","10,046,142.85","Industrial","-","US05565QDT22","2.77","Nov 24, 2020","2.54","-","2.54","0.15","10,000,000.00"
"PACCAR FINANCIAL CORP MTN","Fixed Income","0.65","100.02","10,016,808.89","10,016,808.89","Industrial","-","US69371RP914","2.84","Jun 17, 2022","2.81","-","2.81","0.21","10,000,000.00"
"TRI-PARTY BOFA SECURITIES INC","Cash","0.65","100.00","10,000,777.78","10,000,777.78","Cash and/or Derivatives","-","-","2.80","-","2.89","-","2.89","0.01","10,000,000.00"
"NORTHROP GRUMMAN CORP","Cash","0.65","99.92","9,991,613.33","9,991,613.33","Cash and/or Derivatives","-","-","0.00","Jul 17, 2019","2.52","-","2.52","0.03","10,000,000.00"
"WELLTOWER INC","Cash","0.65","99.88","9,988,085.83","9,988,085.83","Cash and/or Derivatives","-","-","0.00","Jul 22, 2019","2.53","-","2.53","0.05","10,000,000.00"
"LAM RESEARCH CORPORATION","Fixed Income","0.65","100.57","9,977,636.66","9,977,636.66","Industrial","BYQ6DX3","US512807AR99","2.80","Jun 15, 2021","2.50","-","2.48","1.83","9,905,000.00"
"KEURIG DR PEPPER INC","Cash","0.65","99.73","9,973,051.67","9,973,051.67","Cash and/or Derivatives","-","-","0.00","Aug 12, 2019","2.56","-","2.56","0.10","10,000,000.00"
"RECKITT BENCKISER TSY","Cash","0.65","99.60","9,959,672.22","9,959,672.22","Cash and/or Derivatives","-","-","0.00","Sep 4, 2019","2.39","-","2.39","0.17","10,000,000.00"
"CHURCH & DWIGHT CO INC","Fixed Income","0.62","99.89","9,503,602.08","9,503,602.08","Industrial","BTDYMR2","US171340AJ15","2.45","Dec 15, 2019","2.69","-","2.69","0.41","9,500,000.00"
"NUTRIEN LTD","Cash","0.61","99.65","9,466,742.61","9,466,742.61","Cash and/or Derivatives","-","-","0.00","Aug 23, 2019","2.58","-","2.58","0.13","9,500,000.00"
"DAIMLER FINANCE NORTH AMERICA LLC 144A","Fixed Income","0.61","100.40","9,411,898.64","9,411,898.64","Industrial","-","US233851DG63","3.10","May 4, 2020","2.61","-","2.61","0.82","9,325,000.00"
"LAM RESEARCH CORPORATION","Fixed Income","0.59","100.11","9,086,032.50","9,086,032.50","Industrial","BWB63R8","US512807AM03","2.75","Mar 15, 2020","2.59","-","2.58","0.62","9,000,000.00"
"ABN AMRO BANK NV MTN 144A","Fixed Income","0.59","100.19","9,081,919.71","9,081,919.71","Financial Institutions","BF5G7R3","US00084DAQ34","2.65","Jan 19, 2021","2.52","-","2.52","1.49","8,955,000.00"
"WESTPAC BANKING CORP","Fixed Income","0.59","100.31","9,057,127.14","9,057,127.14","Financial Institutions","BDCBW38","US961214CS01","2.60","Nov 23, 2020","2.37","-","2.37","1.36","9,001,000.00"
"CATERPILLAR FINANCIAL SERVICES COR MTN","Fixed Income","0.59","100.09","9,035,472.74","9,035,472.74","Industrial","-","US14913Q2U23","2.77","Aug 26, 2020","2.55","-","2.55","0.15","9,000,000.00"
"CREDIT INDUSTRIEL ET COMMERCIAL (L","Cash","0.58","99.83","8,984,434.46","8,984,434.46","Cash and/or Derivatives","-","XS1943597309","0.00","Aug 1, 2019","2.31","-","2.31","0.07","9,000,000.00"
"BP CAPITAL MARKETS PLC","Cash","0.57","98.38","8,854,616.75","8,854,616.75","Cash and/or Derivatives","-","-","0.00","Mar 2, 2020","2.45","-","2.45","0.65","9,000,000.00"
"ELECTRICITE DE FRANCE SA 144A","Fixed Income","0.56","99.83","8,632,061.28","8,632,061.28","Agency","BYXVSD6","US268317AN46","2.35","Oct 13, 2020","2.48","-","2.48","1.20","8,600,000.00"
"RABOBANK NEDERLAND (NY BRANCH) MTN","Fixed Income","0.56","99.93","8,585,425.00","8,585,425.00","Financial Institutions","BWV0SK8","US21688AAD46","2.25","Jan 14, 2020","2.38","-","2.38","0.52","8,500,000.00"
"JPMORGAN CHASE & CO MTN","Fixed Income","0.56","99.92","8,579,623.75","8,579,623.75","Financial Institutions","BVFJP03","US46625HKA76","2.25","Jan 23, 2020","2.40","-","2.40","0.49","8,500,000.00"
"BANQUE FEDERATIVE DU CREDIT MUTUEL MTN 144A","Fixed Income","0.55","99.76","8,450,104.86","8,450,104.86","Financial Institutions","BF42BY7","US06675FAK30","2.20","Jul 20, 2020","2.43","-","2.43","1.02","8,385,000.00"
"SANTANDER UK PLC","Fixed Income","0.55","99.40","8,445,954.84","8,445,954.84","Financial Institutions","BDRNW17","US80283LAP85","2.13","Nov 3, 2020","2.59","-","2.59","1.30","8,465,000.00"
"SUMITOMO MITSUI BANKING CORP (NEW","Cash","0.53","100.12","8,221,435.62","8,221,435.62","Cash and/or Derivatives","-","US86565BGM72","2.81","Jun 18, 2020","2.64","-","2.64","0.21","8,200,000.00"
"BANCO SANTANDER SA (NEW YORK BRANC","Cash","0.53","100.43","8,142,854.09","8,142,854.09","Cash and/or Derivatives","-","-","3.09","Jan 29, 2020","2.30","-","2.30","0.56","8,000,000.00"
"BAYERISCHE LANDESBANK (NEW YORK BR","Cash","0.52","100.03","8,035,868.04","8,035,868.04","Cash and/or Derivatives","-","-","2.63","Aug 22, 2019","2.38","-","2.38","0.13","8,000,000.00"
"HARLEY-DAVIDSON FINANCIAL SERVICES MTN 144A","Fixed Income","0.52","99.58","8,028,695.11","8,028,695.11","Industrial","BD05CX2","US41283LAF22","2.15","Feb 26, 2020","2.81","-","2.81","0.62","8,000,000.00"
"ASTRAZENECA PLC","Cash","0.52","99.98","7,998,296.66","7,998,296.66","Cash and/or Derivatives","-","-","0.00","Jul 8, 2019","2.56","-","2.56","0.01","8,000,000.00"
"UNITEDHEALTH GROUP INC","Cash","0.52","99.96","7,996,694.66","7,996,694.66","Cash and/or Derivatives","-","-","0.00","Jul 11, 2019","2.48","-","2.48","0.02","8,000,000.00"
"HSBC HOLDINGS PLC","Fixed Income","0.49","100.10","7,601,592.86","7,601,592.86","Financial Institutions","BD05NZ1","US404280BQ12","3.12","May 18, 2021","2.92","-","2.87","0.12","7,563,000.00"
"CAPITAL ONE NA (VIRGINIA)","Fixed Income","0.47","99.96","7,309,821.55","7,309,821.55","Financial Institutions","BD0P6K7","US14042RFH93","2.35","Jan 31, 2020","2.42","-","2.42","0.51","7,239,000.00"
"LLOYDS BANK CORPORATE MARKETS PLC","Fixed Income","0.46","100.07","7,047,749.62","7,047,749.62","Financial Institutions","-","US53947BBD10","3.11","Apr 26, 2021","2.85","-","2.85","0.06","7,000,000.00"
"MORGAN STANLEY","Fixed Income","0.46","100.12","7,042,564.36","7,042,564.36","Financial Institutions","BZ1CRT7","US61744YAM03","3.10","Feb 10, 2021","2.86","-","2.77","0.10","7,000,000.00"
"SUNCORP METWAY LTD MTN 144A","Fixed Income","0.46","99.82","7,031,603.25","7,031,603.25","Financial Institutions","-","US8672EMAJ31","3.09","Oct 19, 2020","3.03","-","3.03","0.04","7,000,000.00"
"TRI-PARTY J.P. MORGAN SECURITIES L","Cash","0.46","100.00","7,029,610.00","7,029,610.00","Cash and/or Derivatives","-","-","2.82","Aug 13, 2019","2.81","-","2.81","0.11","7,000,000.00"
"TRI-PARTY BOFA SECURITIES INC","Cash","0.45","100.00","7,000,602.78","7,000,602.78","Cash and/or Derivatives","-","-","3.10","-","3.20","-","3.20","0.01","7,000,000.00"
"TRI-PARTY J.P. MORGAN SECURITIES L","Cash","0.45","100.00","7,000,527.21","7,000,527.21","Cash and/or Derivatives","-","-","2.71","-","2.80","-","2.80","0.01","7,000,000.00"
"WELLTOWER INC","Cash","0.45","99.93","6,995,111.67","6,995,111.67","Cash and/or Derivatives","-","-","0.00","Jul 15, 2019","2.52","-","2.52","0.03","7,000,000.00"
"BANK OF AMERICA NA","Fixed Income","0.45","99.85","6,989,570.00","6,989,570.00","Financial Institutions","-","US06050TMM17","0.00","Jun 21, 2021","3.09","-","3.09","0.01","7,000,000.00"
"ROGERS COMMUNICATIONS INC","Cash","0.45","99.81","6,986,686.00","6,986,686.00","Cash and/or Derivatives","-","-","0.00","Aug 1, 2019","2.54","-","2.54","0.07","7,000,000.00"
"BELL CANADA","Cash","0.45","99.74","6,982,101.39","6,982,101.39","Cash and/or Derivatives","-","-","0.00","Aug 9, 2019","2.64","-","2.64","0.09","7,000,000.00"
"SUNCOR ENERGY INC.","Cash","0.45","99.47","6,962,660.83","6,962,660.83","Cash and/or Derivatives","-","-","0.00","Sep 17, 2019","2.61","-","2.61","0.20","7,000,000.00"
"DNB BANK ASA","Cash","0.45","99.39","6,957,334.61","6,957,334.61","Cash and/or Derivatives","-","-","0.00","Oct 11, 2019","2.25","-","2.25","0.27","7,000,000.00"
"CREDIT INDUSTRIEL ET COMMERCIAL (L","Cash","0.45","99.22","6,945,640.72","6,945,640.72","Cash and/or Derivatives","-","XS1950916251","0.00","Nov 7, 2019","2.25","-","2.25","0.34","7,000,000.00"
"AT&T INC","Cash","0.45","98.93","6,925,041.67","6,925,041.67","Cash and/or Derivatives","-","-","0.00","Dec 2, 2019","2.60","-","2.60","0.41","7,000,000.00"
"CREDIT INDUSTRIEL ET COMMERCIAL (L","Cash","0.45","98.41","6,888,859.73","6,888,859.73","Cash and/or Derivatives","-","XS1970720758","0.00","Mar 25, 2020","2.20","-","2.20","0.72","7,000,000.00"
"NEXTERA ENERGY CAPITAL HOLDINGS IN","Fixed Income","0.42","100.00","6,504,262.38","6,504,262.38","Utility","-","US65339KBE91","2.78","Sep 28, 2020","2.81","-","2.81","0.24","6,500,000.00"
"ASTRAZENECA PLC","Cash","0.42","99.93","6,495,339.86","6,495,339.86","Cash and/or Derivatives","-","-","0.00","Jul 15, 2019","2.58","-","2.58","0.03","6,500,000.00"
"BPCE SA MTN","Fixed Income","0.39","100.00","6,071,010.00","6,071,010.00","Financial Institutions","BP3YP64","US05578DAN21","2.50","Jul 15, 2019","2.61","-","2.61","0.03","6,000,000.00"
"CREDIT AGRICOLE CORPORATE AND INVE","Fixed Income","0.39","100.38","6,064,460.25","6,064,460.25","Financial Institutions","-","US22532XKZ05","3.07","Jul 13, 2020","2.46","-","2.46","0.03","6,000,000.00"
"BANK OF AMERICA CORP MTN","Fixed Income","0.39","100.24","6,048,207.50","6,048,207.50","Financial Institutions","BYZR2R4","US06051GFT13","2.63","Oct 19, 2020","2.43","-","2.43","1.26","6,000,000.00"
"SUMITOMO MITSUI TRUST BANK LTD (NE","Cash","0.39","100.04","6,039,500.39","6,039,500.39","Cash and/or Derivatives","-","-","2.81","May 18, 2020","2.53","-","2.53","0.12","6,000,000.00"
"SUMITOMO MITSUI TRUST BANK LTD (NE","Cash","0.39","100.02","6,019,099.35","6,019,099.35","Cash and/or Derivatives","-","US86564FTD59","2.71","Feb 25, 2020","2.52","-","2.52","0.15","6,000,000.00"
"TRI-PARTY MIZUHO SECURITIES USA LL","Cash","0.39","100.00","6,000,485.00","6,000,485.00","Cash and/or Derivatives","-","-","2.91","-","3.01","-","3.01","0.01","6,000,000.00"
"NEXTERA ENERGY CAPITAL HOLDINGS IN","Cash","0.39","99.93","5,995,810.00","5,995,810.00","Cash and/or Derivatives","-","-","0.00","Jul 15, 2019","2.52","-","2.52","0.03","6,000,000.00"
"RECKITT BENCKISER TSY","Cash","0.39","99.91","5,994,847.67","5,994,847.67","Cash and/or Derivatives","-","-","0.00","Jul 18, 2019","2.38","-","2.38","0.04","6,000,000.00"
"WALGREENS BOOTS ALLIANCE INC","Cash","0.39","99.73","5,983,831.00","5,983,831.00","Cash and/or Derivatives","-","-","0.00","Aug 12, 2019","2.56","-","2.56","0.10","6,000,000.00"
"US COLLATERALIZED COMMERCIAL PAP","Cash","0.39","99.41","5,964,678.00","5,964,678.00","Cash and/or Derivatives","-","-","0.00","Oct 2, 2019","2.40","-","2.40","0.24","6,000,000.00"
"NISSAN MOTOR ACCEPTANCE CORP.","Cash","0.39","99.35","5,960,780.83","5,960,780.83","Cash and/or Derivatives","-","-","0.00","Oct 8, 2019","2.49","-","2.49","0.26","6,000,000.00"
"WALGREENS BOOTS ALLIANCE INC","Cash","0.39","99.12","5,947,174.00","5,947,174.00","Cash and/or Derivatives","-","-","0.00","Nov 4, 2019","2.62","-","2.62","0.33","6,000,000.00"
"BELL CANADA","Cash","0.37","99.80","5,738,238.05","5,738,238.05","Cash and/or Derivatives","-","-","0.00","Aug 2, 2019","2.64","-","2.64","0.08","5,750,000.00"
"BPCE SA MTN","Fixed Income","0.36","99.88","5,547,781.25","5,547,781.25","Financial Institutions","BVL7ZW3","US05578DAR35","2.25","Jan 27, 2020","2.47","-","2.47","0.55","5,500,000.00"
"RYDER SYSTEM INC MTN","Fixed Income","0.36","100.04","5,523,207.49","5,523,207.49","Industrial","BWWC546","US78355HJZ38","2.50","May 11, 2020","2.45","-","2.45","0.78","5,500,000.00"
"GOLDMAN SACHS GROUP INC/THE","Fixed Income","0.34","100.02","5,305,159.67","5,305,159.67","Financial Institutions","BDT8737","US38141GWG53","2.60","Dec 27, 2020","2.59","-","2.56","0.64","5,300,000.00"
"RYDER SYSTEM INC.","Cash","0.33","99.72","5,165,662.19","5,165,662.19","Cash and/or Derivatives","-","-","0.00","Aug 13, 2019","2.56","-","2.56","0.11","5,180,000.00"
"DAIMLER FINANCE NORTH AMERICA LLC 144A","Fixed Income","0.33","101.72","5,149,377.78","5,149,377.78","Industrial","-","US233851DR29","3.40","Feb 22, 2022","2.72","-","2.72","2.49","5,000,000.00"
"HSBC HOLDINGS PLC","Fixed Income","0.33","101.35","5,123,072.21","5,123,072.21","Financial Institutions","BZ57YY2","US404280AV16","3.40","Mar 8, 2021","2.57","-","2.57","1.61","5,000,000.00"
"WELLS FARGO & COMPANY","Fixed Income","0.33","101.65","5,099,677.78","5,099,677.78","Financial Institutions","BD3Z303","US949746RT05","3.84","Mar 4, 2021","2.71","-","2.71","0.18","5,000,000.00"
"BELLSOUTH CORP 144A","Fixed Income","0.33","101.00","5,097,540.42","5,097,540.42","Industrial","B4QKXM4","US079860AA01","4.33","Apr 26, 2020","4.23","-","3.55","0.80","5,000,000.00"
"MORGAN STANLEY","Fixed Income","0.33","100.10","5,063,570.83","5,063,570.83","Financial Institutions","BVK4QK0","US61747YDW21","2.65","Jan 27, 2020","2.47","-","2.47","0.55","5,000,000.00"
"UBS AG (STAMFORD BRANCH) MTN","Fixed Income","0.33","100.00","5,059,911.93","5,059,911.93","Financial Institutions","BQ16S93","US90261XHE58","2.38","Aug 14, 2019","2.36","-","2.36","0.11","5,013,000.00"
"COMMONWEALTH BANK OF AUSTRALIA (NE MTN","Fixed Income","0.33","100.26","5,052,362.00","5,052,362.00","Financial Institutions","BZ5ZXD8","US20271RAP55","2.55","Mar 15, 2021","2.39","-","2.39","1.64","5,000,000.00"
"WESTPAC BANKING CORP","Fixed Income","0.33","100.58","5,050,704.17","5,050,704.17","Financial Institutions","BFXVHY7","US961214DX86","3.05","May 15, 2020","2.36","-","2.36","0.85","5,000,000.00"
"WELLS FARGO BANK NA FRN 7/23/21 MTN","Fixed Income","0.33","100.24","5,043,773.25","5,043,773.25","Financial Institutions","-","US94988J5Q67","3.09","Jul 23, 2021","2.75","-","2.65","0.05","5,000,000.00"
"BMW US CAPITAL LLC 144A","Fixed Income","0.33","100.13","5,043,115.57","5,043,115.57","Industrial","BDQR2B0","US05565EAQ89","2.97","Apr 6, 2020","2.58","-","2.58","0.25","5,000,000.00"
"SKANDINAVISKA ENSKILDA BANKEN AB MTN 144A","Fixed Income","0.33","100.46","5,037,936.15","5,037,936.15","Financial Institutions","-","US830505AU79","3.24","Dec 1, 2020","2.77","-","2.77","0.17","5,000,000.00"
"JACKSON NATIONAL LIFE GLOBAL FUNDI RegS","Fixed Income","0.33","100.04","5,035,040.26","5,035,040.26","Financial Institutions","-","US46849LTD37","2.90","Oct 15, 2020","2.64","-","2.64","0.03","5,000,000.00"
"BMW US CAPITAL LLC 144A","Fixed Income","0.33","100.21","5,033,014.38","5,033,014.38","Industrial","BDZ2NV3","US05565EBD67","3.04","Aug 13, 2021","2.77","-","2.77","0.11","5,000,000.00"
"MUFG BANK LTD (NEW YORK BRANCH)","Cash","0.33","100.03","5,028,620.55","5,028,620.55","Cash and/or Derivatives","-","US55379WXW18","2.68","Oct 24, 2019","2.36","-","2.36","0.05","5,000,000.00"
"SUMITOMO MITSUI BANKING CORP (NEW","Cash","0.33","100.06","5,025,024.17","5,025,024.17","Cash and/or Derivatives","-","US86565BVG30","2.93","Feb 12, 2021","2.73","-","2.73","0.11","5,000,000.00"
"JPMORGAN CHASE BANK NA","Fixed Income","0.33","100.10","5,023,813.36","5,023,813.36","Financial Institutions","-","US48125LRS33","2.89","Feb 19, 2021","2.69","-","2.62","0.12","5,000,000.00"
"WELLS FARGO BANK NA","Fixed Income","0.33","100.06","5,021,346.12","5,021,346.12","Financial Institutions","-","US94988J5V52","2.90","May 21, 2021","2.72","-","2.69","0.13","5,000,000.00"
"BANK OF AMERICA NA","Fixed Income","0.33","100.08","5,021,019.15","5,021,019.15","Financial Institutions","-","US06050TML34","2.87","May 24, 2021","2.68","-","2.68","0.15","5,000,000.00"
"CREDIT AGRICOLE CORPORATE AND INVE","Cash","0.33","100.04","5,017,422.34","5,017,422.34","Cash and/or Derivatives","-","-","2.81","Aug 25, 2020","2.62","-","2.62","0.15","5,000,000.00"
"MORGAN STANLEY MTN","Fixed Income","0.33","100.08","5,015,712.54","5,015,712.54","Financial Institutions","-","US6174468H50","3.32","Jun 10, 2022","3.27","-","3.25","0.01","5,000,000.00"
"NBCUNIVERSAL ENTERPRISE INC 144A","Fixed Income","0.32","100.24","5,013,938.11","5,013,938.11","Industrial","BYW6401","US63946CAG33","2.72","Apr 1, 2021","2.61","-","2.61","0.24","5,000,000.00"
"ABN AMRO BANK NV MTN 144A","Fixed Income","0.32","100.01","5,011,608.90","5,011,608.90","Financial Institutions","BYR8K93","US00084DAJ90","2.45","Jun 4, 2020","2.43","-","2.43","0.90","5,000,000.00"
"CREDIT SUISSE AG (NEW YORK BRANCH)","Cash","0.32","100.10","5,009,664.44","5,009,664.44","Cash and/or Derivatives","-","-","2.93","May 22, 2020","2.70","-","2.70","0.00","5,000,000.00"
"SUMITOMO MITSUI TRUST BANK LTD (NE","Cash","0.32","100.02","5,009,321.66","5,009,321.66","Cash and/or Derivatives","-","-","2.40","Sep 24, 2019","2.31","-","2.31","0.22","5,000,000.00"
"TORONTO-DOMINION BANK/THE","Cash","0.32","99.98","5,007,724.60","5,007,724.60","Cash and/or Derivatives","-","US89120DNA36","2.59","Jun 12, 2020","2.60","-","2.60","0.02","5,000,000.00"
"NATIONAL AUSTRALIA BANK LTD (NEW Y","Fixed Income","0.32","99.78","5,002,086.11","5,002,086.11","Financial Institutions","BZ0YQ53","US63254AAV08","2.13","May 22, 2020","2.38","-","2.38","0.87","5,000,000.00"
"TRI-PARTY CREDIT SUISSE SECURITIES","Cash","0.32","100.00","5,000,391.18","5,000,391.18","Cash and/or Derivatives","-","-","2.82","-","2.91","-","2.91","0.01","5,000,000.00"
"HYUNDAI CAPITAL AMERICA","Cash","0.32","99.98","4,998,956.25","4,998,956.25","Cash and/or Derivatives","-","-","0.00","Jul 8, 2019","2.51","-","2.51","0.01","5,000,000.00"
"ONCOR ELECTRIC DELIVERY CO","Cash","0.32","99.93","4,996,508.33","4,996,508.33","Cash and/or Derivatives","-","-","0.00","Jul 15, 2019","2.52","-","2.52","0.03","5,000,000.00"
"NATIONAL AUSTRALIA BANK LTD ( NEW","Fixed Income","0.32","99.00","4,995,462.50","4,995,462.50","Financial Institutions","BDDX556","US63254AAR95","1.88","Jul 12, 2021","2.38","-","2.38","1.96","5,000,000.00"
"ENBRIDGE (US) INC","Cash","0.32","99.90","4,995,101.94","4,995,101.94","Cash and/or Derivatives","-","-","0.00","Jul 19, 2019","2.52","-","2.52","0.04","5,000,000.00"
"VW CREDIT INC","Cash","0.32","99.85","4,992,626.67","4,992,626.67","Cash and/or Derivatives","-","US91842KUS31","0.00","Jul 26, 2019","2.53","-","2.53","0.06","5,000,000.00"
"AT&T INC","Cash","0.32","99.83","4,991,560.00","4,991,560.00","Cash and/or Derivatives","-","-","0.00","Jul 29, 2019","2.54","-","2.54","0.06","5,000,000.00"
"SOCIETE GENERALE SA","Cash","0.32","99.82","4,990,835.00","4,990,835.00","Cash and/or Derivatives","-","US83368YBC03","0.00","Aug 2, 2019","2.36","-","2.36","0.08","5,000,000.00"
"MONDELEZ INTERNATIONAL INC","Cash","0.32","99.71","4,985,433.61","4,985,433.61","Cash and/or Derivatives","-","-","0.00","Aug 15, 2019","2.57","-","2.57","0.11","5,000,000.00"
"NUTRIEN LTD","Cash","0.32","99.71","4,985,433.61","4,985,433.61","Cash and/or Derivatives","-","-","0.00","Aug 15, 2019","2.57","-","2.57","0.11","5,000,000.00"
"VW CREDIT INC","Cash","0.32","99.42","4,971,144.45","4,971,144.45","Cash and/or Derivatives","-","-","0.00","Sep 23, 2019","2.61","-","2.61","0.22","5,000,000.00"
"TELUS CORP","Cash","0.32","99.42","4,970,783.75","4,970,783.75","Cash and/or Derivatives","-","-","0.00","Sep 24, 2019","2.61","-","2.61","0.22","5,000,000.00"
"BELL CANADA","Cash","0.32","99.35","4,967,490.28","4,967,490.28","Cash and/or Derivatives","-","-","0.00","Oct 2, 2019","2.65","-","2.65","0.24","5,000,000.00"
"HYUNDAI CAPITAL AMERICA","Cash","0.32","99.34","4,967,138.89","4,967,138.89","Cash and/or Derivatives","-","-","0.00","Oct 4, 2019","2.62","-","2.62","0.25","5,000,000.00"
"TORONTO-DOMINION BANK","Cash","0.32","99.33","4,966,604.16","4,966,604.16","Cash and/or Derivatives","-","US89119BXJ06","0.00","Oct 18, 2019","2.31","-","2.31","0.28","5,000,000.00"
"RYDER SYSTEM INC MTN","Fixed Income","0.32","100.88","4,959,570.20","4,959,570.20","Industrial","-","US78355HKM06","2.88","Jun 1, 2022","2.56","-","2.55","2.73","4,899,000.00"
"GOLDMAN SACHS BANK USA","Fixed Income","0.32","100.10","4,937,129.79","4,937,129.79","Financial Institutions","-","US3814267X73","3.16","May 24, 2021","3.01","-","2.94","0.14","4,915,000.00"
"NEXTERA ENERGY CAPITAL HOLDINGS IN","Cash","0.31","99.83","4,741,982.00","4,741,982.00","Cash and/or Derivatives","-","-","0.00","Jul 29, 2019","2.54","-","2.54","0.06","4,750,000.00"
"SKANDINAVISKA ENSKILDA BANKEN AB","Fixed Income","0.30","99.93","4,670,657.51","4,670,657.51","Financial Institutions","BDH3LC1","US830505AV52","2.30","Mar 11, 2020","2.41","-","2.41","0.67","4,640,000.00"
"AUSTRALIA AND NEW ZEALAND BANKING MTN","Fixed Income","0.29","99.87","4,510,226.25","4,510,226.25","Financial Institutions","BF8QDF0","US05253JAT88","2.25","Nov 9, 2020","2.35","-","2.35","1.32","4,500,000.00"
"NORDEA BANK ABP MTN 144A","Fixed Income","0.29","99.76","4,448,869.83","4,448,869.83","Financial Institutions","BF0Q8V9","US65557CAX11","2.13","May 29, 2020","2.40","-","2.40","0.89","4,450,000.00"
"ANZ BANKING GROUP LTD MTN 144A","Fixed Income","0.27","103.70","4,242,090.00","4,242,090.00","Financial Institutions","B3R3XP8","US05252ABK60","4.88","Jan 12, 2021","2.38","-","2.38","1.44","4,000,000.00"
"UNITED TECHNOLOGIES CORPORATION","Fixed Income","0.27","99.58","4,215,043.52","4,215,043.52","Industrial","BYX2LY1","US913017CM98","1.90","May 4, 2020","2.41","-","2.41","0.82","4,219,000.00"
"CNH_19-A A2","Fixed Income","0.27","100.58","4,211,252.34","4,211,252.34","ABS","-","US12596JAB98","2.96","May 16, 2022","2.26","-","2.26","0.80","4,180,000.00"
"RYDER SYSTEM INC MTN","Fixed Income","0.27","99.42","4,194,633.62","4,194,633.62","Industrial","BDS66Z7","US78355HKC24","2.25","Sep 1, 2021","2.53","-","2.53","2.05","4,186,000.00"
"RABOBANK NEDERLAND (NY BRANCH) MTN","Fixed Income","0.27","100.23","4,136,863.46","4,136,863.46","Financial Institutions","BDFM4F4","US21688AAF93","2.50","Jan 19, 2021","2.34","-","2.34","1.49","4,080,000.00"
"MUFG UNION BANK NA","Fixed Income","0.27","101.83","4,115,010.00","4,115,010.00","Financial Institutions","-","US90520EAH45","3.15","Apr 1, 2022","2.45","-","2.43","2.54","4,000,000.00"
"VOLKSWAGEN GROUP OF AMERICA FINANC 144A","Fixed Income","0.27","101.66","4,089,219.44","4,089,219.44","Industrial","BG10Y86","US928668AN24","3.88","Nov 13, 2020","2.62","-","2.62","1.32","4,000,000.00"
"ANZ NEW ZEALAND INTL LTD (LONDON B 144A","Fixed Income","0.26","101.25","4,076,970.43","4,076,970.43","Financial Institutions","BD3GMM1","US00182EBB48","3.59","Jul 28, 2021","2.77","-","2.77","0.08","4,000,000.00"
"SKANDINAVISKA ENSKILDA BANKEN AB (","Cash","0.26","100.12","4,074,898.91","4,074,898.91","Cash and/or Derivatives","-","-","2.97","Sep 6, 2019","2.22","-","2.22","0.17","4,000,000.00"
"COMMONWEALTH BANK OF AUSTRALIA 144A","Fixed Income","0.26","100.67","4,071,948.00","4,071,948.00","Financial Institutions","B4VQS44","US2027A0DJ51","5.00","Oct 15, 2019","2.53","-","2.53","0.28","4,000,000.00"
"ANZ NEW ZEALAND INTL LTD (LONDON B 144A","Fixed Income","0.26","100.43","4,067,230.72","4,067,230.72","Financial Institutions","BDRJJ92","US00182EBH18","2.75","Jan 22, 2021","2.47","-","2.47","1.50","4,000,000.00"
"CREDIT AGRICOLE SA (LONDON BRANCH) MTN 144A","Fixed Income","0.26","101.44","4,059,743.82","4,059,743.82","Financial Institutions","BYN58Z0","US22532LAS34","3.50","Jul 1, 2021","2.80","-","2.80","0.25","4,000,000.00"
"MUFG BANK LTD (NEW YORK BRANCH)","Cash","0.26","100.06","4,057,741.75","4,057,741.75","Cash and/or Derivatives","-","-","2.90","Aug 15, 2019","2.36","-","2.36","0.11","4,000,000.00"
"BARCLAYS BANK PLC (NEW YORK BRANCH","Cash","0.26","100.04","4,046,955.62","4,046,955.62","Cash and/or Derivatives","-","-","2.90","Aug 1, 2019","2.37","-","2.37","0.07","4,000,000.00"
"CREDIT SUISSE AG (NEW YORK BRANCH)","Cash","0.26","100.39","4,043,883.86","4,043,883.86","Cash and/or Derivatives","-","-","2.70","May 1, 2020","2.21","-","2.21","0.82","4,000,000.00"
"MORGAN STANLEY MTN","Fixed Income","0.26","100.00","4,042,833.89","4,042,833.89","Financial Institutions","BP96HL3","US61746BDR42","2.38","Jul 23, 2019","2.44","-","2.44","0.05","4,000,000.00"
"NORDEA BANK AB (PUBL) (NEW YORK BR","Cash","0.26","100.20","4,035,704.88","4,035,704.88","Cash and/or Derivatives","-","-","2.87","Jul 10, 2020","2.43","-","2.43","0.02","4,000,000.00"
"NATIXIS (NEW YORK BRANCH)","Fixed Income","0.26","100.24","4,034,286.56","4,034,286.56","Financial Institutions","-","US63873NG707","2.98","Jul 23, 2020","2.53","-","2.53","0.05","4,000,000.00"
"NORDEA BANK ABP 144A","Fixed Income","0.26","100.08","4,033,598.18","4,033,598.18","Financial Institutions","BYMYN19","US65557CAR43","2.50","Sep 17, 2020","2.43","-","2.43","1.17","4,000,000.00"
"SKANDINAVISKA ENSKILDA BANKEN AB MTN 144A","Fixed Income","0.26","100.29","4,027,857.79","4,027,857.79","Financial Institutions","-","US83051GAH11","2.96","May 17, 2021","2.64","-","2.64","0.13","4,000,000.00"
"HSBC USA INC","Fixed Income","0.26","99.87","4,026,434.44","4,026,434.44","Financial Institutions","BW4Q267","US40428HPR74","2.35","Mar 5, 2020","2.54","-","2.54","0.66","4,000,000.00"
"HSBC HOLDINGS PLC","Fixed Income","0.26","100.16","4,014,428.67","4,014,428.67","Financial Institutions","BGLRQD6","US404280BV07","3.09","Sep 11, 2021","2.95","-","2.89","0.19","4,000,000.00"
"SOCIETE GENERALE (NEW YORK BRANCH)","Cash","0.26","100.11","4,011,179.65","4,011,179.65","Cash and/or Derivatives","-","US83369Y5D42","2.72","May 14, 2020","2.58","-","2.58","0.03","4,000,000.00"
"AMERICAN HONDA FINANCE CORPORATION MTN","Fixed Income","0.26","100.12","4,010,437.59","4,010,437.59","Industrial","BGCS6V6","US02665WCG42","2.67","Jun 16, 2020","2.50","-","2.50","0.20","4,000,000.00"
"TRANSCANADA PIPELINES LIMITED","Cash","0.26","99.98","3,999,165.00","3,999,165.00","Cash and/or Derivatives","-","-","0.00","Jul 8, 2019","2.51","-","2.51","0.01","4,000,000.00"
"TRANSCANADA PIPELINES LIMITED","Cash","0.26","99.97","3,998,886.22","3,998,886.22","Cash and/or Derivatives","-","-","0.00","Jul 9, 2019","2.51","-","2.51","0.01","4,000,000.00"
"TRANSCANADA PIPELINES LIMITED","Cash","0.26","99.93","3,997,206.67","3,997,206.67","Cash and/or Derivatives","-","-","0.00","Jul 15, 2019","2.52","-","2.52","0.03","4,000,000.00"
"WALGREENS BOOTS ALLIANCE INC","Cash","0.26","99.92","3,996,645.33","3,996,645.33","Cash and/or Derivatives","-","-","0.00","Jul 17, 2019","2.52","-","2.52","0.03","4,000,000.00"
"DAIMLER FINANCE NORTH AMERICA LLC 144A","Fixed Income","0.26","99.81","3,992,532.00","3,992,532.00","Industrial","BYYPS04","US233851CN24","2.30","Jan 6, 2020","2.68","-","2.68","0.50","4,000,000.00"
"NORDEA BANK ABP MTN 144A","Fixed Income","0.26","99.55","3,991,790.00","3,991,790.00","Financial Institutions","BD96TK2","US65557CAS26","2.25","May 27, 2021","2.49","-","2.49","1.84","4,000,000.00"
"FEDERATION DES CAISSES DESJARDINS","Cash","0.26","99.78","3,991,008.89","3,991,008.89","Cash and/or Derivatives","-","-","0.00","Aug 8, 2019","2.39","-","2.39","0.09","4,000,000.00"
"ENBRIDGE (US) INC","Cash","0.26","99.76","3,990,378.00","3,990,378.00","Cash and/or Derivatives","-","-","0.00","Aug 8, 2019","2.55","-","2.55","0.09","4,000,000.00"
"AT&T INC","Cash","0.26","99.39","3,975,472.00","3,975,472.00","Cash and/or Derivatives","-","-","0.00","Sep 27, 2019","2.64","-","2.64","0.23","4,000,000.00"
"MACQUARIE BANK LTD","Cash","0.26","99.38","3,975,282.22","3,975,282.22","Cash and/or Derivatives","-","US55607LXB51","0.00","Oct 11, 2019","2.28","-","2.28","0.27","4,000,000.00"
"ABN AMRO FUNDING USA LLC","Cash","0.26","98.96","3,958,569.44","3,958,569.44","Cash and/or Derivatives","-","-","0.00","Dec 9, 2019","2.40","-","2.40","0.43","4,000,000.00"
"NORDEA BANK ABP MTN 144A","Fixed Income","0.25","99.76","3,907,723.30","3,907,723.30","Financial Institutions","BD87VZ5","US65557CAV54","1.63","Sep 30, 2019","2.62","-","2.62","0.24","3,900,000.00"
"MACQUARIE BANK LTD MTN 144A","Fixed Income","0.25","99.97","3,891,333.60","3,891,333.60","Financial Institutions","BVFCT99","US55608PAM68","2.40","Jan 21, 2020","2.45","-","2.45","0.54","3,850,000.00"
"CATERPILLAR FINANCIAL SERVICES COR MTN","Fixed Income","0.25","100.70","3,850,260.44","3,850,260.44","Industrial","-","US14913Q2W88","2.65","May 17, 2021","2.27","-","2.27","1.81","3,810,000.00"
"VW CREDIT INC","Cash","0.24","98.91","3,659,835.27","3,659,835.27","Cash and/or Derivatives","-","-","0.00","Dec 4, 2019","2.60","-","2.60","0.41","3,700,000.00"
"TRANSCANADA PIPELINES LIMITED","Cash","0.24","99.81","3,643,057.70","3,643,057.70","Cash and/or Derivatives","-","-","0.00","Aug 1, 2019","2.54","-","2.54","0.07","3,650,000.00"
"CARMX_19-1 A2A","Fixed Income","0.23","100.46","3,532,469.74","3,532,469.74","ABS","-","US14315NAH35","3.02","Jul 15, 2022","2.34","-","2.34","0.67","3,510,000.00"
"CITIBANK NA","Fixed Income","0.23","100.24","3,530,333.80","3,530,333.80","Financial Institutions","-","US17325FAW86","3.16","Mar 13, 2021","2.92","-","2.69","0.01","3,515,000.00"
"MITSUBISHI UFJ TRUST AND BANKING C 144A","Fixed Income","0.23","100.19","3,526,628.19","3,526,628.19","Financial Institutions","BYZV4Z8","US60682VAD29","2.65","Oct 19, 2020","2.49","-","2.49","1.26","3,500,000.00"
"LLOYDS BANK PLC","Cash","0.23","100.03","3,504,861.18","3,504,861.18","Cash and/or Derivatives","-","-","2.55","Feb 21, 2020","2.50","-","2.50","0.05","3,500,000.00"
"WELLS FARGO & COMPANY MTN","Fixed Income","0.23","99.86","3,489,580.60","3,489,580.60","Financial Institutions","BVRYSR4","US94974BGF13","2.15","Jan 30, 2020","2.39","-","2.39","0.56","3,462,000.00"
"SUNCOR ENERGY INC.","Cash","0.23","99.56","3,484,639.86","3,484,639.86","Cash and/or Derivatives","-","-","0.00","Sep 4, 2019","2.60","-","2.60","0.17","3,500,000.00"
"BANK OF MONTREAL MTN","Fixed Income","0.22","99.88","3,465,249.96","3,465,249.96","Financial Institutions","BD6D2B8","US06367TF964","1.75","Sep 11, 2019","2.38","-","2.38","0.18","3,450,000.00"
"HYUNDAI CAPITAL AMERICA MTN 144A","Fixed Income","0.22","99.92","3,323,277.19","3,323,277.19","Industrial","BD49HM4","US44891AAL17","2.55","Apr 3, 2020","2.65","-","2.65","0.73","3,304,000.00"
"SUMITOMO MITSUI BANKING CORP (NEW","Fixed Income","0.21","100.00","3,272,973.56","3,272,973.56","Financial Institutions","-","US86563YA459","2.95","Jul 11, 2019","2.82","-","2.82","0.02","3,250,000.00"
"NATIONAL AUSTRALIA BANK LTD (NEW Y","Fixed Income","0.20","102.83","3,140,078.44","3,140,078.44","Financial Institutions","-","US63254ABB35","3.70","Nov 4, 2021","2.44","-","2.44","2.23","3,035,000.00"
"SKANDINAVISKA ENSKILDA BANKEN AB 144A","Fixed Income","0.20","101.43","3,068,420.83","3,068,420.83","Financial Institutions","-","US83051GAK40","3.05","Mar 25, 2022","2.50","-","2.50","2.59","3,000,000.00"
"BPCE SA MTN 144A","Fixed Income","0.20","100.61","3,059,035.00","3,059,035.00","Financial Institutions","-","US05578AAL26","3.15","Jul 31, 2020","2.57","-","2.57","1.04","3,000,000.00"
"BARCLAYS BANK PLC (NEW YORK BRANCH","Cash","0.20","100.53","3,057,790.18","3,057,790.18","Cash and/or Derivatives","-","-","3.20","Jan 31, 2020","2.25","-","2.25","0.57","3,000,000.00"
"LLOYDS BANK PLC","Fixed Income","0.20","101.26","3,053,965.00","3,053,965.00","Financial Institutions","BDRY298","US53944VAP40","3.30","May 7, 2021","2.59","-","2.59","1.78","3,000,000.00"
"NATIONAL AUSTRALIA BANK LIMITED (N MTN","Fixed Income","0.20","100.26","3,043,546.25","3,043,546.25","Financial Institutions","BYSGLT3","US63254AAL26","2.63","Jul 23, 2020","2.37","-","2.37","1.02","3,000,000.00"
"MUFG BANK LTD (NEW YORK BRANCH)","Cash","0.20","100.37","3,042,754.72","3,042,754.72","Cash and/or Derivatives","-","-","2.84","Feb 24, 2020","2.24","-","2.24","0.63","3,000,000.00"
"BARCLAYS BANK PLC (NEW YORK BRANCH","Cash","0.20","100.35","3,041,812.17","3,041,812.17","Cash and/or Derivatives","-","-","3.06","Dec 5, 2019","2.21","-","2.21","0.41","3,000,000.00"
"CITIBANK NA","Fixed Income","0.20","100.46","3,030,440.83","3,030,440.83","Financial Institutions","BF19BS5","US17325FAN87","3.05","May 1, 2020","2.47","-","2.41","0.73","3,000,000.00"
"LLOYDS BANK PLC","Fixed Income","0.20","99.99","3,023,455.83","3,023,455.83","Financial Institutions","BQQF4Y2","US53944VAB53","2.35","Sep 5, 2019","2.38","-","2.38","0.17","3,000,000.00"
"CAPITAL ONE NA","Fixed Income","0.20","99.97","3,023,450.00","3,023,450.00","Financial Institutions","BQQFXK1","US14042E4A52","2.40","Sep 5, 2019","2.53","-","2.53","0.17","3,000,000.00"
"JOHN DEERE CAPITAL CORP MTN","Fixed Income","0.20","100.02","3,022,229.00","3,022,229.00","Industrial","BGMH196","US24422EUN74","3.00","Jul 10, 2020","2.77","-","2.77","0.02","3,000,000.00"
"ABN AMRO BANK NV MTN 144A","Fixed Income","0.20","100.40","3,022,044.85","3,022,044.85","Financial Institutions","-","US00084DAS99","3.09","Aug 27, 2021","2.75","-","2.75","0.15","3,000,000.00"
"SANTANDER UK PLC","Fixed Income","0.20","99.97","3,021,876.67","3,021,876.67","Financial Institutions","BYVGB67","US80283LAH69","2.35","Sep 10, 2019","2.49","-","2.49","0.18","3,000,000.00"
"SVENSKA HANDELSBANKEN AB MTN","Fixed Income","0.20","100.10","3,021,880.00","3,021,880.00","Financial Institutions","BYNLWH8","US86960BAJ17","2.40","Oct 1, 2020","2.32","-","2.32","1.21","3,000,000.00"
"MIZUHO BANK LTD (NEW YORK BRANCH)","Fixed Income","0.20","100.12","3,021,559.50","3,021,559.50","Financial Institutions","-","US60700AKG84","2.98","Oct 25, 2019","2.41","-","2.41","0.05","3,000,000.00"
"SVENSKA HANDELSBANKEN AB (NEW YORK","Fixed Income","0.20","100.09","3,020,444.91","3,020,444.91","Financial Institutions","-","US86958JC987","2.86","Oct 21, 2019","2.36","-","2.36","0.05","3,000,000.00"
"JOHN DEERE CAPITAL CORP MTN","Fixed Income","0.20","99.97","3,019,265.62","3,019,265.62","Industrial","-","US24422EUL19","2.76","Oct 9, 2020","2.56","-","2.56","0.26","3,000,000.00"
"MIZUHO BANK LTD 144A","Fixed Income","0.20","99.95","3,018,593.00","3,018,593.00","Financial Institutions","BWGC4P6","US60688XAS99","2.40","Mar 26, 2020","2.46","-","2.46","0.71","3,000,000.00"
"NATIONAL AUSTRALIA BANK LIMITED MTN 144A","Fixed Income","0.20","100.02","3,017,601.87","3,017,601.87","Financial Institutions","BF2VP66","US6325C0DR93","2.83","Jul 25, 2019","2.43","-","2.43","0.05","3,000,000.00"
"MORGAN STANLEY","Fixed Income","0.20","100.00","3,015,715.30","3,015,715.30","Financial Institutions","BYPCT01","US61746BEA08","2.50","Apr 21, 2021","2.50","-","2.50","1.74","3,000,000.00"
"WESTPAC BANKING CORP","Fixed Income","0.20","100.26","3,015,180.95","3,015,180.95","Financial Institutions","BDZWX13","US961214DL49","2.90","Mar 6, 2020","2.42","-","2.42","0.17","3,000,000.00"
"AMERICAN EXPRESS CREDIT CORPORATIO MTN","Fixed Income","0.20","100.17","3,013,303.19","3,013,303.19","Financial Institutions","BF03VT9","US0258M0EF29","2.95","Mar 3, 2020","2.56","-","2.52","0.16","3,000,000.00"
"SUMITOMO MITSUI TRUST BANK LTD (NE","Cash","0.20","100.01","3,011,961.42","3,011,961.42","Cash and/or Derivatives","-","-","2.72","Aug 16, 2019","2.61","-","2.61","0.11","3,000,000.00"
"ABN AMRO BANK NV MTN 144A","Fixed Income","0.20","99.84","3,011,160.00","3,011,160.00","Financial Institutions","BD919W9","US00084DAM20","1.80","Sep 20, 2019","2.55","-","2.55","0.21","3,000,000.00"
"DAIMLER FINANCE NORTH AMERICA LLC 144A","Fixed Income","0.20","99.99","3,010,970.17","3,010,970.17","Industrial","-","US233851DC59","2.97","Feb 22, 2021","2.84","-","2.84","0.13","3,000,000.00"
"SKANDINAVISKA ENSKILDA BANKEN AB MTN 144A","Fixed Income","0.20","100.09","3,010,788.50","3,010,788.50","Financial Institutions","BY58YG0","US83051GAD07","2.45","May 27, 2020","2.34","-","2.34","0.88","3,000,000.00"
"SVENSKA HANDELSBANKEN AB (NEW YORK","Fixed Income","0.20","100.27","3,008,991.63","3,008,991.63","Financial Institutions","-","US86958JB658","2.72","Apr 1, 2020","2.38","-","2.38","0.24","3,000,000.00"
"SIEMENS FINANCIERINGSMAATSCHAPPIJ 144A","Fixed Income","0.19","100.14","3,008,554.56","3,008,554.56","Industrial","BDFXGK6","US82620KAN37","2.75","Mar 16, 2020","2.51","-","2.51","0.20","3,000,000.00"
"UBS AG (LONDON BRANCH) 144A","Fixed Income","0.19","100.03","3,007,955.83","3,007,955.83","Financial Institutions","BD25JT5","US902674XK19","2.45","Dec 1, 2020","2.43","-","2.43","1.32","3,000,000.00"
"UBS AG (LONDON BRANCH)","Cash","0.19","100.12","3,007,617.36","3,007,617.36","Cash and/or Derivatives","-","-","2.74","Dec 19, 2019","2.41","-","2.41","0.21","3,000,000.00"
"SVENSKA HANDELSBANKEN AB (NEW YORK","Cash","0.19","100.08","3,006,257.20","3,006,257.20","Cash and/or Derivatives","-","US86958J2S79","2.63","Dec 19, 2019","2.39","-","2.39","0.21","3,000,000.00"
"NATIXIS (NEW YORK BRANCH)","Cash","0.19","99.97","3,005,139.00","3,005,139.00","Cash and/or Derivatives","-","US63873NZ384","2.70","Jun 5, 2020","2.43","-","2.43","0.91","3,000,000.00"
"CREDIT AGRICOLE CORPORATE AND INVE","Fixed Income","0.19","100.00","3,000,207.21","3,000,207.21","Financial Institutions","-","US22532XMG06","2.56","Jan 11, 2021","2.61","-","2.61","0.27","3,000,000.00"
"CITIBANK NA","Fixed Income","0.19","99.86","3,000,060.00","3,000,060.00","Financial Institutions","BYSTZT0","US17325FAE88","2.10","Jun 12, 2020","2.25","-","2.25","0.88","3,000,000.00"
"BELL CANADA","Cash","0.19","99.98","2,999,346.25","2,999,346.25","Cash and/or Derivatives","-","-","0.00","Jul 8, 2019","2.62","-","2.62","0.01","3,000,000.00"
"NISSAN MOTOR ACCEPTANCE CORP.","Cash","0.19","99.97","2,999,013.75","2,999,013.75","Cash and/or Derivatives","-","-","0.00","Jul 10, 2019","2.37","-","2.37","0.01","3,000,000.00"
"NISSAN MOTOR ACCEPTANCE CORP.","Cash","0.19","99.95","2,998,617.50","2,998,617.50","Cash and/or Derivatives","-","-","0.00","Jul 12, 2019","2.37","-","2.37","0.02","3,000,000.00"
"COMET_16-A6 A","Fixed Income","0.19","99.84","2,998,415.09","2,998,415.09","ABS","BDFF5S3","US14041NFH98","1.82","Sep 15, 2022","2.27","-","2.27","0.36","3,000,000.00"
"RYDER SYSTEM INC.","Cash","0.19","99.93","2,997,905.00","2,997,905.00","Cash and/or Derivatives","-","-","0.00","Jul 15, 2019","2.52","-","2.52","0.03","3,000,000.00"
"FEDERATION DES CAISSES DESJARDINS","Cash","0.19","99.89","2,996,638.25","2,996,638.25","Cash and/or Derivatives","-","-","0.00","Jul 22, 2019","2.38","-","2.38","0.05","3,000,000.00"
"HYUNDAI CAPITAL AMERICA","Cash","0.19","99.88","2,996,425.75","2,996,425.75","Cash and/or Derivatives","-","-","0.00","Jul 22, 2019","2.53","-","2.53","0.05","3,000,000.00"
"SUNCORP METWAY LTD","Cash","0.19","99.88","2,996,257.50","2,996,257.50","Cash and/or Derivatives","-","-","0.00","Jul 23, 2019","2.50","-","2.50","0.05","3,000,000.00"
"MCKESSON CORP","Cash","0.19","99.87","2,996,002.08","2,996,002.08","Cash and/or Derivatives","-","-","0.00","Jul 24, 2019","2.53","-","2.53","0.05","3,000,000.00"
"SIEMENS FINANCIERINGSMAATSCHAPPIJ 144A","Fixed Income","0.19","99.62","2,995,620.50","2,995,620.50","Industrial","BYZPKH4","US82620KAC71","2.15","May 27, 2020","2.58","-","2.58","0.88","3,000,000.00"
"WALGREENS BOOTS ALLIANCE INC","Cash","0.19","99.85","2,995,576.00","2,995,576.00","Cash and/or Derivatives","-","-","0.00","Jul 26, 2019","2.53","-","2.53","0.06","3,000,000.00"
"BELL CANADA","Cash","0.19","99.77","2,992,986.67","2,992,986.67","Cash and/or Derivatives","-","-","0.00","Aug 6, 2019","2.64","-","2.64","0.09","3,000,000.00"
"WALGREENS BOOTS ALLIANCE INC","Cash","0.19","99.68","2,990,381.25","2,990,381.25","Cash and/or Derivatives","-","-","0.00","Aug 19, 2019","2.57","-","2.57","0.12","3,000,000.00"
"TOYOTA INDUSTRIES COMMERCIAL FINAN","Cash","0.19","99.67","2,990,202.33","2,990,202.33","Cash and/or Derivatives","-","-","0.00","Aug 26, 2019","2.27","-","2.27","0.14","3,000,000.00"
"ENBRIDGE (US) INC","Cash","0.19","99.62","2,988,613.83","2,988,613.83","Cash and/or Derivatives","-","-","0.00","Aug 27, 2019","2.59","-","2.59","0.14","3,000,000.00"
"SUNCOR ENERGY INC.","Cash","0.19","99.57","2,987,050.00","2,987,050.00","Cash and/or Derivatives","-","-","0.00","Sep 3, 2019","2.60","-","2.60","0.16","3,000,000.00"
"BEDFORD ROW FUNDING CORP","Cash","0.19","99.54","2,986,197.00","2,986,197.00","Cash and/or Derivatives","-","-","0.00","Sep 12, 2019","2.41","-","2.41","0.19","3,000,000.00"
"WALGREENS BOOTS ALLIANCE INC","Cash","0.19","99.36","2,980,940.67","2,980,940.67","Cash and/or Derivatives","-","-","0.00","Oct 1, 2019","2.62","-","2.62","0.24","3,000,000.00"
"ENBRIDGE (US) INC","Cash","0.19","99.34","2,980,283.33","2,980,283.33","Cash and/or Derivatives","-","-","0.00","Oct 4, 2019","2.62","-","2.62","0.25","3,000,000.00"
"VW CREDIT INC","Cash","0.19","99.32","2,979,633.33","2,979,633.33","Cash and/or Derivatives","-","-","0.00","Oct 7, 2019","2.62","-","2.62","0.25","3,000,000.00"
"VW CREDIT INC","Cash","0.19","99.26","2,977,900.00","2,977,900.00","Cash and/or Derivatives","-","US91842KXF82","0.00","Oct 15, 2019","2.62","-","2.62","0.28","3,000,000.00"
"PARKER HANNIFIN CORP","Cash","0.19","99.97","2,944,225.79","2,944,225.79","Cash and/or Derivatives","-","-","0.00","Jul 9, 2019","2.37","-","2.37","0.01","2,945,000.00"
"AMERICAN EXPRESS CREDIT CORPORATIO","Fixed Income","0.19","100.48","2,930,298.57","2,930,298.57","Financial Institutions","-","US0258M0DU05","3.25","May 26, 2020","2.57","-","2.52","0.15","2,906,000.00"
"GOLDMAN SACHS BANK USA","Cash","0.18","99.97","2,750,641.02","2,750,641.02","Cash and/or Derivatives","-","US40054PED33","2.75","Jun 29, 2020","2.68","-","2.68","0.23","2,750,000.00"
"ENTERPRISE PRODUCTS OPERATING LLC","Fixed Income","0.18","100.54","2,748,083.02","2,748,083.02","Industrial","BD073R9","US29379VBK89","2.85","Apr 15, 2021","2.54","-","2.52","1.66","2,716,000.00"
"ABN AMRO BANK NV MTN 144A","Fixed Income","0.17","101.74","2,574,058.33","2,574,058.33","Financial Institutions","BGDYXM3","US00084DAT72","3.40","Aug 27, 2021","2.56","-","2.56","2.05","2,500,000.00"
"SUMITOMO MITSUI BANKING CORPORATIO","Fixed Income","0.16","100.01","2,527,755.76","2,527,755.76","Financial Institutions","BFWJ9F7","US865622CJ19","2.51","Jan 17, 2020","2.49","-","2.49","0.53","2,498,000.00"
"UBS AG (STAMFORD BRANCH) MTN","Fixed Income","0.16","99.99","2,516,019.44","2,516,019.44","Financial Institutions","BWGQR71","US90261XHK19","2.35","Mar 26, 2020","2.36","-","2.36","0.71","2,500,000.00"
"JPMORGAN CHASE BANK NA","Fixed Income","0.16","100.07","2,501,659.40","2,501,659.40","Financial Institutions","-","US48125LRT16","0.00","Feb 19, 2021","2.99","-","2.92","0.02","2,500,000.00"
"TOYOTA MOTOR CREDIT CORP MTN","Fixed Income","0.16","101.17","2,500,088.90","2,500,088.90","Industrial","BJ2NY96","US89236TFQ31","3.05","Jan 8, 2021","2.26","-","2.26","1.46","2,435,000.00"
"BELL CANADA","Cash","0.16","99.71","2,492,694.44","2,492,694.44","Cash and/or Derivatives","-","-","0.00","Aug 14, 2019","2.64","-","2.64","0.11","2,500,000.00"
"JUPITER SECURITIZATION COMPANY LLC","Cash","0.16","99.31","2,482,702.50","2,482,702.50","Cash and/or Derivatives","-","-","0.00","Oct 15, 2019","2.46","-","2.46","0.28","2,500,000.00"
"RECKITT BENCKISER TSY","Cash","0.16","98.64","2,465,875.62","2,465,875.62","Cash and/or Derivatives","-","-","0.00","Feb 3, 2020","2.34","-","2.34","0.58","2,500,000.00"
"AMERICAN EXPRESS CREDIT CORPORATIO MTN","Fixed Income","0.16","99.86","2,454,156.83","2,454,156.83","Financial Institutions","BYMTDY7","US0258M0EC97","1.70","Oct 30, 2019","2.14","-","2.14","0.31","2,450,000.00"
"TAOT_18-C A2A","Fixed Income","0.16","100.25","2,435,830.53","2,435,830.53","ABS","-","US89231AAB70","2.77","Aug 16, 2021","2.24","-","2.24","0.46","2,425,798.00"
"NEXTERA ENERGY CAPITAL HOLDINGS IN","Fixed Income","0.15","101.23","2,304,637.51","2,304,637.51","Utility","-","US65339KBF66","2.90","Apr 1, 2022","2.43","-","2.43","2.61","2,260,000.00"
"UBS AG (LONDON BRANCH) 144A","Fixed Income","0.15","99.89","2,301,325.06","2,301,325.06","Financial Institutions","BZ4DLT5","US902674XF24","2.20","Jun 8, 2020","2.32","-","2.32","0.87","2,300,000.00"
"SVENSKA HANDELSBANKEN AB MTN","Fixed Income","0.15","99.84","2,257,560.00","2,257,560.00","Financial Institutions","BDCX137","US86960BAN29","1.50","Sep 6, 2019","2.46","-","2.46","0.17","2,250,000.00"
"SOCIETE GENERALE SA","Cash","0.15","99.80","2,245,439.25","2,245,439.25","Cash and/or Derivatives","-","-","0.00","Aug 5, 2019","2.36","-","2.36","0.08","2,250,000.00"
"RABOBANK NEDERLAND NV 144A","Fixed Income","0.15","101.20","2,241,896.94","2,241,896.94","Financial Institutions","B5QJX39","US74977RCA05","4.75","Jan 15, 2020","2.45","-","2.45","0.51","2,167,000.00"
"BLK CSH FND TREASURY SL AGENCY","Money Market","0.14","1.00","2,232,389.62","2,232,389.62","Cash and/or Derivatives","-","US0669224778","2.69","-","2.42","-","2.42","0.07","2,232,390.00"
"KEYBANK NATIONAL ASSOCIATION","Fixed Income","0.14","102.30","2,193,674.48","2,193,674.48","Financial Institutions","-","US49327M2X13","3.30","Feb 1, 2022","2.37","-","2.37","2.44","2,115,000.00"
"MIZUHO BANK LTD 144A","Fixed Income","0.14","100.04","2,154,699.32","2,154,699.32","Financial Institutions","BQXX201","US60688XAL47","2.65","Sep 25, 2019","2.46","-","2.46","0.22","2,138,000.00"
"MORGAN STANLEY","Fixed Income","0.13","101.76","2,051,731.25","2,051,731.25","Financial Institutions","BZ3G4X0","US61746BEB80","3.99","Apr 21, 2021","2.78","-","2.78","0.07","2,000,000.00"
"BARCLAYS BANK PLC (NEW YORK BRANCH","Cash","0.13","100.13","2,050,802.76","2,050,802.76","Cash and/or Derivatives","-","-","3.00","Sep 19, 2019","2.32","-","2.32","0.21","2,000,000.00"
"CANADIAN IMPERIAL BANK OF COMMERCE","Cash","0.13","100.28","2,048,865.62","2,048,865.62","Cash and/or Derivatives","-","-","3.08","Oct 28, 2019","2.15","-","2.15","0.31","2,000,000.00"
"CREDIT SUISSE AG (NEW YORK BRANCH)","Cash","0.13","100.14","2,048,116.87","2,048,116.87","Cash and/or Derivatives","-","US22549LPJ88","2.94","Sep 27, 2019","2.30","-","2.30","0.23","2,000,000.00"
"CREDIT SUISSE NEW YORK NY MTN","Fixed Income","0.13","100.26","2,047,305.76","2,047,305.76","Financial Institutions","B43XDV5","US22546QAC15","5.30","Aug 13, 2019","2.77","-","2.77","0.11","2,000,000.00"
"WELLS FARGO BANK NA","Fixed Income","0.13","100.85","2,047,009.72","2,047,009.72","Financial Institutions","BFMYW31","US94988J5P84","3.33","Jul 23, 2021","2.65","-","2.50","1.02","2,000,000.00"
"CITIBANK NA","Fixed Income","0.13","101.08","2,045,709.17","2,045,709.17","Financial Institutions","-","US17325FAV04","3.17","Feb 19, 2022","2.61","-","2.48","1.59","2,000,000.00"
"LLOYDS BANK CORPORATE MARKETS PLC","Cash","0.13","100.06","2,042,147.79","2,042,147.79","Cash and/or Derivatives","-","-","3.05","Aug 6, 2019","2.36","-","2.36","0.09","2,000,000.00"
"TORONTO-DOMINION BANK (NEW YORK BR","Cash","0.13","100.13","2,036,170.96","2,036,170.96","Cash and/or Derivatives","-","-","3.02","Sep 18, 2019","2.35","-","2.35","0.20","2,000,000.00"
"CREDIT AGRICOLE CORPORATE AND INVE","Fixed Income","0.13","100.66","2,027,770.97","2,027,770.97","Financial Institutions","-","US22532XLA45","3.20","Jan 14, 2021","2.53","-","2.53","0.03","2,000,000.00"
"BARCLAYS BANK PLC (NEW YORK BRANCH","Cash","0.13","100.37","2,025,064.20","2,025,064.20","Cash and/or Derivatives","-","-","3.01","Dec 23, 2019","2.21","-","2.21","0.46","2,000,000.00"
"LOCKHEED MARTIN CORPORATION","Fixed Income","0.13","100.62","2,024,401.67","2,024,401.67","Industrial","B44B7M7","US539830AT67","4.25","Nov 15, 2019","2.51","-","2.51","0.36","2,000,000.00"
"SOCIETE GENERALE (NEW YORK BRANCH)","Cash","0.13","100.26","2,022,950.38","2,022,950.38","Cash and/or Derivatives","-","-","2.80","Mar 13, 2020","2.40","-","2.40","0.68","2,000,000.00"
"MUFG BANK LTD (NEW YORK BRANCH)","Cash","0.13","100.29","2,022,063.56","2,022,063.56","Cash and/or Derivatives","-","-","2.72","Feb 24, 2020","2.24","-","2.24","0.63","2,000,000.00"
"MUFG BANK LTD (NEW YORK BRANCH)","Fixed Income","0.13","100.40","2,020,339.00","2,020,339.00","Financial Institutions","-","US55379WYA88","3.08","Jan 25, 2021","2.62","-","2.62","0.06","2,000,000.00"
"GILEAD SCIENCES INC","Fixed Income","0.13","100.11","2,019,968.33","2,019,968.33","Industrial","BYMYP68","US375558BB81","2.55","Sep 1, 2020","2.45","-","2.45","1.13","2,000,000.00"
"CITIBANK NA","Fixed Income","0.13","100.34","2,019,737.08","2,019,737.08","Financial Institutions","-","US17325FAR91","3.16","Jul 23, 2021","2.77","-","2.76","0.06","2,000,000.00"
"BANK OF NOVA SCOTIA","Fixed Income","0.13","100.34","2,019,431.25","2,019,431.25","Financial Institutions","-","US064159LH78","3.03","Apr 20, 2021","2.62","-","2.62","0.05","2,000,000.00"
"SOCIETE GENERALE SA","Cash","0.13","100.17","2,017,787.89","2,017,787.89","Cash and/or Derivatives","-","-","2.96","Jan 9, 2020","2.38","-","2.38","0.26","2,000,000.00"
"GENERAL DYNAMICS CORPORATION","Fixed Income","0.13","100.45","2,017,704.72","2,017,704.72","Industrial","BG5L0T8","US369550BA59","2.88","May 11, 2020","2.34","-","2.34","0.84","2,000,000.00"
"NATIONAL AUSTRALIA BANK LIMITED 144A","Fixed Income","0.13","100.13","2,016,547.08","2,016,547.08","Financial Institutions","BF7PC39","US6325C0DT59","2.95","Jan 12, 2021","2.64","-","2.64","0.02","2,000,000.00"
"ROYAL BANK OF CANADA MTN","Fixed Income","0.13","100.22","2,016,227.48","2,016,227.48","Financial Institutions","-","US78013XRJ99","2.89","Jul 22, 2020","2.46","-","2.46","0.05","2,000,000.00"
"BMW US CAPITAL LLC 144A","Fixed Income","0.13","100.09","2,016,010.42","2,016,010.42","Industrial","-","US05565EAV74","3.01","Apr 12, 2021","2.73","-","2.73","0.02","2,000,000.00"
"MIZUHO BANK LTD (NEW YORK BRANCH)","Fixed Income","0.13","100.13","2,015,849.86","2,015,849.86","Financial Institutions","-","US60700AD683","2.91","Jan 15, 2020","2.45","-","2.45","0.03","2,000,000.00"
"WELLS FARGO BANK NA","Fixed Income","0.13","100.14","2,015,550.61","2,015,550.61","Financial Institutions","-","US94988J5U79","3.10","Oct 22, 2021","2.82","-","2.81","0.05","2,000,000.00"
"BARCLAYS BANK PLC (NEW YORK BRANCH","Cash","0.13","100.07","2,014,898.21","2,014,898.21","Cash and/or Derivatives","-","US06742TKR67","2.96","Oct 15, 2019","2.45","-","2.45","0.03","2,000,000.00"
"SUMITOMO MITSUI BANKING CORP (NEW","Cash","0.13","100.14","2,015,033.45","2,015,033.45","Cash and/or Derivatives","-","-","3.00","Jul 24, 2020","2.64","-","2.64","0.05","2,000,000.00"
"CANADIAN IMPERIAL BANK OF COMMERCE","Fixed Income","0.13","100.21","2,014,971.33","2,014,971.33","Financial Institutions","-","US13606BWG75","2.98","May 2, 2020","2.52","-","2.52","0.08","2,000,000.00"
"UNITED OVERSEAS BANK LTD MTN 144A","Fixed Income","0.13","100.12","2,014,951.28","2,014,951.28","Financial Institutions","BZ1LVG9","US91127KAB89","3.07","Apr 23, 2021","2.79","-","2.79","0.05","2,000,000.00"
"COMMONWEALTH BANK OF AUSTRALIA/NEW","Fixed Income","0.13","99.98","2,014,973.33","2,014,973.33","Financial Institutions","BQQP6Z7","US20271RAH30","2.30","Sep 6, 2019","2.39","-","2.39","0.17","2,000,000.00"
"WELLS FARGO BANK NA","Fixed Income","0.13","100.08","2,014,761.86","2,014,761.86","Financial Institutions","BFMDCB6","US94988J5M53","2.91","Jan 15, 2021","2.63","-","2.63","0.03","2,000,000.00"
"BANK OF TOKYO MITSUBISHI UFJ LTD 144A","Fixed Income","0.13","99.96","2,014,525.56","2,014,525.56","Financial Institutions","BQQFH98","US064255BC52","2.35","Sep 8, 2019","2.58","-","2.58","0.18","2,000,000.00"
"SUMITOMO MITSUI TRUST BANK LTD (NE","Cash","0.13","100.07","2,014,279.96","2,014,279.96","Cash and/or Derivatives","-","US86564FQQ99","2.83","Jan 15, 2020","2.44","-","2.44","0.03","2,000,000.00"
"CREDIT AGRICOLE CORPORATE AND INVE","Fixed Income","0.13","100.27","2,014,248.75","2,014,248.75","Financial Institutions","-","US22532XJG43","2.92","May 11, 2020","2.44","-","2.44","0.11","2,000,000.00"
"BANK OF MONTREAL MTN","Fixed Income","0.13","99.97","2,013,488.00","2,013,488.00","Financial Institutions","BD0R313","US06367THQ67","1.50","Jul 18, 2019","2.19","-","2.19","0.04","2,000,000.00"
"ING BANK NV 144A","Fixed Income","0.13","100.00","2,013,196.44","2,013,196.44","Financial Institutions","BR05XS2","US449786BD37","2.50","Oct 1, 2019","2.48","-","2.48","0.24","2,000,000.00"
"NORDEA BANK ABP MTN 144A","Fixed Income","0.13","100.33","2,012,842.52","2,012,842.52","Financial Institutions","BYZ8KB7","US65557CAW38","2.99","May 29, 2020","2.49","-","2.49","0.15","2,000,000.00"
"ROYAL BANK OF CANADA MTN","Fixed Income","0.13","99.95","2,012,079.33","2,012,079.33","Financial Institutions","BYYQNT1","US78012KRK50","1.50","Jul 29, 2019","2.24","-","2.24","0.06","2,000,000.00"
"SANTANDER UK PLC","Fixed Income","0.13","99.86","2,011,673.89","2,011,673.89","Financial Institutions","BYVGB45","US80283LAN38","2.38","Mar 16, 2020","2.58","-","2.58","0.69","2,000,000.00"
"WESTPAC BANKING CORP","Cash","0.13","100.06","2,011,231.78","2,011,231.78","Cash and/or Derivatives","-","-","2.76","Nov 1, 2019","2.38","-","2.38","0.07","2,000,000.00"
"JP MORGAN SECURITIES LLC","Cash","0.13","100.01","2,011,177.63","2,011,177.63","Cash and/or Derivatives","-","-","2.79","Jul 26, 2019","2.61","-","2.61","0.06","2,000,000.00"
"SOCIETE GENERALE SA MTN 144A","Fixed Income","0.13","99.89","2,009,922.22","2,009,922.22","Financial Institutions","BYQCQY3","US83368RAG74","2.50","Apr 8, 2021","2.57","-","2.57","1.71","2,000,000.00"
"HARLEY-DAVIDSON FINANCIAL SERVICES MTN 144A","Fixed Income","0.13","100.03","2,008,282.58","2,008,282.58","Industrial","-","US41284VAA08","3.02","May 21, 2020","2.86","-","2.86","0.13","2,000,000.00"
"AMERICAN HONDA FINANCE CORPORATION MTN","Fixed Income","0.13","100.06","2,008,064.14","2,008,064.14","Industrial","-","US02665WCL37","2.67","Feb 21, 2020","2.46","-","2.46","0.13","2,000,000.00"
"SUNCORP-METWAY LTD MTN 144A","Fixed Income","0.13","99.95","2,008,064.33","2,008,064.33","Financial Institutions","BWYJR27","US8672EMAD60","2.35","Apr 27, 2020","2.41","-","2.41","0.80","2,000,000.00"
"BANK OF AMERICA NA","Fixed Income","0.13","100.03","2,006,643.03","2,006,643.03","Financial Institutions","-","US06050TMH22","2.77","Aug 28, 2020","2.61","-","2.55","0.15","2,000,000.00"
"BANK OF MONTREAL (CHICAGO BRANCH)","Cash","0.13","100.10","2,006,401.76","2,006,401.76","Cash and/or Derivatives","-","US06370RHL69","2.66","Mar 6, 2020","2.41","-","2.41","0.17","2,000,000.00"
"NEXTERA ENERGY CAPITAL HOLDINGS IN","Fixed Income","0.13","100.03","2,005,753.96","2,005,753.96","Utility","BFMJ0J8","US65339KAX81","2.84","Sep 3, 2019","2.66","-","2.66","0.16","2,000,000.00"
"SALISBURY RECEIVABLES COMPANY LLC","Cash","0.13","100.06","2,004,385.84","2,004,385.84","Cash and/or Derivatives","-","-","2.93","Oct 17, 2019","2.77","-","2.77","0.03","2,000,000.00"
"COMCAST CORPORATION","Fixed Income","0.13","100.18","2,004,375.80","2,004,375.80","Industrial","BGV63F4","US20030NCV10","2.65","Oct 1, 2020","2.54","-","2.54","0.24","2,000,000.00"
"CANADIAN IMPERIAL BANK OF COMMERCE","Cash","0.13","100.03","2,004,167.92","2,004,167.92","Cash and/or Derivatives","-","-","2.74","Aug 13, 2019","2.40","-","2.40","0.03","2,000,000.00"
"CANADIAN IMPERIAL BANK OF COMMERCE","Cash","0.13","100.01","2,001,827.99","2,001,827.99","Cash and/or Derivatives","-","US13606BH580","2.70","Jul 25, 2019","2.54","-","2.54","0.05","2,000,000.00"
"VW CREDIT INC","Cash","0.13","99.98","1,999,582.50","1,999,582.50","Cash and/or Derivatives","-","-","0.00","Jul 8, 2019","2.51","-","2.51","0.01","2,000,000.00"
"JP MORGAN SECURITIES LLC","Cash","0.13","99.96","1,999,213.67","1,999,213.67","Cash and/or Derivatives","-","-","0.00","Jul 11, 2019","2.36","-","2.36","0.02","2,000,000.00"
"ENBRIDGE (US) INC","Cash","0.13","99.96","1,999,163.67","1,999,163.67","Cash and/or Derivatives","-","-","0.00","Jul 11, 2019","2.51","-","2.51","0.02","2,000,000.00"
"CREDIT SUISSE (NY BRANCH)","Cash","0.13","99.93","1,998,667.22","1,998,667.22","Cash and/or Derivatives","-","-","0.00","Jul 15, 2019","2.40","-","2.40","0.03","2,000,000.00"
"NEXTERA ENERGY CAPITAL HOLDINGS IN","Cash","0.13","99.92","1,998,463.06","1,998,463.06","Cash and/or Derivatives","-","-","0.00","Jul 16, 2019","2.52","-","2.52","0.03","2,000,000.00"
"MACQUARIE BANK LTD","Cash","0.13","99.82","1,996,344.44","1,996,344.44","Cash and/or Derivatives","-","-","0.00","Aug 2, 2019","2.35","-","2.35","0.08","2,000,000.00"
"WELLTOWER INC","Cash","0.13","99.82","1,996,338.33","1,996,338.33","Cash and/or Derivatives","-","-","0.00","Jul 31, 2019","2.54","-","2.54","0.07","2,000,000.00"
"BELL CANADA","Cash","0.13","99.80","1,996,055.00","1,996,055.00","Cash and/or Derivatives","-","-","0.00","Aug 1, 2019","2.64","-","2.64","0.07","2,000,000.00"
"MACQUARIE BANK LTD","Cash","0.13","99.78","1,995,561.11","1,995,561.11","Cash and/or Derivatives","-","-","0.00","Aug 8, 2019","2.36","-","2.36","0.09","2,000,000.00"
"HSBC USA INC","Cash","0.13","99.74","1,994,806.67","1,994,806.67","Cash and/or Derivatives","-","-","0.00","Aug 15, 2019","2.29","-","2.29","0.11","2,000,000.00"
"SALISBURY RECEIVABLES COMPANY LLC 144A","Cash","0.13","99.68","1,993,521.11","1,993,521.11","Cash and/or Derivatives","-","-","0.00","Aug 23, 2019","2.39","-","2.39","0.13","2,000,000.00"
"WALGREENS BOOTS ALLIANCE INC","Cash","0.13","99.60","1,991,964.00","1,991,964.00","Cash and/or Derivatives","-","-","0.00","Aug 30, 2019","2.59","-","2.59","0.15","2,000,000.00"
"ATLANTIC ASSET SECURITIZATION LLC","Cash","0.13","99.56","1,991,200.00","1,991,200.00","Cash and/or Derivatives","-","-","0.00","Sep 9, 2019","2.41","-","2.41","0.18","2,000,000.00"
"CREDIT SUISSE (NY BRANCH)","Cash","0.13","99.46","1,989,294.67","1,989,294.67","Cash and/or Derivatives","-","-","0.00","Sep 27, 2019","2.31","-","2.31","0.23","2,000,000.00"
"BARCLAYS BANK PLC NEW YORK BRANCH","Cash","0.13","99.18","1,983,670.56","1,983,670.56","Cash and/or Derivatives","-","-","0.00","Nov 15, 2019","2.23","-","2.23","0.36","2,000,000.00"
"BMW US CAPITAL LLC 144A","Fixed Income","0.12","100.88","1,889,995.97","1,889,995.97","Industrial","BFZJ095","US05565EBA29","3.25","Aug 14, 2020","2.44","-","2.44","1.08","1,850,000.00"
"NEXTERA ENERGY CAPITAL HOLDINGS IN","Fixed Income","0.12","100.98","1,833,420.66","1,833,420.66","Utility","BD6HL68","US65339KAQ31","3.34","Sep 1, 2020","2.47","-","2.47","1.13","1,795,000.00"
"CREDIT AGRICOLE CORPORATE AND INVE","Fixed Income","0.12","100.34","1,807,692.08","1,807,692.08","Financial Institutions","-","US22532XKA53","2.74","Sep 24, 2020","2.48","-","2.48","0.22","1,800,000.00"
"SKANDINAVISKA ENSKILDA BANKEN AB","Fixed Income","0.11","99.83","1,755,264.58","1,755,264.58","Financial Institutions","BYY5ZC5","US830505AS24","1.50","Sep 13, 2019","2.39","-","2.39","0.19","1,750,000.00"
"ALIBABA GROUP HOLDING LTD","Fixed Income","0.11","100.00","1,754,635.56","1,754,635.56","Industrial","BYP8WS8","US01609WAC64","2.50","Nov 28, 2019","2.49","-","2.49","0.34","1,750,000.00"
"PFIZER INC","Fixed Income","0.11","101.72","1,714,255.00","1,714,255.00","Industrial","BFY0K88","US717081EM19","3.00","Sep 15, 2021","2.19","-","2.19","2.11","1,670,000.00"
"COMCAST CORPORATION","Fixed Income","0.11","101.22","1,643,662.42","1,643,662.42","Industrial","-","US20030NCP42","3.30","Oct 1, 2020","2.29","-","2.29","1.21","1,610,000.00"
"COMMONWEALTH BANK OF AUSTRALIA 144A","Fixed Income","0.11","100.25","1,622,339.09","1,622,339.09","Financial Institutions","-","US2027A0JJ97","2.90","Mar 10, 2020","2.46","-","2.46","0.18","1,615,000.00"
"COMMONWEALTH BANK OF AUSTRALIA MTN 144A","Fixed Income","0.10","99.76","1,591,695.36","1,591,695.36","Financial Institutions","BYXM862","US2027A0HZ57","1.75","Nov 7, 2019","2.47","-","2.47","0.34","1,591,000.00"
"DAIMLER FINANCE NORTH AMERICA LLC 144A","Fixed Income","0.10","99.47","1,541,063.25","1,541,063.25","Industrial","BZ3ZWL1","US233851CZ53","2.30","Feb 12, 2021","2.64","-","2.64","1.56","1,535,000.00"
"CATERPILLAR FINANCIAL SERVICES COR MTN","Fixed Income","0.10","100.92","1,527,212.50","1,527,212.50","Industrial","BFMHTL7","US14913Q2G39","2.90","Mar 15, 2021","2.34","-","2.34","1.64","1,500,000.00"
"TOYOTA MOTOR CREDIT CORP MTN","Fixed Income","0.10","99.97","1,515,638.33","1,515,638.33","Industrial","BF7PBY3","US89236TEJ07","2.20","Jan 10, 2020","2.26","-","2.26","0.51","1,500,000.00"
"MIZUHO BANK LTD NEW YORK BRANCH","Cash","0.10","100.12","1,512,465.89","1,512,465.89","Cash and/or Derivatives","-","-","3.12","Apr 15, 2020","2.99","-","2.99","0.76","1,500,000.00"
"SUMITOMO MITSUI TRUST BANK LTD (NE","Cash","0.10","100.00","1,510,237.81","1,510,237.81","Cash and/or Derivatives","-","US86564FER01","2.79","Jul 9, 2019","2.77","-","2.77","0.01","1,500,000.00"
"BANK OF MONTREAL (CHICAGO BRANCH)","Cash","0.10","100.06","1,508,599.77","1,508,599.77","Cash and/or Derivatives","-","-","2.79","Nov 1, 2019","2.39","-","2.39","0.07","1,500,000.00"
"TRANSCANADA PIPELINES LTD","Fixed Income","0.10","100.05","1,506,846.50","1,506,846.50","Industrial","BD823X2","US89352HAU32","2.79","Nov 15, 2019","2.55","-","2.55","0.11","1,500,000.00"
"TOYOTA MOTOR CREDIT CORP MTN","Fixed Income","0.10","100.20","1,505,850.75","1,505,850.75","Industrial","BWBVVR9","US89236TCG85","2.81","Mar 12, 2020","2.45","-","2.45","0.19","1,500,000.00"
"CANADIAN IMPERIAL BANK OF COMMERCE","Fixed Income","0.10","100.09","1,503,184.42","1,503,184.42","Financial Institutions","-","US13606BUG93","2.80","Sep 20, 2019","2.38","-","2.38","0.21","1,500,000.00"
"BANK OF NOVA SCOTIA (HOUSTON BRANC","Cash","0.10","100.04","1,502,350.97","1,502,350.97","Cash and/or Derivatives","-","-","2.59","Sep 20, 2019","2.39","-","2.39","0.21","1,500,000.00"
"BEDFORD ROW FUNDING CORP 144A","Cash","0.10","100.02","1,501,321.90","1,501,321.90","Cash and/or Derivatives","-","-","2.62","Aug 26, 2019","2.50","-","2.50","0.06","1,500,000.00"
"APPLE INC","Fixed Income","0.10","99.81","1,501,200.00","1,501,200.00","Industrial","-","US037833DH03","1.80","Nov 13, 2019","2.32","-","2.32","0.36","1,500,000.00"
"SOCIETE GENERALE SA","Cash","0.10","99.66","1,494,930.00","1,494,930.00","Cash and/or Derivatives","-","US83368YBG17","0.00","Aug 26, 2019","2.35","-","2.35","0.14","1,500,000.00"
"NATIONWIDE BUILDING SOC","Cash","0.10","99.53","1,492,912.92","1,492,912.92","Cash and/or Derivatives","-","-","0.00","Sep 16, 2019","2.34","-","2.34","0.20","1,500,000.00"
"SOCIETE GENERALE SA","Cash","0.10","99.25","1,488,720.00","1,488,720.00","Cash and/or Derivatives","-","-","0.00","Oct 31, 2019","2.31","-","2.31","0.32","1,500,000.00"
"BANK OF TOKYO-MITSUBISHI UFJ LTD (","Fixed Income","0.09","100.09","1,404,209.26","1,404,209.26","Financial Institutions","-","US06539REL78","2.90","Sep 9, 2019","2.40","-","2.40","0.18","1,400,000.00"
"ANZ NEW ZEALAND INTL LTD (LONDON B 144A","Fixed Income","0.09","99.83","1,362,683.15","1,362,683.15","Financial Institutions","BF41TT5","US00182EBE86","2.20","Jul 17, 2020","2.37","-","2.37","1.01","1,351,000.00"
"ROCHE HOLDINGS INC 144A","Fixed Income","0.08","99.97","1,307,410.00","1,307,410.00","Industrial","BQZKFN4","US771196BA98","2.25","Sep 30, 2019","2.36","-","2.36","0.19","1,300,000.00"
"SUNCORP METWAY LTD MTN 144A","Fixed Income","0.08","99.80","1,252,250.52","1,252,250.52","Financial Institutions","BDG12M3","US8672EMAH74","2.38","Nov 9, 2020","2.52","-","2.52","1.32","1,250,000.00"
"NATIONAL AUSTRALIA BANK LIMITED 144A","Fixed Income","0.08","100.27","1,212,450.60","1,212,450.60","Financial Institutions","-","US6325C0DG39","3.17","Jan 10, 2020","2.45","-","2.45","0.02","1,200,000.00"
"HSBC USA INC","Fixed Income","0.07","100.00","1,123,938.51","1,123,938.51","Financial Institutions","BSKLJS9","US40428HPN60","2.38","Nov 13, 2019","2.36","-","2.36","0.36","1,120,000.00"
"SIEMENS FINANCIERINGSMAATSCHAPPIJ 144A","Fixed Income","0.07","99.76","1,101,840.91","1,101,840.91","Industrial","BDQPPQ0","US82620KAH68","1.30","Sep 13, 2019","2.57","-","2.57","0.19","1,100,000.00"
"3M CO MTN","Fixed Income","0.07","101.56","1,101,771.08","1,101,771.08","Industrial","BDZ2XS0","US88579YBA82","3.00","Sep 14, 2021","2.27","-","2.24","2.04","1,075,000.00"
"BRANCH BANKING AND TRUST COMPANY","Fixed Income","0.07","99.79","1,100,129.25","1,100,129.25","Financial Institutions","BF3VXX8","US07330NAR61","2.25","Jun 1, 2020","2.48","-","2.48","0.85","1,100,000.00"
"TOYOTA INDUSTRIES CORPORATION 144A","Fixed Income","0.07","101.49","1,024,758.33","1,024,758.33","Industrial","-","US892330AD30","3.11","Mar 12, 2022","2.53","-","2.52","2.50","1,000,000.00"
"NATIONAL AUSTRALIA BANK LTD (NEW Y","Fixed Income","0.07","100.16","1,013,723.23","1,013,723.23","Financial Institutions","BF5RDD4","US63254AAX63","2.50","Jan 12, 2021","2.39","-","2.39","1.47","1,000,000.00"
"WELLS FARGO & COMPANY MTN","Fixed Income","0.07","100.16","1,013,484.34","1,013,484.34","Financial Institutions","BYRGP25","US94974BGM63","2.60","Jul 22, 2020","2.44","-","2.44","1.02","1,000,000.00"
"LLOYDS BANK PLC","Fixed Income","0.07","100.25","1,012,965.00","1,012,965.00","Financial Institutions","BYT35J1","US53944VAK52","2.70","Aug 17, 2020","2.47","-","2.47","1.09","1,000,000.00"
"COOPERATIEVE RABOBANK UA (NEW YORK","Fixed Income","0.07","100.27","1,008,678.97","1,008,678.97","Financial Institutions","BD1MLC4","US21688AAP75","3.02","Apr 26, 2021","2.65","-","2.65","0.06","1,000,000.00"
"TORONTO-DOMINION BANK/THE MTN","Fixed Income","0.07","100.63","1,008,353.23","1,008,353.23","Financial Institutions","BF18DF3","US89114QBY35","3.00","Jun 11, 2020","2.32","-","2.32","0.92","1,000,000.00"
"BANK OF NOVA SCOTIA MTN","Fixed Income","0.07","100.09","1,008,006.61","1,008,006.61","Financial Institutions","-","US064159KU98","2.88","Jan 8, 2021","2.60","-","2.60","0.26","1,000,000.00"
"SUMITOMO MITSUI BANKING CORPORATIO","Fixed Income","0.07","100.12","1,007,718.89","1,007,718.89","Financial Institutions","BFWJSN8","US865622CK81","2.94","Jan 17, 2020","2.52","-","2.52","0.03","1,000,000.00"
"ANZ NEW ZEALAND INTL LTD (LONDON B 144A","Fixed Income","0.07","100.01","1,007,501.89","1,007,501.89","Financial Institutions","BQXKGW2","US00182EAV11","2.60","Sep 23, 2019","2.55","-","2.55","0.22","1,000,000.00"
"NORDEA BANK AB (NEW YORK BRANCH)","Fixed Income","0.07","100.10","1,007,328.99","1,007,328.99","Financial Institutions","-","-","2.87","Oct 18, 2019","2.31","-","2.31","0.04","1,000,000.00"
"SUMITOMO MITSUI TRUST BANK LTD (NE","Cash","0.07","100.00","1,006,696.34","1,006,696.34","Cash and/or Derivatives","-","US86564FPY33","2.71","Jul 8, 2019","2.69","-","2.69","0.01","1,000,000.00"
"NORDEA BANK AB (PUBL) (NEW YORK BR","Fixed Income","0.07","100.22","1,006,438.69","1,006,438.69","Financial Institutions","-","US65590AC875","2.82","Aug 10, 2020","2.43","-","2.43","0.11","1,000,000.00"
"SEMPRA ENERGY","Fixed Income","0.07","100.01","1,006,543.26","1,006,543.26","Utility","BYVW284","US816851BC20","2.85","Jul 15, 2019","2.62","-","2.62","0.03","1,000,000.00"
"AUSTRALIA & NEW ZEALAND BANKING GR MTN 144A","Fixed Income","0.07","100.15","1,006,113.32","1,006,113.32","Financial Institutions","BYWQ6C7","US05252ACY55","2.88","Nov 9, 2020","2.59","-","2.59","0.10","1,000,000.00"
"WESTPAC BANKING CORP","Cash","0.07","100.06","1,005,694.67","1,005,694.67","Cash and/or Derivatives","-","-","2.76","Oct 31, 2019","2.38","-","2.38","0.07","1,000,000.00"
"CITIBANK NA","Fixed Income","0.07","100.10","1,005,357.88","1,005,357.88","Financial Institutions","-","US17325FAM05","2.89","Feb 12, 2021","2.67","-","2.66","0.11","1,000,000.00"
"UNITED TECHNOLOGIES CORPORATION","Fixed Income","0.07","100.06","1,005,087.21","1,005,087.21","Industrial","BF8QNQ1","US913017CZ02","3.17","Aug 16, 2021","3.00","-","2.66","0.11","1,000,000.00"
"BANK OF NOVA SCOTIA (HOUSTON BRANC","Fixed Income","0.07","100.11","1,004,592.52","1,004,592.52","Financial Institutions","-","US06417GY361","2.70","Feb 18, 2020","2.41","-","2.41","0.12","1,000,000.00"
"FIFTH THIRD BANK (OHIO) MTN","Fixed Income","0.07","99.89","1,004,172.06","1,004,172.06","Financial Institutions","BDBRF16","US31677QBL23","2.83","Oct 30, 2020","2.71","-","2.71","0.07","1,000,000.00"
"AMERICAN HONDA FINANCE CORPORATION MTN","Fixed Income","0.07","99.99","1,003,997.88","1,003,997.88","Industrial","-","US02665WCC38","2.75","Feb 12, 2021","2.60","-","2.60","0.11","1,000,000.00"
"SOCIETE GENERALE SA 144A","Cash","0.07","100.19","1,003,566.58","1,003,566.58","Cash and/or Derivatives","-","-","0.00","Dec 16, 2019","2.48","-","2.48","0.03","1,000,000.00"
"IBM CREDIT LLC","Fixed Income","0.06","100.03","1,002,526.98","1,002,526.98","Industrial","BYWYV59","US44932HAD52","2.62","Sep 6, 2019","2.42","-","2.42","0.17","1,000,000.00"
"JOHN DEERE CAPITAL CORP MTN","Fixed Income","0.06","100.01","1,001,863.83","1,001,863.83","Industrial","-","US24422EUC10","2.68","Mar 12, 2021","2.60","-","2.60","0.19","1,000,000.00"
"NATIONAL BANK OF CANADA","Fixed Income","0.06","99.77","1,001,571.11","1,001,571.11","Financial Institutions","BF38XW8","US63307A2G95","2.20","Nov 2, 2020","2.38","-","2.38","1.26","1,000,000.00"
"HYUNDAI CAPITAL AMERICA MTN 144A","Fixed Income","0.06","99.94","1,001,559.50","1,001,559.50","Industrial","-","US44891AAT43","3.26","Mar 12, 2021","3.23","-","3.23","0.19","1,000,000.00"
"CATERPILLAR FINANCIAL SERVICES COR MTN","Fixed Income","0.06","99.99","1,001,293.47","1,001,293.47","Industrial","BYVTR46","US14913Q2H12","2.64","Mar 15, 2021","2.60","-","2.60","0.20","1,000,000.00"
"UBS AG (LONDON BRANCH)","Cash","0.06","100.04","1,000,961.64","1,000,961.64","Cash and/or Derivatives","-","-","2.66","Aug 28, 2019","2.40","-","2.40","0.07","1,000,000.00"
"CHARIOT FUNDING LLC","Cash","0.06","99.95","999,529.00","999,529.00","Cash and/or Derivatives","-","-","0.00","Jul 12, 2019","2.42","-","2.42","0.02","1,000,000.00"
"SOCIETE GENERALE SA","Cash","0.06","99.33","993,313.33","993,313.33","Cash and/or Derivatives","2GDLT25","US83368YBJ55","0.00","Oct 15, 2019","2.38","-","2.38","0.28","1,000,000.00"
"COCA-COLA COMPANY (THE)","Cash","0.06","99.04","990,436.08","990,436.08","Cash and/or Derivatives","-","-","0.00","Dec 9, 2019","2.21","-","2.21","0.43","1,000,000.00"
"PACCAR FINANCIAL CORP MTN","Fixed Income","0.06","101.44","932,542.58","932,542.58","Industrial","BFXYBS8","US69371RP260","3.10","May 10, 2021","2.30","-","2.30","1.79","915,000.00"
"METROPOLITAN LIFE GLOBAL FUNDING I 144A","Fixed Income","0.06","99.83","863,052.47","863,052.47","Financial Institutions","-","US59217GCH02","1.75","Sep 19, 2019","2.54","-","2.54","0.21","860,000.00"
"BANK OF NOVA SCOTIA (HOUSTON BRANC","Fixed Income","0.06","100.07","849,081.17","849,081.17","Financial Institutions","-","US06417GS256","2.88","Oct 15, 2019","2.37","-","2.37","0.03","843,000.00"
"SUMITOMO MITSUI BANKING CORP (NEW","Fixed Income","0.05","100.09","802,376.49","802,376.49","Financial Institutions","-","US86563YK854","2.90","Sep 9, 2019","2.42","-","2.42","0.18","800,000.00"
"HONEYWELL INTERNATIONAL INC","Fixed Income","0.05","100.01","753,728.42","753,728.42","Industrial","BYPF4C7","US438516BP09","2.62","Oct 30, 2019","2.43","-","2.43","0.07","750,000.00"
"NISSAN MOTOR ACCEPTANCE CORP MTN 144A","Fixed Income","0.05","99.81","749,035.81","749,035.81","Industrial","-","US654740BC20","2.72","Sep 28, 2020","2.91","-","2.91","0.24","750,000.00"
"SVENSKA HANDELSBANKEN AB","Fixed Income","0.05","100.23","748,219.60","748,219.60","Financial Institutions","-","US86960BAS16","2.81","Sep 8, 2020","2.54","-","2.54","0.18","745,000.00"
"PACCAR FINANCIAL CORP MTN","Fixed Income","0.04","99.94","682,612.19","682,612.19","Industrial","-","US69371RP344","2.81","May 10, 2021","2.66","-","2.66","0.11","680,000.00"
"ORACLE CORPORATION","Fixed Income","0.04","99.96","603,066.00","603,066.00","Industrial","BNXJBJ0","US68389XAX30","2.25","Oct 8, 2019","2.39","-","2.39","0.26","600,000.00"
"PACCAR FINANCIAL CORP MTN","Fixed Income","0.04","99.71","580,062.67","580,062.67","Industrial","BF8QDH2","US69371RN851","2.05","Nov 13, 2020","2.27","-","2.27","1.33","580,000.00"
"UNITED TECHNOLOGIES CORPORATION","Fixed Income","0.04","101.94","557,505.60","557,505.60","Industrial","BF8QNR2","US913017DA42","3.35","Aug 16, 2021","2.40","-","2.40","2.02","540,000.00"
"AIG GLOBAL FUNDING MTN 144A","Fixed Income","0.04","99.68","555,568.88","555,568.88","Financial Institutions","BFNJ1L6","US00138CAF59","1.95","Oct 18, 2019","3.07","-","3.07","0.28","555,000.00"
"BANK OF MONTREAL MTN","Fixed Income","0.03","100.25","512,327.05","512,327.05","Financial Institutions","BDRKN71","US06367TPY00","3.04","Dec 12, 2019","2.41","-","2.41","0.19","510,000.00"
"UNITED TECHNOLOGIES CORPORATION","Fixed Income","0.03","100.08","503,084.92","503,084.92","Industrial","BZ1JMK4","US913017CK33","2.93","Nov 1, 2019","2.53","-","2.53","0.07","500,000.00"
"SANTANDER UK PLC","Fixed Income","0.03","99.94","502,231.00","502,231.00","Financial Institutions","BYX36Z0","US80283LAQ68","2.88","Nov 3, 2020","2.73","-","2.73","0.09","500,000.00"
"AMERICAN HONDA FINANCE CORPORATION MTN","Fixed Income","0.03","99.88","500,877.22","500,877.22","Industrial","BF3RD69","US02665WBZ32","2.00","Nov 13, 2019","2.33","-","2.33","0.36","500,000.00"
"GOLDMAN SACHS BANK USA","Fixed Income","0.03","100.80","449,799.62","449,799.62","Financial Institutions","BG0TC57","US38148PP843","3.20","Jun 5, 2020","2.31","-","2.31","0.90","445,000.00"
"HONEYWELL INTERNATIONAL INC","Fixed Income","0.02","99.83","310,511.50","310,511.50","Industrial","BF329S8","US438516BQ81","1.80","Oct 30, 2019","2.31","-","2.31","0.32","310,000.00"
"DAIMLER FINANCE NORTH AMERICA LLC 144A","Fixed Income","0.02","100.13","251,825.17","251,825.17","Industrial","BYM9WS4","US233851CL67","3.20","Oct 30, 2019","2.63","-","2.63","0.07","250,000.00"
"USD CASH","Cash","0.01","100.00","156,765.40","156,765.40","Cash and/or Derivatives","-","-","0.00","-","2.69","-","2.69","0.00","156,765.00"
 