﻿Fund Holdings as of,"Jul 4, 2019"
 
Issuer Ticker,Name,Asset Class,Weight (%),Price,Shares,Market Value,Notional Value,Sector,ISIN,Exchange,Country,Market Currency
"ISP","INTESA SANPAOLO","Equity","5.16","2.03","22,009,180.00","44,590,598.68","44,590,598.68","Financials","IT0000072618","Borsa Italiana","Italy","EUR"
"PROX","PROXIMUS NV","Equity","4.22","26.37","1,383,823.00","36,491,412.51","36,491,412.51","Communication","BE0003810273","Nyse Euronext - Euronext Brussels","Belgium","EUR"
"AGN","AEGON NV","Equity","4.16","4.53","7,951,244.00","36,003,232.83","36,003,232.83","Financials","NL0000303709","Euronext Amsterdam","Netherlands","EUR"
"LI","KLEPIERRE REIT SA","Equity","4.02","30.85","1,126,729.00","34,759,589.65","34,759,589.65","Real Estate","FR0000121964","Nyse Euronext - Euronext Paris","France","EUR"
"GLE","SOCIETE GENERALE SA","Equity","3.98","22.41","1,536,183.00","34,433,541.95","34,433,541.95","Financials","FR0000130809","Nyse Euronext - Euronext Paris","France","EUR"
"URW","WFD UNIBAIL RODAMCO STAPLED UNITS","Equity","3.88","130.10","257,728.00","33,530,412.80","33,530,412.80","Real Estate","FR0013326246","Euronext Amsterdam","France","EUR"
"SAMPO","SAMPO","Equity","3.85","42.06","791,129.00","33,274,885.74","33,274,885.74","Financials","FI0009003305","Nasdaq Omx Helsinki Ltd.","Finland","EUR"
"BNP","BNP PARIBAS SA","Equity","3.78","43.05","759,162.00","32,678,128.29","32,678,128.29","Financials","FR0000131104","Nyse Euronext - Euronext Paris","France","EUR"
"EDP","EDP ENERGIAS DE PORTUGAL SA","Equity","3.76","3.41","9,527,858.00","32,480,467.92","32,480,467.92","Utilities","PTEDP0AM0009","Nyse Euronext - Euronext Lisbon","Portugal","EUR"
"DPW","DEUTSCHE POST AG","Equity","3.68","29.68","1,071,344.00","31,797,489.92","31,797,489.92","Industrials","DE0005552004","Xetra","Germany","EUR"
"CS","AXA SA","Equity","3.63","23.73","1,322,539.00","31,383,850.47","31,383,850.47","Financials","FR0000120628","Nyse Euronext - Euronext Paris","France","EUR"
"ACA","CREDIT AGRICOLE SA","Equity","3.62","11.12","2,818,827.00","31,345,356.24","31,345,356.24","Financials","FR0000045072","Nyse Euronext - Euronext Paris","France","EUR"
"DAI","DAIMLER AG","Equity","3.57","49.03","629,372.00","30,861,256.02","30,861,256.02","Consumer Discretionary","DE0007100000","Xetra","Germany","EUR"
"G","ASSICURAZIONI GENERALI","Equity","3.50","17.10","1,772,653.00","30,312,366.30","30,312,366.30","Financials","IT0000062072","Borsa Italiana","Italy","EUR"
"SAN","BANCO SANTANDER SA","Equity","3.47","4.22","7,119,514.00","30,026,550.30","30,026,550.30","Financials","ES0113900J37","Bolsa De Madrid","Spain","EUR"
"SRG","SNAM","Equity","3.21","4.53","6,133,589.00","27,779,024.58","27,779,024.58","Utilities","IT0003153415","Borsa Italiana","Italy","EUR"
"FORTUM","FORTUM","Equity","3.18","19.59","1,405,713.00","27,530,889.11","27,530,889.11","Utilities","FI0009007132","Nasdaq Omx Helsinki Ltd.","Finland","EUR"
"RNO","RENAULT SA","Equity","3.14","54.47","499,305.00","27,197,143.35","27,197,143.35","Consumer Discretionary","FR0000131906","Nyse Euronext - Euronext Paris","France","EUR"
"ORA","ORANGE SA","Equity","3.07","13.98","1,897,292.00","26,533,628.62","26,533,628.62","Communication","FR0000133308","Nyse Euronext - Euronext Paris","France","EUR"
"ALV","ALLIANZ","Equity","3.01","217.20","119,981.00","26,059,873.20","26,059,873.20","Financials","DE0008404005","Xetra","Germany","EUR"
"MUV2","MUENCHENER RUECKVERSICHERUNGS-GESE","Equity","2.90","227.70","110,189.00","25,090,035.30","25,090,035.30","Financials","DE0008430026","Xetra","Germany","EUR"
"FP","TOTAL SA","Equity","2.81","49.45","490,868.00","24,275,876.94","24,275,876.94","Energy","FR0000120271","Nyse Euronext - Euronext Paris","France","EUR"
"METSO","METSO","Equity","2.75","35.99","661,061.00","23,791,585.39","23,791,585.39","Industrials","FI0009007835","Nasdaq Omx Helsinki Ltd.","Finland","EUR"
"BAS","BASF N","Equity","2.66","62.68","366,397.00","22,965,763.96","22,965,763.96","Materials","DE000BASF111","Xetra","Germany","EUR"
"SIE","SIEMENS N AG","Equity","2.57","105.54","210,813.00","22,249,204.02","22,249,204.02","Industrials","DE0007236101","Xetra","Germany","EUR"
"SCR","SCOR","Equity","2.57","40.01","555,426.00","22,222,594.26","22,222,594.26","Financials","FR0010411983","Nyse Euronext - Euronext Paris","France","EUR"
"UNA","UNILEVER NV","Equity","2.53","54.94","398,360.00","21,885,898.40","21,885,898.40","Consumer Staples","NL0000388619","Euronext Amsterdam","Netherlands","EUR"
"KESKOB","KESKO CLASS B","Equity","2.42","50.40","415,503.00","20,941,351.20","20,941,351.20","Consumer Staples","FI0009000202","Nasdaq Omx Helsinki Ltd.","Finland","EUR"
"DG","VINCI SA","Equity","1.97","92.02","185,184.00","17,040,631.68","17,040,631.68","Industrials","FR0000125486","Nyse Euronext - Euronext Paris","France","EUR"
"AD","KONINKLIJKE AHOLD DELHAIZE NV","Equity","1.93","20.38","817,115.00","16,648,718.12","16,648,718.12","Consumer Staples","NL0011794037","Euronext Amsterdam","Netherlands","EUR"
"EUR","EUR CASH","Cash","0.92","100.00","7,967,604.00","7,967,603.77","7,967,603.77","Cash and/or Derivatives","-","-","European Union","EUR"
"BZFUT","CASH COLLATERAL EUR BZFUT","Cash Collateral and Margins","0.07","100.00","610,730.00","610,730.00","610,730.00","Cash and/or Derivatives","-","-","European Union","EUR"
"GBP","GBP CASH","Cash","0.01","111.45","75,946.00","84,643.63","84,643.63","Cash and/or Derivatives","-","-","United Kingdom","GBP"
"VGU9","EURO STOXX 50 SEP 19","Futures","0.00","3,534.00","244.00","0.00","8,622,960.00","Cash and/or Derivatives","DE000C1A16K1","Eurex Deutschland","European Union","EUR"
 