﻿iShares Evolved U.S. Consumer Staples ETF
Inception Date,"Mar 21, 2018"
Fund Holdings as of,"Jul 5, 2019"
Total Net Assets,"4,127,647.60"
Shares Outstanding,"150,000.00"
Stock,"-"
Bond,"-"
Cash,"-"
Other,"-"
 
Issuer Ticker,Name,Asset Class,Weight (%),Price,Shares,Market Value,Notional Value,SEDOL,ISIN,Exchange
"KO","COCA-COLA","Equity","10.40","52.11","8,236.00","429,177.96","429,177.96","2206657","US1912161007","New York Stock Exchange Inc."
"PEP","PEPSICO INC","Equity","9.32","133.02","2,892.00","384,693.84","384,693.84","2681511","US7134481081","NASDAQ"
"PG","PROCTER & GAMBLE","Equity","7.37","113.15","2,690.00","304,373.50","304,373.50","2704407","US7427181091","New York Stock Exchange Inc."
"MDLZ","MONDELEZ INTERNATIONAL INC CLASS A","Equity","4.79","55.50","3,566.00","197,913.00","197,913.00","B8CKK03","US6092071058","NASDAQ"
"MCD","MCDONALDS CORP","Equity","4.76","211.24","931.00","196,664.44","196,664.44","2550707","US5801351017","New York Stock Exchange Inc."
"PM","PHILIP MORRIS INTERNATIONAL INC","Equity","4.68","80.12","2,409.00","193,009.08","193,009.08","B2PKRQ3","US7181721090","New York Stock Exchange Inc."
"SBUX","STARBUCKS CORP","Equity","4.59","87.79","2,156.00","189,275.24","189,275.24","2842255","US8552441094","NASDAQ"
"MO","ALTRIA GROUP INC","Equity","3.92","48.78","3,313.00","161,608.14","161,608.14","2692632","US02209S1033","New York Stock Exchange Inc."
"GIS","GENERAL MILLS INC","Equity","3.14","54.18","2,389.00","129,436.02","129,436.02","2367026","US3703341046","New York Stock Exchange Inc."
"CL","COLGATE-PALMOLIVE","Equity","2.75","73.14","1,553.00","113,586.42","113,586.42","2209106","US1941621039","New York Stock Exchange Inc."
"MNST","MONSTER BEVERAGE CORP","Equity","2.44","65.92","1,525.00","100,528.00","100,528.00","BZ07BW4","US61174X1090","NASDAQ"
"KHC","KRAFT HEINZ","Equity","1.91","30.99","2,545.00","78,869.55","78,869.55","BYRY499","US5007541064","NASDAQ"
"SYY","SYSCO CORP","Equity","1.85","71.75","1,065.00","76,413.75","76,413.75","2868165","US8718291078","New York Stock Exchange Inc."
"HSY","HERSHEY FOODS","Equity","1.81","138.26","540.00","74,660.40","74,660.40","2422806","US4278661081","New York Stock Exchange Inc."
"STZ","CONSTELLATION BRANDS INC CLASS A","Equity","1.79","197.49","374.00","73,861.26","73,861.26","2170473","US21036P1084","New York Stock Exchange Inc."
"TSN","TYSON FOODS INC CLASS A","Equity","1.75","82.63","876.00","72,383.88","72,383.88","2909730","US9024941034","New York Stock Exchange Inc."
"COST","COSTCO WHOLESALE CORP","Equity","1.71","268.25","263.00","70,549.75","70,549.75","2701271","US22160K1051","NASDAQ"
"ADM","ARCHER DANIELS MIDLAND","Equity","1.51","41.94","1,483.00","62,197.02","62,197.02","2047317","US0394831020","New York Stock Exchange Inc."
"MKC","MCCORMICK & CO NON-VOTING INC","Equity","1.37","161.44","350.00","56,504.00","56,504.00","2550161","US5797802064","New York Stock Exchange Inc."
"ZTS","ZOETIS INC CLASS A","Equity","1.36","114.18","493.00","56,290.74","56,290.74","B95WG16","US98978V1035","New York Stock Exchange Inc."
"K","KELLOGG","Equity","1.33","55.77","988.00","55,100.76","55,100.76","2486813","US4878361082","New York Stock Exchange Inc."
"BFB","BROWN FORMAN CORP CLASS B","Equity","1.28","57.16","922.00","52,701.52","52,701.52","2146838","US1156372096","New York Stock Exchange Inc."
"BLL","BALL CORP","Equity","1.24","71.77","713.00","51,172.01","51,172.01","2073022","US0584981064","New York Stock Exchange Inc."
"KMB","KIMBERLY CLARK CORP","Equity","1.23","137.06","370.00","50,712.20","50,712.20","2491839","US4943681035","New York Stock Exchange Inc."
"SJM","JM SMUCKER","Equity","1.19","119.49","410.00","48,990.90","48,990.90","2951452","US8326964058","New York Stock Exchange Inc."
"CAG","CONAGRA BRANDS INC","Equity","1.18","28.06","1,731.00","48,571.86","48,571.86","2215460","US2058871029","New York Stock Exchange Inc."
"YUM","YUM BRANDS INC","Equity","1.16","110.24","434.00","47,844.16","47,844.16","2098876","US9884981013","New York Stock Exchange Inc."
"CMG","CHIPOTLE MEXICAN GRILL INC","Equity","0.95","739.54","53.00","39,195.62","39,195.62","B0X7DZ3","US1696561059","New York Stock Exchange Inc."
"HRL","HORMEL FOODS CORP","Equity","0.82","41.50","812.00","33,698.00","33,698.00","2437264","US4404521001","New York Stock Exchange Inc."
"IFF","INTERNATIONAL FLAVORS & FRAGRANCES","Equity","0.73","145.12","209.00","30,330.08","30,330.08","2464165","US4595061015","New York Stock Exchange Inc."
"ECL","ECOLAB INC","Equity","0.66","197.07","139.00","27,392.73","27,392.73","2304227","US2788651006","New York Stock Exchange Inc."
"CPB","CAMPBELL SOUP","Equity","0.64","41.57","639.00","26,563.23","26,563.23","2162845","US1344291091","New York Stock Exchange Inc."
"LW","LAMB WESTON HOLDINGS INC","Equity","0.63","64.34","402.00","25,864.68","25,864.68","BDQZFJ3","US5132721045","New York Stock Exchange Inc."
"TAP","MOLSON COORS BREWING CLASS B","Equity","0.62","56.85","450.00","25,582.50","25,582.50","B067BM3","US60871R2094","New York Stock Exchange Inc."
"CHD","CHURCH AND DWIGHT INC","Equity","0.59","74.33","329.00","24,454.57","24,454.57","2195841","US1713401024","New York Stock Exchange Inc."
"POST","POST HOLDINGS INC","Equity","0.57","108.22","219.00","23,700.18","23,700.18","B6T0518","US7374461041","New York Stock Exchange Inc."
"KDP","KEURIG DR PEPPER INC","Equity","0.56","30.08","772.00","23,221.76","23,221.76","BD3W133","US49271V1008","New York Stock Exchange Inc."
"CLX","CLOROX","Equity","0.56","155.77","149.00","23,209.73","23,209.73","2204026","US1890541097","New York Stock Exchange Inc."
"BG","BUNGE LTD","Equity","0.48","56.61","348.00","19,700.28","19,700.28","2788713","BMG169621056","New York Stock Exchange Inc."
"YUMC","YUM CHINA HOLDINGS INC","Equity","0.44","44.39","409.00","18,155.51","18,155.51","BYW4289","US98850P1093","New York Stock Exchange Inc."
"CCK","CROWN HOLDINGS INC","Equity","0.42","63.33","274.00","17,352.42","17,352.42","2427986","US2283681060","New York Stock Exchange Inc."
"INGR","INGREDION INC","Equity","0.34","83.23","171.00","14,232.33","14,232.33","B7K24P7","US4571871023","New York Stock Exchange Inc."
"USFD","US FOODS HOLDING CORP","Equity","0.32","36.67","357.00","13,091.19","13,091.19","BYVFC94","US9120081099","New York Stock Exchange Inc."
"DRI","DARDEN RESTAURANTS INC","Equity","0.31","123.64","105.00","12,982.20","12,982.20","2289874","US2371941053","New York Stock Exchange Inc."
"ELAN","ELANCO ANIMAL HEALTH INC","Equity","0.30","34.19","362.00","12,376.78","12,376.78","BF5L3T2","US28414H1032","New York Stock Exchange Inc."
"CME","CME GROUP INC CLASS A","Equity","0.30","202.81","61.00","12,371.41","12,371.41","2965839","US12572Q1058","NASDAQ"
"XTSLA","BLK CSH FND TREASURY SL AGENCY","Money Market","0.30","1.00","12,263.00","12,262.85","12,262.85","-","US0669224778","-"
"ETR","ENTERGY CORP","Equity","0.28","104.34","111.00","11,581.74","11,581.74","2317087","US29364G1031","New York Stock Exchange Inc."
"EL","ESTEE LAUDER INC CLASS A","Equity","0.27","185.35","61.00","11,306.35","11,306.35","2320524","US5184391044","New York Stock Exchange Inc."
"THS","TREEHOUSE FOODS INC","Equity","0.26","56.28","192.00","10,805.76","10,805.76","B095X84","US89469A1043","New York Stock Exchange Inc."
"DNKN","DUNKIN BRANDS GROUP INC","Equity","0.23","81.56","117.00","9,542.52","9,542.52","B3LHT03","US2655041000","NASDAQ"
"BFA","BROWN FORMAN CORP CLASS A","Equity","0.21","56.53","156.00","8,818.68","8,818.68","2146816","US1156371007","New York Stock Exchange Inc."
"FLO","FLOWERS FOODS INC","Equity","0.21","23.75","357.00","8,478.75","8,478.75","2744243","US3434981011","New York Stock Exchange Inc."
"SON","SONOCO PRODUCTS","Equity","0.20","66.38","126.00","8,363.88","8,363.88","2821395","US8354951027","New York Stock Exchange Inc."
"AMCR","AMCOR PLC","Equity","0.19","11.61","688.00","7,987.68","7,987.68","BJ1F307","JE00BJ1F3079","New York Stock Exchange Inc."
"LANC","LANCASTER COLONY CORP","Equity","0.18","148.84","51.00","7,590.84","7,590.84","2503206","US5138471033","NASDAQ"
"BERY","BERRY GLOBAL GROUP INC","Equity","0.17","54.36","132.00","7,175.52","7,175.52","B8BR3H3","US08579W1036","New York Stock Exchange Inc."
"MIDD","MIDDLEBY CORP","Equity","0.17","138.40","51.00","7,058.40","7,058.40","2590930","US5962781010","NASDAQ"
"HAIN","HAIN CELESTIAL GROUP INC","Equity","0.17","22.37","312.00","6,979.44","6,979.44","2492337","US4052171000","NASDAQ"
"SAM","BOSTON BEER INC CLASS A","Equity","0.17","386.51","18.00","6,957.18","6,957.18","2113393","US1005571070","New York Stock Exchange Inc."
"USD","USD CASH","Cash","0.17","100.00","6,850.00","6,850.42","6,850.42","-","-","-"
"WMT","WALMART INC","Equity","0.16","111.98","58.00","6,494.84","6,494.84","2936921","US9311421039","New York Stock Exchange Inc."
"JJSF","J AND J SNACK FOODS CORP","Equity","0.15","163.80","39.00","6,388.20","6,388.20","2469171","US4660321096","NASDAQ"
"HLF","HERBALIFE NUTRITION LTD","Equity","0.14","42.99","137.00","5,889.63","5,889.63","B0539H3","KYG4412G1010","New York Stock Exchange Inc."
"PFGC","PERFORMANCE FOOD GROUP","Equity","0.14","41.47","138.00","5,722.86","5,722.86","BYVYD43","US71377A1034","New York Stock Exchange Inc."
"COLD","AMERICOLD REALTY TRUST","Equity","0.13","34.48","159.00","5,482.32","5,482.32","B3SKZK7","US03064D1081","New York Stock Exchange Inc."
"AGCO","AGCO CORP","Equity","0.13","77.66","69.00","5,358.54","5,358.54","2010278","US0010841023","New York Stock Exchange Inc."
"SXT","SENSIENT TECHNOLOGIES CORP","Equity","0.13","73.65","72.00","5,302.80","5,302.80","2923741","US81725T1007","New York Stock Exchange Inc."
"CASY","CASEYS GENERAL STORES INC","Equity","0.13","159.00","33.00","5,247.00","5,247.00","2179414","US1475281036","NASDAQ"
"DAR","DARLING INGREDIENTS INC","Equity","0.13","19.94","261.00","5,204.34","5,204.34","2250289","US2372661015","New York Stock Exchange Inc."
"SAFM","SANDERSON FARMS INC","Equity","0.12","142.43","36.00","5,127.48","5,127.48","2774336","US8000131040","NASDAQ"
"COKE","COCA COLA CONSOLIDATED INC","Equity","0.12","318.40","16.00","5,094.40","5,094.40","2206721","US1910981026","NASDAQ"
"NEOG","NEOGEN CORP","Equity","0.12","61.27","81.00","4,962.87","4,962.87","2630085","US6404911066","NASDAQ"
"BGS","B AND G FOODS INC","Equity","0.12","21.42","231.00","4,948.02","4,948.02","B034L49","US05508R1068","New York Stock Exchange Inc."
"JBT","JOHN BEAN TECHNOLOGIES CORP","Equity","0.11","122.88","36.00","4,423.68","4,423.68","B3BRJZ8","US4778391049","New York Stock Exchange Inc."
"SMG","SCOTTS MIRACLE GRO","Equity","0.10","100.83","42.00","4,234.86","4,234.86","2781518","US8101861065","New York Stock Exchange Inc."
"MAT","MATTEL INC","Equity","0.10","11.63","357.00","4,151.91","4,151.91","2572303","US5770811025","NASDAQ"
"OI","OWENS ILLINOIS INC","Equity","0.10","17.47","234.00","4,087.98","4,087.98","2662862","US6907684038","New York Stock Exchange Inc."
"OMC","OMNICOM GROUP INC","Equity","0.10","84.75","48.00","4,068.00","4,068.00","2279303","US6819191064","New York Stock Exchange Inc."
"PKG","PACKAGING CORP OF AMERICA","Equity","0.09","99.79","39.00","3,891.81","3,891.81","2504566","US6951561090","New York Stock Exchange Inc."
"ARMK","ARAMARK","Equity","0.09","36.31","107.00","3,885.17","3,885.17","BH3XG17","US03852U1060","New York Stock Exchange Inc."
"UVV","UNIVERSAL CORP","Equity","0.09","61.33","63.00","3,863.79","3,863.79","2923804","US9134561094","New York Stock Exchange Inc."
"SLGN","SILGAN HOLDINGS INC","Equity","0.08","31.53","111.00","3,499.83","3,499.83","2809324","US8270481091","NASDAQ"
"SMPL","THE SIMPLY GOOD FOODS COMPANY","Equity","0.08","27.74","126.00","3,495.24","3,495.24","BF27XF9","US82900L1026","NASDAQ"
"SEE","SEALED AIR CORP","Equity","0.08","44.33","78.00","3,457.74","3,457.74","2232793","US81211K1007","New York Stock Exchange Inc."
"COTY","COTY INC CLASS A","Equity","0.08","11.55","293.00","3,384.15","3,384.15","BBBSMJ2","US2220702037","New York Stock Exchange Inc."
"ATR","APTARGROUP INC","Equity","0.08","124.61","27.00","3,364.47","3,364.47","2045247","US0383361039","New York Stock Exchange Inc."
"ENR","ENERGIZER HOLDINGS INC","Equity","0.08","39.97","84.00","3,357.48","3,357.48","BYZFPN5","US29272W1099","New York Stock Exchange Inc."
"BCPC","BALCHEM CORP","Equity","0.08","99.50","33.00","3,283.50","3,283.50","2072074","US0576652004","NASDAQ"
"CVGW","CALAVO GROWERS INC","Equity","0.08","96.19","33.00","3,174.27","3,174.27","2859200","US1282461052","NASDAQ"
"HELE","HELEN OF TROY LTD","Equity","0.07","132.20","23.00","3,040.60","3,040.60","2419530","BMG4388N1065","NASDAQ"
"TWNK","HOSTESS BRANDS INC CLASS A","Equity","0.07","14.70","195.00","2,866.50","2,866.50","BZ8VJD5","US44109J1060","NASDAQ"
"CORE","CORE MARK HOLDING INC","Equity","0.07","40.81","69.00","2,815.89","2,815.89","B0637B2","US2186811046","NASDAQ"
"CBRL","CRACKER BARREL OLD COUNTRY STORE I","Equity","0.06","172.95","15.00","2,594.25","2,594.25","2231091","US22410J1060","NASDAQ"
"CALM","CAL MAINE FOODS INC","Equity","0.06","42.85","60.00","2,571.00","2,571.00","2158781","US1280302027","NASDAQ"
"WING","WINGSTOP INC","Equity","0.06","95.12","27.00","2,568.24","2,568.24","BYYXHN4","US9741551033","NASDAQ"
"SFM","SPROUTS FARMERS MARKET INC","Equity","0.06","18.85","135.00","2,544.75","2,544.75","BCGCR79","US85208M1027","NASDAQ"
"JEF","JEFFERIES FINANCIAL GROUP INC","Equity","0.06","21.42","114.00","2,441.88","2,441.88","BG0Q4Z2","US47233W1099","New York Stock Exchange Inc."
"FRPT","FRESHPET INC","Equity","0.06","45.83","53.00","2,428.99","2,428.99","BS7K7M9","US3580391056","NASDAQ"
"PPC","PILGRIMS PRIDE CORP","Equity","0.06","26.73","90.00","2,405.70","2,405.70","B5L3PZ2","US72147K1088","NASDAQ"
"TXRH","TEXAS ROADHOUSE INC","Equity","0.06","54.55","42.00","2,291.10","2,291.10","B033TJ7","US8826811098","NASDAQ"
"NWL","NEWELL BRANDS INC","Equity","0.06","15.32","149.00","2,282.68","2,282.68","2635701","US6512291062","NASDAQ"
"SHAK","SHAKE SHACK INC CLASS A","Equity","0.06","73.57","31.00","2,280.67","2,280.67","BV0LCR0","US8190471016","New York Stock Exchange Inc."
"MGPI","MGP INGREDIENTS INC","Equity","0.06","68.99","33.00","2,276.67","2,276.67","B6ZJTH3","US55303J1060","NASDAQ"
"JACK","JACK IN THE BOX INC","Equity","0.05","81.33","27.00","2,195.91","2,195.91","2344922","US4663671091","NASDAQ"
"JBSS","JOHN B SANFILIPPO AND SON INC","Equity","0.05","80.64","27.00","2,177.28","2,177.28","2772998","US8004221078","NASDAQ"
"EPC","EDGEWELL PERSONAL CARE","Equity","0.05","28.05","75.00","2,103.75","2,103.75","BX8ZSB4","US28035Q1022","New York Stock Exchange Inc."
"PBH","PRESTIGE CONSUMER HEALTHCARE INC","Equity","0.05","31.66","66.00","2,089.56","2,089.56","B0650P3","US74112D1019","New York Stock Exchange Inc."
"MED","MEDIFAST INC","Equity","0.05","122.40","17.00","2,080.80","2,080.80","2934033","US58470H1014","New York Stock Exchange Inc."
"FIZZ","NATIONAL BEVERAGE CORP","Equity","0.05","45.47","45.00","2,046.15","2,046.15","2638625","US6350171061","NASDAQ"
"PRGO","PERRIGO PLC","Equity","0.05","50.17","40.00","2,006.80","2,006.80","BGH1M56","IE00BGH1M568","New York Stock Exchange Inc."
"CAKE","CHEESECAKE FACTORY INC","Equity","0.04","44.01","42.00","1,848.42","1,848.42","2192392","US1630721017","NASDAQ"
"WEN","WENDYS","Equity","0.04","19.81","90.00","1,782.90","1,782.90","B3NXMJ9","US95058W1009","NASDAQ"
"TR","TOOTSIE ROLL INDUSTRIES INC","Equity","0.04","38.38","43.00","1,650.34","1,650.34","2896809","US8905161076","New York Stock Exchange Inc."
"FDP","FRESH DEL MONTE PRODUCE INC","Equity","0.03","27.25","50.00","1,362.50","1,362.50","2118707","KYG367381053","New York Stock Exchange Inc."
"SPB","SPECTRUM BRANDS HOLDINGS INC","Equity","0.03","53.55","21.00","1,124.55","1,124.55","BDRYFB1","US84790A1051","New York Stock Exchange Inc."
"WW","WEIGHT WATCHERS INTERNATIONAL INC","Equity","0.03","19.74","54.00","1,065.96","1,065.96","2813585","US9486261061","NASDAQ"
"VGR","VECTOR GROUP LTD","Equity","0.03","9.74","107.00","1,042.18","1,042.18","2515803","US92240M1080","New York Stock Exchange Inc."
"CENTA","CENTRAL GARDEN AND PET CLASS A","Equity","0.02","25.69","39.00","1,001.91","1,001.91","B1P36Y6","US1535272058","NASDAQ"
"TUP","TUPPERWARE BRANDS CORP","Equity","0.02","18.73","48.00","899.04","899.04","2872069","US8998961044","New York Stock Exchange Inc."
"BJRI","BJS RESTAURANTS INC","Equity","0.02","44.68","19.00","848.92","848.92","2200552","US09180C1062","NASDAQ"
"ACCO","ACCO BRANDS CORP","Equity","0.02","7.87","93.00","731.91","731.91","B0G7SZ5","US00081T1088","New York Stock Exchange Inc."
"UNFI","UNITED NATURAL FOODS INC","Equity","0.02","9.58","66.00","632.28","632.28","2895163","US9111631035","New York Stock Exchange Inc."
"DF","DEAN FOODS","Equity","0.01","1.10","243.00","267.30","267.30","BD5JS97","US2423702032","New York Stock Exchange Inc."
"TVTY","TIVITY HEALTH INC","Equity","0.00","16.64","9.00","149.76","149.76","BD8Q1B8","US88870R1023","NASDAQ"
 