﻿Fund Holdings as of,"Jul 4, 2019"
 
Issuer Ticker,Name,Asset Class,Weight (%),Price,Shares,Market Value,Notional Value,Sector,ISIN,Coupon (%),Maturity,Exchange,Country,Market Currency,Duration
"FRTR","FRANCE (REPUBLIC OF) RegS","Fixed Income","7.66","103.31","13,772,000.00","14,319,629.66","14,319,629.66","Treasury","FR0010854182","3.50","Apr 25, 2020","-","France","EUR","0.82"
"FRTR","FRANCE (REPUBLIC OF) RegS","Fixed Income","6.67","101.29","12,008,000.00","12,474,035.42","12,474,035.42","Treasury","FR0010776161","3.75","Oct 25, 2019","-","France","EUR","0.31"
"ICSEAGD","BLK ICS EUR LIQ FUND AGEN ACC T0","Money Market","6.06","99.87","113,439.00","11,329,684.41","11,329,684.41","Cash and/or Derivatives","IE00B568BM13","0.00","-","-","European Union","EUR","0.16"
"DBR","GERMANY (FEDERAL REPUBLIC OF) RegS","Fixed Income","5.21","101.97","9,413,000.00","9,749,951.87","9,749,951.87","Treasury","DE0001135390","3.25","Jan 4, 2020","-","Germany","EUR","0.51"
"BTPS","ITALY (REPUBLIC OF) RegS","Fixed Income","4.92","102.84","8,816,000.00","9,193,995.70","9,193,995.70","Treasury","IT0004536949","4.25","Mar 1, 2020","-","Italy","EUR","0.65"
"BTPS","ITALY (REPUBLIC OF)","Fixed Income","4.88","102.64","8,740,000.00","9,137,139.48","9,137,139.48","Treasury","IT0003644769","4.50","Feb 1, 2020","-","Italy","EUR","0.58"
"BTPS","ITALY (REPUBLIC OF) RegS","Fixed Income","4.85","100.68","8,887,000.00","9,075,369.74","9,075,369.74","Treasury","IT0004489610","4.25","Sep 1, 2019","-","Italy","EUR","0.16"
"SPGB","SPAIN (KINGDOM OF)","Fixed Income","4.82","103.64","8,641,000.00","9,017,002.96","9,017,002.96","Treasury","ES00000122D7","4.00","Apr 30, 2020","-","Spain","EUR","0.83"
"SPGB","SPAIN (KINGDOM OF)","Fixed Income","4.77","101.08","8,777,000.00","8,924,074.87","8,924,074.87","Treasury","ES00000126C0","1.40","Jan 31, 2020","-","Spain","EUR","0.58"
"FRTR","FRANCE (REPUBLIC OF) RegS","Fixed Income","4.61","100.41","8,567,000.00","8,628,317.42","8,628,317.42","Treasury","FR0011993179","0.50","Nov 25, 2019","-","France","EUR","0.40"
"SPGB","SPAIN (KINGDOM OF)","Fixed Income","4.38","101.51","7,843,000.00","8,188,490.60","8,188,490.60","Treasury","ES00000121O6","4.30","Oct 31, 2019","-","Spain","EUR","0.33"
"SPGB","SPAIN (KINGDOM OF)","Fixed Income","4.28","100.28","7,659,000.00","8,007,815.27","8,007,815.27","Treasury","ES00000121L2","4.60","Jul 30, 2019","-","Spain","EUR","0.07"
"BTPS","ITALY (REPUBLIC OF) RegS","Fixed Income","3.33","100.49","6,201,000.00","6,237,130.75","6,237,130.75","Treasury","IT0005069395","1.05","Dec 1, 2019","-","Italy","EUR","0.42"
"OBL","GERMANY (FEDERAL REPUBLIC OF) RegS","Fixed Income","3.31","100.23","6,168,000.00","6,193,362.31","6,193,362.31","Treasury","DE0001141703","0.25","Oct 11, 2019","-","Germany","EUR","0.27"
"BTPS","ITALY (REPUBLIC OF)","Fixed Income","3.12","100.47","5,800,000.00","5,828,487.86","5,828,487.86","Treasury","IT0005250946","0.35","Jun 15, 2020","-","Italy","EUR","0.95"
"BTPS","ITALY (REPUBLIC OF) RegS","Fixed Income","3.09","100.70","5,737,000.00","5,783,970.54","5,783,970.54","Treasury","IT0005107708","0.70","May 1, 2020","-","Italy","EUR","0.84"
"NETHER","NETHERLANDS (KINGDOM OF)","Fixed Income","3.01","100.47","5,605,000.00","5,638,094.07","5,638,094.07","Treasury","NL0010881827","0.25","Jan 15, 2020","-","Netherlands","EUR","0.54"
"BTPS","ITALY (REPUBLIC OF) RegS","Fixed Income","2.94","100.11","5,467,000.00","5,507,453.07","5,507,453.07","Treasury","IT0005030504","1.50","Aug 1, 2019","-","Italy","EUR","0.08"
"NETHER","NETHERLANDS (KINGDOM OF)","Fixed Income","2.87","100.09","5,169,000.00","5,374,180.98","5,374,180.98","Treasury","NL0009086115","4.00","Jul 15, 2019","-","Netherlands","EUR","0.03"
"BTPS","ITALY (REPUBLIC OF)","Fixed Income","2.73","100.08","5,108,000.00","5,112,593.62","5,112,593.62","Treasury","IT0005217929","0.05","Oct 15, 2019","-","Italy","EUR","0.28"
"IRISH","IRELAND (REPUBLIC OF)","Fixed Income","2.21","104.01","3,942,000.00","4,137,393.95","4,137,393.95","Treasury","IE0034074488","4.50","Apr 18, 2020","-","Ireland","EUR","0.80"
"BGB","BELGIUM (KINGDOM OF) RegS","Fixed Income","2.16","100.80","3,925,000.00","4,046,602.02","4,046,602.02","Treasury","BE0000327362","3.00","Sep 28, 2019","-","Belgium","EUR","0.24"
"FRTR","FRANCE (REPUBLIC OF) RegS","Fixed Income","1.95","102.72","3,361,000.00","3,649,726.48","3,649,726.48","Treasury","FR0000570921","8.50","Oct 25, 2019","-","France","EUR","0.31"
"PGB","PORTUGAL (REPUBLIC OF)","Fixed Income","1.74","104.97","3,100,000.00","3,261,887.59","3,261,887.59","Treasury","PTOTECOE0029","4.80","Jun 15, 2020","-","Portugal","EUR","0.95"
"RAGB","AUSTRIA (REPUBLIC OF)","Fixed Income","1.42","100.25","2,643,000.00","2,654,216.82","2,654,216.82","Treasury","AT0000A19XC3","0.25","Oct 18, 2019","-","Austria","EUR","0.29"
"RFGB","FINLAND (REPUBLIC OF)","Fixed Income","1.33","103.10","2,398,000.00","2,490,028.16","2,490,028.16","Treasury","FI4000010848","3.38","Apr 15, 2020","-","Finland","EUR","0.79"
"IRISH","IRELAND (REPUBLIC OF)","Fixed Income","1.26","101.84","2,221,000.00","2,354,828.03","2,354,828.03","Treasury","IE00B6089D15","5.90","Oct 18, 2019","-","Ireland","EUR","0.29"
"SLOREP","SLOVENIA (REPUBLIC OF) RegS","Fixed Income","0.34","102.65","613,000.00","640,253.48","640,253.48","Treasury","SI0002103057","4.13","Jan 26, 2020","-","Slovenia","EUR","0.57"
"EUR","EUR CASH","Cash","0.05","100.00","90,474.00","90,474.37","90,474.37","Cash and/or Derivatives","-","0.00","-","-","European Union","EUR","0.00"
"GBP","GBP CASH","Cash","0.00","111.45","1,323.00","1,474.72","1,474.72","Cash and/or Derivatives","-","0.00","-","-","United Kingdom","GBP","0.00"
 