﻿iShares Evolved U.S. Healthcare Staples ETF
Inception Date,"Mar 21, 2018"
Fund Holdings as of,"Jul 5, 2019"
Total Net Assets,"7,381,173.33"
Shares Outstanding,"250,000.00"
Stock,"-"
Bond,"-"
Cash,"-"
Other,"-"
 
Issuer Ticker,Name,Asset Class,Weight (%),Price,Shares,Market Value,Notional Value,SEDOL,ISIN,Exchange
"UNH","UNITEDHEALTH GROUP INC","Equity","11.03","246.99","3,295.00","813,832.05","813,832.05","2917766","US91324P1021","New York Stock Exchange Inc."
"MDT","MEDTRONIC PLC","Equity","6.75","98.11","5,080.00","498,398.80","498,398.80","BTN1Y11","IE00BTN1Y115","New York Stock Exchange Inc."
"ABT","ABBOTT LABORATORIES","Equity","6.49","85.42","5,611.00","479,291.62","479,291.62","2002305","US0028241000","New York Stock Exchange Inc."
"TMO","THERMO FISHER SCIENTIFIC INC","Equity","3.56","300.65","874.00","262,768.10","262,768.10","2886907","US8835561023","New York Stock Exchange Inc."
"ISRG","INTUITIVE SURGICAL INC","Equity","3.33","537.25","458.00","246,060.50","246,060.50","2871301","US46120E6023","NASDAQ"
"ANTM","ANTHEM INC","Equity","3.23","284.06","840.00","238,610.40","238,610.40","BSPHGL4","US0367521038","New York Stock Exchange Inc."
"DHR","DANAHER CORP","Equity","3.17","144.45","1,621.00","234,153.45","234,153.45","2250870","US2358511028","New York Stock Exchange Inc."
"BDX","BECTON DICKINSON","Equity","3.17","254.20","920.00","233,864.00","233,864.00","2087807","US0758871091","New York Stock Exchange Inc."
"SYK","STRYKER CORP","Equity","3.15","208.56","1,115.00","232,544.40","232,544.40","2853688","US8636671013","New York Stock Exchange Inc."
"JNJ","JOHNSON & JOHNSON","Equity","3.10","140.57","1,627.00","228,707.39","228,707.39","2475833","US4781601046","New York Stock Exchange Inc."
"BSX","BOSTON SCIENTIFIC CORP","Equity","2.98","42.62","5,161.00","219,961.82","219,961.82","2113434","US1011371077","New York Stock Exchange Inc."
"CVS","CVS HEALTH CORP","Equity","2.81","55.57","3,728.00","207,164.96","207,164.96","2577609","US1266501006","New York Stock Exchange Inc."
"ILMN","ILLUMINA INC","Equity","2.67","378.23","521.00","197,057.83","197,057.83","2613990","US4523271090","NASDAQ"
"CI","CIGNA CORP","Equity","2.17","163.44","981.00","160,334.64","160,334.64","BHJ0775","US1255231003","New York Stock Exchange Inc."
"EW","EDWARDS LIFESCIENCES CORP","Equity","2.09","188.30","820.00","154,406.00","154,406.00","2567116","US28176E1082","New York Stock Exchange Inc."
"HUM","HUMANA INC","Equity","2.08","264.65","580.00","153,497.00","153,497.00","2445063","US4448591028","New York Stock Exchange Inc."
"HCA","HCA HEALTHCARE INC","Equity","2.07","138.53","1,103.00","152,798.59","152,798.59","B4MGBG6","US40412C1018","New York Stock Exchange Inc."
"ZBH","ZIMMER BIOMET HOLDINGS INC","Equity","1.05","117.81","655.00","77,165.55","77,165.55","2783815","US98956P1021","New York Stock Exchange Inc."
"BAX","BAXTER INTERNATIONAL INC","Equity","1.04","82.01","940.00","77,089.40","77,089.40","2085102","US0718131099","New York Stock Exchange Inc."
"PFE","PFIZER INC","Equity","1.01","43.92","1,690.00","74,224.80","74,224.80","2684703","US7170811035","New York Stock Exchange Inc."
"CNC","CENTENE CORP","Equity","1.00","51.48","1,430.00","73,616.40","73,616.40","2807061","US15135B1017","New York Stock Exchange Inc."
"MCK","MCKESSON CORP","Equity","1.00","140.03","525.00","73,515.75","73,515.75","2378534","US58155Q1031","New York Stock Exchange Inc."
"CERN","CERNER CORP","Equity","0.96","74.50","949.00","70,700.50","70,700.50","2185284","US1567821046","NASDAQ"
"AGN","ALLERGAN","Equity","0.96","167.69","421.00","70,597.49","70,597.49","BY9D546","IE00BY9D5467","New York Stock Exchange Inc."
"WBA","WALGREEN BOOTS ALLIANCE INC","Equity","0.89","55.19","1,184.00","65,344.96","65,344.96","BTN1Y44","US9314271084","NASDAQ"
"LH","LABORATORY CORPORATION OF AMERICA","Equity","0.88","177.78","364.00","64,711.92","64,711.92","2586122","US50540R4092","New York Stock Exchange Inc."
"RMD","RESMED INC","Equity","0.86","124.33","510.00","63,408.30","63,408.30","2732903","US7611521078","New York Stock Exchange Inc."
"WELL","WELLTOWER INC","Equity","0.84","84.22","735.00","61,901.70","61,901.70","BYVYHH4","US95040Q1040","New York Stock Exchange Inc."
"COO","COOPER INC","Equity","0.79","332.73","175.00","58,227.75","58,227.75","2222631","US2166484020","New York Stock Exchange Inc."
"IDXX","IDEXX LABORATORIES INC","Equity","0.77","278.49","205.00","57,090.45","57,090.45","2459202","US45168D1046","NASDAQ"
"DGX","QUEST DIAGNOSTICS INC","Equity","0.74","103.26","531.00","54,831.06","54,831.06","2702791","US74834L1008","New York Stock Exchange Inc."
"WCG","WELLCARE HEALTHCARE PLANS INC","Equity","0.72","282.55","189.00","53,401.95","53,401.95","B01R258","US94946T1060","New York Stock Exchange Inc."
"A","AGILENT TECHNOLOGIES INC","Equity","0.69","75.75","671.00","50,828.25","50,828.25","2520153","US00846U1016","New York Stock Exchange Inc."
"UHS","UNIVERSAL HEALTH SERVICES INC CLAS","Equity","0.66","131.38","371.00","48,741.98","48,741.98","2923785","US9139031002","New York Stock Exchange Inc."
"TFX","TELEFLEX INC","Equity","0.66","334.15","145.00","48,451.75","48,451.75","2881407","US8793691069","New York Stock Exchange Inc."
"IQV","IQVIA HOLDINGS INC","Equity","0.65","160.90","300.00","48,270.00","48,270.00","BDR73G1","US46266C1053","New York Stock Exchange Inc."
"VTR","VENTAS REIT INC","Equity","0.65","69.79","685.00","47,806.15","47,806.15","2927925","US92276F1003","New York Stock Exchange Inc."
"CAH","CARDINAL HEALTH INC","Equity","0.63","48.23","960.00","46,300.80","46,300.80","2175672","US14149Y1082","New York Stock Exchange Inc."
"EXAS","EXACT SCIENCES CORP","Equity","0.62","118.05","389.00","45,921.45","45,921.45","2719951","US30063P1057","NASDAQ"
"XTSLA","BLK CSH FND TREASURY SL AGENCY","Money Market","0.59","1.00","43,911.00","43,910.67","43,910.67","-","US0669224778","-"
"ABMD","ABIOMED INC","Equity","0.55","261.47","155.00","40,527.85","40,527.85","2003698","US0036541003","NASDAQ"
"HOLX","HOLOGIC INC","Equity","0.53","47.96","820.00","39,327.20","39,327.20","2433530","US4364401012","NASDAQ"
"ABC","AMERISOURCEBERGEN CORP","Equity","0.52","87.97","440.00","38,706.80","38,706.80","2795393","US03073E1055","New York Stock Exchange Inc."
"ALGN","ALIGN TECHNOLOGY INC","Equity","0.50","273.29","135.00","36,894.15","36,894.15","2679204","US0162551016","NASDAQ"
"DXCM","DEXCOM INC","Equity","0.49","146.99","248.00","36,453.52","36,453.52","B0796X4","US2521311074","NASDAQ"
"HSIC","HENRY SCHEIN INC","Equity","0.47","69.16","500.00","34,580.00","34,580.00","2416962","US8064071025","NASDAQ"
"DVA","DAVITA INC","Equity","0.45","58.27","574.00","33,446.98","33,446.98","2898087","US23918K1088","New York Stock Exchange Inc."
"ABBV","ABBVIE INC","Equity","0.45","72.99","454.00","33,137.46","33,137.46","B92SR70","US00287Y1091","New York Stock Exchange Inc."
"VAR","VARIAN MEDICAL SYSTEMS INC","Equity","0.43","139.44","230.00","32,071.20","32,071.20","2927516","US92220P1057","New York Stock Exchange Inc."
"EHC","ENCOMPASS HEALTH CORP","Equity","0.42","63.82","485.00","30,952.70","30,952.70","BYX2YJ7","US29261A1007","New York Stock Exchange Inc."
"NOC","NORTHROP GRUMMAN CORP","Equity","0.42","325.20","95.00","30,894.00","30,894.00","2648806","US6668071029","New York Stock Exchange Inc."
"MASI","MASIMO CORP","Equity","0.38","149.87","185.00","27,725.95","27,725.95","B1YWR63","US5747951003","NASDAQ"
"XRAY","DENTSPLY SIRONA INC","Equity","0.36","57.80","465.00","26,877.00","26,877.00","BYNPPC6","US24906P1093","NASDAQ"
"WAT","WATER CORP","Equity","0.36","220.23","120.00","26,427.60","26,427.60","2937689","US9418481035","New York Stock Exchange Inc."
"HCP","HCP REIT INC","Equity","0.35","32.68","790.00","25,817.20","25,817.20","2417578","US40414L1098","New York Stock Exchange Inc."
"PKI","PERKINELMER INC","Equity","0.35","98.46","260.00","25,599.60","25,599.60","2305844","US7140461093","New York Stock Exchange Inc."
"HRC","HILL ROM HOLDINGS INC","Equity","0.29","105.89","200.00","21,178.00","21,178.00","2425924","US4314751029","New York Stock Exchange Inc."
"MPW","MEDICAL PROPERTIES TRUST REIT INC","Equity","0.29","18.29","1,155.00","21,124.95","21,124.95","B0JL5L9","US58463J3041","New York Stock Exchange Inc."
"PODD","INSULET CORP","Equity","0.27","119.85","165.00","19,775.25","19,775.25","B1XGNW4","US45784P1012","NASDAQ"
"BIO","BIO RAD LABORATORIES INC CLASS A","Equity","0.25","313.33","60.00","18,799.80","18,799.80","2098508","US0905722072","New York Stock Exchange Inc."
"CHE","CHEMED CORP","Equity","0.25","371.32","50.00","18,566.00","18,566.00","2190084","US16359R1032","New York Stock Exchange Inc."
"LMT","LOCKHEED MARTIN CORP","Equity","0.25","369.92","50.00","18,496.00","18,496.00","2522096","US5398301094","New York Stock Exchange Inc."
"AMED","AMEDISYS INC","Equity","0.25","122.01","150.00","18,301.50","18,301.50","2024332","US0234361089","NASDAQ"
"LHCG","LHC GROUP INC","Equity","0.24","122.83","144.00","17,687.52","17,687.52","B06DT50","US50187A1079","NASDAQ"
"PEN","PENUMBRA INC","Equity","0.23","162.68","105.00","17,081.40","17,081.40","BZ0V201","US70975L1070","New York Stock Exchange Inc."
"MOH","MOLINA HEALTHCARE INC","Equity","0.20","143.57","105.00","15,074.85","15,074.85","2212706","US60855R1005","New York Stock Exchange Inc."
"TECH","BIO TECHNE CORP","Equity","0.20","214.81","70.00","15,036.70","15,036.70","BSHZ3Q0","US09073M1045","NASDAQ"
"HAE","HAEMONETICS CORP","Equity","0.20","120.62","120.00","14,474.40","14,474.40","2401195","US4050241003","New York Stock Exchange Inc."
"LDOS","LEIDOS HOLDINGS INC","Equity","0.19","82.02","170.00","13,943.40","13,943.40","BDV82B8","US5253271028","New York Stock Exchange Inc."
"ENSG","ENSIGN GROUP INC","Equity","0.18","57.80","230.00","13,294.00","13,294.00","B1YWPP8","US29358P1012","NASDAQ"
"LIVN","LIVANOVA PLC","Equity","0.18","72.71","181.00","13,160.51","13,160.51","BYMT0J1","GB00BYMT0J19","NASDAQ"
"MMS","MAXIMUS INC","Equity","0.18","73.93","175.00","12,937.75","12,937.75","2018669","US5779331041","New York Stock Exchange Inc."
"OHI","OMEGA HEALTHCARE INVESTORS REIT IN","Equity","0.17","37.77","335.00","12,652.95","12,652.95","2043274","US6819361006","New York Stock Exchange Inc."
"ICUI","ICU MEDICAL INC","Equity","0.17","251.46","50.00","12,573.00","12,573.00","2451918","US44930G1076","NASDAQ"
"BFAM","BRIGHT HORIZONS FAMILY SOLUTIONS I","Equity","0.17","154.80","80.00","12,384.00","12,384.00","B7MJWP2","US1091941005","New York Stock Exchange Inc."
"MD","MEDNAX INC","Equity","0.16","25.24","465.00","11,736.60","11,736.60","2677640","US58502B1061","New York Stock Exchange Inc."
"IART","INTEGRA LIFESCIENCES HOLDINGS CORP","Equity","0.16","54.90","210.00","11,529.00","11,529.00","2248693","US4579852082","NASDAQ"
"RTN","RAYTHEON","Equity","0.15","173.65","65.00","11,287.25","11,287.25","2758051","US7551115071","New York Stock Exchange Inc."
"LOPE","GRAND CANYON EDUCATION INC","Equity","0.15","118.10","95.00","11,219.50","11,219.50","B3F1XM1","US38526M1062","NASDAQ"
"ACHC","ACADIA HEALTHCARE COMPANY INC","Equity","0.15","34.62","320.00","11,078.40","11,078.40","B65VZ37","US00404A1097","NASDAQ"
"HMSY","HMS HOLDINGS CORP","Equity","0.15","33.96","325.00","11,037.00","11,037.00","2418043","US40425J1016","NASDAQ"
"TDOC","TELADOC HEALTH INC","Equity","0.15","68.28","160.00","10,924.80","10,924.80","BYQRFY1","US87918A1051","New York Stock Exchange Inc."
"NUVA","NUVASIVE INC","Equity","0.14","56.68","180.00","10,202.40","10,202.40","B00GJC2","US6707041058","NASDAQ"
"MMSI","MERIT MEDICAL SYSTEMS INC","Equity","0.14","58.70","170.00","9,979.00","9,979.00","2580555","US5898891040","NASDAQ"
"BRKR","BRUKER CORP","Equity","0.13","50.98","190.00","9,686.20","9,686.20","2616137","US1167941087","NASDAQ"
"PINC","PREMIER INC CLASS A","Equity","0.12","39.20","235.00","9,212.00","9,212.00","BDZDRC5","US74051N1028","NASDAQ"
"OMCL","OMNICELL INC","Equity","0.12","86.28","105.00","9,059.40","9,059.40","2789523","US68213N1090","NASDAQ"
"AMN","AMN HEALTHCARE INC","Equity","0.12","54.44","165.00","8,982.60","8,982.60","2813552","US0017441017","New York Stock Exchange Inc."
"SEM","SELECT MEDICAL HOLDINGS CORP","Equity","0.12","15.58","560.00","8,724.80","8,724.80","B4MF0Q6","US81619Q1058","New York Stock Exchange Inc."
"GMED","GLOBUS MEDICAL INC CLASS A","Equity","0.12","41.30","210.00","8,673.00","8,673.00","B7D65M0","US3795772082","New York Stock Exchange Inc."
"THC","TENET HEALTHCARE CORP","Equity","0.12","19.35","445.00","8,610.75","8,610.75","B8DMK08","US88033G4073","New York Stock Exchange Inc."
"SBRA","SABRA HEALTH CARE REIT INC","Equity","0.11","20.30","400.00","8,120.00","8,120.00","B5NLBP6","US78573L1061","NASDAQ"
"TNDM","TANDEM DIABETES CARE INC","Equity","0.11","64.82","124.00","8,037.68","8,037.68","BF3W461","US8753722037","NASDAQ"
"NVCR","NOVOCURE LTD","Equity","0.11","64.28","125.00","8,035.00","8,035.00","BYSS4X4","JE00BYSS4X48","NASDAQ"
"NHI","NATIONAL HEALTH INVESTORS REIT INC","Equity","0.11","79.44","100.00","7,944.00","7,944.00","2626125","US63633D1046","New York Stock Exchange Inc."
"WMGI","WRIGHT MEDICAL GROUP NV","Equity","0.10","26.68","290.00","7,737.20","7,737.20","BZ2JCC5","NL0011327523","NASDAQ"
"USPH","US PHYSICAL THERAPY INC","Equity","0.10","125.02","60.00","7,501.20","7,501.20","2911166","US90337L1089","New York Stock Exchange Inc."
"GHC","GRAHAM HOLDINGS COMPANY CLASS B","Equity","0.10","721.89","10.00","7,218.90","7,218.90","BGM1B98","US3846371041","New York Stock Exchange Inc."
"DOC","PHYSICIANS REALTY TRUST REIT","Equity","0.10","17.51","410.00","7,179.10","7,179.10","BC9S149","US71943U1043","New York Stock Exchange Inc."
"NEO","NEOGENOMICS INC","Equity","0.09","23.28","300.00","6,984.00","6,984.00","2598246","US64049M2098","NASDAQ"
"PRAH","PRA HEALTH SCIENCES INC","Equity","0.09","98.65","70.00","6,905.50","6,905.50","BSHZ3V5","US69354M1080","NASDAQ"
"HCSG","HEALTHCARE SERVICES INC","Equity","0.09","30.22","220.00","6,648.40","6,648.40","2417619","US4219061086","NASDAQ"
"MYGN","MYRIAD GENETICS INC","Equity","0.09","27.65","240.00","6,636.00","6,636.00","2614153","US62855J1043","NASDAQ"
"ATGE","ADTALEM GLOBAL EDUCATION INC","Equity","0.09","45.54","145.00","6,603.30","6,603.30","BZ12TX5","US00737L1035","New York Stock Exchange Inc."
"CRL","CHARLES RIVER LABORATORIES INTERNA","Equity","0.09","142.44","45.00","6,409.80","6,409.80","2604336","US1598641074","New York Stock Exchange Inc."
"NSP","INSPERITY INC","Equity","0.09","127.15","50.00","6,357.50","6,357.50","2007281","US45778Q1076","New York Stock Exchange Inc."
"ITGR","INTEGER HOLDINGS CORP","Equity","0.08","82.90","75.00","6,217.50","6,217.50","BD06LM7","US45826H1095","New York Stock Exchange Inc."
"USD","USD CASH","Cash","0.08","100.00","5,979.00","5,978.99","5,978.99","-","-","-"
"NVTA","INVITAE CORP","Equity","0.08","23.89","246.00","5,876.94","5,876.94","BVVCNT1","US46185L1035","New York Stock Exchange Inc."
"QDEL","QUIDEL CORP","Equity","0.08","58.40","100.00","5,840.00","5,840.00","2717591","US74838J1016","NASDAQ"
"SRCL","STERICYCLE INC","Equity","0.08","48.04","120.00","5,764.80","5,764.80","2860826","US8589121081","NASDAQ"
"PDCO","PATTERSON COMPANIES INC","Equity","0.08","22.53","250.00","5,632.50","5,632.50","2672689","US7033951036","NASDAQ"
"BEAT","BIOTELEMETRY INC","Equity","0.08","48.95","115.00","5,629.25","5,629.25","BCD7L64","US0906721065","NASDAQ"
"IRTC","IRHYTHM TECHNOLOGIES INC","Equity","0.07","78.33","70.00","5,483.10","5,483.10","BYT4ST5","US4500561067","NASDAQ"
"GEO","GEO GROUP REIT INC","Equity","0.07","20.89","260.00","5,431.40","5,431.40","BNLYWQ1","US36162J1060","New York Stock Exchange Inc."
"OSIS","OSI SYSTEMS INC","Equity","0.07","117.03","45.00","5,266.35","5,266.35","2111579","US6710441055","NASDAQ"
"NVRO","NEVRO CORP","Equity","0.07","63.53","80.00","5,082.40","5,082.40","BS7K7C9","US64157F1030","New York Stock Exchange Inc."
"NOVT","NOVANTA INC","Equity","0.07","92.16","55.00","5,068.80","5,068.80","BD8S5H8","CA67000B1040","NASDAQ"
"CVET","COVETRUS INC","Equity","0.07","25.02","200.00","5,004.00","5,004.00","BHZSB82","US22304C1009","NASDAQ"
"BKD","BROOKDALE SENIOR LIVING INC","Equity","0.07","8.16","595.00","4,855.20","4,855.20","B0PZN33","US1124631045","New York Stock Exchange Inc."
"CMD","CANTEL MEDICAL CORP","Equity","0.06","79.09","60.00","4,745.40","4,745.40","2188153","US1380981084","New York Stock Exchange Inc."
"CXW","CORECIVIC REIT INC","Equity","0.06","20.26","230.00","4,659.80","4,659.80","BZ8VC58","US21871N1019","New York Stock Exchange Inc."
"STRA","STRATEGIC EDUCATION INC","Equity","0.06","181.21","25.00","4,530.25","4,530.25","BGGJFV8","US86272C1036","NASDAQ"
"HQY","HEALTHEQUITY INC","Equity","0.06","64.65","70.00","4,525.50","4,525.50","BP8XZL1","US42226A1079","NASDAQ"
"CSII","CARDIOVASCULAR SYSTEMS INC","Equity","0.06","42.75","105.00","4,488.75","4,488.75","B17HG57","US1416191062","NASDAQ"
"AVNS","AVANOS MEDICAL INC","Equity","0.06","44.00","100.00","4,400.00","4,400.00","BFFVV54","US05350V1061","New York Stock Exchange Inc."
"GH","GUARDANT HEALTH INC","Equity","0.06","86.00","50.00","4,300.00","4,300.00","BFXC911","US40131M1099","NASDAQ"
"INGN","INOGEN INC","Equity","0.06","65.89","65.00","4,282.85","4,282.85","BJSVLL5","US45780L1044","NASDAQ"
"ATRI","ATRION CORP","Equity","0.06","817.65","5.00","4,088.25","4,088.25","2012735","US0499041053","NASDAQ"
"STAA","STAAR SURGICAL","Equity","0.05","29.42","134.00","3,942.28","3,942.28","2836292","US8523123052","NASDAQ"
"ACM","AECOM","Equity","0.05","37.29","105.00","3,915.45","3,915.45","B1VZ431","US00766T1007","New York Stock Exchange Inc."
"ATRC","ATRICURE INC","Equity","0.05","31.41","120.00","3,769.20","3,769.20","B0C8KV2","US04963C2098","NASDAQ"
"GHDX","GENOMIC HEALTH INC","Equity","0.05","58.39","60.00","3,503.40","3,503.40","B0J2NP2","US37244C1018","NASDAQ"
"LTC","LTC PROPERTIES REIT INC","Equity","0.05","46.51","75.00","3,488.25","3,488.25","2498788","US5021751020","New York Stock Exchange Inc."
"WAGE","WAGEWORKS INC","Equity","0.04","50.69","65.00","3,294.85","3,294.85","B6WG4R2","US9304271094","New York Stock Exchange Inc."
"NHC","NATIONAL HEALTHCARE CORP","Equity","0.04","80.53","40.00","3,221.20","3,221.20","2139731","US6359061008","Nyse Mkt Llc"
"TVTY","TIVITY HEALTH INC","Equity","0.04","16.64","185.00","3,078.40","3,078.40","BD8Q1B8","US88870R1023","NASDAQ"
"SYNH","SYNEOS HEALTH INC CLASS A","Equity","0.04","50.66","60.00","3,039.60","3,039.60","BFMZ4V6","US87166B1026","NASDAQ"
"CNDT","CONDUENT INC","Equity","0.04","9.86","300.00","2,958.00","2,958.00","BYWLRV8","US2067871036","New York Stock Exchange Inc."
"PRSC","PROVIDENCE SERVICE CORP","Equity","0.04","57.10","50.00","2,855.00","2,855.00","2918576","US7438151026","NASDAQ"
"AXDX","ACCELERATE DIAGNOSTICS INC","Equity","0.04","23.47","120.00","2,816.40","2,816.40","B8QZWL9","US00430H1023","NASDAQ"
"CECO","CAREER EDUCATION CORP","Equity","0.04","19.34","145.00","2,804.30","2,804.30","2143646","US1416651099","NASDAQ"
"TWOU","2U INC","Equity","0.04","38.51","70.00","2,695.70","2,695.70","BKWBZZ0","US90214J1016","NASDAQ"
"BABY","NATUS MEDICAL INC","Equity","0.04","25.63","105.00","2,691.15","2,691.15","2771133","US6390501038","NASDAQ"
"VREX","VAREX IMAGING CORP","Equity","0.04","30.87","85.00","2,623.95","2,623.95","BDQYWV1","US92214X1063","NASDAQ"
"TRHC","TABULA RASA HEALTHCARE INC","Equity","0.03","51.36","50.00","2,568.00","2,568.00","BYQBFS7","US8733791011","NASDAQ"
"ANGO","ANGIODYNAMICS INC","Equity","0.03","20.43","120.00","2,451.60","2,451.60","B00CR04","US03475V1017","NASDAQ"
"LMNX","LUMINEX CORP","Equity","0.03","20.58","115.00","2,366.70","2,366.70","2572109","US55027E1029","NASDAQ"
"ASGN","ASGN INC","Equity","0.03","58.90","40.00","2,356.00","2,356.00","BFY8W20","US00191U1025","New York Stock Exchange Inc."
"BHC","BAUSCH HEALTH COMPANIES INC","Equity","0.03","25.28","90.00","2,275.20","2,275.20","BFFVVC1","CA0717341071","New York Stock Exchange Inc."
"HSTM","HEALTHSTREAM INC","Equity","0.03","26.03","85.00","2,212.55","2,212.55","2577870","US42222N1037","NASDAQ"
"EVH","EVOLENT HEALTH INC CLASS A","Equity","0.03","7.63","245.00","1,869.35","1,869.35","BYLY8H1","US30050B1017","New York Stock Exchange Inc."
"OSUR","ORASURE TECHNOLOGIES INC","Equity","0.02","9.13","195.00","1,780.35","1,780.35","2318790","US68554V1089","NASDAQ"
"LMAT","LEMAITRE VASCULAR INC","Equity","0.02","28.30","55.00","1,556.50","1,556.50","B1G6TJ0","US5255582018","NASDAQ"
"DPLO","DIPLOMAT PHARMACY INC","Equity","0.02","5.97","230.00","1,373.10","1,373.10","BRB38H9","US25456K1016","New York Stock Exchange Inc."
"CYH","COMMUNITY HEALTH SYSTEMS INC","Equity","0.02","2.83","485.00","1,372.55","1,372.55","2600248","US2036681086","New York Stock Exchange Inc."
"RAD","RITE AID CORP","Equity","0.02","9.11","136.00","1,238.96","1,238.96","BJNQGL0","US7677548726","New York Stock Exchange Inc."
"XENT","INTERSECT ENT INC","Equity","0.02","21.56","55.00","1,185.80","1,185.80","BP7RS48","US46071F1030","NASDAQ"
"AXGN","AXOGEN INC","Equity","0.01","19.89","55.00","1,093.95","1,093.95","B7254K9","US05463X1063","NASDAQ"
"CUTR","CUTERA INC","Equity","0.01","20.58","35.00","720.30","720.30","2839741","US2321091082","NASDAQ"
"AKRX","AKORN INC","Equity","0.01","5.07","125.00","633.75","633.75","2012100","US0097281069","NASDAQ"
"OMI","OWENS & MINOR INC","Equity","0.01","3.30","170.00","561.00","561.00","2665128","US6907321029","New York Stock Exchange Inc."
 