﻿Fund Holdings as of,"Jul 4, 2019"
 
Issuer Ticker,Name,Asset Class,Weight (%),Price,Shares,Market Value,Notional Value,Sector,ISIN,Coupon (%),Maturity,Exchange,Country,Market Currency,Duration
"SPGB","SPAIN (KINGDOM OF)","Fixed Income","4.07","167.40","19,773,000.00","34,156,752.38","34,156,752.38","Treasury","ES0000012411","5.75","Jul 30, 2032","-","Spain","EUR","10.07"
"SPGB","SPAIN (KINGDOM OF)","Fixed Income","3.96","155.24","21,061,684.00","33,228,915.39","33,228,915.39","Treasury","ES0000011868","6.00","Jan 31, 2029","-","Spain","EUR","7.88"
"SPGB","SPAIN (KINGDOM OF)","Fixed Income","3.85","174.91","18,020,000.00","32,305,392.03","32,305,392.03","Treasury","ES00000121S7","4.70","Jul 30, 2041","-","Spain","EUR","15.70"
"SPGB","SPAIN (KINGDOM OF)","Fixed Income","3.55","176.91","16,447,000.00","29,844,390.50","29,844,390.50","Treasury","ES00000120N0","4.90","Jul 30, 2040","-","Spain","EUR","15.05"
"SPGB","SPAIN (KINGDOM OF)","Fixed Income","3.32","157.10","17,549,000.00","27,879,930.43","27,879,930.43","Treasury","ES0000012932","4.20","Jan 31, 2037","-","Spain","EUR","13.63"
"SPGB","SPAIN (KINGDOM OF)","Fixed Income","3.27","141.99","18,596,000.00","27,422,540.45","27,422,540.45","Treasury","ES00000123C7","5.90","Jul 30, 2026","-","Spain","EUR","5.97"
"SPGB","SPAIN (KINGDOM OF)","Fixed Income","3.10","129.26","19,478,000.00","26,017,498.36","26,017,498.36","Treasury","ES00000122E5","4.65","Jul 30, 2025","-","Spain","EUR","5.36"
"SPGB","SPAIN (KINGDOM OF)","Fixed Income","2.99","116.42","21,094,000.00","25,077,437.19","25,077,437.19","Treasury","ES00000123K0","5.85","Jan 31, 2022","-","Spain","EUR","2.44"
"SPGB","SPAIN (KINGDOM OF)","Fixed Income","2.96","116.02","21,083,000.00","24,851,043.29","24,851,043.29","Treasury","ES00000126B2","2.75","Oct 31, 2024","-","Spain","EUR","4.99"
"SPGB","SPAIN (KINGDOM OF)","Fixed Income","2.93","145.93","16,466,000.00","24,600,526.55","24,600,526.55","Treasury","ES00000124C5","5.15","Oct 31, 2028","-","Spain","EUR","7.79"
"SPGB","SPAIN (KINGDOM OF)","Fixed Income","2.79","190.57","12,060,000.00","23,401,822.04","23,401,822.04","Treasury","ES00000124H4","5.15","Oct 31, 2044","-","Spain","EUR","17.18"
"SPGB","SPAIN (KINGDOM OF)","Fixed Income","2.76","120.67","18,740,000.00","23,169,476.25","23,169,476.25","Treasury","ES00000123X3","4.40","Oct 31, 2023","-","Spain","EUR","3.98"
"SPGB","SPAIN (KINGDOM OF)","Fixed Income","2.76","110.92","20,706,000.00","23,168,932.31","23,168,932.31","Treasury","ES00000123B9","5.50","Apr 30, 2021","-","Spain","EUR","1.78"
"SPGB","SPAIN (KINGDOM OF)","Fixed Income","2.75","117.25","19,423,000.00","23,124,265.50","23,124,265.50","Treasury","ES00000127A2","1.95","Jul 30, 2030","-","Spain","EUR","10.01"
"SPGB","SPAIN (KINGDOM OF)","Fixed Income","2.75","120.83","18,752,000.00","23,085,091.43","23,085,091.43","Treasury","ES00000123U9","5.40","Jan 31, 2023","-","Spain","EUR","3.33"
"SPGB","SPAIN (KINGDOM OF)","Fixed Income","2.72","114.36","19,741,000.00","22,862,652.44","22,862,652.44","Treasury","ES00000127G9","2.15","Oct 31, 2025","-","Spain","EUR","5.95"
"SPGB","SPAIN (KINGDOM OF)","Fixed Income","2.63","119.83","18,317,000.00","22,072,509.49","22,072,509.49","Treasury","ES00000124W3","3.80","Apr 30, 2024","-","Spain","EUR","4.52"
"SPGB","SPAIN (KINGDOM OF)","Fixed Income","2.61","110.40","19,770,000.00","21,881,422.46","21,881,422.46","Treasury","ES00000126Z1","1.60","Apr 30, 2025","-","Spain","EUR","5.62"
"SPGB","SPAIN (KINGDOM OF)","Fixed Income","2.60","111.19","19,452,000.00","21,819,359.03","21,819,359.03","Treasury","ES0000012A89","1.45","Oct 31, 2027","-","Spain","EUR","7.87"
"SPGB","SPAIN (KINGDOM OF)","Fixed Income","2.58","109.51","19,605,000.00","21,640,619.38","21,640,619.38","Treasury","ES00000128H5","1.30","Oct 31, 2026","-","Spain","EUR","7.02"
"SPGB","SPAIN (KINGDOM OF)","Fixed Income","2.57","111.09","19,186,000.00","21,563,581.68","21,563,581.68","Treasury","ES0000012B88","1.40","Jul 30, 2028","-","Spain","EUR","8.53"
"SPGB","SPAIN (KINGDOM OF)","Fixed Income","2.45","140.50","14,419,000.00","20,540,949.89","20,540,949.89","Treasury","ES00000128C6","2.90","Oct 31, 2046","-","Spain","EUR","20.14"
"SPGB","SPAIN (KINGDOM OF)","Fixed Income","2.42","111.17","18,263,000.00","20,348,385.11","20,348,385.11","Treasury","ES0000012B39","1.40","Apr 30, 2028","-","Spain","EUR","8.40"
"SPGB","SPAIN (KINGDOM OF)","Fixed Income","2.34","123.85","15,588,000.00","19,645,494.48","19,645,494.48","Treasury","ES00000128Q6","2.35","Jul 30, 2033","-","Spain","EUR","12.15"
"SPGB","SPAIN (KINGDOM OF)","Fixed Income","2.31","111.69","17,298,000.00","19,365,372.83","19,365,372.83","Treasury","ES0000012E51","1.45","Apr 30, 2029","-","Spain","EUR","9.26"
"SPGB","SPAIN (KINGDOM OF)","Fixed Income","2.29","102.57","18,740,000.00","19,234,743.17","19,234,743.17","Treasury","ES00000128O1","0.40","Apr 30, 2022","-","Spain","EUR","2.83"
"SPGB","SPAIN (KINGDOM OF)","Fixed Income","2.28","113.75","16,768,000.00","19,130,831.11","19,130,831.11","Treasury","ES00000127Z9","1.95","Apr 30, 2026","-","Spain","EUR","6.48"
"SPGB","SPAIN (KINGDOM OF)","Fixed Income","2.22","107.03","16,898,000.00","18,638,454.65","18,638,454.65","Treasury","ES00000122T3","4.85","Oct 31, 2020","-","Spain","EUR","1.29"
"SPGB","SPAIN (KINGDOM OF)","Fixed Income","2.20","102.63","17,878,000.00","18,472,010.02","18,472,010.02","Treasury","ES00000128B8","0.75","Jul 30, 2021","-","Spain","EUR","2.06"
"SPGB","SPAIN (KINGDOM OF)","Fixed Income","2.19","123.60","14,668,000.00","18,426,851.82","18,426,851.82","Treasury","ES00000121G2","4.80","Jan 31, 2024","-","Spain","EUR","4.21"
"SPGB","SPAIN (KINGDOM OF)","Fixed Income","2.12","111.28","15,989,000.00","17,834,629.98","17,834,629.98","Treasury","ES00000128P8","1.50","Apr 30, 2027","-","Spain","EUR","7.46"
"SPGB","SPAIN (KINGDOM OF)","Fixed Income","1.97","100.83","16,393,000.00","16,531,700.50","16,531,700.50","Treasury","ES00000128X2","0.05","Jan 31, 2021","-","Spain","EUR","1.59"
"SPGB","SPAIN (KINGDOM OF)","Fixed Income","1.96","102.91","15,960,000.00","16,475,838.13","16,475,838.13","Treasury","ES0000012B62","0.35","Jul 30, 2023","-","Spain","EUR","4.06"
"SPGB","SPAIN (KINGDOM OF)","Fixed Income","1.81","102.99","14,707,000.00","15,190,608.47","15,190,608.47","Treasury","ES0000012A97","0.45","Oct 31, 2022","-","Spain","EUR","3.31"
"SPGB","SPAIN (KINGDOM OF)","Fixed Income","1.71","163.96","8,590,000.00","14,359,666.48","14,359,666.48","Treasury","ES00000128E2","3.45","Jul 30, 2066","-","Spain","EUR","27.64"
"SPGB","SPAIN (KINGDOM OF)","Fixed Income","1.63","101.74","13,346,000.00","13,721,300.49","13,721,300.49","Treasury","ES00000127H7","1.15","Jul 30, 2020","-","Spain","EUR","1.07"
"SPGB","SPAIN (KINGDOM OF)","Fixed Income","1.44","101.29","11,893,000.00","12,050,903.20","12,050,903.20","Treasury","ES0000012C46","0.05","Oct 31, 2021","-","Spain","EUR","2.34"
"SPGB","SPAIN (KINGDOM OF)","Fixed Income","1.42","136.48","8,633,000.00","11,939,329.02","11,939,329.02","Treasury","ES0000012B47","2.70","Oct 31, 2048","-","Spain","EUR","21.47"
"SPGB","SPAIN (KINGDOM OF)","Fixed Income","0.78","117.04","5,552,000.00","6,532,166.05","6,532,166.05","Treasury","ES0000012E69","1.85","Jul 30, 2035","-","Spain","EUR","14.13"
"SPGB","SPAIN (KINGDOM OF)","Fixed Income","0.59","102.65","4,834,000.00","4,964,474.96","4,964,474.96","Treasury","ES0000012E85","0.25","Jul 30, 2024","-","Spain","EUR","5.06"
"SPGB","SPAIN (KINGDOM OF)","Fixed Income","0.28","103.11","2,270,000.00","2,341,065.93","2,341,065.93","Treasury","ES0000012F43","0.60","Oct 31, 2029","-","Spain","EUR","10.06"
"ICSEAGD","BLK ICS EUR LIQ FUND AGEN ACC T0","Money Market","0.07","99.87","5,739.00","573,175.80","573,175.80","Cash and/or Derivatives","IE00B568BM13","0.00","-","-","European Union","EUR","0.16"
"EUR","EUR CASH","Cash","0.03","100.00","258,181.00","258,180.66","258,180.66","Cash and/or Derivatives","-","0.00","-","-","European Union","EUR","0.00"
"GBP","GBP CASH","Cash","0.00","111.45","3,931.00","4,381.35","4,381.35","Cash and/or Derivatives","-","0.00","-","-","United Kingdom","GBP","0.00"
"USD","USD CASH","Cash","0.00","88.64","455.00","403.32","403.32","Cash and/or Derivatives","-","0.00","-","-","United States","USD","0.00"
 