﻿iShares Evolved U.S. Technology ETF
Inception Date,"Mar 21, 2018"
Fund Holdings as of,"Jul 5, 2019"
Total Net Assets,"11,897,808.43"
Shares Outstanding,"400,000.00"
Stock,"-"
Bond,"-"
Cash,"-"
Other,"-"
 
Issuer Ticker,Name,Asset Class,Weight (%),Price,Shares,Market Value,Notional Value,SEDOL,ISIN,Exchange
"MSFT","MICROSOFT CORP","Equity","15.76","137.06","13,678.00","1,874,706.68","1,874,706.68","2588173","US5949181045","NASDAQ"
"AAPL","APPLE INC","Equity","8.55","204.23","4,981.00","1,017,269.63","1,017,269.63","2046251","US0378331005","NASDAQ"
"AMZN","AMAZON COM INC","Equity","7.48","1,942.91","458.00","889,852.78","889,852.78","2000019","US0231351067","NASDAQ"
"FB","FACEBOOK CLASS A INC","Equity","5.78","196.40","3,504.00","688,185.60","688,185.60","B7TL820","US30303M1027","NASDAQ"
"GOOG","ALPHABET INC CLASS C","Equity","4.23","1,131.59","445.00","503,557.55","503,557.55","BYY88Y7","US02079K1079","NASDAQ"
"GOOGL","ALPHABET INC CLASS A","Equity","4.16","1,132.67","437.00","494,974.60","494,974.60","BYVY8G0","US02079K3059","NASDAQ"
"CSCO","CISCO SYSTEMS INC","Equity","3.50","56.60","7,360.00","416,576.00","416,576.00","2198163","US17275R1023","NASDAQ"
"V","VISA INC CLASS A","Equity","3.12","176.66","2,104.00","371,692.64","371,692.64","B2PZN04","US92826C8394","New York Stock Exchange Inc."
"ORCL","ORACLE CORP","Equity","2.35","59.28","4,714.00","279,445.92","279,445.92","2661568","US68389X1054","New York Stock Exchange Inc."
"MA","MASTERCARD INC CLASS A","Equity","2.31","272.14","1,010.00","274,861.40","274,861.40","B121557","US57636Q1040","New York Stock Exchange Inc."
"ADBE","ADOBE INC","Equity","2.00","303.98","784.00","238,320.32","238,320.32","2008154","US00724F1012","NASDAQ"
"IBM","INTERNATIONAL BUSINESS MACHINES CO","Equity","1.89","141.38","1,589.00","224,652.82","224,652.82","2005973","US4592001014","New York Stock Exchange Inc."
"CRM","SALESFORCE.COM INC","Equity","1.76","154.58","1,352.00","208,992.16","208,992.16","2310525","US79466L3024","New York Stock Exchange Inc."
"INTC","INTEL CORP","Equity","1.60","48.08","3,950.00","189,916.00","189,916.00","2463247","US4581401001","NASDAQ"
"NVDA","NVIDIA CORP","Equity","1.37","160.23","1,021.00","163,594.83","163,594.83","2379504","US67066G1040","NASDAQ"
"ACN","ACCENTURE PLC CLASS A","Equity","1.36","191.39","846.00","161,915.94","161,915.94","B4BNMY3","IE00B4BNMY34","New York Stock Exchange Inc."
"PYPL","PAYPAL HOLDINGS INC","Equity","1.27","117.16","1,288.00","150,902.08","150,902.08","BYW36M8","US70450Y1038","NASDAQ"
"AVGO","BROADCOM INC","Equity","0.91","282.66","385.00","108,824.10","108,824.10","BDZ78H9","US11135F1012","NASDAQ"
"TXN","TEXAS INSTRUMENT INC","Equity","0.86","115.75","881.00","101,975.75","101,975.75","2885409","US8825081040","NASDAQ"
"QCOM","QUALCOMM INC","Equity","0.86","76.66","1,329.00","101,881.14","101,881.14","2714923","US7475251036","NASDAQ"
"NOW","SERVICENOW INC","Equity","0.77","294.53","312.00","91,893.36","91,893.36","B80NXX8","US81762P1021","New York Stock Exchange Inc."
"INTU","INTUIT INC","Equity","0.73","270.54","320.00","86,572.80","86,572.80","2459020","US4612021034","NASDAQ"
"XTSLA","BLK CSH FND TREASURY SL AGENCY","Money Market","0.71","1.00","84,565.00","84,564.54","84,564.54","-","US0669224778","-"
"NFLX","NETFLIX INC","Equity","0.69","380.55","216.00","82,198.80","82,198.80","2857817","US64110L1061","NASDAQ"
"BKNG","BOOKING HOLDINGS INC","Equity","0.63","1,924.75","39.00","75,065.25","75,065.25","BDRXDB4","US09857L1089","NASDAQ"
"ADP","AUTOMATIC DATA PROCESSING INC","Equity","0.62","164.84","448.00","73,848.32","73,848.32","2065308","US0530151036","NASDAQ"
"RHT","RED HAT INC","Equity","0.50","187.71","320.00","60,067.20","60,067.20","2447218","US7565771026","New York Stock Exchange Inc."
"ADSK","AUTODESK INC","Equity","0.48","172.23","333.00","57,352.59","57,352.59","2065159","US0527691069","NASDAQ"
"WDAY","WORKDAY INC CLASS A","Equity","0.46","216.01","256.00","55,298.56","55,298.56","B8K6ZD1","US98138H1014","NASDAQ"
"CTSH","COGNIZANT TECHNOLOGY SOLUTIONS COR","Equity","0.44","64.71","800.00","51,768.00","51,768.00","2257019","US1924461023","NASDAQ"
"MU","MICRON TECHNOLOGY INC","Equity","0.43","39.42","1,309.00","51,600.78","51,600.78","2588184","US5951121038","NASDAQ"
"EBAY","EBAY INC","Equity","0.41","39.80","1,231.00","48,993.80","48,993.80","2293819","US2786421030","NASDAQ"
"CME","CME GROUP INC CLASS A","Equity","0.41","202.81","240.00","48,674.40","48,674.40","2965839","US12572Q1058","NASDAQ"
"FISV","FISERV INC","Equity","0.39","94.46","488.00","46,096.48","46,096.48","2342034","US3377381088","NASDAQ"
"SPGI","S&P GLOBAL INC","Equity","0.38","237.00","192.00","45,504.00","45,504.00","BYV2325","US78409V1044","New York Stock Exchange Inc."
"JPM","JPMORGAN CHASE & CO","Equity","0.36","113.49","375.00","42,558.75","42,558.75","2190385","US46625H1005","New York Stock Exchange Inc."
"ICE","INTERCONTINENTAL EXCHANGE INC","Equity","0.35","89.52","464.00","41,537.28","41,537.28","BFSSDS9","US45866F1049","New York Stock Exchange Inc."
"WP","WORLDPAY INC CLASS A","Equity","0.33","128.43","304.00","39,042.72","39,042.72","BF8D8T0","US9815581098","New York Stock Exchange Inc."
"XLNX","XILINX INC","Equity","0.33","116.11","336.00","39,012.96","39,012.96","2985677","US9839191015","NASDAQ"
"AMD","ADVANCED MICRO DEVICES INC","Equity","0.33","31.50","1,232.00","38,808.00","38,808.00","2007849","US0079031078","NASDAQ"
"FIS","FIDELITY NATIONAL INFORMATION SERV","Equity","0.32","126.80","304.00","38,547.20","38,547.20","2769796","US31620M1062","New York Stock Exchange Inc."
"HPE","HEWLETT PACKARD ENTERPRISE","Equity","0.30","15.17","2,360.00","35,801.20","35,801.20","BYVYWS0","US42824C1099","New York Stock Exchange Inc."
"AMAT","APPLIED MATERIAL INC","Equity","0.29","43.98","790.00","34,744.20","34,744.20","2046552","US0382221051","NASDAQ"
"PANW","PALO ALTO NETWORKS INC","Equity","0.28","209.42","160.00","33,507.20","33,507.20","B87ZMX0","US6974351057","New York Stock Exchange Inc."
"ADI","ANALOG DEVICES INC","Equity","0.28","112.86","296.00","33,406.56","33,406.56","2032067","US0326541051","NASDAQ"
"TWTR","TWITTER INC","Equity","0.28","36.25","921.00","33,386.25","33,386.25","BFLR866","US90184L1026","New York Stock Exchange Inc."
"HPQ","HP INC","Equity","0.28","21.16","1,552.00","32,840.32","32,840.32","BYX4D52","US40434L1052","New York Stock Exchange Inc."
"SPLK","SPLUNK INC","Equity","0.27","130.32","248.00","32,319.36","32,319.36","B424494","US8486371045","NASDAQ"
"SQ","SQUARE INC CLASS A","Equity","0.27","74.31","431.00","32,027.61","32,027.61","BYNZGK1","US8522341036","New York Stock Exchange Inc."
"PAYX","PAYCHEX INC","Equity","0.26","85.31","366.00","31,223.46","31,223.46","2674458","US7043261079","NASDAQ"
"TWLO","TWILIO INC CLASS A","Equity","0.26","140.27","221.00","30,999.67","30,999.67","BD6P5Q0","US90138F1021","New York Stock Exchange Inc."
"MELI","MERCADOLIBRE INC","Equity","0.26","638.18","48.00","30,632.64","30,632.64","B23X1H3","US58733R1023","NASDAQ"
"SNPS","SYNOPSYS INC","Equity","0.25","135.40","224.00","30,329.60","30,329.60","2867719","US8716071076","NASDAQ"
"NTAP","NETAPP INC","Equity","0.25","62.41","480.00","29,956.80","29,956.80","2630643","US64110D1046","NASDAQ"
"VEEV","VEEVA SYSTEMS INC CLASS A","Equity","0.25","170.05","176.00","29,928.80","29,928.80","BFH3N85","US9224751084","New York Stock Exchange Inc."
"EQIX","EQUINIX REIT INC","Equity","0.25","518.18","57.00","29,536.26","29,536.26","BVLZX12","US29444U7000","NASDAQ"
"CDNS","CADENCE DESIGN SYSTEMS INC","Equity","0.25","74.41","392.00","29,168.72","29,168.72","2302232","US1273871087","NASDAQ"
"EA","ELECTRONIC ARTS INC","Equity","0.23","93.60","296.00","27,705.60","27,705.60","2310194","US2855121099","NASDAQ"
"ATVI","ACTIVISION BLIZZARD INC","Equity","0.23","48.15","568.00","27,349.20","27,349.20","2575818","US00507V1098","NASDAQ"
"AON","AON PLC CLASS A","Equity","0.22","197.58","135.00","26,673.30","26,673.30","B5BT0K0","GB00B5BT0K07","New York Stock Exchange Inc."
"ANET","ARISTA NETWORKS INC","Equity","0.22","270.74","96.00","25,991.04","25,991.04","BN33VM5","US0404131064","New York Stock Exchange Inc."
"MRVL","MARVELL TECHNOLOGY GROUP LTD","Equity","0.21","24.30","1,047.00","25,442.10","25,442.10","2594653","BMG5876H1051","NASDAQ"
"DXC","DXC TECHNOLOGY","Equity","0.21","56.46","448.00","25,294.08","25,294.08","BYXD7B3","US23355L1061","New York Stock Exchange Inc."
"GPN","GLOBAL PAYMENTS INC","Equity","0.21","162.49","152.00","24,698.48","24,698.48","2712013","US37940X1028","New York Stock Exchange Inc."
"VRSN","VERISIGN INC","Equity","0.20","217.33","112.00","24,340.96","24,340.96","2142922","US92343E1029","NASDAQ"
"LRCX","LAM RESEARCH CORP","Equity","0.20","183.64","128.00","23,505.92","23,505.92","2502247","US5128071082","NASDAQ"
"ANSS","ANSYS INC","Equity","0.20","209.51","112.00","23,465.12","23,465.12","2045623","US03662Q1058","NASDAQ"
"FLT","FLEETCOR TECHNOLOGIES INC","Equity","0.20","291.77","80.00","23,341.60","23,341.60","B4R28B3","US3390411052","New York Stock Exchange Inc."
"INFO","IHS MARKIT LTD","Equity","0.20","64.62","361.00","23,327.82","23,327.82","BD0Q558","BMG475671050","New York Stock Exchange Inc."
"MSCI","MSCI INC","Equity","0.20","242.29","96.00","23,259.84","23,259.84","B2972D2","US55354G1004","New York Stock Exchange Inc."
"MCHP","MICROCHIP TECHNOLOGY INC","Equity","0.19","89.23","256.00","22,842.88","22,842.88","2592174","US5950171042","NASDAQ"
"CTXS","CITRIX SYSTEMS INC","Equity","0.19","99.83","224.00","22,361.92","22,361.92","2182553","US1773761002","NASDAQ"
"MMC","MARSH & MCLENNAN INC","Equity","0.19","102.75","216.00","22,194.00","22,194.00","2567741","US5717481023","New York Stock Exchange Inc."
"MSI","MOTOROLA SOLUTIONS INC","Equity","0.18","170.65","128.00","21,843.20","21,843.20","B5BKPQ4","US6200763075","New York Stock Exchange Inc."
"VMW","VMWARE INC CLASS A","Equity","0.18","169.18","128.00","21,655.04","21,655.04","B23SN61","US9285634021","New York Stock Exchange Inc."
"IT","GARTNER INC","Equity","0.18","168.97","128.00","21,628.16","21,628.16","2372763","US3666511072","New York Stock Exchange Inc."
"MCO","MOODYS CORP","Equity","0.18","201.43","104.00","20,948.72","20,948.72","2252058","US6153691059","New York Stock Exchange Inc."
"DATA","TABLEAU SOFTWARE INC CLASS A","Equity","0.17","169.82","120.00","20,378.40","20,378.40","B8DJFL5","US87336U1051","New York Stock Exchange Inc."
"FTNT","FORTINET INC","Equity","0.17","78.89","256.00","20,195.84","20,195.84","B5B2106","US34959E1091","NASDAQ"
"CDW","CDW CORP","Equity","0.17","113.79","176.00","20,027.04","20,027.04","BBM5MD6","US12514G1085","NASDAQ"
"SYMC","SYMANTEC CORP","Equity","0.17","25.00","792.00","19,800.00","19,800.00","2861078","US8715031089","NASDAQ"
"MXIM","MAXIM INTEGRATED PRODUCTS INC","Equity","0.17","60.20","328.00","19,745.60","19,745.60","2573760","US57772K1016","NASDAQ"
"OMC","OMNICOM GROUP INC","Equity","0.17","84.75","232.00","19,662.00","19,662.00","2279303","US6819191064","New York Stock Exchange Inc."
"AKAM","AKAMAI TECHNOLOGIES INC","Equity","0.16","81.70","240.00","19,608.00","19,608.00","2507457","US00971T1016","NASDAQ"
"KLAC","KLA TENCOR CORP","Equity","0.16","117.90","160.00","18,864.00","18,864.00","2480138","US4824801009","NASDAQ"
"WDC","WESTERN DIGITAL CORP","Equity","0.16","48.52","384.00","18,631.68","18,631.68","2954699","US9581021055","NASDAQ"
"CSGP","COSTAR GROUP INC","Equity","0.15","564.18","32.00","18,053.76","18,053.76","2262864","US22160N1090","NASDAQ"
"DLR","DIGITAL REALTY TRUST REIT INC","Equity","0.15","121.04","149.00","18,034.96","18,034.96","B03GQS4","US2538681030","New York Stock Exchange Inc."
"VRSK","VERISK ANALYTICS INC","Equity","0.15","148.87","120.00","17,864.40","17,864.40","B4P9W92","US92345Y1064","NASDAQ"
"TSS","TOTAL SYSTEM SERVICES INC","Equity","0.15","131.16","136.00","17,837.76","17,837.76","2897697","US8919061098","New York Stock Exchange Inc."
"PTC","PTC INC","Equity","0.15","92.83","192.00","17,823.36","17,823.36","B95N910","US69370C1009","NASDAQ"
"COUP","COUPA SOFTWARE INC","Equity","0.15","137.46","128.00","17,594.88","17,594.88","BD87XR1","US22266L1061","NASDAQ"
"OKTA","OKTA INC CLASS A","Equity","0.15","127.71","136.00","17,368.56","17,368.56","BDFZSP1","US6792951054","NASDAQ"
"CERN","CERNER CORP","Equity","0.15","74.50","232.00","17,284.00","17,284.00","2185284","US1567821046","NASDAQ"
"PAYC","PAYCOM SOFTWARE INC","Equity","0.14","239.30","72.00","17,229.60","17,229.60","BL95MY0","US70432V1026","New York Stock Exchange Inc."
"WLTW","WILLIS TOWERS WATSON PLC","Equity","0.14","195.84","85.00","16,646.40","16,646.40","BDB6Q21","IE00BDB6Q211","NASDAQ"
"IAC","IAC INTERACTIVE","Equity","0.14","227.66","72.00","16,391.52","16,391.52","B0F0F09","US44919P5089","NASDAQ"
"JNPR","JUNIPER NETWORKS INC","Equity","0.13","27.36","568.00","15,540.48","15,540.48","2431846","US48203R1041","New York Stock Exchange Inc."
"EFX","EQUIFAX INC","Equity","0.13","138.06","112.00","15,462.72","15,462.72","2319146","US2944291051","New York Stock Exchange Inc."
"SWKS","SKYWORKS SOLUTIONS INC","Equity","0.13","80.33","192.00","15,423.36","15,423.36","2961053","US83088M1027","NASDAQ"
"KEYS","KEYSIGHT TECHNOLOGIES INC","Equity","0.13","91.47","168.00","15,366.96","15,366.96","BQZJ0Q9","US49338L1035","New York Stock Exchange Inc."
"FFIV","F5 NETWORKS INC","Equity","0.13","147.66","104.00","15,356.64","15,356.64","2427599","US3156161024","NASDAQ"
"BR","BROADRIDGE FINANCIAL SOLUTIONS INC","Equity","0.12","132.45","112.00","14,834.40","14,834.40","B1VP7R6","US11133T1034","New York Stock Exchange Inc."
"DOCU","DOCUSIGN INC","Equity","0.12","52.16","278.00","14,500.48","14,500.48","BFYT7B7","US2561631068","NASDAQ"
"ALGN","ALIGN TECHNOLOGY INC","Equity","0.12","273.29","53.00","14,484.37","14,484.37","2679204","US0162551016","NASDAQ"
"TRU","TRANSUNION","Equity","0.12","74.75","192.00","14,352.00","14,352.00","BYMWL86","US89400J1079","New York Stock Exchange Inc."
"IQV","IQVIA HOLDINGS INC","Equity","0.12","160.90","88.00","14,159.20","14,159.20","BDR73G1","US46266C1053","New York Stock Exchange Inc."
"EXPE","EXPEDIA GROUP INC","Equity","0.12","135.12","104.00","14,052.48","14,052.48","B748CK2","US30212P3038","NASDAQ"
"ZBRA","ZEBRA TECHNOLOGIES CORP CLASS A","Equity","0.12","217.04","64.00","13,890.56","13,890.56","2989356","US9892071054","NASDAQ"
"STX","SEAGATE TECHNOLOGY PLC","Equity","0.11","47.25","288.00","13,608.00","13,608.00","B58JVZ5","IE00B58JVZ52","NASDAQ"
"FICO","FAIR ISAAC CORP","Equity","0.11","332.43","40.00","13,297.20","13,297.20","2330299","US3032501047","New York Stock Exchange Inc."
"DBX","DROPBOX INC CLASS A","Equity","0.11","25.16","528.00","13,284.48","13,284.48","BG0T321","US26210C1045","NASDAQ"
"GDDY","GODADDY INC CLASS A","Equity","0.11","71.71","184.00","13,194.64","13,194.64","BWFRFC6","US3802371076","New York Stock Exchange Inc."
"JKHY","JACK HENRY ANS ASSOCIATES INC","Equity","0.11","137.15","96.00","13,166.40","13,166.40","2469193","US4262811015","NASDAQ"
"ZEN","ZENDESK INC","Equity","0.11","91.94","136.00","12,503.84","12,503.84","BMH0MR7","US98936J1016","New York Stock Exchange Inc."
"FDC","FIRST DATA CORP CLASS A","Equity","0.10","28.18","440.00","12,399.20","12,399.20","BYX3ZN1","US32008D1063","New York Stock Exchange Inc."
"PLAN","ANAPLAN INC","Equity","0.10","52.97","229.00","12,130.13","12,130.13","BD9PLW5","US03272L1089","New York Stock Exchange Inc."
"SSNC","SS AND C TECHNOLOGIES HOLDINGS INC","Equity","0.10","58.02","208.00","12,068.16","12,068.16","B58YSC6","US78467J1007","NASDAQ"
"FDS","FACTSET RESEARCH SYSTEMS INC","Equity","0.10","295.45","40.00","11,818.00","11,818.00","2329770","US3030751057","New York Stock Exchange Inc."
"EPAM","EPAM SYSTEMS INC","Equity","0.10","180.11","64.00","11,527.04","11,527.04","B44Z3T8","US29414B1044","New York Stock Exchange Inc."
"PFPT","PROOFPOINT INC","Equity","0.09","124.56","88.00","10,961.28","10,961.28","B6VDQC3","US7434241037","NASDAQ"
"TYL","TYLER TECHNOLOGIES INC","Equity","0.09","221.99","48.00","10,655.52","10,655.52","2909644","US9022521051","New York Stock Exchange Inc."
"GWRE","GUIDEWIRE SOFTWARE INC","Equity","0.09","102.21","104.00","10,629.84","10,629.84","B7JYSG3","US40171V1008","New York Stock Exchange Inc."
"DELL","DELL TECHNOLOGIES INC CLASS C","Equity","0.09","52.37","201.00","10,526.37","10,526.37","BHKD3S6","US24703L2025","New York Stock Exchange Inc."
"RNG","RINGCENTRAL INC CLASS A","Equity","0.09","118.15","88.00","10,397.20","10,397.20","BDZCRX3","US76680R2067","New York Stock Exchange Inc."
"AZPN","ASPEN TECHNOLOGY INC","Equity","0.09","127.97","80.00","10,237.60","10,237.60","2051868","US0453271035","NASDAQ"
"ROKU","ROKU INC CLASS A","Equity","0.08","98.11","103.00","10,105.33","10,105.33","BZ1LFG7","US77543R1023","NASDAQ"
"HUBS","HUBSPOT INC","Equity","0.08","176.40","56.00","9,878.40","9,878.40","BR4T3B3","US4435731009","New York Stock Exchange Inc."
"CY","CYPRESS SEMICONDUCTOR CORP","Equity","0.08","22.31","432.00","9,637.92","9,637.92","2244549","US2328061096","NASDAQ"
"TTD","TRADE DESK INC CLASS A","Equity","0.08","237.77","40.00","9,510.80","9,510.80","BD8FDD1","US88339J1051","NASDAQ"
"TRMB","TRIMBLE INC","Equity","0.08","45.42","208.00","9,447.36","9,447.36","2903958","US8962391004","NASDAQ"
"MKTX","MARKETAXESS HOLDINGS INC","Equity","0.08","341.90","27.00","9,231.30","9,231.30","B03Q9D0","US57060D1081","NASDAQ"
"NDAQ","NASDAQ INC","Equity","0.07","101.05","88.00","8,892.40","8,892.40","2965107","US6311031081","NASDAQ"
"CBOE","CBOE GLOBAL MARKETS INC","Equity","0.07","110.40","80.00","8,832.00","8,832.00","B5834C5","US12503M1080","Cboe BZX formerly known as BATS"
"AMTD","TD AMERITRADE HOLDING CORP","Equity","0.07","51.23","168.00","8,606.64","8,606.64","2983154","US87236Y1082","NASDAQ"
"RTN","RAYTHEON","Equity","0.07","173.65","48.00","8,335.20","8,335.20","2758051","US7551115071","New York Stock Exchange Inc."
"CIEN","CIENA CORP","Equity","0.07","42.99","192.00","8,254.08","8,254.08","B1FLZ21","US1717793095","New York Stock Exchange Inc."
"SNAP","SNAP INC CLASS A","Equity","0.07","15.23","536.00","8,163.28","8,163.28","BD8DJ71","US83304A1060","New York Stock Exchange Inc."
"BAH","BOOZ ALLEN HAMILTON HOLDING CORP C","Equity","0.07","67.98","120.00","8,157.60","8,157.60","B5367T7","US0995021062","New York Stock Exchange Inc."
"PCTY","PAYLOCITY HOLDING CORP","Equity","0.07","101.37","80.00","8,109.60","8,109.60","BKM4N88","US70438V1061","NASDAQ"
"BBY","BEST BUY INC","Equity","0.07","71.89","112.00","8,051.68","8,051.68","2094670","US0865161014","New York Stock Exchange Inc."
"CDAY","CERIDIAN HCM HOLDING INC","Equity","0.07","51.86","154.00","7,986.44","7,986.44","BFX1V56","US15677J1088","New York Stock Exchange Inc."
"EXPD","EXPEDITORS INTERNATIONAL OF WASHIN","Equity","0.07","75.37","104.00","7,838.48","7,838.48","2325507","US3021301094","NASDAQ"
"CDK","CDK GLOBAL INC","Equity","0.07","51.18","152.00","7,779.36","7,779.36","BQXTWQ5","US12508E1010","NASDAQ"
"MANH","MANHATTAN ASSOCIATES INC","Equity","0.06","70.36","104.00","7,317.44","7,317.44","2239471","US5627501092","NASDAQ"
"MDSO","MEDIDATA SOLUTIONS INC","Equity","0.06","90.66","80.00","7,252.80","7,252.80","B5424Q0","US58471A1051","NASDAQ"
"CPRT","COPART INC","Equity","0.06","74.60","96.00","7,161.60","7,161.60","2208073","US2172041061","NASDAQ"
"TDC","TERADATA CORP","Equity","0.06","37.25","192.00","7,152.00","7,152.00","B247H10","US88076W1036","New York Stock Exchange Inc."
"CGNX","COGNEX CORP","Equity","0.06","44.44","160.00","7,110.40","7,110.40","2208288","US1924221039","NASDAQ"
"G","GENPACT LTD","Equity","0.06","38.53","184.00","7,089.52","7,089.52","B23DBK6","BMG3922B1072","New York Stock Exchange Inc."
"NUAN","NUANCE COMMUNICATIONS INC","Equity","0.06","16.08","432.00","6,946.56","6,946.56","2402121","US67020Y1001","NASDAQ"
"IRM","IRON MOUNTAIN INC","Equity","0.06","31.59","216.00","6,823.44","6,823.44","BVFTF03","US46284V1017","New York Stock Exchange Inc."
"BKI","BLACK KNIGHT INC","Equity","0.06","60.64","112.00","6,791.68","6,791.68","BDG75V1","US09215C1053","New York Stock Exchange Inc."
"WEX","WEX INC","Equity","0.06","210.24","32.00","6,727.68","6,727.68","B8383P2","US96208T1043","New York Stock Exchange Inc."
"EEFT","EURONET WORLDWIDE INC","Equity","0.06","167.41","40.00","6,696.40","6,696.40","2320148","US2987361092","NASDAQ"
"NEWR","NEW RELIC INC","Equity","0.06","91.48","72.00","6,586.56","6,586.56","BT6T3N7","US64829B1008","New York Stock Exchange Inc."
"MPWR","MONOLITHIC POWER SYSTEMS INC","Equity","0.06","137.12","48.00","6,581.76","6,581.76","B01Z7J1","US6098391054","NASDAQ"
"FDX","FEDEX CORP","Equity","0.05","161.97","40.00","6,478.80","6,478.80","2142784","US31428X1063","New York Stock Exchange Inc."
"NATI","NATIONAL INSTRUMENTS CORP","Equity","0.05","42.33","152.00","6,434.16","6,434.16","2645078","US6365181022","NASDAQ"
"WU","WESTERN UNION","Equity","0.05","20.35","312.00","6,349.20","6,349.20","B1F76F9","US9598021098","New York Stock Exchange Inc."
"NLSN","NIELSEN HOLDINGS PLC","Equity","0.05","23.02","270.00","6,215.40","6,215.40","BWFY550","GB00BWFY5505","New York Stock Exchange Inc."
"BLKB","BLACKBAUD INC","Equity","0.05","84.16","72.00","6,059.52","6,059.52","2458878","US09227Q1004","NASDAQ"
"LOGM","LOGMEIN INC","Equity","0.05","75.35","80.00","6,028.00","6,028.00","B600J15","US54142L1098","NASDAQ"
"ADS","ALLIANCE DATA SYSTEMS CORP","Equity","0.05","148.25","40.00","5,930.00","5,930.00","2762030","US0185811082","New York Stock Exchange Inc."
"GRMN","GARMIN LTD","Equity","0.05","79.75","73.00","5,821.75","5,821.75","B3Z5T14","CH0114405324","NASDAQ"
"SLAB","SILICON LABORATORIES INC","Equity","0.05","103.55","56.00","5,798.80","5,798.80","2568131","US8269191024","NASDAQ"
"SABR","SABRE CORP","Equity","0.05","23.13","248.00","5,736.24","5,736.24","BLLHH27","US78573M1045","NASDAQ"
"ESTC","ELASTIC NV","Equity","0.05","78.49","73.00","5,729.77","5,729.77","BFXCLC6","NL0013056914","New York Stock Exchange Inc."
"CSOD","CORNERSTONE ONDEMAND INC","Equity","0.05","59.60","96.00","5,721.60","5,721.60","B404719","US21925Y1038","NASDAQ"
"QLYS","QUALYS INC","Equity","0.05","88.40","64.00","5,657.60","5,657.60","B7XJTN8","US74758T3032","NASDAQ"
"GRUB","GRUBHUB INC","Equity","0.05","77.86","72.00","5,605.92","5,605.92","BKY7XF2","US4001101025","New York Stock Exchange Inc."
"ACIW","ACI WORLDWIDE INC","Equity","0.05","34.86","160.00","5,577.60","5,577.60","2889155","US0044981019","NASDAQ"
"ZNGA","ZYNGA INC CLASS A","Equity","0.05","6.26","872.00","5,458.72","5,458.72","B79PX49","US98986T1088","NASDAQ"
"SEIC","SEI INVESTMENTS","Equity","0.05","56.63","96.00","5,436.48","5,436.48","2793610","US7841171033","NASDAQ"
"Z","ZILLOW GROUP INC CLASS C","Equity","0.05","48.42","112.00","5,423.04","5,423.04","BYXJF62","US98954M2008","NASDAQ"
"MAN","MANPOWER INC","Equity","0.05","96.17","56.00","5,385.52","5,385.52","2562490","US56418H1005","New York Stock Exchange Inc."
"AVT","AVNET INC","Equity","0.05","44.76","120.00","5,371.20","5,371.20","2066505","US0538071038","NASDAQ"
"VRNT","VERINT SYSTEMS INC","Equity","0.04","55.34","96.00","5,312.64","5,312.64","2849193","US92343X1000","NASDAQ"
"DFS","DISCOVER FINANCIAL SERVICES","Equity","0.04","80.20","64.00","5,132.80","5,132.80","B1YLC43","US2547091080","New York Stock Exchange Inc."
"ROK","ROCKWELL AUTOMATION INC","Equity","0.04","159.39","32.00","5,100.48","5,100.48","2754060","US7739031091","New York Stock Exchange Inc."
"RHI","ROBERT HALF","Equity","0.04","57.91","88.00","5,096.08","5,096.08","2110703","US7703231032","New York Stock Exchange Inc."
"JCOM","J2 GLOBAL INC","Equity","0.04","89.43","56.00","5,008.08","5,008.08","B75DGJ3","US48123V1026","NASDAQ"
"ETSY","ETSY INC","Equity","0.04","63.38","79.00","5,007.02","5,007.02","BWTN5N1","US29786A1060","NASDAQ"
"TECD","TECH DATA CORP","Equity","0.04","104.21","48.00","5,002.08","5,002.08","2879532","US8782371061","NASDAQ"
"PEGA","PEGASYSTEMS INC","Equity","0.04","73.38","64.00","4,696.32","4,696.32","2675860","US7055731035","NASDAQ"
"NTNX","NUTANIX INC CLASS A","Equity","0.04","26.39","176.00","4,644.64","4,644.64","BYQBFT8","US67059N1081","NASDAQ"
"ARW","ARROW ELECTRONICS INC","Equity","0.04","71.23","64.00","4,558.72","4,558.72","2051404","US0427351004","New York Stock Exchange Inc."
"ZAYO","ZAYO GROUP HOLDINGS INC","Equity","0.04","33.17","136.00","4,511.12","4,511.12","BRJ3H07","US98919V1052","New York Stock Exchange Inc."
"JLL","JONES LANG LASALLE INC","Equity","0.04","139.60","32.00","4,467.20","4,467.20","2040640","US48020Q1076","New York Stock Exchange Inc."
"RP","REALPAGE INC","Equity","0.04","61.60","72.00","4,435.20","4,435.20","B4W2S29","US75606N1090","NASDAQ"
"NCR","NCR CORP","Equity","0.03","31.17","128.00","3,989.76","3,989.76","2632650","US62886E1082","New York Stock Exchange Inc."
"JBL","JABIL INC","Equity","0.03","31.54","120.00","3,784.80","3,784.80","2471789","US4663131039","New York Stock Exchange Inc."
"BOX","BOX INC CLASS A","Equity","0.03","17.45","216.00","3,769.20","3,769.20","BVB3BV2","US10316T1043","New York Stock Exchange Inc."
"FEYE","FIREEYE INC","Equity","0.03","15.18","248.00","3,764.64","3,764.64","BD4R405","US31816Q1013","NASDAQ"
"IVZ","INVESCO LTD","Equity","0.03","20.97","178.00","3,732.66","3,732.66","B28XP76","BMG491BT1088","New York Stock Exchange Inc."
"CVLT","COMMVAULT SYSTEMS INC","Equity","0.03","51.10","72.00","3,679.20","3,679.20","B142B38","US2041661024","NASDAQ"
"PRGS","PROGRESS SOFTWARE CORP","Equity","0.03","40.75","88.00","3,586.00","3,586.00","2705198","US7433121008","NASDAQ"
"NTCT","NETSCOUT SYSTEMS INC","Equity","0.03","26.24","136.00","3,568.64","3,568.64","2447285","US64115T1043","NASDAQ"
"YELP","YELP INC","Equity","0.03","34.92","96.00","3,352.32","3,352.32","B7KCD72","US9858171054","New York Stock Exchange Inc."
"SNX","SYNNEX CORP","Equity","0.03","102.02","32.00","3,264.64","3,264.64","2002554","US87162W1009","New York Stock Exchange Inc."
"CLGX","CORELOGIC INC","Equity","0.03","43.19","72.00","3,109.68","3,109.68","B5541Y2","US21871D1037","New York Stock Exchange Inc."
"IAA","IAA INC","Equity","0.02","40.48","72.00","2,914.56","2,914.56","BJF8Q81","US4492531037","New York Stock Exchange Inc."
"PSTG","PURE STORAGE INC CLASS A","Equity","0.02","15.34","176.00","2,699.84","2,699.84","BYZ62T3","US74624M1027","New York Stock Exchange Inc."
"IBKR","INTERACTIVE BROKERS GROUP INC CLAS","Equity","0.02","54.89","48.00","2,634.72","2,634.72","B1WT4X2","US45841N1072","IEX"
"LITE","LUMENTUM HOLDINGS INC","Equity","0.02","53.15","48.00","2,551.20","2,551.20","BYM9ZP2","US55024U1097","NASDAQ"
"KFY","KORN FERRY","Equity","0.02","39.10","64.00","2,502.40","2,502.40","2386849","US5006432000","New York Stock Exchange Inc."
"RAMP","LIVERAMP HOLDINGS INC","Equity","0.02","47.96","52.00","2,493.92","2,493.92","BGLN838","US53815P1084","New York Stock Exchange Inc."
"DLX","DELUXE CORP","Equity","0.02","41.02","56.00","2,297.12","2,297.12","2260363","US2480191012","New York Stock Exchange Inc."
"USD","USD CASH","Cash","0.02","100.00","2,287.00","2,287.18","2,287.18","-","-","-"
"TWOU","2U INC","Equity","0.02","38.51","56.00","2,156.56","2,156.56","BKWBZZ0","US90214J1016","NASDAQ"
"COHR","COHERENT INC","Equity","0.02","134.39","16.00","2,150.24","2,150.24","2208374","US1924791031","NASDAQ"
"COMM","COMMSCOPE HOLDING INC","Equity","0.02","15.70","128.00","2,009.60","2,009.60","BFRBX34","US20337X1090","NASDAQ"
"CNDT","CONDUENT INC","Equity","0.02","9.86","200.00","1,972.00","1,972.00","BYWLRV8","US2067871036","New York Stock Exchange Inc."
"XPO","XPO LOGISTICS INC","Equity","0.02","56.71","32.00","1,814.72","1,814.72","B6Z1355","US9837931008","New York Stock Exchange Inc."
"KAR","KAR AUCTION SERVICES INC","Equity","0.02","24.90","72.00","1,792.80","1,792.80","B4Y1MH7","US48238T1097","New York Stock Exchange Inc."
"STMP","STAMPS.COM INC","Equity","0.01","46.33","24.00","1,111.92","1,111.92","B013D75","US8528572006","NASDAQ"
"CLDR","CLOUDERA INC","Equity","0.01","5.24","184.00","964.16","964.16","BYQHPY1","US18914U1007","New York Stock Exchange Inc."
 