﻿Fund Holdings as of,"Jul 4, 2019"
 
Issuer Ticker,Name,Asset Class,Weight (%),Price,Shares,Market Value,Notional Value,Sector,ISIN,Coupon (%),Maturity,Exchange,Country,Market Currency,Duration
"UKTI","UK I/L GILT RegS","Fixed Income","1.64","332.15","3,068,961.00","10,199,430.55","10,199,430.55","Treasury","GB00B0CNHZ09","1.25","Nov 22, 2055","-","United Kingdom","GBP","32.06"
"TIPS","TREASURY (CPI) NOTE","Fixed Income","1.62","99.05","10,174,102.00","10,080,364.51","10,080,364.51","Treasury","US912828Q608","0.13","Apr 15, 2021","-","United States","USD","1.76"
"TIPS","TREASURY (CPI) NOTE","Fixed Income","1.53","99.72","9,535,477.00","9,514,311.40","9,514,311.40","Treasury","US912828TE09","0.13","Jul 15, 2022","-","United States","USD","3.00"
"TIPS","TREASURY (CPI) NOTE","Fixed Income","1.53","99.38","9,558,400.00","9,504,589.34","9,504,589.34","Treasury","US912828SA95","0.13","Jan 15, 2022","-","United States","USD","2.52"
"UKTI","UK I/L GILT RegS","Fixed Income","1.49","322.70","2,873,727.00","9,274,744.21","9,274,744.21","Treasury","GB00BDX8CX86","0.13","Mar 22, 2068","-","United Kingdom","GBP","47.66"
"UKTI","UK I/L GILT RegS","Fixed Income","1.48","304.21","3,031,753.00","9,227,021.59","9,227,021.59","Treasury","GB00B4PTCY75","0.38","Mar 22, 2062","-","United Kingdom","GBP","40.55"
"TIPS","TREASURY (CPI) NOTE","Fixed Income","1.48","102.50","8,952,062.00","9,202,025.00","9,202,025.00","Treasury","US912828N712","0.63","Jan 15, 2026","-","United States","USD","6.34"
"TIPS","TREASURY (CPI) NOTE","Fixed Income","1.47","101.19","9,032,742.00","9,152,273.60","9,152,273.60","Treasury","US9128284H06","0.63","Apr 15, 2023","-","United States","USD","3.71"
"TIPS","TREASURY (CPI) NOTE","Fixed Income","1.45","101.80","8,816,105.00","9,000,735.23","9,000,735.23","Treasury","US912828B253","0.63","Jan 15, 2024","-","United States","USD","4.43"
"TIPS","TREASURY (CPI) NOTE","Fixed Income","1.45","99.92","8,997,056.00","8,995,441.21","8,995,441.21","Treasury","US912828WU04","0.13","Jul 15, 2024","-","United States","USD","4.97"
"TIPS","TREASURY (CPI) NOTE","Fixed Income","1.43","99.46","8,940,748.00","8,898,193.40","8,898,193.40","Treasury","US912828UH11","0.13","Jan 15, 2023","-","United States","USD","3.50"
"TIPS","TREASURY (CPI) NOTE","Fixed Income","1.43","100.74","8,776,232.00","8,887,727.99","8,887,727.99","Treasury","US912828PP91","1.13","Jan 15, 2021","-","United States","USD","1.50"
"TIPS","TREASURY (CPI) NOTE","Fixed Income","1.42","101.18","8,686,236.00","8,804,206.93","8,804,206.93","Treasury","US912828XL95","0.38","Jul 15, 2025","-","United States","USD","5.91"
"TIPS","TREASURY (CPI) NOTES","Fixed Income","1.40","99.23","8,750,713.00","8,685,578.33","8,685,578.33","Treasury","US912828X398","0.13","Apr 15, 2022","-","United States","USD","2.75"
"TIPS","TREASURY (CPI) NOTE","Fixed Income","1.38","100.86","8,517,553.00","8,605,891.67","8,605,891.67","Treasury","US912828VM96","0.38","Jul 15, 2023","-","United States","USD","3.97"
"UKTI","UK I/L GILT RegS","Fixed Income","1.35","254.95","3,282,860.00","8,375,470.60","8,375,470.60","Treasury","GB00B421JZ66","0.50","Mar 22, 2050","-","United Kingdom","GBP","29.04"
"TIPS","TREASURY (CPI) NOTE","Fixed Income","1.31","101.78","8,000,658.00","8,161,886.41","8,161,886.41","Treasury","US9128283R96","0.50","Jan 15, 2028","-","United States","USD","8.28"
"TIPS","TREASURY (CPI) NOTE","Fixed Income","1.31","111.80","7,223,362.00","8,157,046.25","8,157,046.25","Treasury","US912810FR42","2.38","Jan 15, 2025","-","United States","USD","5.14"
"TIPS","TREASURY (CPI) NOTE","Fixed Income","1.31","100.62","8,055,303.00","8,129,027.83","8,129,027.83","Treasury","US912828QV50","0.63","Jul 15, 2021","-","United States","USD","2.00"
"UKTI","UK I/L GILT RegS","Fixed Income","1.30","217.34","3,725,512.00","8,105,392.91","8,105,392.91","Treasury","GB00B3LZBF68","0.63","Mar 22, 2040","-","United Kingdom","GBP","19.66"
"UKTI","UK I/L GILT RegS","Fixed Income","1.30","256.40","3,158,180.00","8,101,259.82","8,101,259.82","Treasury","GB00B24FFM16","0.75","Nov 22, 2047","-","United Kingdom","GBP","26.36"
"UKTI","UK I/L GILT RegS","Fixed Income","1.30","212.50","3,797,214.00","8,070,710.65","8,070,710.65","Treasury","GB00B7RN0G65","0.13","Mar 22, 2044","-","United Kingdom","GBP","24.28"
"UKTI","UK I/L GILT RegS","Fixed Income","1.28","223.39","3,563,753.00","7,966,948.67","7,966,948.67","Treasury","GB00B1L6W962","1.13","Nov 22, 2037","-","United Kingdom","GBP","17.04"
"TIPS","TREASURY (CPI) NOTE","Fixed Income","1.27","100.83","7,847,095.00","7,926,283.69","7,926,283.69","Treasury","US912828V491","0.38","Jan 15, 2027","-","United States","USD","7.36"
"TIPS","TREASURY (CPI) NOTE","Fixed Income","1.26","101.08","7,715,545.00","7,812,154.45","7,812,154.45","Treasury","US9128282L36","0.38","Jul 15, 2027","-","United States","USD","7.83"
"TIPS","TREASURY (CPI) NOTE","Fixed Income","1.25","100.18","7,769,883.00","7,793,432.56","7,793,432.56","Treasury","US912828H458","0.25","Jan 15, 2025","-","United States","USD","5.45"
"TIPS","TREASURY (CPI) NOTE","Fixed Income","1.25","99.44","7,793,809.00","7,754,843.87","7,754,843.87","Treasury","US912828S505","0.13","Jul 15, 2026","-","United States","USD","6.93"
"TIPS","TREASURY (CPI) NOTE","Fixed Income","1.24","134.09","5,710,820.00","7,706,498.97","7,706,498.97","Treasury","US912810FH69","3.88","Apr 15, 2029","-","United States","USD","8.35"
"TIPS","TREASURY (CPI) NOTE","Fixed Income","1.24","101.31","7,596,825.00","7,704,369.51","7,704,369.51","Treasury","US9128286N55","0.50","Apr 15, 2024","-","United States","USD","4.69"
"UKTI","UK I/L GILT RegS","Fixed Income","1.21","229.41","3,291,890.00","7,554,898.37","7,554,898.37","Treasury","GB00B3MYD345","0.63","Nov 22, 2042","-","United Kingdom","GBP","22.11"
"TIPS","TREASURY (CPI) NOTE","Fixed Income","1.20","105.43","7,062,611.00","7,475,020.01","7,475,020.01","Treasury","US9128285W63","0.88","Jan 15, 2029","-","United States","USD","9.06"
"TIPS","TREASURY (CPI) NOTE","Fixed Income","1.19","104.36","7,037,198.00","7,368,951.35","7,368,951.35","Treasury","US912828Y388","0.75","Jul 15, 2028","-","United States","USD","8.65"
"UKTI","UK I/L GILT RegS","Fixed Income","1.16","250.02","2,890,705.00","7,229,937.61","7,229,937.61","Treasury","GB00B73ZYW09","0.25","Mar 22, 2052","-","United Kingdom","GBP","31.65"
"FRTR","FRANCE (REPUBLIC OF) RegS","Fixed Income","1.15","141.91","4,987,701.00","7,176,588.41","7,176,588.41","Treasury","FR0011008705","1.85","Jul 25, 2027","-","France","EUR","7.54"
"UKTI","UK I/L GILT RegS","Fixed Income","1.15","171.89","4,165,513.00","7,168,100.41","7,168,100.41","Treasury","GB00B128DH60","1.25","Nov 22, 2027","-","United Kingdom","GBP","8.03"
"TIPS","TREASURY (CPI) NOTE","Fixed Income","1.13","129.43","5,385,325.00","7,014,591.42","7,014,591.42","Treasury","US912810QP66","2.13","Feb 15, 2041","-","United States","USD","17.67"
"TIPS","TREASURY (CPI) NOTE","Fixed Income","1.12","128.54","5,384,153.00","6,963,769.05","6,963,769.05","Treasury","US912810FD55","3.63","Apr 15, 2028","-","United States","USD","7.65"
"UKTI","UK I/L GILT RegS","Fixed Income","1.12","199.54","3,474,724.00","6,939,883.82","6,939,883.82","Treasury","GB00B3D4VD98","1.25","Nov 22, 2032","-","United Kingdom","GBP","12.55"
"UKTI","UK I/L GILT RegS","Fixed Income","1.09","194.49","3,489,662.00","6,796,420.11","6,796,420.11","Treasury","GB00B46CGH68","0.75","Mar 22, 2034","-","United Kingdom","GBP","14.04"
"UKTI","UK I/L GILT RegS","Fixed Income","1.07","370.44","1,794,000.00","6,678,431.05","6,678,431.05","Treasury","GB0031790826","2.00","Jan 26, 2035","-","United Kingdom","GBP","13.93"
"UKTI","UK I/L GILT RegS","Fixed Income","1.03","219.17","2,916,633.00","6,393,540.94","6,393,540.94","Treasury","GB00BYMWG366","0.13","Mar 22, 2046","-","United Kingdom","GBP","26.22"
"UKTI","UK I/L GILT RegS","Fixed Income","1.02","265.44","2,397,534.00","6,365,051.45","6,365,051.45","Treasury","GB00BP9DLZ64","0.13","Mar 22, 2058","-","United Kingdom","GBP","37.91"
"UKTI","UK I/L GILT RegS","Fixed Income","1.02","467.15","1,345,000.00","6,340,708.37","6,340,708.37","Treasury","GB0008983024","2.50","Jul 17, 2024","-","United Kingdom","GBP","4.75"
"UKTI","UK I/L GILT RegS","Fixed Income","1.01","146.82","4,255,959.00","6,260,395.13","6,260,395.13","Treasury","GB00B1Z5HQ14","1.88","Nov 22, 2022","-","United Kingdom","GBP","3.29"
"UKTI","UK I/L GILT RegS","Fixed Income","0.94","162.29","3,617,373.00","5,872,123.47","5,872,123.47","Treasury","GB00B3Y1JG82","0.13","Mar 22, 2029","-","United Kingdom","GBP","9.63"
"TIPS","TREASURY (CPI) NOTE","Fixed Income","0.92","114.09","4,988,982.00","5,718,459.00","5,718,459.00","Treasury","US912810RF75","1.38","Feb 15, 2044","-","United States","USD","20.83"
"FRTR","FRANCE (REPUBLIC OF)","Fixed Income","0.90","116.95","4,707,466.00","5,618,398.95","5,618,398.95","Treasury","FR0010050559","2.25","Jul 25, 2020","-","France","EUR","1.05"
"TIPS","TREASURY (CPI) NOTE","Fixed Income","0.88","100.61","5,404,187.00","5,468,846.07","5,468,846.07","Treasury","US912828NM88","1.25","Jul 15, 2020","-","United States","USD","1.01"
"BTPS","ITALY (REPUBLIC OF)","Fixed Income","0.86","123.91","4,300,410.00","5,367,087.41","5,367,087.41","Treasury","IT0004243512","2.60","Sep 15, 2023","-","Italy","EUR","4.00"
"TIPS","TREASURY (CPI) NOTE","Fixed Income","0.85","100.92","5,198,860.00","5,261,612.83","5,261,612.83","Treasury","US912810QV35","0.75","Feb 15, 2042","-","United States","USD","20.52"
"TIPS","TREASURY (CPI) NOTE","Fixed Income","0.83","111.39","4,602,635.00","5,170,128.46","5,170,128.46","Treasury","US912810FS25","2.00","Jan 15, 2026","-","United States","USD","6.08"
"FRTR","FRANCE (REPUBLIC OF)","Fixed Income","0.82","174.64","2,899,511.00","5,119,451.62","5,119,451.62","Treasury","FR0010447367","1.80","Jul 25, 2040","-","France","EUR","18.25"
"FRTR","FRANCE (REPUBLIC OF) RegS","Fixed Income","0.81","121.70","4,123,483.00","5,066,651.15","5,066,651.15","Treasury","FR0010899765","1.10","Jul 25, 2022","-","France","EUR","3.01"
"FRTR","FRANCE (REPUBLIC OF) RegS","Fixed Income","0.81","176.31","2,815,723.00","5,058,968.71","5,058,968.71","Treasury","FR0000188799","3.15","Jul 25, 2032","-","France","EUR","11.19"
"FRTR","FRANCE (REPUBLIC OF) RegS","Fixed Income","0.81","128.92","3,842,604.00","5,039,826.54","5,039,826.54","Treasury","FR0010585901","2.10","Jul 25, 2023","-","France","EUR","3.89"
"UKTI","UK I/L GILT RegS","Fixed Income","0.79","143.47","3,407,204.00","4,889,692.16","4,889,692.16","Treasury","GB00B85SFQ54","0.13","Mar 22, 2024","-","United Kingdom","GBP","4.69"
"TIPS","TREASURY (CPI) NOTE","Fixed Income","0.78","97.52","4,950,580.00","4,839,623.52","4,839,623.52","Treasury","US912810RA88","0.63","Feb 15, 2043","-","United States","USD","21.62"
"TIPS","TREASURY (CPI) NOTE","Fixed Income","0.78","115.64","4,129,354.00","4,821,429.27","4,821,429.27","Treasury","US912810PS15","2.38","Jan 15, 2027","-","United States","USD","6.87"
"TIPS","TREASURY (CPI) NOTE","Fixed Income","0.76","105.43","4,492,954.00","4,754,342.39","4,754,342.39","Treasury","US912810RR14","1.00","Feb 15, 2046","-","United States","USD","23.09"
"UKTI","UK I/L GILT RegS","Fixed Income","0.76","190.53","2,482,493.00","4,730,299.63","4,730,299.63","Treasury","GB00BYZW3J87","0.13","Nov 22, 2036","-","United Kingdom","GBP","17.15"
"TIPS","TREASURY (CPI) NOTE","Fixed Income","0.76","99.52","4,722,751.00","4,713,733.08","4,713,733.08","Treasury","US912810RL44","0.75","Feb 15, 2045","-","United States","USD","22.94"
"UKTI","UK I/L GILT RegS","Fixed Income","0.76","305.00","1,544,238.00","4,710,158.27","4,710,158.27","Treasury","GB00BD9MZZ71","0.13","Nov 22, 2065","-","United Kingdom","GBP","45.39"
"FRTR","FRANCE (REPUBLIC OF) RegS","Fixed Income","0.75","122.26","3,805,122.00","4,662,273.26","4,662,273.26","Treasury","FR0011427848","0.25","Jul 25, 2024","-","France","EUR","5.04"
"BTPS","ITALY (REPUBLIC OF)","Fixed Income","0.75","118.60","3,900,651.00","4,654,465.71","4,654,465.71","Treasury","IT0004604671","2.10","Sep 15, 2021","-","Italy","EUR","2.16"
"UKTI","UK I/L GILT RegS","Fixed Income","0.72","485.33","911,000.00","4,466,428.19","4,466,428.19","Treasury","GB0008932666","4.13","Jul 22, 2030","-","United Kingdom","GBP","9.47"
"UKTI","UK I/L GILT RegS","Fixed Income","0.72","151.39","2,941,664.00","4,454,620.88","4,454,620.88","Treasury","GB00BYY5F144","0.13","Mar 22, 2026","-","United Kingdom","GBP","6.68"
"TIPS","TREASURY (CPI) NOTE","Fixed Income","0.72","120.46","3,659,599.00","4,451,570.11","4,451,570.11","Treasury","US912810PZ57","2.50","Jan 15, 2029","-","United States","USD","8.49"
"TIPS","TREASURY (CPI) NOTE","Fixed Income","0.71","128.60","3,428,272.00","4,436,794.93","4,436,794.93","Treasury","US912810QF84","2.13","Feb 15, 2040","-","United States","USD","16.98"
"BTPS","ITALY (REPUBLIC OF)","Fixed Income","0.71","133.03","3,306,817.00","4,425,685.76","4,425,685.76","Treasury","IT0003745541","2.35","Sep 15, 2035","-","Italy","EUR","13.73"
"TIPS","TREASURY (CPI) NOTE","Fixed Income","0.71","112.27","3,909,106.00","4,420,990.23","4,420,990.23","Treasury","US912810PV44","1.75","Jan 15, 2028","-","United States","USD","7.88"
"TIPS","TREASURY (CPI) NOTE","Fixed Income","0.66","102.52","4,000,375.00","4,114,681.45","4,114,681.45","Treasury","US912810RW09","0.88","Feb 15, 2047","-","United States","USD","24.18"
"DBRI","GERMANY (GOVERNMENT OF) RegS","Fixed Income","0.66","124.15","3,286,602.00","4,081,042.60","4,081,042.60","Treasury","DE0001030567","0.10","Apr 15, 2026","-","Germany","EUR","6.78"
"DBRI","GERMANY (FEDERAL REPUBLIC OF) RegS","Fixed Income","0.66","118.87","3,429,911.00","4,077,894.32","4,077,894.32","Treasury","DE0001030542","0.10","Apr 15, 2023","-","Germany","EUR","3.79"
"TIPS","TREASURY (CPI) NOTE","Fixed Income","0.64","105.83","3,765,643.00","3,999,629.76","3,999,629.76","Treasury","US912810SB52","1.00","Feb 15, 2048","-","United States","USD","24.59"
"JGBI","JAPAN (GOVERNMENT OF) 10YR #20","Fixed Income","0.64","0.96","412,701,200.00","3,952,731.43","3,952,731.43","Treasury","JP1120201F51","0.10","Mar 10, 2025","-","Japan","JPY","5.67"
"DBRI","GERMANY (FEDERAL REPUBLIC OF) RegS","Fixed Income","0.63","135.31","2,899,803.00","3,927,460.85","3,927,460.85","Treasury","DE0001030559","0.50","Apr 15, 2030","-","Germany","EUR","10.56"
"UKTI","UK I/L GILT RegS","Fixed Income","0.63","228.47","1,715,345.00","3,920,100.38","3,920,100.38","Treasury","GB00BZ13DV40","0.13","Aug 10, 2048","-","United Kingdom","GBP","28.55"
"BTPS","ITALY (REPUBLIC OF)","Fixed Income","0.60","116.68","3,188,937.00","3,727,319.20","3,727,319.20","Treasury","IT0005246134","1.30","May 15, 2028","-","Italy","EUR","8.42"
"FRTR","FRANCE (REPUBLIC OF) RegS","Fixed Income","0.60","166.36","2,189,641.00","3,722,024.13","3,722,024.13","Treasury","FR0000186413","3.40","Jul 25, 2029","-","France","EUR","8.79"
"BTPS","ITALY (REPUBLIC OF)","Fixed Income","0.59","131.80","2,773,716.00","3,685,273.60","3,685,273.60","Treasury","IT0004735152","3.10","Sep 15, 2026","-","Italy","EUR","6.54"
"SPGBEI","SPAIN (KINGDOM OF)","Fixed Income","0.57","130.66","2,707,036.00","3,569,580.48","3,569,580.48","Treasury","ES00000126A4","1.80","Nov 30, 2024","-","Spain","EUR","5.19"
"FRTR","FRANCE (REPUBLIC OF)","Fixed Income","0.56","134.67","2,565,028.00","3,473,465.77","3,473,465.77","Treasury","FR0011982776","0.70","Jul 25, 2030","-","France","EUR","10.68"
"JGBI","JAPAN (GOVERNMENT OF) 10YR #23","Fixed Income","0.54","0.97","347,856,839.00","3,375,711.78","3,375,711.78","Treasury","JP1120231J51","0.10","Mar 10, 2028","-","Japan","JPY","8.66"
"BTPS","ITALY (REPUBLIC OF)","Fixed Income","0.54","123.67","2,708,360.00","3,371,371.94","3,371,371.94","Treasury","IT0005004426","2.35","Sep 15, 2024","-","Italy","EUR","4.93"
"JGBI","JAPAN (GOVERNMENT OF) 10YR #22","Fixed Income","0.52","0.97","331,929,874.00","3,212,869.82","3,212,869.82","Treasury","JP1120221H48","0.10","Mar 10, 2027","-","Japan","JPY","7.66"
"UKTI","UK I/L GILT RegS","Fixed Income","0.51","260.87","1,218,998.00","3,180,185.45","3,180,185.45","Treasury","GB00BYVP4K94","0.13","Nov 22, 2056","-","United Kingdom","GBP","36.62"
"JGBI","JAPAN (GOVERNMENT OF) 10YR #21","Fixed Income","0.50","0.96","320,191,400.00","3,088,349.62","3,088,349.62","Treasury","JP1120211G41","0.10","Mar 10, 2026","-","Japan","JPY","6.67"
"BTPS","ITALY (REPUBLIC OF)","Fixed Income","0.49","113.89","2,684,768.00","3,069,101.53","3,069,101.53","Treasury","IT0005138828","1.25","Sep 15, 2032","-","Italy","EUR","12.18"
"SPGBEI","SPAIN (KINGDOM OF)","Fixed Income","0.47","133.84","2,190,614.00","2,946,699.03","2,946,699.03","Treasury","ES00000127C8","1.00","Nov 30, 2030","-","Spain","EUR","10.86"
"BTPS","ITALY (REPUBLIC OF)","Fixed Income","0.47","133.69","2,160,529.00","2,907,267.17","2,907,267.17","Treasury","IT0004545890","2.55","Sep 15, 2041","-","Italy","EUR","17.42"
"BTPS","ITALY (REPUBLIC OF)","Fixed Income","0.43","112.63","2,364,390.00","2,663,499.87","2,663,499.87","Treasury","IT0005188120","0.10","May 15, 2022","-","Italy","EUR","2.87"
"FRTR","FRANCE (REPUBLIC OF)","Fixed Income","0.42","132.84","1,982,594.00","2,635,790.72","2,635,790.72","Treasury","FR0013209871","0.10","Jul 25, 2047","-","France","EUR","27.67"
"SPGBEI","SPAIN (KINGDOM OF)","Fixed Income","0.42","126.74","2,063,312.00","2,624,077.84","2,624,077.84","Treasury","ES00000128S2","0.65","Nov 30, 2027","-","Spain","EUR","8.22"
"DBRI","GERMANY (GOVERNMENT OF) RegS","Fixed Income","0.41","147.95","1,736,420.00","2,569,484.00","2,569,484.00","Treasury","DE0001030575","0.10","Apr 15, 2046","-","Germany","EUR","26.47"
"FRTR","FRANCE REPUBLIC OF (GOVERNMENT) RegS","Fixed Income","0.38","121.03","1,959,573.00","2,372,386.75","2,372,386.75","Treasury","FR0012558310","0.10","Mar 1, 2025","-","France","EUR","5.67"
"FRTR","FRANCE (REPUBLIC OF) RegS","Fixed Income","0.38","124.11","1,888,887.00","2,345,050.96","2,345,050.96","Treasury","FR0013238268","0.10","Mar 1, 2028","-","France","EUR","8.65"
"JGBI","JAPAN (GOVERNMENT OF) 10YR #19","Fixed Income","0.37","0.96","240,962,500.00","2,303,376.10","2,303,376.10","Treasury","JP1120191EA0","0.10","Sep 10, 2024","-","Japan","JPY","5.18"
"UKTI","UK I/L GILT RegS","Fixed Income","0.36","205.55","1,099,432.00","2,260,557.46","2,260,557.46","Treasury","GB00BGDYHF49","0.13","Aug 10, 2041","-","United Kingdom","GBP","21.73"
"CANRRB","CANADA (GOVERNMENT)","Fixed Income","0.35","112.22","1,945,981.00","2,189,306.45","2,189,306.45","Treasury","CA135087WV25","4.00","Dec 1, 2031","-","Canada","CAD","10.30"
"FRTR","FRANCE (REPUBLIC OF) RegS","Fixed Income","0.34","115.20","1,830,069.00","2,108,938.87","2,108,938.87","Treasury","FR0013140035","0.10","Mar 1, 2021","-","France","EUR","1.66"
"TIPS","TREASURY (CPI) NOTE","Fixed Income","0.34","137.35","1,519,201.00","2,097,893.51","2,097,893.51","Treasury","US912810FQ68","3.38","Apr 15, 2032","-","United States","USD","10.71"
"EUR","EUR CASH","Cash","0.33","112.82","1,818,999.00","2,052,194.75","2,052,194.75","Cash and/or Derivatives","-","0.00","-","-","European Union","EUR","0.00"
"FRTR","FRANCE (REPUBLIC OF) RegS","Fixed Income","0.33","116.16","1,759,525.00","2,045,671.92","2,045,671.92","Treasury","FR0011347046","0.10","Jul 25, 2021","-","France","EUR","2.07"
"JGBI","JAPAN (GOVERNMENT OF) 10YR #18","Fixed Income","0.33","0.95","212,558,400.00","2,025,728.07","2,025,728.07","Treasury","JP1120181E49","0.10","Mar 10, 2024","-","Japan","JPY","4.68"
"CANRRB","CANADA (GOVERNMENT)","Fixed Income","0.29","95.84","1,867,225.00","1,791,172.39","1,791,172.39","Treasury","CA135087B949","1.25","Dec 1, 2047","-","Canada","CAD","24.33"
"SGBI","SWEDISH GOVERNMENT I/L 3104","Fixed Income","0.28","21.94","7,960,000.00","1,769,617.70","1,769,617.70","Treasury","SE0000556599","3.50","Dec 1, 2028","-","Sweden","SEK","8.35"
"TIPS","TREASURY (CPI) NOTE","Fixed Income","0.28","106.44","1,637,406.00","1,749,252.76","1,749,252.76","Treasury","US912810SG40","1.00","Feb 15, 2049","-","United States","USD","25.33"
"CANRRB","CANADA (GOVERNMENT)","Fixed Income","0.28","98.15","1,747,802.00","1,717,408.91","1,717,408.91","Treasury","CA135087ZH04","1.50","Dec 1, 2044","-","Canada","CAD","21.59"
"CANRRB","CANADA (GOVERNMENT)","Fixed Income","0.27","111.92","1,494,120.00","1,675,358.46","1,675,358.46","Treasury","CA135087XQ21","3.00","Dec 1, 2036","-","Canada","CAD","14.28"
"CANRRB","CANADA (GOVERNMENT)","Fixed Income","0.27","104.00","1,607,470.00","1,674,134.37","1,674,134.37","Treasury","CA135087YK42","2.00","Dec 1, 2041","-","Canada","CAD","18.68"
"ACGB","AUSTRALIA (COMMONWEALTH OF) RegS","Fixed Income","0.27","103.58","1,600,000.00","1,658,921.00","1,658,921.00","Treasury","AU0000XCLWP8","3.00","Sep 20, 2025","-","Australia","AUD","5.72"
"UKTI","UNITED KINGDOM (GOVERNMENT OF) RegS","Fixed Income","0.25","160.90","955,026.00","1,537,208.78","1,537,208.78","Treasury","GB00BZ1NTB69","0.13","Aug 10, 2028","-","United Kingdom","GBP","9.03"
"CANRRB","CANADA (GOVERNMENT)","Fixed Income","0.22","99.83","1,336,944.00","1,338,714.14","1,338,714.14","Treasury","CA135087VS05","4.25","Dec 1, 2026","-","Canada","CAD","6.51"
"SPGBEI","SPAIN (KINGDOM OF)","Fixed Income","0.21","130.97","996,976.00","1,310,425.16","1,310,425.16","Treasury","ES0000012C12","0.70","Nov 30, 2033","-","Spain","EUR","13.77"
"CANRRB","CANADA (GOVERNMENT)","Fixed Income","0.19","84.07","1,421,551.00","1,199,391.31","1,199,391.31","Treasury","CA135087UL60","4.25","Dec 1, 2021","-","Canada","CAD","2.30"
"SPGBEI","SPAIN (KINGDOM OF)","Fixed Income","0.18","116.72","954,727.00","1,116,280.77","1,116,280.77","Treasury","ES00000128D4","0.30","Nov 30, 2021","-","Spain","EUR","2.41"
"BTPS","ITALY (REPUBLIC OF) RegS","Fixed Income","0.17","111.68","960,417.00","1,072,792.11","1,072,792.11","Treasury","IT0005329344","0.10","May 15, 2023","-","Italy","EUR","3.87"
"ACGB","AUSTRALIA (COMMONWEALTH OF) RegS","Fixed Income","0.17","83.60","1,235,000.00","1,033,913.83","1,033,913.83","Treasury","AU000XCLWAB3","1.25","Feb 21, 2022","-","Australia","AUD","2.58"
"ACGB","AUSTRALIA (COMMONWEALTH OF) RegS","Fixed Income","0.16","108.27","930,000.00","1,007,748.22","1,007,748.22","Treasury","AU0000XCLWV6","2.50","Sep 20, 2030","-","Australia","AUD","9.94"
"FRTR","FRANCE (REPUBLIC OF)","Fixed Income","0.15","128.84","741,175.00","955,724.02","955,724.02","Treasury","FR0013327491","0.10","Jul 25, 2036","-","France","EUR","16.92"
"SGBI","SWEDISH GOVERNMENT I/L 3108","Fixed Income","0.14","12.44","7,210,000.00","896,802.16","896,802.16","Treasury","SE0004211084","0.25","Jun 1, 2022","-","Sweden","SEK","2.91"
"ACGB","AUSTRALIA COMMONWEALTH OF (GOVERN RegS","Fixed Income","0.14","101.61","830,000.00","844,952.20","844,952.20","Treasury","AU000XCLWAF4","2.00","Aug 21, 2035","-","Australia","AUD","14.01"
"NZGBI","NEW ZEALAND (GOVERNMENT OF)","Fixed Income","0.13","90.74","907,000.00","823,808.78","823,808.78","Treasury","NZIIBDT003C0","3.00","Sep 20, 2030","-","New Zealand","NZD","9.70"
"JGBI","JAPAN (GOVERNMENT OF) 10YR #24","Fixed Income","0.13","0.97","84,381,785.00","818,272.47","818,272.47","Treasury","JP1120241K56","0.10","Mar 10, 2029","-","Japan","JPY","9.65"
"DGBI","DENMARK I/L GOVERNMENT BOND","Fixed Income","0.13","16.27","4,950,415.00","806,094.35","806,094.35","Treasury","DK0009922916","0.10","Nov 15, 2023","-","Denmark","DKK","4.37"
"SPGBEI","SPAIN (KINGDOM OF)","Fixed Income","0.12","118.76","638,270.00","758,673.25","758,673.25","Treasury","ES0000012B70","0.15","Nov 30, 2023","-","Spain","EUR","4.41"
"NZGBI","NEW ZEALAND (GOVERNMENT OF) RegS","Fixed Income","0.12","92.02","812,000.00","747,782.59","747,782.59","Treasury","NZIIBDT005C5","2.50","Sep 20, 2040","-","New Zealand","NZD","17.07"
"NZGBI","NEW ZEALAND (GOVERNMENT OF) RegS","Fixed Income","0.12","89.86","810,000.00","728,416.68","728,416.68","Treasury","NZIIBDT004C8","2.50","Sep 20, 2035","-","New Zealand","NZD","13.64"
"SGBI","SWEDISH GOVERNMENT I/L 3102","Fixed Income","0.11","15.96","4,255,000.00","693,769.41","693,769.41","Treasury","SE0000317943","4.00","Dec 1, 2020","-","Sweden","SEK","1.38"
"ACGB","AUSTRALIA (COMMONWEALTH OF) RegS","Fixed Income","0.11","83.23","804,000.00","669,834.29","669,834.29","Treasury","AU0000024044","1.00","Feb 21, 2050","-","Australia","AUD","26.42"
"CANRRB","CANADA (GOVERNMENT OF)","Fixed Income","0.11","80.76","820,747.00","663,126.57","663,126.57","Treasury","CA135087G997","0.50","Dec 1, 2050","-","Canada","CAD","28.93"
"NZGBI","NEW ZEALAND (GOVERNMENT OF) RegS","Fixed Income","0.10","79.28","752,000.00","596,601.24","596,601.24","Treasury","NZIIBDT002C2","2.00","Sep 20, 2025","-","New Zealand","NZD","5.84"
"FRTR","FRANCE (REPUBLIC OF) RegS","Fixed Income","0.09","125.54","466,394.00","585,694.18","585,694.18","Treasury","FR0013410552","0.10","Mar 1, 2029","-","France","EUR","9.64"
"ACGB","AUSTRALIA (COMMONWEALTH OF) RegS","Fixed Income","0.09","77.67","728,000.00","565,929.22","565,929.22","Treasury","AU000XCLWAV1","0.75","Nov 21, 2027","-","Australia","AUD","8.09"
"SGBI","SWEDEN (KINGDOM OF)","Fixed Income","0.09","13.68","4,115,000.00","563,364.64","563,364.64","Treasury","SE0005703550","1.00","Jun 1, 2025","-","Sweden","SEK","5.79"
"ACGB","AUSTRALIA (COMMONWEALTH OF) RegS","Fixed Income","0.09","89.94","599,000.00","539,438.90","539,438.90","Treasury","AU000XCLWAO6","1.25","Aug 21, 2040","-","Australia","AUD","18.64"
"DGBI","DENMARK (KINGDOM OF)","Fixed Income","0.08","17.89","2,932,023.00","524,741.59","524,741.59","Treasury","DK0009923724","0.10","Nov 15, 2030","-","Denmark","DKK","11.33"
"SGBI","SWEDEN (KINGDOM OF)","Fixed Income","0.08","13.29","3,670,000.00","487,884.69","487,884.69","Treasury","SE0008014062","0.13","Jun 1, 2026","-","Sweden","SEK","6.90"
"ACGB","AUSTRALIA (COMMONWEALTH OF) RegS","Fixed Income","0.07","126.77","342,000.00","435,615.97","435,615.97","Treasury","AU0000XCLWE2","4.00","Aug 20, 2020","-","Australia","AUD","1.10"
"GBP","GBP CASH","Cash","0.05","125.74","264,949.00","333,146.26","333,146.26","Cash and/or Derivatives","-","0.00","-","-","United Kingdom","GBP","0.00"
"SEK","SEK CASH","Cash","0.05","10.72","3,088,027.00","331,146.81","331,146.81","Cash and/or Derivatives","-","0.00","-","-","Sweden","SEK","0.00"
"SGBI","SWEDEN KINGDOM OF (GOVERNMENT)","Fixed Income","0.04","14.56","1,840,000.00","267,890.30","267,890.30","Treasury","SE0007045745","0.13","Jun 1, 2032","-","Sweden","SEK","12.82"
"NZD","NZD CASH","Cash","0.04","66.88","338,108.00","226,126.30","226,126.30","Cash and/or Derivatives","-","0.00","-","-","New Zealand","NZD","0.00"
"CAD","CAD CASH","Cash","0.04","76.60","287,981.00","220,582.37","220,582.37","Cash and/or Derivatives","-","0.00","-","-","Canada","CAD","0.00"
"SGBI","SWEDEN (KINGDOM OF)","Fixed Income","0.03","13.44","1,395,000.00","187,575.83","187,575.83","Treasury","SE0009548704","0.13","Dec 1, 2027","-","Sweden","SEK","8.38"
"DKK","DKK CASH","Cash","0.02","15.12","1,012,854.00","153,108.97","153,108.97","Cash and/or Derivatives","-","0.00","-","-","Denmark","DKK","0.00"
"JGBI","JAPAN (GOVERNMENT OF) 10YR #17","Fixed Income","0.02","0.95","13,860,000.00","131,656.54","131,656.54","Treasury","JP1120171DA4","0.10","Sep 10, 2023","-","Japan","JPY","4.19"
"AUD","AUD CASH","Cash","0.02","70.19","177,569.00","124,635.72","124,635.72","Cash and/or Derivatives","-","0.00","-","-","Australia","AUD","0.00"
"JPY","JPY CASH","Cash","0.01","0.93","8,560,553.00","79,400.39","79,400.39","Cash and/or Derivatives","-","0.00","-","-","Japan","JPY","0.00"
"EUR","EUR/USD","FX","0.00","1.00","-1,575,005.00","2,504.26","2,504.26","Cash and/or Derivatives","-","0.00","Jul 5, 2019","-","United States","USD","0.00"
"USD","USD CASH","Cash","-0.16","100.00","-976,731.00","-976,731.44","-976,731.44","Cash and/or Derivatives","-","0.00","-","-","United States","USD","0.00"
 