﻿iShares S&P Mid-Cap 400 Value ETF
Inception Date,"Jul 24, 2000"
Fund Holdings as of,"Jul 3, 2019"
Total Net Assets,"6,417,654,522.19"
Shares Outstanding,"39,900,000.00"
Stock,"-"
Bond,"-"
Cash,"-"
Other,"-"
 
Issuer Ticker,Name,Asset Class,Weight (%),Price,Shares,Market Value,Notional Value,Sector,SEDOL,ISIN,Exchange
"Y","ALLEGHANY CORP","Equity","1.22","702.45","111,033.00","77,995,130.85","77,995,130.85","Financials","2016801","US0171751003","New York Stock Exchange Inc."
"RGA","REINSURANCE GROUP OF AMERICA INC","Equity","1.18","157.94","480,858.00","75,946,712.52","75,946,712.52","Financials","2731193","US7593516047","New York Stock Exchange Inc."
"WRB","WR BERKLEY CORP","Equity","1.17","67.35","1,112,150.00","74,903,302.50","74,903,302.50","Financials","2093644","US0844231029","New York Stock Exchange Inc."
"RNR","RENAISSANCERE HOLDING LTD","Equity","0.97","183.78","339,264.00","62,349,937.92","62,349,937.92","Financials","2728429","BMG7496G1033","New York Stock Exchange Inc."
"KRC","KILROY REALTY REIT CORP","Equity","0.93","76.77","775,761.00","59,555,171.97","59,555,171.97","Real Estate","2495529","US49427F1084","New York Stock Exchange Inc."
"AFG","AMERICAN FINANCIAL GROUP INC","Equity","0.90","105.37","545,180.00","57,445,616.60","57,445,616.60","Financials","2134532","US0259321042","New York Stock Exchange Inc."
"JLL","JONES LANG LASALLE INC","Equity","0.87","140.04","397,045.00","55,602,181.80","55,602,181.80","Real Estate","2040640","US48020Q1076","New York Stock Exchange Inc."
"CZR","CAESARS ENTERTAINMENT CORP","Equity","0.85","12.14","4,496,463.00","54,587,060.82","54,587,060.82","Consumer Discretionary","B3TDL41","US1276861036","NASDAQ"
"STLD","STEEL DYNAMICS INC","Equity","0.80","30.13","1,707,458.00","51,445,709.54","51,445,709.54","Materials","2849472","US8581191009","NASDAQ"
"SON","SONOCO PRODUCTS","Equity","0.79","66.12","768,639.00","50,822,410.68","50,822,410.68","Materials","2821395","US8354951027","New York Stock Exchange Inc."
"ORI","OLD REPUBLIC INTERNATIONAL CORP","Equity","0.79","23.15","2,187,847.00","50,648,658.05","50,648,658.05","Financials","2659109","US6802231042","New York Stock Exchange Inc."
"RS","RELIANCE STEEL & ALUMINUM","Equity","0.76","94.39","516,552.00","48,757,343.28","48,757,343.28","Materials","2729068","US7595091023","New York Stock Exchange Inc."
"FAF","FIRST AMERICAN FINANCIAL CORP","Equity","0.74","55.14","861,232.00","47,488,332.48","47,488,332.48","Financials","B4NFPK4","US31847R1023","New York Stock Exchange Inc."
"ARW","ARROW ELECTRONICS INC","Equity","0.72","71.13","651,774.00","46,360,684.62","46,360,684.62","Information Technology","2051404","US0427351004","New York Stock Exchange Inc."
"ACM","AECOM","Equity","0.71","37.46","1,208,838.00","45,283,071.48","45,283,071.48","Industrials","B1VZ431","US00766T1007","New York Stock Exchange Inc."
"CFR","CULLEN FROST BANKERS INC","Equity","0.71","93.41","484,730.00","45,278,629.30","45,278,629.30","Financials","2239556","US2298991090","New York Stock Exchange Inc."
"OSK","OSHKOSH CORP","Equity","0.70","83.43","537,640.00","44,855,305.20","44,855,305.20","Industrials","2663520","US6882392011","New York Stock Exchange Inc."
"CASY","CASEYS GENERAL STORES INC","Equity","0.69","157.59","281,427.00","44,350,080.93","44,350,080.93","Consumer Staples","2179414","US1475281036","NASDAQ"
"JBLU","JETBLUE AIRWAYS CORP","Equity","0.69","19.13","2,312,109.00","44,230,645.17","44,230,645.17","Industrials","2852760","US4771431016","NASDAQ"
"MAN","MANPOWER INC","Equity","0.69","95.97","459,591.00","44,106,948.27","44,106,948.27","Industrials","2562490","US56418H1005","New York Stock Exchange Inc."
"INGR","INGREDION INC","Equity","0.67","83.77","512,469.00","42,929,528.13","42,929,528.13","Consumer Staples","B7K24P7","US4571871023","New York Stock Exchange Inc."
"SNV","SYNOVUS FINANCIAL CORP","Equity","0.65","34.57","1,210,045.00","41,831,255.65","41,831,255.65","Financials","BMH4NJ8","US87161C5013","New York Stock Exchange Inc."
"AYI","ACUITY BRANDS INC","Equity","0.65","135.17","306,661.00","41,451,367.37","41,451,367.37","Industrials","2818461","US00508Y1029","New York Stock Exchange Inc."
"CACI","CACI INTERNATIONAL INC CLASS A","Equity","0.64","214.29","191,139.00","40,959,176.31","40,959,176.31","Information Technology","2159267","US1271903049","New York Stock Exchange Inc."
"WSO","WATSCO INC","Equity","0.63","163.87","247,608.00","40,575,522.96","40,575,522.96","Industrials","2943039","US9426222009","New York Stock Exchange Inc."
"MDU","MDU RESOURCES GROUP INC","Equity","0.62","26.23","1,521,827.00","39,917,522.21","39,917,522.21","Utilities","2547323","US5526901096","New York Stock Exchange Inc."
"TDY","TELEDYNE TECHNOLOGIES INC","Equity","0.61","277.95","141,980.00","39,463,341.00","39,463,341.00","Industrials","2503477","US8793601050","New York Stock Exchange Inc."
"PII","POLARIS INDUSTRIES INC","Equity","0.61","88.54","441,043.00","39,049,947.22","39,049,947.22","Consumer Discretionary","2692933","US7310681025","New York Stock Exchange Inc."
"AGCO","AGCO CORP","Equity","0.61","78.43","495,534.00","38,864,731.62","38,864,731.62","Industrials","2010278","US0010841023","New York Stock Exchange Inc."
"FSLR","FIRST SOLAR INC","Equity","0.60","66.19","582,771.00","38,573,612.49","38,573,612.49","Information Technology","B1HMF22","US3364331070","NASDAQ"
"ASH","ASHLAND GLOBAL INC","Equity","0.60","79.53","481,917.00","38,326,859.01","38,326,859.01","Materials","BYND5N1","US0441861046","New York Stock Exchange Inc."
"EME","EMCOR GROUP INC","Equity","0.60","88.90","430,950.00","38,311,455.00","38,311,455.00","Industrials","2474164","US29084Q1004","New York Stock Exchange Inc."
"TOL","TOLL BROTHERS INC","Equity","0.59","37.27","1,016,896.00","37,899,713.92","37,899,713.92","Consumer Discretionary","2896092","US8894781033","New York Stock Exchange Inc."
"SWX","SOUTHWEST GAS HOLDINGS INC","Equity","0.58","90.95","410,237.00","37,311,055.15","37,311,055.15","Utilities","2831888","US8448951025","New York Stock Exchange Inc."
"WTR","AQUA AMERICA INC","Equity","0.58","41.66","895,036.00","37,287,199.76","37,287,199.76","Utilities","2685234","US03836W1036","New York Stock Exchange Inc."
"AVT","AVNET INC","Equity","0.57","45.11","816,649.00","36,839,036.39","36,839,036.39","Information Technology","2066505","US0538071038","NASDAQ"
"NYCB","NEW YORK COMMUNITY BANCORP INC","Equity","0.57","10.24","3,586,990.00","36,730,777.60","36,730,777.60","Financials","2711656","US6494451031","New York Stock Exchange Inc."
"FHN","FIRST HORIZON NATIONAL CORP","Equity","0.56","14.88","2,422,848.00","36,051,978.24","36,051,978.24","Financials","2341484","US3205171057","New York Stock Exchange Inc."
"NVR","NVR INC","Equity","0.55","3,396.46","10,371.00","35,224,686.66","35,224,686.66","Consumer Discretionary","2637785","US62944T1051","New York Stock Exchange Inc."
"PACW","PACWEST BANCORP","Equity","0.55","38.35","912,967.00","35,012,284.45","35,012,284.45","Financials","2619772","US6952631033","NASDAQ"
"FLR","FLUOR CORP","Equity","0.54","32.25","1,075,028.00","34,669,653.00","34,669,653.00","Industrials","2696838","US3434121022","New York Stock Exchange Inc."
"PB","PROSPERITY BANCSHARES INC","Equity","0.54","67.75","510,280.00","34,571,470.00","34,571,470.00","Financials","2310257","US7436061052","New York Stock Exchange Inc."
"NJR","NEW JERSEY RESOURCES CORP","Equity","0.53","50.02","685,480.00","34,287,709.60","34,287,709.60","Utilities","2630513","US6460251068","New York Stock Exchange Inc."
"ALE","ALLETE INC","Equity","0.53","86.02","396,616.00","34,116,908.32","34,116,908.32","Utilities","B02R1L6","US0185223007","New York Stock Exchange Inc."
"SAIC","SCIENCE APPLICATIONS INTERNATIONAL","Equity","0.53","87.10","390,638.00","34,024,569.80","34,024,569.80","Information Technology","BDTZZG7","US8086251076","New York Stock Exchange Inc."
"JBL","JABIL INC","Equity","0.53","31.56","1,068,820.00","33,731,959.20","33,731,959.20","Information Technology","2471789","US4663131039","New York Stock Exchange Inc."
"SKX","SKECHERS USA INC CLASS A","Equity","0.52","32.57","1,032,450.00","33,626,896.50","33,626,896.50","Consumer Discretionary","2428042","US8305661055","New York Stock Exchange Inc."
"WBS","WEBSTER FINANCIAL CORP","Equity","0.52","46.89","708,349.00","33,214,484.61","33,214,484.61","Financials","2945143","US9478901096","New York Stock Exchange Inc."
"MKSI","MKS INSTRUMENTS INC","Equity","0.51","78.87","417,613.00","32,937,137.31","32,937,137.31","Information Technology","2404871","US55306N1046","NASDAQ"
"WPX","WPX ENERGY INC","Equity","0.51","10.78","3,049,532.00","32,873,954.96","32,873,954.96","Energy","B40PCD9","US98212B1035","New York Stock Exchange Inc."
"CPT","CAMDEN PROPERTY TRUST REIT","Equity","0.51","107.72","304,686.00","32,820,775.92","32,820,775.92","Real Estate","2166320","US1331311027","New York Stock Exchange Inc."
"BHF","BRIGHTHOUSE FINANCIAL INC","Equity","0.51","36.62","889,742.00","32,582,352.04","32,582,352.04","Financials","BF429K9","US10922N1037","NASDAQ"
"SF","STIFEL FINANCIAL CORP","Equity","0.50","59.02","544,345.00","32,127,241.90","32,127,241.90","Financials","2849234","US8606301021","New York Stock Exchange Inc."
"NDSN","NORDSON CORP","Equity","0.50","140.84","226,425.00","31,889,697.00","31,889,697.00","Industrials","2641838","US6556631025","NASDAQ"
"SNX","SYNNEX CORP","Equity","0.50","100.09","318,403.00","31,868,956.27","31,868,956.27","Information Technology","2002554","US87162W1009","New York Stock Exchange Inc."
"PNFP","PINNACLE FINANCIAL PARTNERS INC","Equity","0.50","57.33","555,776.00","31,862,638.08","31,862,638.08","Financials","2675097","US72346Q1040","NASDAQ"
"KNX","KNIGHT-SWIFT TRANSPORTATION HOLDIN","Equity","0.50","33.22","958,069.00","31,827,052.18","31,827,052.18","Industrials","BF0LKD0","US4990491049","New York Stock Exchange Inc."
"HPT","HOSPITALITY PROPERTIES TRUST REIT","Equity","0.50","25.20","1,262,162.00","31,806,482.40","31,806,482.40","Real Estate","2438966","US44106M1027","NASDAQ"
"SRCL","STERICYCLE INC","Equity","0.49","48.04","657,481.00","31,585,387.24","31,585,387.24","Industrials","2860826","US8589121081","NASDAQ"
"WTFC","WINTRUST FINANCIAL CORP","Equity","0.49","72.54","435,329.00","31,578,765.66","31,578,765.66","Financials","2425258","US97650W1080","NASDAQ"
"PNM","PNM RESOURCES INC","Equity","0.49","51.25","611,379.00","31,333,173.75","31,333,173.75","Utilities","2707826","US69349H1077","New York Stock Exchange Inc."
"NVT","NVENT ELECTRIC PLC","Equity","0.48","25.45","1,221,126.00","31,077,656.70","31,077,656.70","Industrials","BDVJJQ5","IE00BDVJJQ56","New York Stock Exchange Inc."
"BC","BRUNSWICK CORP","Equity","0.48","45.97","669,334.00","30,769,283.98","30,769,283.98","Consumer Discretionary","2149309","US1170431092","New York Stock Exchange Inc."
"CGNX","COGNEX CORP","Equity","0.48","45.81","671,434.00","30,758,391.54","30,758,391.54","Information Technology","2208288","US1924221039","NASDAQ"
"EQT","EQT CORP","Equity","0.46","15.06","1,963,003.00","29,562,825.18","29,562,825.18","Energy","2319414","US26884L1098","New York Stock Exchange Inc."
"VAC","MARRIOTT VACATIONS WORLDWIDE CORP","Equity","0.46","98.66","299,631.00","29,561,594.46","29,561,594.46","Consumer Discretionary","B45K9N8","US57164Y1073","New York Stock Exchange Inc."
"OGE","OGE ENERGY CORP","Equity","0.46","43.61","676,676.00","29,509,840.36","29,509,840.36","Utilities","2657802","US6708371033","New York Stock Exchange Inc."
"TECD","TECH DATA CORP","Equity","0.45","103.78","280,314.00","29,090,986.92","29,090,986.92","Information Technology","2879532","US8782371061","NASDAQ"
"NCR","NCR CORP","Equity","0.45","31.30","922,702.00","28,880,572.60","28,880,572.60","Information Technology","2632650","US62886E1082","New York Stock Exchange Inc."
"UBSI","UNITED BANKSHARES INC","Equity","0.45","36.79","783,693.00","28,832,065.47","28,832,065.47","Financials","2905794","US9099071071","NASDAQ"
"UMPQ","UMPQUA HOLDINGS CORP","Equity","0.45","16.90","1,695,199.00","28,648,863.10","28,648,863.10","Financials","2484389","US9042141039","NASDAQ"
"LOGM","LOGMEIN INC","Equity","0.45","74.78","382,779.00","28,624,213.62","28,624,213.62","Information Technology","B600J15","US54142L1098","NASDAQ"
"CDK","CDK GLOBAL INC","Equity","0.44","51.56","551,347.00","28,427,451.32","28,427,451.32","Information Technology","BQXTWQ5","US12508E1010","NASDAQ"
"SBRA","SABRA HEALTH CARE REIT INC","Equity","0.44","20.31","1,379,066.00","28,008,830.46","28,008,830.46","Real Estate","B5NLBP6","US78573L1061","NASDAQ"
"UTHR","UNITED THERAPEUTICS CORP","Equity","0.43","81.91","336,590.00","27,570,086.90","27,570,086.90","Health Care","2430412","US91307C1027","NASDAQ"
"VLY","VALLEY NATIONAL","Equity","0.43","10.80","2,548,121.00","27,519,706.80","27,519,706.80","Financials","2935326","US9197941076","NASDAQ"
"ATR","APTARGROUP INC","Equity","0.43","125.92","218,470.00","27,509,742.40","27,509,742.40","Materials","2045247","US0383361039","New York Stock Exchange Inc."
"JHG","JANUS HENDERSON GROUP PLC","Equity","0.43","21.74","1,261,011.00","27,414,379.14","27,414,379.14","Financials","BYPZJQ6","JE00BYPZJM29","New York Stock Exchange Inc."
"OZK","BANK OZK","Equity","0.42","29.27","927,843.00","27,157,964.61","27,157,964.61","Financials","BZ56Q65","US06417N1037","NASDAQ"
"OLN","OLIN CORP","Equity","0.42","21.38","1,265,587.00","27,058,250.06","27,058,250.06","Materials","2658526","US6806652052","New York Stock Exchange Inc."
"CTLT","CATALENT INC","Equity","0.42","55.92","480,653.00","26,878,115.76","26,878,115.76","Health Care","BP96PQ4","US1488061029","New York Stock Exchange Inc."
"ASB","ASSOCIATED BANCORP","Equity","0.42","21.23","1,261,372.00","26,778,927.56","26,778,927.56","Financials","2055718","US0454871056","New York Stock Exchange Inc."
"GGG","GRACO INC","Equity","0.42","50.83","524,522.00","26,661,453.26","26,661,453.26","Industrials","2380443","US3841091040","New York Stock Exchange Inc."
"GT","GOODYEAR TIRE & RUBBER","Equity","0.41","14.87","1,786,414.00","26,563,976.18","26,563,976.18","Consumer Discretionary","2378200","US3825501014","NASDAQ"
"TKR","TIMKEN","Equity","0.41","50.31","526,331.00","26,479,712.61","26,479,712.61","Industrials","2892807","US8873891043","New York Stock Exchange Inc."
"TCF","TCF FINANCIAL CORP","Equity","0.41","20.97","1,261,772.00","26,459,358.84","26,459,358.84","Financials","2868455","US8722751026","New York Stock Exchange Inc."
"LPT","LIBERTY PROPERTY REIT TRUST","Equity","0.41","51.57","512,631.00","26,436,380.67","26,436,380.67","Real Estate","2513681","US5311721048","New York Stock Exchange Inc."
"TGNA","TEGNA INC","Equity","0.41","15.84","1,662,168.00","26,328,741.12","26,328,741.12","Communication","BZ0P3Z5","US87901J1051","New York Stock Exchange Inc."
"EWBC","EAST WEST BANCORP INC","Equity","0.41","46.74","559,098.00","26,132,240.52","26,132,240.52","Financials","2487407","US27579R1041","NASDAQ"
"HWC","HANCOCK WHITNEY CORP","Equity","0.40","39.38","657,685.00","25,899,635.30","25,899,635.30","Financials","2415497","US4101201097","NASDAQ"
"COHR","COHERENT INC","Equity","0.40","136.86","185,854.00","25,435,978.44","25,435,978.44","Information Technology","2208374","US1924791031","NASDAQ"
"PRSP","PERSPECTA INC","Equity","0.40","23.61","1,075,188.00","25,385,188.68","25,385,188.68","Information Technology","BZ5YFM8","US7153471005","New York Stock Exchange Inc."
"LM","LEGG MASON INC","Equity","0.39","37.83","665,328.00","25,169,358.24","25,169,358.24","Financials","2510615","US5249011058","New York Stock Exchange Inc."
"SEIC","SEI INVESTMENTS","Equity","0.39","56.70","442,932.00","25,114,244.40","25,114,244.40","Financials","2793610","US7841171033","NASDAQ"
"MTZ","MASTEC INC","Equity","0.39","52.13","474,706.00","24,746,423.78","24,746,423.78","Industrials","2155306","US5763231090","New York Stock Exchange Inc."
"ODFL","OLD DOMINION FREIGHT LINE INC","Equity","0.38","149.53","164,429.00","24,587,068.37","24,587,068.37","Industrials","2656423","US6795801009","NASDAQ"
"KMPR","KEMPER CORP","Equity","0.38","89.12","274,019.00","24,420,573.28","24,420,573.28","Financials","B52KRV2","US4884011002","New York Stock Exchange Inc."
"THS","TREEHOUSE FOODS INC","Equity","0.38","56.55","431,304.00","24,390,241.20","24,390,241.20","Consumer Staples","B095X84","US89469A1043","New York Stock Exchange Inc."
"DEI","DOUGLAS EMMETT REIT INC","Equity","0.38","40.84","595,779.00","24,331,614.36","24,331,614.36","Real Estate","B1G3M58","US25960P1093","New York Stock Exchange Inc."
"EXEL","EXELIXIS INC","Equity","0.38","21.33","1,136,020.00","24,231,306.60","24,231,306.60","Health Care","2576941","US30161Q1040","NASDAQ"
"GHC","GRAHAM HOLDINGS COMPANY CLASS B","Equity","0.38","720.83","33,418.00","24,088,696.94","24,088,696.94","Consumer Discretionary","BGM1B98","US3846371041","New York Stock Exchange Inc."
"GWR","GENESEE & WYOMING INC CLASS A","Equity","0.37","109.53","217,104.00","23,779,401.12","23,779,401.12","Industrials","2374060","US3715591059","New York Stock Exchange Inc."
"XPO","XPO LOGISTICS INC","Equity","0.37","57.75","410,601.00","23,712,207.75","23,712,207.75","Industrials","B6Z1355","US9837931008","New York Stock Exchange Inc."
"OFC","CORPORATE OFFICE PROPERTIES TRUST","Equity","0.37","27.55","859,833.00","23,688,399.15","23,688,399.15","Real Estate","2756152","US22002T1088","New York Stock Exchange Inc."
"TER","TERADYNE INC","Equity","0.37","47.30","500,380.00","23,667,974.00","23,667,974.00","Information Technology","2884183","US8807701029","NASDAQ"
"THO","THOR INDUSTRIES INC","Equity","0.37","58.48","401,501.00","23,479,778.48","23,479,778.48","Consumer Discretionary","2889876","US8851601018","New York Stock Exchange Inc."
"CRL","CHARLES RIVER LABORATORIES INTERNA","Equity","0.37","142.37","164,809.00","23,463,857.33","23,463,857.33","Health Care","2604336","US1598641074","New York Stock Exchange Inc."
"ACHC","ACADIA HEALTHCARE COMPANY INC","Equity","0.36","34.30","681,470.00","23,374,421.00","23,374,421.00","Health Care","B65VZ37","US00404A1097","NASDAQ"
"THG","HANOVER INSURANCE GROUP INC","Equity","0.36","128.70","181,364.00","23,341,546.80","23,341,546.80","Financials","2020415","US4108671052","New York Stock Exchange Inc."
"TCBI","TEXAS CAPITAL BANCSHARES INC","Equity","0.36","60.50","385,614.00","23,329,647.00","23,329,647.00","Financials","2977209","US88224Q1076","NASDAQ"
"CHFC","CHEMICAL FINANCIAL CORP","Equity","0.36","41.51","550,144.00","22,836,477.44","22,836,477.44","Financials","2190277","US1637311028","NASDAQ"
"R","RYDER SYSTEM INC","Equity","0.36","55.76","409,492.00","22,833,273.92","22,833,273.92","Industrials","2760669","US7835491082","New York Stock Exchange Inc."
"NAVI","NAVIENT CORP","Equity","0.35","13.92","1,636,309.00","22,777,421.28","22,777,421.28","Financials","BLP5GX1","US63938C1080","NASDAQ"
"TDS","TELEPHONE AND DATA SYSTEMS INC","Equity","0.35","31.16","721,895.00","22,494,248.20","22,494,248.20","Communication","B6YR5K3","US8794338298","New York Stock Exchange Inc."
"LAMR","LAMAR ADVERTISING COMPANY CLAS","Equity","0.35","82.71","269,534.00","22,293,157.14","22,293,157.14","Real Estate","BSPHGN6","US5128161099","NASDAQ"
"CSL","CARLISLE COMPANIES INC","Equity","0.35","140.03","158,253.00","22,160,167.59","22,160,167.59","Industrials","2176318","US1423391002","New York Stock Exchange Inc."
"VMI","VALMONT INDS INC","Equity","0.34","129.42","168,351.00","21,787,986.42","21,787,986.42","Industrials","2926825","US9202531011","New York Stock Exchange Inc."
"WAFD","WASHINGTON FEDERAL INC","Equity","0.34","34.89","618,018.00","21,562,648.02","21,562,648.02","Financials","2941981","US9388241096","NASDAQ"
"DAN","DANA INCORPORATED INC","Equity","0.34","19.46","1,105,651.00","21,515,968.46","21,515,968.46","Consumer Discretionary","B2PFJR3","US2358252052","New York Stock Exchange Inc."
"HUBB","HUBBELL INC","Equity","0.33","130.62","163,395.00","21,342,654.90","21,342,654.90","Industrials","BDFG6S3","US4435106079","New York Stock Exchange Inc."
"DNKN","DUNKIN BRANDS GROUP INC","Equity","0.33","81.96","259,990.00","21,308,780.40","21,308,780.40","Consumer Discretionary","B3LHT03","US2655041000","NASDAQ"
"SAFM","SANDERSON FARMS INC","Equity","0.33","142.29","149,630.00","21,290,852.70","21,290,852.70","Consumer Staples","2774336","US8000131040","NASDAQ"
"FULT","FULTON FINANCIAL CORP","Equity","0.33","16.37","1,296,930.00","21,230,744.10","21,230,744.10","Financials","2356585","US3602711000","NASDAQ"
"CUZ","COUSINS PROPERTIES REIT INC","Equity","0.33","37.26","569,451.00","21,217,744.26","21,217,744.26","Real Estate","BJP0MF6","US2227955026","New York Stock Exchange Inc."
"TTC","TORO","Equity","0.33","66.37","318,909.00","21,165,990.33","21,165,990.33","Industrials","2897040","US8910921084","New York Stock Exchange Inc."
"OLED","UNIVERSAL DISPLAY CORP","Equity","0.33","190.61","110,985.00","21,154,850.85","21,154,850.85","Information Technology","2277880","US91347P1057","NASDAQ"
"BRX","BRIXMOR PROPERTY GROUP REIT INC","Equity","0.33","18.09","1,168,817.00","21,143,899.53","21,143,899.53","Real Estate","BFTDJL8","US11120U1051","New York Stock Exchange Inc."
"AEO","AMERICAN EAGLE OUTFITTERS INC","Equity","0.33","16.82","1,257,001.00","21,142,756.82","21,142,756.82","Consumer Discretionary","2048592","US02553E1064","New York Stock Exchange Inc."
"UFS","DOMTAR CORP","Equity","0.33","43.53","484,790.00","21,102,908.70","21,102,908.70","Materials","B1T84Z4","US2575592033","New York Stock Exchange Inc."
"CATY","CATHAY GENERAL BANCORP","Equity","0.33","35.90","586,821.00","21,066,873.90","21,066,873.90","Financials","2264235","US1491501045","NASDAQ"
"PCH","POTLATCHDELTIC CORP","Equity","0.33","40.43","519,263.00","20,993,803.09","20,993,803.09","Real Estate","B0XXJN1","US7376301039","NASDAQ"
"SBNY","SIGNATURE BANK","Equity","0.33","123.97","169,086.00","20,961,591.42","20,961,591.42","Financials","B00JQL9","US82669G1040","NASDAQ"
"OI","OWENS ILLINOIS INC","Equity","0.33","17.54","1,192,605.00","20,918,291.70","20,918,291.70","Materials","2662862","US6907684038","New York Stock Exchange Inc."
"CNO","CNO FINANCIAL GROUP INC","Equity","0.33","17.00","1,229,237.00","20,897,029.00","20,897,029.00","Financials","2657750","US12621E1038","New York Stock Exchange Inc."
"REZI","RESIDEO TECHNOLOGIES INC","Equity","0.32","21.90","943,461.00","20,661,795.90","20,661,795.90","Industrials","BFD1TJ6","US76118Y1047","New York Stock Exchange Inc."
"MLHR","HERMAN MILLER INC","Equity","0.32","45.01","452,054.00","20,346,950.54","20,346,950.54","Industrials","2594222","US6005441000","NASDAQ"
"NUS","NU SKIN ENTERPRISES INC CLASS A","Equity","0.31","47.13","426,294.00","20,091,236.22","20,091,236.22","Consumer Staples","2616870","US67018T1051","New York Stock Exchange Inc."
"CFX","COLFAX CORP","Equity","0.31","27.20","731,888.00","19,907,353.60","19,907,353.60","Industrials","B2RB4W9","US1940141062","New York Stock Exchange Inc."
"CRUS","CIRRUS LOGIC INC","Equity","0.31","44.24","446,499.00","19,753,115.76","19,753,115.76","Information Technology","2197308","US1727551004","NASDAQ"
"TRN","TRINITY INDUSTRIES INC","Equity","0.31","19.79","997,516.00","19,740,841.64","19,740,841.64","Industrials","2904627","US8965221091","New York Stock Exchange Inc."
"MUSA","MURPHY USA INC","Equity","0.30","84.97","230,196.00","19,559,754.12","19,559,754.12","Consumer Discretionary","BCZWJ63","US6267551025","New York Stock Exchange Inc."
"X","US STEEL CORP","Equity","0.30","14.59","1,324,449.00","19,323,710.91","19,323,710.91","Materials","2824770","US9129091081","New York Stock Exchange Inc."
"RGLD","ROYAL GOLD INC","Equity","0.30","104.59","181,033.00","18,934,241.47","18,934,241.47","Materials","2755706","US7802871084","NASDAQ"
"SLGN","SILGAN HOLDINGS INC","Equity","0.29","31.61","597,721.00","18,893,960.81","18,893,960.81","Materials","2809324","US8270481091","NASDAQ"
"HE","HAWAIIAN ELECTRIC INDUSTRIES INC","Equity","0.29","44.22","426,165.00","18,845,016.30","18,845,016.30","Utilities","2415204","US4198701009","New York Stock Exchange Inc."
"LECO","LINCOLN ELECTRIC HOLDINGS INC","Equity","0.29","82.76","226,765.00","18,767,071.40","18,767,071.40","Industrials","2516851","US5339001068","NASDAQ"
"WSM","WILLIAMS SONOMA INC","Equity","0.29","64.43","290,623.00","18,724,839.89","18,724,839.89","Consumer Discretionary","2967589","US9699041011","New York Stock Exchange Inc."
"AN","AUTONATION INC","Equity","0.29","42.57","438,638.00","18,672,819.66","18,672,819.66","Consumer Discretionary","2732635","US05329W1027","New York Stock Exchange Inc."
"INT","WORLD FUEL SERVICES CORP","Equity","0.29","35.99","517,353.00","18,619,534.47","18,619,534.47","Energy","2469450","US9814751064","New York Stock Exchange Inc."
"SR","SPIRE INC","Equity","0.29","85.40","217,961.00","18,613,869.40","18,613,869.40","Utilities","BYXJQG9","US84857L1017","New York Stock Exchange Inc."
"DKS","DICKS SPORTING INC","Equity","0.29","35.60","518,849.00","18,471,024.40","18,471,024.40","Consumer Discretionary","2969637","US2533931026","New York Stock Exchange Inc."
"POL","POLYONE CORP","Equity","0.29","30.78","598,701.00","18,428,016.78","18,428,016.78","Materials","2624561","US73179P1066","New York Stock Exchange Inc."
"VSAT","VIASAT INC","Equity","0.28","82.39","218,814.00","18,028,085.46","18,028,085.46","Information Technology","2946243","US92552V1008","NASDAQ"
"PTEN","PATTERSON UTI ENERGY INC","Equity","0.28","11.17","1,602,189.00","17,896,451.13","17,896,451.13","Energy","2672537","US7034811015","NASDAQ"
"OGS","ONE GAS INC","Equity","0.28","91.97","194,296.00","17,869,403.12","17,869,403.12","Utilities","BJ0KXV4","US68235P1084","New York Stock Exchange Inc."
"HIW","HIGHWOODS PROPERTIES REIT INC","Equity","0.28","43.00","414,491.00","17,823,113.00","17,823,113.00","Real Estate","2420640","US4312841087","New York Stock Exchange Inc."
"KEX","KIRBY CORP","Equity","0.27","77.27","228,106.00","17,625,750.62","17,625,750.62","Industrials","2493534","US4972661064","New York Stock Exchange Inc."
"CABO","CABLE ONE INC","Equity","0.27","1,203.85","14,458.00","17,405,263.30","17,405,263.30","Communication","BZ07DS4","US12685J1051","New York Stock Exchange Inc."
"MDSO","MEDIDATA SOLUTIONS INC","Equity","0.27","90.77","191,051.00","17,341,699.27","17,341,699.27","Health Care","B5424Q0","US58471A1051","NASDAQ"
"DCI","DONALDSON INC","Equity","0.27","50.46","343,565.00","17,336,289.90","17,336,289.90","Industrials","2276467","US2576511099","New York Stock Exchange Inc."
"CRS","CARPENTER TECHNOLOGY CORP","Equity","0.27","47.47","363,661.00","17,262,987.67","17,262,987.67","Materials","2177504","US1442851036","New York Stock Exchange Inc."
"KBH","KB HOME","Equity","0.27","26.59","648,961.00","17,255,872.99","17,255,872.99","Consumer Discretionary","2485070","US48666K1097","New York Stock Exchange Inc."
"IDA","IDACORP INC","Equity","0.27","103.59","166,141.00","17,210,546.19","17,210,546.19","Utilities","2296937","US4511071064","New York Stock Exchange Inc."
"VVV","VALVOLINE INC","Equity","0.27","20.46","837,654.00","17,138,400.84","17,138,400.84","Materials","BDG22J3","US92047W1018","New York Stock Exchange Inc."
"BYD","BOYD GAMING CORP","Equity","0.27","27.89","613,281.00","17,104,407.09","17,104,407.09","Consumer Discretionary","2117232","US1033041013","New York Stock Exchange Inc."
"CAR","AVIS BUDGET GROUP INC","Equity","0.27","34.87","490,323.00","17,097,563.01","17,097,563.01","Industrials","B1CL8J2","US0537741052","NASDAQ"
"GVA","GRANITE CONSTRUCTION INC","Equity","0.27","47.32","359,727.00","17,022,281.64","17,022,281.64","Industrials","2381189","US3873281071","New York Stock Exchange Inc."
"STL","STERLING BAN","Equity","0.26","21.05","805,005.00","16,945,355.25","16,945,355.25","Financials","BFNXVB8","US85917A1007","New York Stock Exchange Inc."
"BDC","BELDEN INC","Equity","0.26","55.56","303,456.00","16,860,015.36","16,860,015.36","Information Technology","B01WL78","US0774541066","New York Stock Exchange Inc."
"MDP","MEREDITH CORP","Equity","0.26","54.67","308,022.00","16,839,562.74","16,839,562.74","Communication","2578516","US5894331017","New York Stock Exchange Inc."
"CNK","CINEMARK HOLDINGS INC","Equity","0.26","37.40","449,655.00","16,817,097.00","16,817,097.00","Communication","B1W7RQ0","US17243V1026","New York Stock Exchange Inc."
"FLO","FLOWERS FOODS INC","Equity","0.26","23.75","706,700.00","16,784,125.00","16,784,125.00","Consumer Staples","2744243","US3434981011","New York Stock Exchange Inc."
"SFM","SPROUTS FARMERS MARKET INC","Equity","0.26","18.49","906,229.00","16,756,174.21","16,756,174.21","Consumer Staples","BCGCR79","US85208M1027","NASDAQ"
"MD","MEDNAX INC","Equity","0.26","25.01","664,852.00","16,627,948.52","16,627,948.52","Health Care","2677640","US58502B1061","New York Stock Exchange Inc."
"VSH","VISHAY INTERTECHNOLOGY INC","Equity","0.26","16.36","1,014,853.00","16,602,995.08","16,602,995.08","Information Technology","2930149","US9282981086","New York Stock Exchange Inc."
"TRMK","TRUSTMARK CORP","Equity","0.26","33.12","497,376.00","16,473,093.12","16,473,093.12","Financials","2340210","US8984021027","NASDAQ"
"CBSH","COMMERCE BANCSHARES INC","Equity","0.25","59.81","272,730.00","16,311,981.30","16,311,981.30","Financials","2213204","US2005251036","NASDAQ"
"CRI","CARTERS INC","Equity","0.25","95.03","170,192.00","16,173,345.76","16,173,345.76","Consumer Discretionary","2980939","US1462291097","New York Stock Exchange Inc."
"CMC","COMMERCIAL METALS","Equity","0.25","17.71","906,818.00","16,059,746.78","16,059,746.78","Materials","2213260","US2017231034","New York Stock Exchange Inc."
"ADNT","ADIENT PLC","Equity","0.25","23.77","666,530.00","15,843,418.10","15,843,418.10","Consumer Discretionary","BD845X2","IE00BD845X29","New York Stock Exchange Inc."
"SNH","SENIOR HOUSING PROPERTIES TRUST RE","Equity","0.25","8.64","1,827,870.00","15,792,796.80","15,792,796.80","Real Estate","2501631","US81721M1099","NASDAQ"
"IBOC","INTERNATIONAL BANCSHARES CORP","Equity","0.24","37.49","418,026.00","15,671,794.74","15,671,794.74","Financials","2243911","US4590441030","NASDAQ"
"AAN","AARONS INC","Equity","0.24","64.04","244,375.00","15,649,775.00","15,649,775.00","Consumer Discretionary","2002918","US0025353006","New York Stock Exchange Inc."
"SIX","SIX FLAGS ENTERTAINMENT CORP","Equity","0.24","53.44","291,904.00","15,599,349.76","15,599,349.76","Consumer Discretionary","B43VKB8","US83001A1025","New York Stock Exchange Inc."
"MAT","MATTEL INC","Equity","0.24","11.52","1,353,558.00","15,592,988.16","15,592,988.16","Consumer Discretionary","2572303","US5770811025","NASDAQ"
"FNB","FNB CORP","Equity","0.24","11.59","1,344,938.00","15,587,831.42","15,587,831.42","Financials","2041308","US3025201019","New York Stock Exchange Inc."
"EVR","EVERCORE INC CLASS A","Equity","0.24","89.18","173,781.00","15,497,789.58","15,497,789.58","Financials","B1BHXZ2","US29977A1051","New York Stock Exchange Inc."
"BCO","BRINKS","Equity","0.24","84.75","180,072.00","15,261,102.00","15,261,102.00","Industrials","2691305","US1096961040","New York Stock Exchange Inc."
"LITE","LUMENTUM HOLDINGS INC","Equity","0.24","53.83","281,743.00","15,166,225.69","15,166,225.69","Information Technology","BYM9ZP2","US55024U1097","NASDAQ"
"PEB","PEBBLEBROOK HOTEL TRUST REIT TRUST","Equity","0.24","28.45","530,946.00","15,105,413.70","15,105,413.70","Real Estate","B4XBDV9","US70509V1008","New York Stock Exchange Inc."
"HAIN","HAIN CELESTIAL GROUP INC","Equity","0.23","21.89","687,270.00","15,044,340.30","15,044,340.30","Consumer Staples","2492337","US4052171000","NASDAQ"
"OII","OCEANEERING INTERNATIONAL INC","Equity","0.23","19.76","758,623.00","14,990,390.48","14,990,390.48","Energy","2655583","US6752321025","New York Stock Exchange Inc."
"EPR","EPR PROPERTIES REIT","Equity","0.23","75.90","197,207.00","14,968,011.30","14,968,011.30","Real Estate","B8XXZP1","US26884U1097","New York Stock Exchange Inc."
"EV","EATON VANCE COM NON VOTING CORP","Equity","0.23","43.65","341,780.00","14,918,697.00","14,918,697.00","Financials","2301057","US2782651036","New York Stock Exchange Inc."
"EXP","EAGLE MATERIALS INC","Equity","0.23","89.41","166,085.00","14,849,659.85","14,849,659.85","Materials","2191399","US26969P1084","New York Stock Exchange Inc."
"MDRX","ALLSCRIPTS HEALTHCARE SOLUTIONS IN","Equity","0.23","11.55","1,278,706.00","14,769,054.30","14,769,054.30","Health Care","2710039","US01988P1084","NASDAQ"
"MTX","MINERALS TECHNOLOGIES INC","Equity","0.22","53.39","270,405.00","14,436,922.95","14,436,922.95","Materials","2595612","US6031581068","New York Stock Exchange Inc."
"PBF","PBF ENERGY INC CLASS A","Equity","0.22","29.06","496,731.00","14,435,002.86","14,435,002.86","Energy","B7F4TJ7","US69318G1067","New York Stock Exchange Inc."
"KBR","KBR INC","Equity","0.22","24.99","576,027.00","14,394,914.73","14,394,914.73","Information Technology","B1HHB18","US48242W1062","New York Stock Exchange Inc."
"LPX","LOUISIANA PACIFIC CORP","Equity","0.22","26.65","540,027.00","14,391,719.55","14,391,719.55","Materials","2535243","US5463471053","New York Stock Exchange Inc."
"CBRL","CRACKER BARREL OLD COUNTRY STORE I","Equity","0.22","172.99","83,036.00","14,364,397.64","14,364,397.64","Consumer Discretionary","2231091","US22410J1060","NASDAQ"
"NGVT","INGEVITY CORP","Equity","0.22","103.58","138,239.00","14,318,795.62","14,318,795.62","Materials","BD4LHG4","US45688C1071","New York Stock Exchange Inc."
"PDCO","PATTERSON COMPANIES INC","Equity","0.22","22.34","636,771.00","14,225,464.14","14,225,464.14","Health Care","2672689","US7033951036","NASDAQ"
"TEX","TEREX CORP","Equity","0.22","29.51","481,372.00","14,205,287.72","14,205,287.72","Industrials","2884224","US8807791038","New York Stock Exchange Inc."
"CMP","COMPASS MINERALS INTERNATIONAL INC","Equity","0.22","54.55","259,997.00","14,182,836.35","14,182,836.35","Materials","2202763","US20451N1019","New York Stock Exchange Inc."
"DY","DYCOM INDUSTRIES INC","Equity","0.22","58.49","241,324.00","14,115,040.76","14,115,040.76","Industrials","2289841","US2674751019","New York Stock Exchange Inc."
"NTCT","NETSCOUT SYSTEMS INC","Equity","0.22","26.05","537,654.00","14,005,886.70","14,005,886.70","Information Technology","2447285","US64115T1043","NASDAQ"
"BOH","BANK OF HAWAII CORP.","Equity","0.21","82.16","167,650.00","13,774,124.00","13,774,124.00","Financials","2074070","US0625401098","New York Stock Exchange Inc."
"DLX","DELUXE CORP","Equity","0.21","41.05","335,240.00","13,761,602.00","13,761,602.00","Industrials","2260363","US2480191012","New York Stock Exchange Inc."
"COR","CORESITE REALTY REIT CORP","Equity","0.21","120.05","113,392.00","13,612,709.60","13,612,709.60","Real Estate","B3T3VV8","US21870Q1058","New York Stock Exchange Inc."
"TPH","TRI POINTE GROUP INC","Equity","0.21","12.42","1,092,580.00","13,569,843.60","13,569,843.60","Consumer Discretionary","B92CQF3","US87265H1095","New York Stock Exchange Inc."
"CR","CRANE","Equity","0.21","84.82","159,887.00","13,561,615.34","13,561,615.34","Industrials","2231897","US2243991054","New York Stock Exchange Inc."
"VSM","VERSUM MATERIALS INC","Equity","0.21","51.72","259,618.00","13,427,442.96","13,427,442.96","Information Technology","BD37KN1","US92532W1036","New York Stock Exchange Inc."
"HR","HEALTHCARE REALTY TRUST REIT INC","Equity","0.21","32.45","407,016.00","13,207,669.20","13,207,669.20","Real Estate","2417921","US4219461047","New York Stock Exchange Inc."
"GNTX","GENTEX CORP","Equity","0.20","24.39","530,167.00","12,930,773.13","12,930,773.13","Consumer Discretionary","2366799","US3719011096","NASDAQ"
"RBC","REGAL BELOIT CORP","Equity","0.20","81.92","157,639.00","12,913,786.88","12,913,786.88","Industrials","2730082","US7587501039","New York Stock Exchange Inc."
"DLPH","DELPHI TECHNOLOGIES PLC","Equity","0.20","19.00","675,754.00","12,839,326.00","12,839,326.00","Consumer Discretionary","BD85SC5","JE00BD85SC56","New York Stock Exchange Inc."
"FR","FIRST INDUSTRIAL REALTY TRUST INC","Equity","0.20","37.54","341,024.00","12,802,040.96","12,802,040.96","Real Estate","2360757","US32054K1034","New York Stock Exchange Inc."
"RYN","RAYONIER REIT INC","Equity","0.20","31.33","408,618.00","12,802,001.94","12,802,001.94","Real Estate","2473138","US7549071030","New York Stock Exchange Inc."
"HOMB","HOME BANCSHARES INC","Equity","0.20","19.53","655,180.00","12,795,665.40","12,795,665.40","Financials","B17MTL9","US4368932004","NASDAQ"
"SXT","SENSIENT TECHNOLOGIES CORP","Equity","0.20","74.10","172,550.00","12,785,955.00","12,785,955.00","Materials","2923741","US81725T1007","New York Stock Exchange Inc."
"RIG","TRANSOCEAN LTD","Equity","0.20","6.06","2,109,210.00","12,781,812.60","12,781,812.60","Energy","B3KFWW1","CH0048265513","New York Stock Exchange Inc."
"FII","FEDERATED INVESTORS INC CLASS B","Equity","0.20","33.10","384,148.00","12,715,298.80","12,715,298.80","Financials","2246288","US3142111034","New York Stock Exchange Inc."
"PBH","PRESTIGE CONSUMER HEALTHCARE INC","Equity","0.20","31.75","398,665.00","12,657,613.75","12,657,613.75","Health Care","B0650P3","US74112D1019","New York Stock Exchange Inc."
"MDR","MCDERMOTT INTERNATIONAL INC","Equity","0.20","8.99","1,395,693.00","12,547,280.07","12,547,280.07","Energy","BD9NR98","PAL1201471A1","New York Stock Exchange Inc."
"MSM","MSC INDUSTRIAL INC CLASS A","Equity","0.19","74.42","162,866.00","12,120,487.72","12,120,487.72","Industrials","2567655","US5535301064","New York Stock Exchange Inc."
"GATX","GATX CORP","Equity","0.19","77.39","155,745.00","12,053,105.55","12,053,105.55","Industrials","2362128","US3614481030","New York Stock Exchange Inc."
"ALEX","ALEXANDER & BALDWIN INC","Equity","0.19","23.10","521,569.00","12,048,243.90","12,048,243.90","Real Estate","B827VB2","US0144911049","New York Stock Exchange Inc."
"WOR","WORTHINGTON INDUSTRIES INC","Equity","0.19","40.16","299,415.00","12,024,506.40","12,024,506.40","Materials","2981932","US9818111026","New York Stock Exchange Inc."
"LSTR","LANDSTAR SYSTEM INC","Equity","0.19","108.48","110,849.00","12,024,899.52","12,024,899.52","Industrials","2503994","US5150981018","NASDAQ"
"BLKB","BLACKBAUD INC","Equity","0.19","83.67","143,596.00","12,014,677.32","12,014,677.32","Information Technology","2458878","US09227Q1004","NASDAQ"
"VC","VISTEON CORP","Equity","0.19","55.36","216,784.00","12,001,162.24","12,001,162.24","Consumer Discretionary","B4N0JJ6","US92839U2069","NASDAQ"
"NWE","NORTHWESTERN CORP","Equity","0.19","73.39","162,754.00","11,944,516.06","11,944,516.06","Utilities","B03PGL4","US6680743050","New York Stock Exchange Inc."
"CMD","CANTEL MEDICAL CORP","Equity","0.18","79.07","147,657.00","11,675,238.99","11,675,238.99","Health Care","2188153","US1380981084","New York Stock Exchange Inc."
"TPX","TEMPUR SEALY INTERNATIONAL INC","Equity","0.18","75.17","155,008.00","11,651,951.36","11,651,951.36","Consumer Discretionary","2216991","US88023U1016","New York Stock Exchange Inc."
"HNI","HNI CORP","Equity","0.18","34.87","333,829.00","11,640,617.23","11,640,617.23","Industrials","2435246","US4042511000","New York Stock Exchange Inc."
"CLH","CLEAN HARBORS INC","Equity","0.18","70.67","163,854.00","11,579,562.18","11,579,562.18","Industrials","2202473","US1844961078","New York Stock Exchange Inc."
"WYND","WYNDHAM DESTINATIONS INC","Equity","0.18","45.60","251,737.00","11,479,207.20","11,479,207.20","Consumer Discretionary","B198391","US98310W1080","New York Stock Exchange Inc."
"TREX","TREX INC","Equity","0.18","72.29","158,138.00","11,431,796.02","11,431,796.02","Industrials","2483074","US89531P1057","New York Stock Exchange Inc."
"PSB","PS BUSINESS PARKS REIT INC","Equity","0.18","172.02","65,923.00","11,340,074.46","11,340,074.46","Real Estate","2707956","US69360J1079","New York Stock Exchange Inc."
"XTSLA","BLK CSH FND TREASURY SL AGENCY","Money Market","0.18","1.00","11,312,028.00","11,312,027.82","11,312,027.82","Cash and/or Derivatives","-","US0669224778","-"
"BBBY","BED BATH AND BEYOND INC","Equity","0.18","11.14","1,014,810.00","11,304,983.40","11,304,983.40","Consumer Discretionary","2085878","US0758961009","NASDAQ"
"GEO","GEO GROUP REIT INC","Equity","0.18","20.85","538,910.00","11,236,273.50","11,236,273.50","Real Estate","BNLYWQ1","US36162J1060","New York Stock Exchange Inc."
"JBGS","JBG SMITH PROPERTIES","Equity","0.17","40.14","278,157.00","11,165,221.98","11,165,221.98","Real Estate","BD3BX01","US46590V1008","New York Stock Exchange Inc."
"SMG","SCOTTS MIRACLE GRO","Equity","0.17","100.70","108,590.00","10,935,013.00","10,935,013.00","Materials","2781518","US8101861065","New York Stock Exchange Inc."
"MANH","MANHATTAN ASSOCIATES INC","Equity","0.17","70.26","153,843.00","10,809,009.18","10,809,009.18","Information Technology","2239471","US5627501092","NASDAQ"
"BXS","BANCORPSOUTH","Equity","0.16","28.69","367,421.00","10,541,308.49","10,541,308.49","Financials","BF3BNF0","US05971J1025","New York Stock Exchange Inc."
"OAS","OASIS PETROLEUM INC","Equity","0.16","5.07","2,074,703.00","10,518,744.21","10,518,744.21","Energy","B64R5J2","US6742151086","New York Stock Exchange Inc."
"WRI","WEINGARTEN REALTY INVESTORS REIT","Equity","0.16","27.59","377,482.00","10,414,728.38","10,414,728.38","Real Estate","2946618","US9487411038","New York Stock Exchange Inc."
"WERN","WERNER ENTERPRISES INC","Equity","0.16","30.90","332,899.00","10,286,579.10","10,286,579.10","Industrials","2948852","US9507551086","NASDAQ"
"CVET","COVETRUS INC","Equity","0.16","24.73","406,168.00","10,044,534.64","10,044,534.64","Health Care","BHZSB82","US22304C1009","NASDAQ"
"SYNH","SYNEOS HEALTH INC CLASS A","Equity","0.16","50.79","197,620.00","10,037,119.80","10,037,119.80","Health Care","BFMZ4V6","US87166B1026","NASDAQ"
"IBKR","INTERACTIVE BROKERS GROUP INC CLAS","Equity","0.15","53.76","184,922.00","9,941,406.72","9,941,406.72","Financials","B1WT4X2","US45841N1072","IEX"
"AMCX","AMC NETWORKS CLASS A INC","Equity","0.15","55.48","177,597.00","9,853,081.56","9,853,081.56","Communication","B4MG4Z6","US00164V1035","NASDAQ"
"RRC","RANGE RESOURCES CORP","Equity","0.15","6.10","1,602,903.00","9,777,708.30","9,777,708.30","Energy","2523334","US75281A1097","New York Stock Exchange Inc."
"TXRH","TEXAS ROADHOUSE INC","Equity","0.15","53.76","179,103.00","9,628,577.28","9,628,577.28","Consumer Discretionary","B033TJ7","US8826811098","NASDAQ"
"CXW","CORECIVIC REIT INC","Equity","0.15","20.14","474,991.00","9,566,318.74","9,566,318.74","Real Estate","BZ8VC58","US21871N1019","New York Stock Exchange Inc."
"ENR","ENERGIZER HOLDINGS INC","Equity","0.15","39.72","239,144.00","9,498,799.68","9,498,799.68","Consumer Staples","BYZFPN5","US29272W1099","New York Stock Exchange Inc."
"CBT","CABOT CORP","Equity","0.15","47.74","197,643.00","9,435,476.82","9,435,476.82","Materials","2162500","US1270551013","New York Stock Exchange Inc."
"APY","APERGY CORP","Equity","0.14","31.85","290,920.00","9,265,802.00","9,265,802.00","Energy","BFXZQZ3","US03755L1044","New York Stock Exchange Inc."
"NEU","NEWMARKET CORP","Equity","0.14","400.00","22,820.00","9,128,000.00","9,128,000.00","Materials","B01CGF1","US6515871076","New York Stock Exchange Inc."
"SM","SM ENERGY","Equity","0.14","11.24","792,593.00","8,908,745.32","8,908,745.32","Energy","2764188","US78454L1008","New York Stock Exchange Inc."
"DDS","DILLARDS INC CLASS A","Equity","0.13","61.87","136,895.00","8,469,693.65","8,469,693.65","Consumer Discretionary","2269768","US2540671011","New York Stock Exchange Inc."
"GNW","GENWORTH FINANCIAL A INC","Equity","0.13","3.81","2,133,777.00","8,129,690.37","8,129,690.37","Financials","B011WL6","US37247D1063","New York Stock Exchange Inc."
"UE","URBAN EDGE PROPERTIES","Equity","0.12","17.40","460,908.00","8,019,799.20","8,019,799.20","Real Estate","BTPSGQ9","US91704F1049","New York Stock Exchange Inc."
"TCO","TAUBMAN CENTERS REIT INC","Equity","0.12","40.97","192,347.00","7,880,456.59","7,880,456.59","Real Estate","2872252","US8766641034","New York Stock Exchange Inc."
"CLB","CORE LABORATORIES NV","Equity","0.12","52.50","149,666.00","7,857,465.00","7,857,465.00","Energy","2182531","NL0000200384","New York Stock Exchange Inc."
"BID","SOTHEBYS","Equity","0.12","58.20","134,968.00","7,855,137.60","7,855,137.60","Consumer Discretionary","2822406","US8358981079","New York Stock Exchange Inc."
"HCSG","HEALTHCARE SERVICES INC","Equity","0.12","29.95","256,796.00","7,691,040.20","7,691,040.20","Industrials","2417619","US4219061086","NASDAQ"
"CHK","CHESAPEAKE ENERGY CORP","Equity","0.12","1.84","4,096,778.00","7,538,071.52","7,538,071.52","Energy","2182779","US1651671075","New York Stock Exchange Inc."
"ENS","ENERSYS","Equity","0.11","66.97","109,037.00","7,302,207.89","7,302,207.89","Industrials","B020GQ5","US29275Y1029","New York Stock Exchange Inc."
"MCY","MERCURY GENERAL CORP","Equity","0.11","63.96","112,391.00","7,188,528.36","7,188,528.36","Financials","2578464","US5894001008","New York Stock Exchange Inc."
"CAKE","CHEESECAKE FACTORY INC","Equity","0.11","43.31","160,063.00","6,932,328.53","6,932,328.53","Consumer Discretionary","2192392","US1630721017","NASDAQ"
"THC","TENET HEALTHCARE CORP","Equity","0.11","19.39","354,013.00","6,864,312.07","6,864,312.07","Health Care","B8DMK08","US88033G4073","New York Stock Exchange Inc."
"SKT","TANGER FACTORY OUTLET CENTERS REIT","Equity","0.11","16.16","420,122.00","6,789,171.52","6,789,171.52","Real Estate","2874582","US8754651060","New York Stock Exchange Inc."
"DNOW","NOW INC","Equity","0.10","14.64","457,773.00","6,701,796.72","6,701,796.72","Industrials","BMH0MV1","US67011P1003","New York Stock Exchange Inc."
"PENN","PENN NATIONAL GAMING INC","Equity","0.10","19.51","342,755.00","6,687,150.05","6,687,150.05","Consumer Discretionary","2682105","US7075691094","NASDAQ"
"IDCC","INTERDIGITAL INC","Equity","0.10","65.86","99,929.00","6,581,323.94","6,581,323.94","Information Technology","2465737","US45867G1013","NASDAQ"
"SIG","SIGNET JEWELERS LTD","Equity","0.10","16.35","402,018.00","6,572,994.30","6,572,994.30","Consumer Discretionary","B3CTNK6","BMG812761002","New York Stock Exchange Inc."
"SWN","SOUTHWESTERN ENERGY","Equity","0.10","2.85","2,243,308.00","6,393,427.80","6,393,427.80","Energy","2828619","US8454671095","New York Stock Exchange Inc."
"JACK","JACK IN THE BOX INC","Equity","0.09","81.82","73,289.00","5,996,505.98","5,996,505.98","Consumer Discretionary","2344922","US4663671091","NASDAQ"
"EPC","EDGEWELL PERSONAL CARE","Equity","0.09","28.03","211,831.00","5,937,622.93","5,937,622.93","Consumer Staples","BX8ZSB4","US28035Q1022","New York Stock Exchange Inc."
"JWA","JOHN WILEY AND SONS INC CLASS A","Equity","0.09","45.83","124,987.00","5,728,154.21","5,728,154.21","Communication","2965668","US9682232064","New York Stock Exchange Inc."
"CLI","MACK-CALI REALTY REIT CORP","Equity","0.09","23.49","242,636.00","5,699,519.64","5,699,519.64","Real Estate","2192314","US5544891048","New York Stock Exchange Inc."
"MIK","MICHAELS COMPANIES INC","Equity","0.08","7.80","689,417.00","5,377,452.60","5,377,452.60","Consumer Discretionary","BNG83R6","US59408Q1067","NASDAQ"
"MTDR","MATADOR RESOURCES","Equity","0.08","18.67","286,221.00","5,343,746.07","5,343,746.07","Energy","B7MSLL8","US5764852050","New York Stock Exchange Inc."
"CARS","CARS.COM INC","Equity","0.08","21.16","242,711.00","5,135,764.76","5,135,764.76","Communication","BYXHTC0","US14575E1055","New York Stock Exchange Inc."
"TUP","TUPPERWARE BRANDS CORP","Equity","0.07","18.83","246,536.00","4,642,272.88","4,642,272.88","Consumer Discretionary","2872069","US8998961044","New York Stock Exchange Inc."
"ISCA","INTERNATIONAL SPEEDWAY CORP CLASS","Equity","0.07","44.86","94,899.00","4,257,169.14","4,257,169.14","Consumer Discretionary","2478144","US4603352018","NASDAQ"
"SBH","SALLY BEAUTY HOLDINGS INC","Equity","0.07","12.26","342,354.00","4,197,260.04","4,197,260.04","Consumer Discretionary","B1GZ005","US79546E1047","New York Stock Exchange Inc."
"INGN","INOGEN INC","Equity","0.06","65.38","60,411.00","3,949,671.18","3,949,671.18","Health Care","BJSVLL5","US45780L1044","NASDAQ"
"PLT","PLANTRONICS INC","Equity","0.06","36.90","105,609.00","3,896,972.10","3,896,972.10","Information Technology","2692030","US7274931085","New York Stock Exchange Inc."
"PZZA","PAPA JOHNS INTERNATIONAL INC","Equity","0.06","45.35","84,884.00","3,849,489.40","3,849,489.40","Consumer Discretionary","2696117","US6988131024","NASDAQ"
"GEF","GREIF INC CLASS A","Equity","0.06","34.21","110,742.00","3,788,483.82","3,788,483.82","Materials","2388016","US3976241071","New York Stock Exchange Inc."
"SYNA","SYNAPTICS INC","Equity","0.05","30.03","116,158.00","3,488,224.74","3,488,224.74","Information Technology","2839268","US87157D1090","NASDAQ"
"MSFUT","CASH COLLATERAL MSFUT USD","Cash Collateral and Margins","0.01","100.00","434,510.00","434,510.00","434,510.00","Cash and/or Derivatives","-","-","-"
"FAU9","S&P MID 400 EMINI SEP 19","Futures","0.00","1,967.70","46.00","0.00","9,051,420.00","Cash and/or Derivatives","-","-","Index And Options Market"
"USD","USD CASH","Cash","-0.03","100.00","-1,627,295.00","-1,627,295.28","-1,627,295.28","Cash and/or Derivatives","-","-","-"
 