﻿Fund Holdings as of,"Jul 4, 2019"
 
Issuer Ticker,Name,Asset Class,Weight (%),Price,Shares,Market Value,Notional Value,Sector,ISIN,Exchange,Country,Market Currency
"7203","TOYOTA MOTOR CORP","Equity","4.29","56.46","989,200.00","55,853,335.21","55,853,335.21","Consumer Discretionary","JP3633400001","Tokyo Stock Exchange","Japan","JPY"
"9984","SOFTBANK GROUP CORP","Equity","2.42","43.98","715,000.00","31,448,109.37","31,448,109.37","Communication","JP3436100006","Tokyo Stock Exchange","Japan","JPY"
"6758","SONY CORP","Equity","2.05","48.46","550,355.00","26,672,359.94","26,672,359.94","Consumer Discretionary","JP3435000009","Tokyo Stock Exchange","Japan","JPY"
"8306","MITSUBISHI UFJ FINANCIAL GROUP INC","Equity","1.76","4.30","5,329,689.00","22,911,589.88","22,911,589.88","Financials","JP3902900004","Tokyo Stock Exchange","Japan","JPY"
"6861","KEYENCE CORP","Equity","1.69","555.92","39,500.00","21,958,717.90","21,958,717.90","Information Technology","JP3236200006","Tokyo Stock Exchange","Japan","JPY"
"4502","TAKEDA PHARMACEUTICAL LTD","Equity","1.58","31.84","644,500.00","20,521,312.60","20,521,312.60","Health Care","JP3463000004","Tokyo Stock Exchange","Japan","JPY"
"8316","SUMITOMO MITSUI FINANCIAL GROUP IN","Equity","1.40","31.55","576,663.00","18,195,407.01","18,195,407.01","Financials","JP3890350006","Tokyo Stock Exchange","Japan","JPY"
"9433","KDDI CORP","Equity","1.34","22.67","768,900.00","17,427,750.92","17,427,750.92","Communication","JP3496400007","Tokyo Stock Exchange","Japan","JPY"
"7974","NINTENDO LTD","Equity","1.26","333.53","49,300.00","16,443,211.55","16,443,211.55","Communication","JP3756600007","Tokyo Stock Exchange","Japan","JPY"
"7267","HONDA MOTOR LTD","Equity","1.26","23.08","707,700.00","16,334,418.48","16,334,418.48","Consumer Discretionary","JP3854600008","Tokyo Stock Exchange","Japan","JPY"
"6098","RECRUIT HOLDINGS LTD","Equity","1.17","29.59","515,500.00","15,252,647.50","15,252,647.50","Industrials","JP3970300004","Tokyo Stock Exchange","Japan","JPY"
"JPY","JPY CASH","Cash","1.14","0.82","1,806,820,781.00","14,854,218.03","14,854,218.03","Cash and/or Derivatives","-","-","Japan","JPY"
"4452","KAO CORP","Equity","1.12","68.63","212,300.00","14,570,254.98","14,570,254.98","Consumer Staples","JP3205800000","Tokyo Stock Exchange","Japan","JPY"
"6501","HITACHI LTD","Equity","1.11","34.28","420,100.00","14,402,021.47","14,402,021.47","Information Technology","JP3788600009","Tokyo Stock Exchange","Japan","JPY"
"8058","MITSUBISHI CORP","Equity","1.09","24.15","587,300.00","14,185,560.81","14,185,560.81","Industrials","JP3898400001","Tokyo Stock Exchange","Japan","JPY"
"6954","FANUC CORP","Equity","1.06","163.77","84,300.00","13,805,483.65","13,805,483.65","Industrials","JP3802400006","Tokyo Stock Exchange","Japan","JPY"
"9983","FAST RETAILING LTD","Equity","1.04","539.64","25,200.00","13,598,901.58","13,598,901.58","Consumer Discretionary","JP3802300008","Tokyo Stock Exchange","Japan","JPY"
"8411","MIZUHO FINANCIAL GROUP INC","Equity","1.04","1.29","10,483,600.00","13,574,558.63","13,574,558.63","Financials","JP3885780001","Tokyo Stock Exchange","Japan","JPY"
"4063","SHIN ETSU CHEMICAL LTD","Equity","1.01","83.40","158,100.00","13,186,169.03","13,186,169.03","Materials","JP3371200001","Tokyo Stock Exchange","Japan","JPY"
"6367","DAIKIN INDUSTRIES LTD","Equity","1.01","121.80","107,500.00","13,093,170.93","13,093,170.93","Industrials","JP3481800005","Tokyo Stock Exchange","Japan","JPY"
"8766","TOKIO MARINE HOLDINGS INC","Equity","0.99","45.62","281,800.00","12,855,543.17","12,855,543.17","Financials","JP3910660004","Tokyo Stock Exchange","Japan","JPY"
"4568","DAIICHI SANKYO LTD","Equity","0.94","49.80","246,800.00","12,289,591.47","12,289,591.47","Health Care","JP3475350009","Tokyo Stock Exchange","Japan","JPY"
"9437","NTT DOCOMO INC","Equity","0.93","20.96","580,300.00","12,165,430.12","12,165,430.12","Communication","JP3165650007","Tokyo Stock Exchange","Japan","JPY"
"9432","NIPPON TELEGRAPH AND TELEPHONE COR","Equity","0.91","42.62","277,600.00","11,830,937.83","11,830,937.83","Communication","JP3735400008","Tokyo Stock Exchange","Japan","JPY"
"6594","NIDEC CORP","Equity","0.91","121.39","97,300.00","11,810,846.06","11,810,846.06","Industrials","JP3734800000","Tokyo Stock Exchange","Japan","JPY"
"4911","SHISEIDO LTD","Equity","0.90","67.18","174,100.00","11,696,659.47","11,696,659.47","Consumer Staples","JP3351600006","Tokyo Stock Exchange","Japan","JPY"
"7751","CANON INC","Equity","0.87","26.29","431,400.00","11,342,095.97","11,342,095.97","Information Technology","JP3242800005","Tokyo Stock Exchange","Japan","JPY"
"9022","CENTRAL JAPAN RAILWAY","Equity","0.87","181.52","62,200.00","11,290,785.87","11,290,785.87","Industrials","JP3566800003","Tokyo Stock Exchange","Japan","JPY"
"9020","EAST JAPAN RAILWAY","Equity","0.86","84.60","131,700.00","11,141,299.96","11,141,299.96","Industrials","JP3783600004","Tokyo Stock Exchange","Japan","JPY"
"7741","HOYA CORP","Equity","0.83","65.24","166,100.00","10,836,923.53","10,836,923.53","Health Care","JP3837800006","Tokyo Stock Exchange","Japan","JPY"
"8031","MITSUI LTD","Equity","0.82","14.91","713,900.00","10,643,627.31","10,643,627.31","Industrials","JP3893600001","Tokyo Stock Exchange","Japan","JPY"
"4503","ASTELLAS PHARMA INC","Equity","0.81","13.05","811,200.00","10,587,084.84","10,587,084.84","Health Care","JP3942400007","Tokyo Stock Exchange","Japan","JPY"
"2914","JAPAN TOBACCO INC","Equity","0.80","20.10","517,547.00","10,403,114.45","10,403,114.45","Consumer Staples","JP3726800000","Tokyo Stock Exchange","Japan","JPY"
"6981","MURATA MANUFACTURING LTD","Equity","0.78","40.88","247,800.00","10,129,013.25","10,129,013.25","Information Technology","JP3914400001","Tokyo Stock Exchange","Japan","JPY"
"8001","ITOCHU CORP","Equity","0.77","17.35","581,000.00","10,083,216.29","10,083,216.29","Industrials","JP3143600009","Tokyo Stock Exchange","Japan","JPY"
"3382","SEVEN & I HOLDINGS LTD","Equity","0.76","30.57","325,000.00","9,934,075.67","9,934,075.67","Consumer Staples","JP3422950000","Tokyo Stock Exchange","Japan","JPY"
"4661","ORIENTAL LAND LTD","Equity","0.76","114.93","86,300.00","9,918,652.72","9,918,652.72","Consumer Discretionary","JP3198900007","Tokyo Stock Exchange","Japan","JPY"
"6503","MITSUBISHI ELECTRIC CORP","Equity","0.73","12.10","787,200.00","9,523,137.81","9,523,137.81","Industrials","JP3902400005","Tokyo Stock Exchange","Japan","JPY"
"8035","TOKYO ELECTRON LTD","Equity","0.70","134.09","67,700.00","9,077,731.79","9,077,731.79","Information Technology","JP3571400005","Tokyo Stock Exchange","Japan","JPY"
"8802","MITSUBISHI ESTATE CO LTD","Equity","0.67","17.08","510,000.00","8,712,653.38","8,712,653.38","Real Estate","JP3899600005","Tokyo Stock Exchange","Japan","JPY"
"9434","SOFTBANK CORP","Equity","0.66","11.83","722,700.00","8,552,723.68","8,552,723.68","Communication","JP3732000009","Tokyo Stock Exchange","Japan","JPY"
"5108","BRIDGESTONE CORP","Equity","0.65","34.53","246,300.00","8,504,492.84","8,504,492.84","Consumer Discretionary","JP3830800003","Tokyo Stock Exchange","Japan","JPY"
"6301","KOMATSU LTD","Equity","0.65","21.34","398,400.00","8,501,099.13","8,501,099.13","Industrials","JP3304200003","Tokyo Stock Exchange","Japan","JPY"
"6273","SMC (JAPAN) CORP","Equity","0.65","340.85","24,800.00","8,453,093.95","8,453,093.95","Industrials","JP3162600005","Tokyo Stock Exchange","Japan","JPY"
"8801","MITSUI FUDOSAN LTD","Equity","0.65","21.67","389,500.00","8,440,877.26","8,440,877.26","Real Estate","JP3893200000","Tokyo Stock Exchange","Japan","JPY"
"6971","KYOCERA CORP","Equity","0.63","58.81","138,400.00","8,138,774.82","8,138,774.82","Information Technology","JP3249600002","Tokyo Stock Exchange","Japan","JPY"
"8591","ORIX CORP","Equity","0.59","13.45","571,300.00","7,683,909.49","7,683,909.49","Financials","JP3200450009","Tokyo Stock Exchange","Japan","JPY"
"4543","TERUMO CORP","Equity","0.57","26.68","278,400.00","7,427,089.36","7,427,089.36","Health Care","JP3546800008","Tokyo Stock Exchange","Japan","JPY"
"6752","PANASONIC CORP","Equity","0.57","7.79","952,200.00","7,419,584.73","7,419,584.73","Consumer Discretionary","JP3866800000","Tokyo Stock Exchange","Japan","JPY"
"6902","DENSO CORP","Equity","0.55","38.08","186,900.00","7,117,255.71","7,117,255.71","Consumer Discretionary","JP3551500006","Tokyo Stock Exchange","Japan","JPY"
"4901","FUJIFILM HOLDINGS CORP","Equity","0.54","45.02","155,400.00","6,995,989.86","6,995,989.86","Information Technology","JP3814000000","Tokyo Stock Exchange","Japan","JPY"
"8053","SUMITOMO CORP","Equity","0.53","13.59","512,500.00","6,962,577.71","6,962,577.71","Industrials","JP3404600003","Tokyo Stock Exchange","Japan","JPY"
"9735","SECOM LTD","Equity","0.53","76.23","90,600.00","6,906,155.27","6,906,155.27","Industrials","JP3421800008","Tokyo Stock Exchange","Japan","JPY"
"2503","KIRIN HOLDINGS LTD","Equity","0.53","19.41","354,800.00","6,888,208.41","6,888,208.41","Consumer Staples","JP3258000003","Tokyo Stock Exchange","Japan","JPY"
"6178","JAPAN POST HOLDINGS LTD","Equity","0.53","10.13","679,300.00","6,880,294.69","6,880,294.69","Financials","JP3752900005","Tokyo Stock Exchange","Japan","JPY"
"6502","TOSHIBA CORP","Equity","0.52","28.03","240,100.00","6,731,025.82","6,731,025.82","Industrials","JP3592200004","Tokyo Stock Exchange","Japan","JPY"
"7269","SUZUKI MOTOR CORP","Equity","0.52","42.26","158,800.00","6,710,398.85","6,710,398.85","Consumer Discretionary","JP3397200001","Tokyo Stock Exchange","Japan","JPY"
"6326","KUBOTA CORP","Equity","0.51","14.63","451,900.00","6,612,977.74","6,612,977.74","Industrials","JP3266400005","Tokyo Stock Exchange","Japan","JPY"
"1925","DAIWA HOUSE INDUSTRY LTD","Equity","0.50","26.51","244,300.00","6,477,208.89","6,477,208.89","Real Estate","JP3505000004","Tokyo Stock Exchange","Japan","JPY"
"7201","NISSAN MOTOR LTD","Equity","0.49","6.35","1,001,200.00","6,360,960.10","6,360,960.10","Consumer Discretionary","JP3672400003","Tokyo Stock Exchange","Japan","JPY"
"8750","DAI-ICHI LIFE HOLDINGS INC","Equity","0.48","13.52","465,112.00","6,288,197.01","6,288,197.01","Financials","JP3476480003","Tokyo Stock Exchange","Japan","JPY"
"2502","ASAHI GROUP HOLDINGS LTD","Equity","0.48","39.86","156,400.00","6,233,530.33","6,233,530.33","Consumer Staples","JP3116000005","Tokyo Stock Exchange","Japan","JPY"
"5020","JXTG HOLDINGS INC","Equity","0.47","4.34","1,399,850.00","6,078,754.67","6,078,754.67","Energy","JP3386450005","Tokyo Stock Exchange","Japan","JPY"
"4507","SHIONOGI LTD","Equity","0.46","52.07","116,200.00","6,050,885.08","6,050,885.08","Health Care","JP3347200002","Tokyo Stock Exchange","Japan","JPY"
"7270","SUBARU CORP","Equity","0.46","22.68","265,400.00","6,019,873.10","6,019,873.10","Consumer Discretionary","JP3814800003","Tokyo Stock Exchange","Japan","JPY"
"8725","MS&AD INSURANCE GROUP HOLDINGS INC","Equity","0.46","29.14","204,700.00","5,965,801.51","5,965,801.51","Financials","JP3890310000","Tokyo Stock Exchange","Japan","JPY"
"4519","CHUGAI PHARMACEUTICAL LTD","Equity","0.45","60.67","96,600.00","5,860,952.55","5,860,952.55","Health Care","JP3519400000","Tokyo Stock Exchange","Japan","JPY"
"4523","EISAI LTD","Equity","0.43","50.95","108,700.00","5,538,801.91","5,538,801.91","Health Care","JP3160400002","Tokyo Stock Exchange","Japan","JPY"
"7011","MITSUBISHI HEAVY INDUSTRIES LTD","Equity","0.42","39.54","138,200.00","5,464,970.69","5,464,970.69","Industrials","JP3900000005","Tokyo Stock Exchange","Japan","JPY"
"6702","FUJITSU LTD","Equity","0.42","64.31","84,801.00","5,453,923.24","5,453,923.24","Information Technology","JP3818000006","Tokyo Stock Exchange","Japan","JPY"
"4578","OTSUKA HOLDINGS LTD","Equity","0.41","31.73","168,400.00","5,342,586.75","5,342,586.75","Health Care","JP3188220002","Tokyo Stock Exchange","Japan","JPY"
"5401","NIPPON STEEL CORP","Equity","0.41","15.21","349,100.00","5,308,097.63","5,308,097.63","Materials","JP3381000003","Tokyo Stock Exchange","Japan","JPY"
"3407","ASAHI KASEI CORP","Equity","0.40","9.45","550,500.00","5,204,630.24","5,204,630.24","Materials","JP3111200006","Tokyo Stock Exchange","Japan","JPY"
"8630","SOMPO HOLDINGS INC","Equity","0.40","35.92","144,900.00","5,204,573.52","5,204,573.52","Financials","JP3165000005","Tokyo Stock Exchange","Japan","JPY"
"9021","WEST JAPAN RAILWAY","Equity","0.39","72.74","70,421.00","5,122,500.62","5,122,500.62","Industrials","JP3659000008","Tokyo Stock Exchange","Japan","JPY"
"7733","OLYMPUS CORP","Equity","0.38","9.87","502,600.00","4,958,364.48","4,958,364.48","Health Care","JP3201200007","Tokyo Stock Exchange","Japan","JPY"
"8830","SUMITOMO REALTY & DEVELOPMENT LTD","Equity","0.36","32.93","143,300.00","4,719,455.04","4,719,455.04","Real Estate","JP3409000001","Tokyo Stock Exchange","Japan","JPY"
"8113","UNICHARM CORP","Equity","0.36","26.92","173,600.00","4,672,648.51","4,672,648.51","Consumer Staples","JP3951600000","Tokyo Stock Exchange","Japan","JPY"
"8309","SUMITOMO MITSUI TRUST HOLDINGS INC","Equity","0.35","32.36","142,500.00","4,611,101.39","4,611,101.39","Financials","JP3892100003","Tokyo Stock Exchange","Japan","JPY"
"8604","NOMURA HOLDINGS INC","Equity","0.35","3.17","1,446,300.00","4,577,768.57","4,577,768.57","Financials","JP3762600009","Tokyo Stock Exchange","Japan","JPY"
"8267","AEON LTD","Equity","0.34","15.89","280,700.00","4,459,607.45","4,459,607.45","Consumer Staples","JP3388200002","Tokyo Stock Exchange","Japan","JPY"
"7309","SHIMANO INC","Equity","0.34","137.29","32,200.00","4,420,863.04","4,420,863.04","Consumer Discretionary","JP3358000002","Tokyo Stock Exchange","Japan","JPY"
"6869","SYSMEX CORP","Equity","0.33","59.23","72,100.00","4,270,155.46","4,270,155.46","Health Care","JP3351100007","Tokyo Stock Exchange","Japan","JPY"
"9843","NITORI HOLDINGS LTD","Equity","0.32","119.13","34,500.00","4,109,814.29","4,109,814.29","Consumer Discretionary","JP3756100008","Tokyo Stock Exchange","Japan","JPY"
"1928","SEKISUI HOUSE LTD","Equity","0.31","15.25","268,400.00","4,093,182.82","4,093,182.82","Consumer Discretionary","JP3420600003","Tokyo Stock Exchange","Japan","JPY"
"8002","MARUBENI CORP","Equity","0.31","6.06","671,500.00","4,069,734.34","4,069,734.34","Industrials","JP3877600001","Tokyo Stock Exchange","Japan","JPY"
"3402","TORAY INDUSTRIES INC","Equity","0.30","6.63","595,500.00","3,950,355.67","3,950,355.67","Materials","JP3621000003","Tokyo Stock Exchange","Japan","JPY"
"6701","NEC CORP","Equity","0.30","36.21","108,700.00","3,936,499.26","3,936,499.26","Information Technology","JP3733000008","Tokyo Stock Exchange","Japan","JPY"
"6762","TDK CORP","Equity","0.30","70.37","55,900.00","3,933,872.59","3,933,872.59","Information Technology","JP3538800008","Tokyo Stock Exchange","Japan","JPY"
"6645","OMRON CORP","Equity","0.29","46.12","83,200.00","3,837,257.16","3,837,257.16","Information Technology","JP3197800000","Tokyo Stock Exchange","Japan","JPY"
"7832","BANDAI NAMCO HOLDINGS INC","Equity","0.29","43.49","88,000.00","3,827,128.65","3,827,128.65","Consumer Discretionary","JP3778630008","Tokyo Stock Exchange","Japan","JPY"
"5802","SUMITOMO ELECTRIC INDUSTRIES LTD","Equity","0.29","11.76","325,300.00","3,824,325.23","3,824,325.23","Consumer Discretionary","JP3407400005","Tokyo Stock Exchange","Japan","JPY"
"4755","RAKUTEN INC","Equity","0.29","10.12","371,215.00","3,756,801.83","3,756,801.83","Consumer Discretionary","JP3967200001","Tokyo Stock Exchange","Japan","JPY"
"9531","TOKYO GAS LTD","Equity","0.28","22.05","166,400.00","3,668,308.40","3,668,308.40","Utilities","JP3573000001","Tokyo Stock Exchange","Japan","JPY"
"8951","NIPPON BUILDING FUND REIT INC","Equity","0.27","6,149.45","579.00","3,560,531.88","3,560,531.88","Real Estate","JP3027670003","Tokyo Stock Exchange","Japan","JPY"
"1878","DAITO TRUST CONSTRUCTION LTD","Equity","0.27","114.15","31,000.00","3,538,688.18","3,538,688.18","Real Estate","JP3486800000","Tokyo Stock Exchange","Japan","JPY"
"9502","CHUBU ELECTRIC POWER INC","Equity","0.27","12.73","277,800.00","3,535,394.77","3,535,394.77","Utilities","JP3526600006","Tokyo Stock Exchange","Japan","JPY"
"9005","TOKYU CORP","Equity","0.27","16.23","216,000.00","3,505,384.14","3,505,384.14","Industrials","JP3574200006","Tokyo Stock Exchange","Japan","JPY"
"1605","INPEX CORP","Equity","0.27","7.97","439,300.00","3,499,249.24","3,499,249.24","Energy","JP3294460005","Tokyo Stock Exchange","Japan","JPY"
"4188","MITSUBISHI CHEMICAL CORP","Equity","0.27","6.30","549,900.00","3,462,053.69","3,462,053.69","Materials","JP3897700005","Tokyo Stock Exchange","Japan","JPY"
"9613","NTT DATA CORP","Equity","0.26","12.27","272,200.00","3,341,047.47","3,341,047.47","Information Technology","JP3165700000","Tokyo Stock Exchange","Japan","JPY"
"8308","RESONA HOLDINGS INC","Equity","0.26","3.70","897,800.00","3,322,919.41","3,322,919.41","Financials","JP3500610005","Tokyo Stock Exchange","Japan","JPY"
"9503","KANSAI ELECTRIC POWER INC","Equity","0.25","10.85","304,700.00","3,306,595.75","3,306,595.75","Utilities","JP3228600007","Tokyo Stock Exchange","Japan","JPY"
"4689","YAHOO JAPAN CORP","Equity","0.25","2.61","1,246,500.00","3,258,773.08","3,258,773.08","Communication","JP3933800009","Tokyo Stock Exchange","Japan","JPY"
"9041","KINTETSU GROUP HOLDINGS LTD","Equity","0.25","43.41","74,300.00","3,225,205.96","3,225,205.96","Industrials","JP3260800002","Tokyo Stock Exchange","Japan","JPY"
"9042","HANKYU HANSHIN HOLDINGS INC","Equity","0.25","32.43","99,000.00","3,210,827.10","3,210,827.10","Industrials","JP3774200004","Tokyo Stock Exchange","Japan","JPY"
"8697","JAPAN EXCHANGE GROUP INC","Equity","0.24","14.45","219,000.00","3,165,174.83","3,165,174.83","Financials","JP3183200009","Tokyo Stock Exchange","Japan","JPY"
"8952","JAPAN REAL ESTATE INVESTMENT TRUST","Equity","0.24","5,508.20","571.00","3,145,180.89","3,145,180.89","Real Estate","JP3027680002","Tokyo Stock Exchange","Japan","JPY"
"2269","MEIJI HOLDINGS LTD","Equity","0.24","63.47","49,500.00","3,141,645.78","3,141,645.78","Consumer Staples","JP3918000005","Tokyo Stock Exchange","Japan","JPY"
"2413","M3 INC","Equity","0.24","17.25","180,800.00","3,118,448.87","3,118,448.87","Health Care","JP3435750009","Tokyo Stock Exchange","Japan","JPY"
"9501","TOKYO ELECTRIC POWER HOLDINGS INC","Equity","0.24","4.65","666,000.00","3,099,027.13","3,099,027.13","Utilities","JP3585800000","Tokyo Stock Exchange","Japan","JPY"
"6506","YASKAWA ELECTRIC CORP","Equity","0.24","29.80","103,200.00","3,075,547.41","3,075,547.41","Information Technology","JP3932000007","Tokyo Stock Exchange","Japan","JPY"
"6201","TOYOTA INDUSTRIES CORP","Equity","0.24","48.83","62,900.00","3,071,650.56","3,071,650.56","Consumer Discretionary","JP3634600005","Tokyo Stock Exchange","Japan","JPY"
"1801","TAISEI CORP","Equity","0.23","33.91","88,000.00","2,984,292.19","2,984,292.19","Industrials","JP3443600006","Tokyo Stock Exchange","Japan","JPY"
"4324","DENTSU INC","Equity","0.23","31.90","93,200.00","2,972,914.06","2,972,914.06","Communication","JP3551520004","Tokyo Stock Exchange","Japan","JPY"
"6988","NITTO DENKO CORP","Equity","0.23","43.95","67,600.00","2,971,052.79","2,971,052.79","Materials","JP3684000007","Tokyo Stock Exchange","Japan","JPY"
"6586","MAKITA CORP","Equity","0.23","31.03","95,400.00","2,960,738.48","2,960,738.48","Industrials","JP3862400003","Tokyo Stock Exchange","Japan","JPY"
"2802","AJINOMOTO INC","Equity","0.23","15.55","189,400.00","2,946,020.90","2,946,020.90","Consumer Staples","JP3119600009","Tokyo Stock Exchange","Japan","JPY"
"4684","OBIC LTD","Equity","0.22","101.78","27,600.00","2,809,082.18","2,809,082.18","Information Technology","JP3173400007","Tokyo Stock Exchange","Japan","JPY"
"4528","ONO PHARMACEUTICAL LTD","Equity","0.21","16.90","165,200.00","2,792,337.26","2,792,337.26","Health Care","JP3197600004","Tokyo Stock Exchange","Japan","JPY"
"9007","ODAKYU ELECTRIC RAILWAY LTD","Equity","0.21","21.90","127,000.00","2,781,458.98","2,781,458.98","Industrials","JP3196000008","Tokyo Stock Exchange","Japan","JPY"
"2267","YAKULT HONSHA LTD","Equity","0.21","53.77","51,500.00","2,768,979.21","2,768,979.21","Consumer Staples","JP3931600005","Tokyo Stock Exchange","Japan","JPY"
"5411","JFE HOLDINGS INC","Equity","0.21","13.05","212,037.00","2,766,452.99","2,766,452.99","Materials","JP3386030005","Tokyo Stock Exchange","Japan","JPY"
"9962","MISUMI GROUP INC","Equity","0.21","22.53","122,300.00","2,755,942.87","2,755,942.87","Industrials","JP3885400006","Tokyo Stock Exchange","Japan","JPY"
"3659","NEXON LTD","Equity","0.21","12.96","210,400.00","2,727,797.62","2,727,797.62","Communication","JP3758190007","Tokyo Stock Exchange","Japan","JPY"
"7532","PAN PACIFIC INTERNATIONAL HOLDINGS","Equity","0.21","56.81","47,800.00","2,715,442.82","2,715,442.82","Consumer Discretionary","JP3639650005","Tokyo Stock Exchange","Japan","JPY"
"9008","KEIO CORP","Equity","0.21","59.69","45,100.00","2,691,831.56","2,691,831.56","Industrials","JP3277800003","Tokyo Stock Exchange","Japan","JPY"
"4005","SUMITOMO CHEMICAL LTD","Equity","0.21","4.20","639,300.00","2,685,717.46","2,685,717.46","Materials","JP3401400001","Tokyo Stock Exchange","Japan","JPY"
"7951","YAMAHA CORP","Equity","0.20","43.00","61,800.00","2,657,203.90","2,657,203.90","Consumer Discretionary","JP3942600002","Tokyo Stock Exchange","Japan","JPY"
"8601","DAIWA SECURITIES GROUP INC","Equity","0.20","4.00","662,200.00","2,647,996.83","2,647,996.83","Financials","JP3502200003","Tokyo Stock Exchange","Japan","JPY"
"9532","OSAKA GAS LTD","Equity","0.20","16.01","163,300.00","2,613,887.27","2,613,887.27","Utilities","JP3180400008","Tokyo Stock Exchange","Japan","JPY"
"5713","SUMITOMO METAL MINING LTD","Equity","0.20","25.95","100,400.00","2,605,811.59","2,605,811.59","Materials","JP3402600005","Tokyo Stock Exchange","Japan","JPY"
"7752","RICOH LTD","Equity","0.20","8.93","289,900.00","2,588,288.95","2,588,288.95","Information Technology","JP3973400009","Tokyo Stock Exchange","Japan","JPY"
"9064","YAMATO HOLDINGS LTD","Equity","0.19","18.59","136,500.00","2,537,277.28","2,537,277.28","Industrials","JP3940000007","Tokyo Stock Exchange","Japan","JPY"
"2801","KIKKOMAN CORP","Equity","0.19","39.71","63,700.00","2,529,421.94","2,529,421.94","Consumer Staples","JP3240400006","Tokyo Stock Exchange","Japan","JPY"
"1802","OBAYASHI CORP","Equity","0.19","8.96","279,100.00","2,501,042.39","2,501,042.39","Industrials","JP3190000004","Tokyo Stock Exchange","Japan","JPY"
"8015","TOYOTA TSUSHO CORP","Equity","0.19","27.29","91,500.00","2,497,433.28","2,497,433.28","Industrials","JP3635000007","Tokyo Stock Exchange","Japan","JPY"
"6963","ROHM LTD","Equity","0.19","60.84","41,000.00","2,494,309.23","2,494,309.23","Information Technology","JP3982800009","Tokyo Stock Exchange","Japan","JPY"
"1812","KAJIMA CORP","Equity","0.19","12.67","194,800.00","2,467,892.90","2,467,892.90","Industrials","JP3210200006","Tokyo Stock Exchange","Japan","JPY"
"2587","SUNTORY BEVERAGE & FOOD LTD","Equity","0.19","39.46","61,700.00","2,434,787.81","2,434,787.81","Consumer Staples","JP3336560002","Tokyo Stock Exchange","Japan","JPY"
"5201","AGC INC","Equity","0.19","31.12","78,200.00","2,433,365.54","2,433,365.54","Industrials","JP3112000009","Tokyo Stock Exchange","Japan","JPY"
"7202","ISUZU MOTORS LTD","Equity","0.19","10.19","236,800.00","2,414,004.64","2,414,004.64","Consumer Discretionary","JP3137200006","Tokyo Stock Exchange","Japan","JPY"
"4536","SANTEN PHARMACEUTICAL LTD","Equity","0.18","14.79","162,200.00","2,398,925.33","2,398,925.33","Health Care","JP3336000009","Tokyo Stock Exchange","Japan","JPY"
"6479","MINEBEA MITSUMI INC","Equity","0.18","15.25","156,618.00","2,388,472.83","2,388,472.83","Industrials","JP3906000009","Tokyo Stock Exchange","Japan","JPY"
"8795","T&D HOLDINGS INC","Equity","0.18","9.87","238,800.00","2,357,827.60","2,357,827.60","Financials","JP3539220008","Tokyo Stock Exchange","Japan","JPY"
"8028","FAMILYMART UNY HOLDINGS LTD","Equity","0.18","21.01","112,100.00","2,354,676.42","2,354,676.42","Consumer Staples","JP3802600001","Tokyo Stock Exchange","Japan","JPY"
"4704","TREND MICRO INC","Equity","0.18","41.60","55,300.00","2,300,437.11","2,300,437.11","Information Technology","JP3637300009","Tokyo Stock Exchange","Japan","JPY"
"3462","NOMURA REAL ESTATE MASTER FUND REI","Equity","0.18","1,373.76","1,667.00","2,290,059.50","2,290,059.50","Real Estate","JP3048110005","Tokyo Stock Exchange","Japan","JPY"
"8473","SBI HOLDINGS INC","Equity","0.18","22.63","101,113.00","2,288,484.23","2,288,484.23","Financials","JP3436120004","Tokyo Stock Exchange","Japan","JPY"
"4612","NIPPON PAINT HOLDINGS LTD","Equity","0.17","36.30","62,200.00","2,257,645.82","2,257,645.82","Materials","JP3749400002","Tokyo Stock Exchange","Japan","JPY"
"7261","MAZDA MOTOR CORP","Equity","0.17","9.23","244,100.00","2,253,628.12","2,253,628.12","Consumer Discretionary","JP3868400007","Tokyo Stock Exchange","Japan","JPY"
"5019","IDEMITSU KOSAN LTD","Equity","0.17","26.06","85,380.00","2,225,103.06","2,225,103.06","Energy","JP3142500002","Tokyo Stock Exchange","Japan","JPY"
"6383","DAIFUKU LTD","Equity","0.17","50.48","43,900.00","2,215,989.04","2,215,989.04","Industrials","JP3497400006","Tokyo Stock Exchange","Japan","JPY"
"6857","ADVANTEST CORP","Equity","0.17","25.28","87,500.00","2,212,014.10","2,212,014.10","Information Technology","JP3122400009","Tokyo Stock Exchange","Japan","JPY"
"5332","TOTO LTD","Equity","0.17","35.56","61,700.00","2,193,845.27","2,193,845.27","Industrials","JP3596200000","Tokyo Stock Exchange","Japan","JPY"
"7701","SHIMADZU CORP","Equity","0.17","22.77","96,200.00","2,190,733.55","2,190,733.55","Information Technology","JP3357200009","Tokyo Stock Exchange","Japan","JPY"
"4922","KOSE CORP","Equity","0.17","148.97","14,700.00","2,189,829.21","2,189,829.21","Consumer Staples","JP3283650004","Tokyo Stock Exchange","Japan","JPY"
"6965","HAMAMATSU PHOTONICS","Equity","0.17","35.27","61,400.00","2,165,510.93","2,165,510.93","Information Technology","JP3771800004","Tokyo Stock Exchange","Japan","JPY"
"4204","SEKISUI CHEMICAL LTD","Equity","0.17","13.65","158,300.00","2,160,348.03","2,160,348.03","Consumer Discretionary","JP3419400001","Tokyo Stock Exchange","Japan","JPY"
"4307","NOMURA RESEARCH INSTITUTE LTD","Equity","0.17","14.76","146,200.00","2,157,478.83","2,157,478.83","Information Technology","JP3762800005","Tokyo Stock Exchange","Japan","JPY"
"7276","KOITO MANUFACTURING LTD","Equity","0.17","47.68","45,200.00","2,155,267.33","2,155,267.33","Consumer Discretionary","JP3284600008","Tokyo Stock Exchange","Japan","JPY"
"9001","TOBU RAILWAY LTD","Equity","0.17","26.31","81,900.00","2,154,609.63","2,154,609.63","Industrials","JP3597800006","Tokyo Stock Exchange","Japan","JPY"
"4021","NISSAN CHEMICAL CORP","Equity","0.17","39.46","54,500.00","2,150,663.46","2,150,663.46","Materials","JP3670800006","Tokyo Stock Exchange","Japan","JPY"
"7259","AISIN SEIKI LTD","Equity","0.17","30.83","69,700.00","2,148,813.69","2,148,813.69","Consumer Discretionary","JP3102000001","Tokyo Stock Exchange","Japan","JPY"
"7912","DAI NIPPON PRINTING LTD","Equity","0.16","19.48","105,900.00","2,062,508.46","2,062,508.46","Industrials","JP3493800001","Tokyo Stock Exchange","Japan","JPY"
"8953","JAPAN RETAIL FUND INVESTMENT REIT","Equity","0.16","1,808.66","1,116.00","2,018,466.72","2,018,466.72","Real Estate","JP3039710003","Tokyo Stock Exchange","Japan","JPY"
"9048","NAGOYA RAILROAD LTD","Equity","0.15","25.12","79,300.00","1,991,677.97","1,991,677.97","Industrials","JP3649800004","Tokyo Stock Exchange","Japan","JPY"
"4587","PEPTIDREAM INC","Equity","0.15","48.75","40,600.00","1,979,317.41","1,979,317.41","Health Care","JP3836750004","Tokyo Stock Exchange","Japan","JPY"
"1803","SHIMIZU CORP","Equity","0.15","7.65","256,600.00","1,963,998.04","1,963,998.04","Industrials","JP3358800005","Tokyo Stock Exchange","Japan","JPY"
"9602","TOHO (TOKYO) LTD","Equity","0.15","39.63","49,300.00","1,953,568.64","1,953,568.64","Communication","JP3598600009","Tokyo Stock Exchange","Japan","JPY"
"7272","YAMAHA MOTOR LTD","Equity","0.15","15.90","121,000.00","1,923,873.70","1,923,873.70","Consumer Discretionary","JP3942800008","Tokyo Stock Exchange","Japan","JPY"
"3861","OJI HOLDINGS CORP","Equity","0.15","5.07","372,400.00","1,888,989.54","1,888,989.54","Materials","JP3174410005","Tokyo Stock Exchange","Japan","JPY"
"7747","ASAHI INTECC LTD","Equity","0.15","22.24","84,900.00","1,888,033.42","1,888,033.42","Health Care","JP3110650003","Tokyo Stock Exchange","Japan","JPY"
"9435","HIKARI TSUSHIN INC","Equity","0.14","199.77","9,400.00","1,877,884.36","1,877,884.36","Consumer Discretionary","JP3783420007","Tokyo Stock Exchange","Japan","JPY"
"2784","ALFRESA HOLDINGS CORP","Equity","0.14","22.74","81,700.00","1,857,842.74","1,857,842.74","Health Care","JP3126340003","Tokyo Stock Exchange","Japan","JPY"
"8960","UNITED URBAN INVESTMENT REIT CORP","Equity","0.14","1,499.55","1,235.00","1,851,938.28","1,851,938.28","Real Estate","JP3045540006","Tokyo Stock Exchange","Japan","JPY"
"9009","KEISEI ELECTRIC RAILWAY LTD","Equity","0.14","32.72","56,100.00","1,835,611.00","1,835,611.00","Industrials","JP3278600006","Tokyo Stock Exchange","Japan","JPY"
"9142","KYUSHU RAILWAY","Equity","0.14","26.43","68,800.00","1,818,461.59","1,818,461.59","Industrials","JP3247010006","Tokyo Stock Exchange","Japan","JPY"
"3283","NIPPON PROLOGIS REIT INC","Equity","0.14","2,065.99","880.00","1,818,066.98","1,818,066.98","Real Estate","JP3047550003","Tokyo Stock Exchange","Japan","JPY"
"6841","YOKOGAWA ELECTRIC CORP","Equity","0.14","18.19","98,900.00","1,799,336.64","1,799,336.64","Information Technology","JP3955000009","Tokyo Stock Exchange","Japan","JPY"
"4183","MITSUI CHEMICALS INC","Equity","0.14","21.86","82,300.00","1,799,090.00","1,799,090.00","Materials","JP3888300005","Tokyo Stock Exchange","Japan","JPY"
"7956","PIGEON CORP","Equity","0.14","36.21","49,100.00","1,778,124.32","1,778,124.32","Consumer Staples","JP3801600002","Tokyo Stock Exchange","Japan","JPY"
"7731","NIKON CORP","Equity","0.14","12.95","136,700.00","1,770,042.89","1,770,042.89","Consumer Discretionary","JP3657400002","Tokyo Stock Exchange","Japan","JPY"
"6504","FUJI ELECTRIC LTD","Equity","0.14","31.32","56,300.00","1,763,470.05","1,763,470.05","Industrials","JP3820000002","Tokyo Stock Exchange","Japan","JPY"
"8984","DAIWA HOUSE REIT CORP","Equity","0.13","2,219.72","790.00","1,753,579.96","1,753,579.96","Real Estate","JP3046390005","Tokyo Stock Exchange","Japan","JPY"
"2002","NISSHIN SEIFUN GROUP INC","Equity","0.13","20.68","84,400.00","1,745,079.25","1,745,079.25","Consumer Staples","JP3676800000","Tokyo Stock Exchange","Japan","JPY"
"4768","OTSUKA CORP","Equity","0.13","37.00","46,800.00","1,731,382.74","1,731,382.74","Information Technology","JP3188200004","Tokyo Stock Exchange","Japan","JPY"
"9506","TOHOKU ELECTRIC POWER INC","Equity","0.13","9.31","185,100.00","1,722,612.38","1,722,612.38","Utilities","JP3605400005","Tokyo Stock Exchange","Japan","JPY"
"4902","KONICA MINOLTA INC","Equity","0.13","8.90","192,700.00","1,715,713.97","1,715,713.97","Information Technology","JP3300600008","Tokyo Stock Exchange","Japan","JPY"
"7453","RYOHIN KEIKAKU LTD","Equity","0.13","166.31","10,300.00","1,713,041.27","1,713,041.27","Consumer Discretionary","JP3976300008","Tokyo Stock Exchange","Japan","JPY"
"4732","USS LTD","Equity","0.13","17.74","96,500.00","1,712,038.28","1,712,038.28","Consumer Discretionary","JP3944130008","Tokyo Stock Exchange","Japan","JPY"
"6146","DISCO CORP","Equity","0.13","146.67","11,600.00","1,701,326.07","1,701,326.07","Information Technology","JP3548600000","Tokyo Stock Exchange","Japan","JPY"
"6724","SEIKO EPSON CORP","Equity","0.13","14.20","119,200.00","1,692,401.14","1,692,401.14","Information Technology","JP3414750004","Tokyo Stock Exchange","Japan","JPY"
"4912","LION CORP","Equity","0.13","17.17","98,400.00","1,689,928.21","1,689,928.21","Consumer Staples","JP3965400009","Tokyo Stock Exchange","Japan","JPY"
"9062","NIPPON EXPRESS LTD","Equity","0.13","48.18","34,900.00","1,681,348.58","1,681,348.58","Industrials","JP3729400006","Tokyo Stock Exchange","Japan","JPY"
"6448","BROTHER INDUSTRIES LTD","Equity","0.13","17.41","96,500.00","1,680,304.48","1,680,304.48","Information Technology","JP3830000000","Tokyo Stock Exchange","Japan","JPY"
"4151","KYOWA KIRIN LTD","Equity","0.13","15.75","106,600.00","1,679,142.01","1,679,142.01","Health Care","JP3256000005","Tokyo Stock Exchange","Japan","JPY"
"9987","SUZUKEN LTD","Equity","0.13","54.51","30,800.00","1,678,800.01","1,678,800.01","Health Care","JP3398000004","Tokyo Stock Exchange","Japan","JPY"
"5938","LIXIL GROUP CORP","Equity","0.13","14.63","114,100.00","1,669,707.37","1,669,707.37","Industrials","JP3626800001","Tokyo Stock Exchange","Japan","JPY"
"2181","PERSOL HOLDINGS LTD","Equity","0.13","21.01","78,900.00","1,657,305.70","1,657,305.70","Industrials","JP3547670004","Tokyo Stock Exchange","Japan","JPY"
"7182","JAPAN POST BANK LTD","Equity","0.13","9.13","181,200.00","1,653,544.51","1,653,544.51","Financials","JP3946750001","Tokyo Stock Exchange","Japan","JPY"
"9045","KEIHAN HOLDINGS LTD","Equity","0.13","39.30","41,600.00","1,634,767.31","1,634,767.31","Industrials","JP3279400000","Tokyo Stock Exchange","Japan","JPY"
"8252","MARUI GROUP LTD","Equity","0.12","19.11","84,600.00","1,617,067.09","1,617,067.09","Consumer Discretionary","JP3870400003","Tokyo Stock Exchange","Japan","JPY"
"9766","KONAMI HOLDINGS CORP","Equity","0.12","40.37","39,900.00","1,610,605.23","1,610,605.23","Communication","JP3300200007","Tokyo Stock Exchange","Japan","JPY"
"7459","MEDIPAL HOLDINGS CORP","Equity","0.12","20.25","79,000.00","1,599,654.60","1,599,654.60","Health Care","JP3268950007","Tokyo Stock Exchange","Japan","JPY"
"7186","CONCORDIA FINANCIAL GROUP LTD","Equity","0.12","3.40","464,400.00","1,580,619.26","1,580,619.26","Financials","JP3305990008","Tokyo Stock Exchange","Japan","JPY"
"9143","SG HOLDINGS LTD","Equity","0.12","25.07","62,700.00","1,572,179.39","1,572,179.39","Industrials","JP3162770006","Tokyo Stock Exchange","Japan","JPY"
"6465","HOSHIZAKI CORP","Equity","0.12","65.77","23,600.00","1,552,160.79","1,552,160.79","Industrials","JP3845770001","Tokyo Stock Exchange","Japan","JPY"
"9202","ANA HOLDINGS INC","Equity","0.12","30.06","51,500.00","1,548,342.04","1,548,342.04","Industrials","JP3429800000","Tokyo Stock Exchange","Japan","JPY"
"9508","KYUSHU ELECTRIC POWER INC","Equity","0.12","9.07","169,800.00","1,539,741.86","1,539,741.86","Utilities","JP3246400000","Tokyo Stock Exchange","Japan","JPY"
"2897","NISSIN FOODS HOLDINGS LTD","Equity","0.12","57.30","26,700.00","1,529,955.35","1,529,955.35","Consumer Staples","JP3675600005","Tokyo Stock Exchange","Japan","JPY"
"3092","ZOZO INC","Equity","0.12","16.84","90,600.00","1,525,432.05","1,525,432.05","Consumer Discretionary","JP3399310006","Tokyo Stock Exchange","Japan","JPY"
"7911","TOPPAN PRINTING LTD","Equity","0.12","14.37","106,100.00","1,524,725.03","1,524,725.03","Industrials","JP3629000005","Tokyo Stock Exchange","Japan","JPY"
"6113","AMADA HOLDINGS LTD","Equity","0.12","10.20","149,200.00","1,522,212.63","1,522,212.63","Industrials","JP3122800000","Tokyo Stock Exchange","Japan","JPY"
"6723","RENESAS ELECTRONICS CORP","Equity","0.12","4.64","327,700.00","1,522,157.55","1,522,157.55","Information Technology","JP3164720009","Tokyo Stock Exchange","Japan","JPY"
"5333","NGK INSULATORS LTD","Equity","0.12","13.30","114,100.00","1,517,745.24","1,517,745.24","Industrials","JP3695200000","Tokyo Stock Exchange","Japan","JPY"
"9006","KEIKYU CORP","Equity","0.12","15.70","96,500.00","1,515,288.75","1,515,288.75","Industrials","JP3280200001","Tokyo Stock Exchange","Japan","JPY"
"3405","KURARAY LTD","Equity","0.12","10.72","140,100.00","1,501,932.60","1,501,932.60","Materials","JP3269600007","Tokyo Stock Exchange","Japan","JPY"
"2433","HAKUHODO DY HOLDINGS INC","Equity","0.11","15.19","98,400.00","1,494,967.61","1,494,967.61","Communication","JP3766550002","Tokyo Stock Exchange","Japan","JPY"
"4751","CYBER AGENT INC","Equity","0.11","34.86","42,800.00","1,491,915.90","1,491,915.90","Communication","JP3311400000","Tokyo Stock Exchange","Japan","JPY"
"4004","SHOWA DENKO","Equity","0.11","25.57","57,400.00","1,467,597.62","1,467,597.62","Materials","JP3368000000","Tokyo Stock Exchange","Japan","JPY"
"2875","TOYO SUISAN LTD","Equity","0.11","37.53","38,900.00","1,459,906.70","1,459,906.70","Consumer Staples","JP3613000003","Tokyo Stock Exchange","Japan","JPY"
"6806","HIROSE ELECTRIC LTD","Equity","0.11","100.96","14,353.00","1,449,024.64","1,449,024.64","Information Technology","JP3799000009","Tokyo Stock Exchange","Japan","JPY"
"4042","TOSOH CORP","Equity","0.11","12.69","114,100.00","1,447,392.40","1,447,392.40","Materials","JP3595200001","Tokyo Stock Exchange","Japan","JPY"
"6302","SUMITOMO HEAVY INDUSTRIES LTD","Equity","0.11","30.71","47,000.00","1,443,188.91","1,443,188.91","Industrials","JP3405400007","Tokyo Stock Exchange","Japan","JPY"
"8036","HITACHI HIGH TECHNOLOGIES CORP","Equity","0.11","47.03","30,500.00","1,434,268.91","1,434,268.91","Information Technology","JP3678800008","Tokyo Stock Exchange","Japan","JPY"
"8729","SONY FINANCIAL HOLDINGS INC","Equity","0.11","21.56","66,500.00","1,434,018.17","1,434,018.17","Financials","JP3435350008","Tokyo Stock Exchange","Japan","JPY"
"9201","JAPAN AIRLINES LTD","Equity","0.11","29.13","49,200.00","1,433,081.77","1,433,081.77","Industrials","JP3705200008","Tokyo Stock Exchange","Japan","JPY"
"2282","NH FOODS LTD","Equity","0.11","38.15","37,500.00","1,430,487.17","1,430,487.17","Consumer Staples","JP3743000006","Tokyo Stock Exchange","Japan","JPY"
"3289","TOKYU FUDOSAN HOLDINGS CORP","Equity","0.11","5.19","270,900.00","1,405,313.06","1,405,313.06","Real Estate","JP3569200003","Tokyo Stock Exchange","Japan","JPY"
"4967","KOBAYASHI PHARMACEUTICAL LTD","Equity","0.11","65.11","21,500.00","1,399,904.34","1,399,904.34","Consumer Staples","JP3301100008","Tokyo Stock Exchange","Japan","JPY"
"8355","SHIZUOKA BANK LTD","Equity","0.11","6.71","208,100.00","1,396,037.09","1,396,037.09","Financials","JP3351200005","Tokyo Stock Exchange","Japan","JPY"
"4613","KANSAI PAINT LTD","Equity","0.11","18.09","77,100.00","1,394,478.35","1,394,478.35","Materials","JP3229400001","Tokyo Stock Exchange","Japan","JPY"
"5233","TAIHEIYO CEMENT CORP","Equity","0.11","26.88","51,500.00","1,384,489.60","1,384,489.60","Materials","JP3449020001","Tokyo Stock Exchange","Japan","JPY"
"3391","TSURUHA HOLDINGS INC","Equity","0.11","83.36","16,500.00","1,375,487.40","1,375,487.40","Consumer Staples","JP3536150000","Tokyo Stock Exchange","Japan","JPY"
"6770","ALPS ALPINE LTD","Equity","0.11","15.33","89,700.00","1,375,327.09","1,375,327.09","Information Technology","JP3126400005","Tokyo Stock Exchange","Japan","JPY"
"9024","SEIBU HOLDINGS INC","Equity","0.10","15.10","90,100.00","1,360,719.68","1,360,719.68","Industrials","JP3417200007","Tokyo Stock Exchange","Japan","JPY"
"9513","ELECTRIC POWER DEVELOPMENT LTD","Equity","0.10","20.67","65,100.00","1,345,491.56","1,345,491.56","Utilities","JP3551200003","Tokyo Stock Exchange","Japan","JPY"
"7012","KAWASAKI HEAVY INDUSTRIES LTD","Equity","0.10","21.08","63,800.00","1,344,848.67","1,344,848.67","Industrials","JP3224200000","Tokyo Stock Exchange","Japan","JPY"
"2331","SOHGO SECURITY SERVICES LTD","Equity","0.10","41.85","32,100.00","1,343,252.11","1,343,252.11","Industrials","JP3431900004","Tokyo Stock Exchange","Japan","JPY"
"7013","IHI CORP","Equity","0.10","20.40","65,800.00","1,342,648.68","1,342,648.68","Industrials","JP3134800006","Tokyo Stock Exchange","Japan","JPY"
"9504","CHUGOKU ELECTRIC POWER INC","Equity","0.10","11.44","116,900.00","1,337,791.60","1,337,791.60","Utilities","JP3522200009","Tokyo Stock Exchange","Japan","JPY"
"8955","JAPAN PRIME REALTY INVESTMENT REIT","Equity","0.10","3,913.29","334.00","1,307,037.77","1,307,037.77","Real Estate","JP3040890000","Tokyo Stock Exchange","Japan","JPY"
"6923","STANLEY ELECTRIC LTD","Equity","0.10","22.56","56,600.00","1,276,836.40","1,276,836.40","Consumer Discretionary","JP3399400005","Tokyo Stock Exchange","Japan","JPY"
"6471","NSK LTD","Equity","0.10","7.95","159,500.00","1,268,007.67","1,268,007.67","Industrials","JP3720800006","Tokyo Stock Exchange","Japan","JPY"
"2579","COCA-COLA BOTTLERS JAPAN HOLDINGS","Equity","0.10","23.08","54,300.00","1,253,074.69","1,253,074.69","Consumer Staples","JP3293200006","Tokyo Stock Exchange","Japan","JPY"
"7211","MITSUBISHI MOTORS CORP","Equity","0.10","4.32","289,400.00","1,251,465.81","1,251,465.81","Consumer Discretionary","JP3899800001","Tokyo Stock Exchange","Japan","JPY"
"8354","FUKUOKA FINANCIAL GROUP INC","Equity","0.09","16.44","75,104.00","1,234,888.60","1,234,888.60","Financials","JP3805010000","Tokyo Stock Exchange","Japan","JPY"
"4716","ORACLE JAPAN CORP","Equity","0.09","71.20","17,200.00","1,224,562.78","1,224,562.78","Information Technology","JP3689500001","Tokyo Stock Exchange","Japan","JPY"
"5711","MITSUBISHI MATERIALS CORP","Equity","0.09","25.32","48,200.00","1,220,485.07","1,220,485.07","Materials","JP3903000002","Tokyo Stock Exchange","Japan","JPY"
"6268","NABTESCO CORP","Equity","0.09","25.32","47,100.00","1,192,631.68","1,192,631.68","Industrials","JP3651210001","Tokyo Stock Exchange","Japan","JPY"
"4185","JSR CORP","Equity","0.09","13.87","84,700.00","1,174,716.88","1,174,716.88","Materials","JP3385980002","Tokyo Stock Exchange","Japan","JPY"
"2702","MCDONALDS HOLDINGS (JAPAN) LTD","Equity","0.09","40.37","29,100.00","1,174,651.94","1,174,651.94","Consumer Discretionary","JP3750500005","Tokyo Stock Exchange","Japan","JPY"
"3436","SUMCO CORP","Equity","0.09","10.64","110,400.00","1,174,459.56","1,174,459.56","Information Technology","JP3322930003","Tokyo Stock Exchange","Japan","JPY"
"1963","JGC CORP","Equity","0.09","12.22","96,100.00","1,174,023.84","1,174,023.84","Industrials","JP3667600005","Tokyo Stock Exchange","Japan","JPY"
"3064","MONOTARO LTD","Equity","0.09","22.10","52,600.00","1,162,384.27","1,162,384.27","Industrials","JP3922950005","Tokyo Stock Exchange","Japan","JPY"
"2371","KAKAKU.COM INC","Equity","0.09","18.99","60,900.00","1,156,548.87","1,156,548.87","Communication","JP3206000006","Tokyo Stock Exchange","Japan","JPY"
"3401","TEIJIN LTD","Equity","0.09","15.25","75,100.00","1,145,298.17","1,145,298.17","Materials","JP3544000007","Tokyo Stock Exchange","Japan","JPY"
"9104","MITSUI OSK LINES LTD","Equity","0.09","22.70","50,400.00","1,144,014.85","1,144,014.85","Industrials","JP3362700001","Tokyo Stock Exchange","Japan","JPY"
"4506","DAINIPPON SUMITOMO PHARMA LTD","Equity","0.09","17.05","66,800.00","1,138,990.05","1,138,990.05","Health Care","JP3495000006","Tokyo Stock Exchange","Japan","JPY"
"3769","GMO PAYMENT GATEWAY INC","Equity","0.09","63.30","17,900.00","1,133,126.70","1,133,126.70","Information Technology","JP3385890003","Tokyo Stock Exchange","Japan","JPY"
"6305","HITACHI CONSTRUCTION MACHINERY LTD","Equity","0.09","23.13","48,800.00","1,128,559.01","1,128,559.01","Industrials","JP3787000003","Tokyo Stock Exchange","Japan","JPY"
"3099","ISETAN MITSUKOSHI HOLDINGS LTD","Equity","0.09","7.55","149,200.00","1,126,020.30","1,126,020.30","Consumer Discretionary","JP3894900004","Tokyo Stock Exchange","Japan","JPY"
"9831","YAMADA DENKI LTD","Equity","0.09","4.09","273,700.00","1,120,569.65","1,120,569.65","Consumer Discretionary","JP3939000000","Tokyo Stock Exchange","Japan","JPY"
"9533","TOHO GAS LTD","Equity","0.09","33.54","33,400.00","1,120,318.09","1,120,318.09","Utilities","JP3600200004","Tokyo Stock Exchange","Japan","JPY"
"5334","NGK SPARK PLUG LTD","Equity","0.09","16.27","68,400.00","1,112,849.96","1,112,849.96","Consumer Discretionary","JP3738600000","Tokyo Stock Exchange","Japan","JPY"
"8304","AOZORA BANK LTD","Equity","0.08","21.69","51,000.00","1,106,062.54","1,106,062.54","Financials","JP3711200000","Tokyo Stock Exchange","Japan","JPY"
"4666","PARK24 LTD","Equity","0.08","20.87","52,600.00","1,097,519.08","1,097,519.08","Industrials","JP3780100008","Tokyo Stock Exchange","Japan","JPY"
"6481","THK LTD","Equity","0.08","21.61","50,000.00","1,080,264.45","1,080,264.45","Industrials","JP3539250005","Tokyo Stock Exchange","Japan","JPY"
"4581","TAISHO PHARMACEUTICAL HOLDINGS LTD","Equity","0.08","70.78","15,200.00","1,075,923.66","1,075,923.66","Health Care","JP3442850008","Tokyo Stock Exchange","Japan","JPY"
"5901","TOYO SEIKAN GROUP HOLDINGS LTD","Equity","0.08","17.35","61,700.00","1,070,292.14","1,070,292.14","Materials","JP3613400005","Tokyo Stock Exchange","Japan","JPY"
"3231","NOMURA REAL ESTATE HOLDINGS INC","Equity","0.08","20.14","53,100.00","1,069,535.79","1,069,535.79","Real Estate","JP3762900003","Tokyo Stock Exchange","Japan","JPY"
"4217","HITACHI CHEMICAL LTD","Equity","0.08","24.12","43,900.00","1,058,910.73","1,058,910.73","Materials","JP3785000005","Tokyo Stock Exchange","Japan","JPY"
"8331","CHIBA BANK LTD","Equity","0.08","4.47","236,100.00","1,055,916.57","1,055,916.57","Financials","JP3511800009","Tokyo Stock Exchange","Japan","JPY"
"4091","TAIYO NIPPON SANSO CORP","Equity","0.08","18.68","55,900.00","1,044,130.67","1,044,130.67","Materials","JP3711600001","Tokyo Stock Exchange","Japan","JPY"
"3086","J.FRONT RETAILING LTD","Equity","0.08","10.29","99,800.00","1,027,234.48","1,027,234.48","Consumer Discretionary","JP3386380004","Tokyo Stock Exchange","Japan","JPY"
"6473","JTEKT CORP","Equity","0.08","10.96","93,700.00","1,026,843.97","1,026,843.97","Industrials","JP3292200007","Tokyo Stock Exchange","Japan","JPY"
"6753","SHARP CORP","Equity","0.08","10.58","96,500.00","1,021,034.88","1,021,034.88","Consumer Discretionary","JP3359600008","Tokyo Stock Exchange","Japan","JPY"
"4508","MITSUBISHI TANABE PHARMA CORP","Equity","0.08","10.36","98,000.00","1,015,152.62","1,015,152.62","Health Care","JP3469000008","Tokyo Stock Exchange","Japan","JPY"
"4927","POLA ORBIS HOLDINGS INC","Equity","0.08","24.91","40,500.00","1,008,863.41","1,008,863.41","Consumer Staples","JP3855900001","Tokyo Stock Exchange","Japan","JPY"
"4739","ITOCHU TECHNO-SOLUTIONS CORP","Equity","0.08","23.73","42,500.00","1,008,370.13","1,008,370.13","Information Technology","JP3143900003","Tokyo Stock Exchange","Japan","JPY"
"6370","KURITA WATER INDUSTRIES LTD","Equity","0.08","22.90","43,900.00","1,005,135.10","1,005,135.10","Industrials","JP3270000007","Tokyo Stock Exchange","Japan","JPY"
"9101","NIPPON YUSEN","Equity","0.08","15.10","65,400.00","987,692.20","987,692.20","Industrials","JP3753000003","Tokyo Stock Exchange","Japan","JPY"
"4088","AIR WATER INC","Equity","0.08","15.14","64,900.00","982,275.25","982,275.25","Materials","JP3160670000","Tokyo Stock Exchange","Japan","JPY"
"5486","HITACHI METALS LTD","Equity","0.07","9.96","96,500.00","961,534.01","961,534.01","Materials","JP3786200000","Tokyo Stock Exchange","Japan","JPY"
"3291","IIDA GROUP HOLDINGS LTD","Equity","0.07","14.87","63,200.00","939,918.86","939,918.86","Consumer Discretionary","JP3131090007","Tokyo Stock Exchange","Japan","JPY"
"9364","KAMIGUMI LTD","Equity","0.07","21.06","44,400.00","935,183.45","935,183.45","Industrials","JP3219000001","Tokyo Stock Exchange","Japan","JPY"
"7167","MEBUKI FINANCIAL GROUP INC","Equity","0.07","2.36","396,250.00","934,944.63","934,944.63","Financials","JP3117700009","Tokyo Stock Exchange","Japan","JPY"
"7205","HINO MOTORS LTD","Equity","0.07","7.21","129,500.00","933,692.95","933,692.95","Industrials","JP3792600003","Tokyo Stock Exchange","Japan","JPY"
"8303","SHINSEI BANK LTD","Equity","0.07","14.15","64,900.00","918,248.62","918,248.62","Financials","JP3729000004","Tokyo Stock Exchange","Japan","JPY"
"2651","LAWSON INC","Equity","0.07","43.16","21,200.00","915,018.51","915,018.51","Consumer Staples","JP3982100004","Tokyo Stock Exchange","Japan","JPY"
"4202","DAICEL CORP","Equity","0.07","7.98","114,100.00","910,834.75","910,834.75","Materials","JP3485800001","Tokyo Stock Exchange","Japan","JPY"
"5101","YOKOHAMA RUBBER CO LTD","Equity","0.07","16.70","53,500.00","893,302.24","893,302.24","Consumer Discretionary","JP3955800002","Tokyo Stock Exchange","Japan","JPY"
"6952","CASIO COMPUTER LTD","Equity","0.07","11.02","80,800.00","890,124.75","890,124.75","Consumer Discretionary","JP3209000003","Tokyo Stock Exchange","Japan","JPY"
"4182","MITSUBISHI GAS CHEMICAL INC","Equity","0.07","12.06","73,100.00","881,621.57","881,621.57","Materials","JP3896800004","Tokyo Stock Exchange","Japan","JPY"
"9706","JAPAN AIRPORT TERMINAL LTD","Equity","0.07","37.82","23,000.00","869,801.97","869,801.97","Industrials","JP3699400002","Tokyo Stock Exchange","Japan","JPY"
"4530","HISAMITSU PHARMACEUTICAL INC","Equity","0.07","36.91","23,300.00","860,076.30","860,076.30","Health Care","JP3784600003","Tokyo Stock Exchange","Japan","JPY"
"8369","BANK OF KYOTO LTD","Equity","0.07","35.68","24,100.00","859,887.21","859,887.21","Financials","JP3251200006","Tokyo Stock Exchange","Japan","JPY"
"3003","HULIC LTD","Equity","0.07","7.41","115,800.00","857,764.50","857,764.50","Real Estate","JP3360800001","Tokyo Stock Exchange","Japan","JPY"
"6460","SEGA SAMMY HOLDINGS INC","Equity","0.07","11.11","76,800.00","853,004.43","853,004.43","Consumer Discretionary","JP3419050004","Tokyo Stock Exchange","Japan","JPY"
"5214","NIPPON ELECTRIC GLASS LTD","Equity","0.07","23.15","36,700.00","849,637.03","849,637.03","Information Technology","JP3733400000","Tokyo Stock Exchange","Japan","JPY"
"2670","ABC MART INC","Equity","0.07","57.38","14,800.00","849,281.87","849,281.87","Consumer Discretionary","JP3152740001","Tokyo Stock Exchange","Japan","JPY"
"5947","RINNAI CORP","Equity","0.07","58.78","14,400.00","846,453.78","846,453.78","Consumer Discretionary","JP3977400005","Tokyo Stock Exchange","Japan","JPY"
"2229","CALBEE INC","Equity","0.06","24.83","33,800.00","839,186.25","839,186.25","Consumer Staples","JP3220580009","Tokyo Stock Exchange","Japan","JPY"
"8593","MITSUBISHI UFJ LEASE & FINANCE LTD","Equity","0.06","4.81","171,970.00","827,071.92","827,071.92","Financials","JP3499800005","Tokyo Stock Exchange","Japan","JPY"
"5406","KOBE STEEL LTD","Equity","0.06","5.89","137,200.00","808,738.25","808,738.25","Materials","JP3289800009","Tokyo Stock Exchange","Japan","JPY"
"5110","SUMITOMO RUBBER INDUSTRIES LTD","Equity","0.06","10.17","79,100.00","804,416.37","804,416.37","Consumer Discretionary","JP3404200002","Tokyo Stock Exchange","Japan","JPY"
"2212","YAMAZAKI BAKING LTD","Equity","0.06","14.26","54,400.00","775,948.85","775,948.85","Consumer Staples","JP3935600001","Tokyo Stock Exchange","Japan","JPY"
"4385","MERCARI INC","Equity","0.06","23.88","32,400.00","773,794.90","773,794.90","Consumer Discretionary","JP3921290007","Tokyo Stock Exchange","Japan","JPY"
"3141","WELCIA HOLDINGS LTD","Equity","0.06","37.28","20,000.00","745,661.99","745,661.99","Consumer Staples","JP3274280001","Tokyo Stock Exchange","Japan","JPY"
"9989","SUNDRUG LTD","Equity","0.06","24.75","30,100.00","744,848.09","744,848.09","Consumer Staples","JP3336600006","Tokyo Stock Exchange","Japan","JPY"
"4118","KANEKA CORP","Equity","0.05","33.95","20,500.00","696,047.10","696,047.10","Materials","JP3215800008","Tokyo Stock Exchange","Japan","JPY"
"8439","TOKYO CENTURY CORP","Equity","0.05","38.80","17,900.00","694,591.95","694,591.95","Financials","JP3424950008","Tokyo Stock Exchange","Japan","JPY"
"3938","LINE CORP","Equity","0.05","26.06","26,300.00","685,408.88","685,408.88","Communication","JP3966750006","Tokyo Stock Exchange","Japan","JPY"
"8570","AEON FINANCIAL SERVICES LTD","Equity","0.05","14.40","47,500.00","684,167.48","684,167.48","Financials","JP3131400008","Tokyo Stock Exchange","Japan","JPY"
"8253","CREDIT SAISON LTD","Equity","0.05","10.41","64,800.00","674,440.17","674,440.17","Financials","JP3271400008","Tokyo Stock Exchange","Japan","JPY"
"9783","BENESSE HOLDINGS INC","Equity","0.05","21.36","30,500.00","651,438.92","651,438.92","Consumer Discretionary","JP3835620000","Tokyo Stock Exchange","Japan","JPY"
"6417","SANKYO LTD","Equity","0.05","32.43","20,000.00","648,651.94","648,651.94","Consumer Discretionary","JP3326410002","Tokyo Stock Exchange","Japan","JPY"
"8227","SHIMAMURA LTD","Equity","0.05","67.08","9,300.00","623,889.71","623,889.71","Consumer Discretionary","JP3358200008","Tokyo Stock Exchange","Japan","JPY"
"8905","AEON MALL LTD","Equity","0.05","14.08","43,900.00","618,239.29","618,239.29","Real Estate","JP3131430005","Tokyo Stock Exchange","Japan","JPY"
"5463","MARUICHI STEEL TUBE LTD","Equity","0.05","24.47","25,200.00","616,757.01","616,757.01","Materials","JP3871200006","Tokyo Stock Exchange","Japan","JPY"
"8410","SEVEN BANK LTD","Equity","0.05","2.40","254,100.00","609,989.32","609,989.32","Financials","JP3105220002","Tokyo Stock Exchange","Japan","JPY"
"8572","ACOM LTD","Equity","0.04","3.17","171,400.00","542,508.15","542,508.15","Financials","JP3108600002","Tokyo Stock Exchange","Japan","JPY"
"7282","TOYODA GOSEI LTD","Equity","0.04","17.40","28,900.00","502,983.13","502,983.13","Consumer Discretionary","JP3634200004","Tokyo Stock Exchange","Japan","JPY"
"BZFUT","CASH COLLATERAL JPY BZFUT","Cash Collateral and Margins","0.03","0.82","52,268,000.00","429,705.19","429,705.19","Cash and/or Derivatives","-","-","Japan","JPY"
"EUR","EUR CASH","Cash","0.00","100.00","49,812.00","49,812.17","49,812.17","Cash and/or Derivatives","-","-","European Union","EUR"
"GBP","GBP CASH","Cash","0.00","111.45","22,882.00","25,501.87","25,501.87","Cash and/or Derivatives","-","-","United Kingdom","GBP"
"USD","USD CASH","Cash","0.00","88.64","14,515.00","12,865.41","12,865.41","Cash and/or Derivatives","-","-","United States","USD"
"TPU9","TOPIX INDEX SEP 19","Futures","0.00","13.06","115.00","0.00","15,013,538.29","Cash and/or Derivatives","-","Osaka Securities Exchange","-","JPY"
"JPY","JPY/EUR","Forwards","-0.01","1.00","-2,715,810,734.00","-193,379.53","-193,379.53","Cash and/or Derivatives","-","-","European Union","EUR"
"JPY","JPY/EUR","Forwards","-0.84","1.00","-153,500,093,571.00","-10,929,987.16","-10,929,987.16","Cash and/or Derivatives","-","-","European Union","EUR"
 