﻿iShares S&P Small-Cap 600 Growth ETF
Inception Date,"Jul 24, 2000"
Fund Holdings as of,"Jul 3, 2019"
Total Net Assets,"5,487,213,555.85"
Shares Outstanding,"29,950,000.00"
Stock,"-"
Bond,"-"
Cash,"-"
Other,"-"
 
Issuer Ticker,Name,Asset Class,Weight (%),Price,Shares,Market Value,Notional Value,Sector,SEDOL,ISIN,Exchange
"FCFS","FIRSTCASH INC","Equity","1.19","102.22","637,164.00","65,130,904.08","65,130,904.08","Financials","BZCG9B4","US33767D1054","NASDAQ"
"STRA","STRATEGIC EDUCATION INC","Equity","1.07","181.75","323,845.00","58,858,828.75","58,858,828.75","Consumer Discretionary","BGGJFV8","US86272C1036","NASDAQ"
"RGEN","REPLIGEN CORP","Equity","0.98","86.70","620,462.00","53,794,055.40","53,794,055.40","Health Care","2731654","US7599161095","NASDAQ"
"OMCL","OMNICELL INC","Equity","0.96","86.22","608,468.00","52,462,110.96","52,462,110.96","Health Care","2789523","US68213N1090","NASDAQ"
"RLI","RLI CORP","Equity","0.93","87.59","579,744.00","50,779,776.96","50,779,776.96","Financials","2719070","US7496071074","New York Stock Exchange Inc."
"GBCI","GLACIER BANCORP INC","Equity","0.93","40.61","1,250,358.00","50,777,038.38","50,777,038.38","Financials","2370585","US37637Q1058","NASDAQ"
"CBU","COMMUNITY BANK SYSTEM INC","Equity","0.91","65.43","761,990.00","49,857,005.70","49,857,005.70","Financials","2222062","US2036071064","New York Stock Exchange Inc."
"AJRD","AEROJET ROCKETDYNE HOLDINGS INC","Equity","0.90","46.30","1,065,465.00","49,331,029.50","49,331,029.50","Industrials","BWD7PX9","US0078001056","New York Stock Exchange Inc."
"VIAV","VIAVI SOLUTIONS INC","Equity","0.87","14.20","3,367,235.00","47,814,737.00","47,814,737.00","Information Technology","BYXB201","US9255501051","NASDAQ"
"MMSI","MERIT MEDICAL SYSTEMS INC","Equity","0.87","58.47","811,844.00","47,468,518.68","47,468,518.68","Health Care","2580555","US5898891040","NASDAQ"
"CCMP","CABOT MICROELECTRONICS CORP","Equity","0.86","110.38","427,931.00","47,235,023.78","47,235,023.78","Information Technology","2572381","US12709P1030","NASDAQ"
"FOXF","FOX FACTORY HOLDING CORP","Equity","0.86","83.67","562,056.00","47,027,225.52","47,027,225.52","Consumer Discretionary","BCRY5K3","US35138V1026","NASDAQ"
"NEOG","NEOGEN CORP","Equity","0.85","60.68","767,434.00","46,567,895.12","46,567,895.12","Health Care","2630085","US6404911066","NASDAQ"
"EXPO","EXPONENT INC","Equity","0.83","59.38","766,490.00","45,514,176.20","45,514,176.20","Industrials","2330318","US30214U1025","NASDAQ"
"SIGI","SELECTIVE INSURANCE GROUP INC","Equity","0.80","77.34","570,210.00","44,100,041.40","44,100,041.40","Financials","2766173","US8163001071","NASDAQ"
"PRLB","PROTO LABS INC","Equity","0.79","109.98","395,349.00","43,480,483.02","43,480,483.02","Industrials","B6T6J81","US7437131094","New York Stock Exchange Inc."
"HMSY","HMS HOLDINGS CORP","Equity","0.79","33.89","1,282,469.00","43,462,874.41","43,462,874.41","Health Care","2418043","US40425J1016","NASDAQ"
"UNF","UNIFIRST CORP","Equity","0.78","190.22","226,058.00","43,000,752.76","43,000,752.76","Industrials","2466428","US9047081040","New York Stock Exchange Inc."
"MNRO","MONRO INC","Equity","0.78","87.42","488,512.00","42,705,719.04","42,705,719.04","Consumer Discretionary","2600088","US6102361010","NASDAQ"
"ENSG","ENSIGN GROUP INC","Equity","0.77","57.84","733,748.00","42,439,984.32","42,439,984.32","Health Care","B1YWPP8","US29358P1012","NASDAQ"
"BRKS","BROOKS AUTOMATION INC","Equity","0.77","39.60","1,062,173.00","42,062,050.80","42,062,050.80","Information Technology","2145460","US1143401024","NASDAQ"
"WING","WINGSTOP INC","Equity","0.75","95.35","432,871.00","41,274,249.85","41,274,249.85","Consumer Discretionary","BYYXHN4","US9741551033","NASDAQ"
"KWR","QUAKER CHEMICAL CORP","Equity","0.71","197.72","196,322.00","38,816,785.84","38,816,785.84","Materials","2715186","US7473161070","New York Stock Exchange Inc."
"INDB","INDEPENDENT BANK CORP","Equity","0.69","74.68","508,200.00","37,952,376.00","37,952,376.00","Financials","2447821","US4538361084","NASDAQ"
"IRBT","IROBOT CORP","Equity","0.69","91.29","413,095.00","37,711,442.55","37,711,442.55","Consumer Discretionary","B0J2NS5","US4627261005","NASDAQ"
"AIN","ALBANY INTERNATIONAL CORP CLASS A","Equity","0.68","83.44","448,564.00","37,428,180.16","37,428,180.16","Industrials","2012757","US0123481089","New York Stock Exchange Inc."
"ARWR","ARROWHEAD PHARMACEUTICALS INC","Equity","0.68","26.78","1,396,063.00","37,386,567.14","37,386,567.14","Health Care","BYQBFJ8","US04280A1007","NASDAQ"
"DORM","DORMAN PRODUCTS INC","Equity","0.68","87.27","426,797.00","37,246,574.19","37,246,574.19","Consumer Discretionary","2718594","US2582781009","NASDAQ"
"AMN","AMN HEALTHCARE INC","Equity","0.68","54.19","686,466.00","37,199,592.54","37,199,592.54","Health Care","2813552","US0017441017","New York Stock Exchange Inc."
"ONB","OLD NATIONAL BANCORP","Equity","0.68","16.81","2,210,822.00","37,163,917.82","37,163,917.82","Financials","2658441","US6800331075","NASDAQ"
"ADC","AGREE REALTY REIT CORP","Equity","0.68","65.55","566,414.00","37,128,437.70","37,128,437.70","Real Estate","2062161","US0084921008","New York Stock Exchange Inc."
"ITGR","INTEGER HOLDINGS CORP","Equity","0.66","82.51","441,895.00","36,460,756.45","36,460,756.45","Health Care","BD06LM7","US45826H1095","New York Stock Exchange Inc."
"EGHT","8X8 INC","Equity","0.64","24.64","1,417,806.00","34,934,739.84","34,934,739.84","Information Technology","2037170","US2829141009","New York Stock Exchange Inc."
"NEO","NEOGENOMICS INC","Equity","0.63","23.05","1,508,798.00","34,777,793.90","34,777,793.90","Health Care","2598246","US64049M2098","NASDAQ"
"CTRE","CARETRUST REIT INC","Equity","0.63","24.45","1,415,417.00","34,606,945.65","34,606,945.65","Real Estate","BMP8TL6","US14174T1079","NASDAQ"
"MRCY","MERCURY SYSTEMS INC","Equity","0.63","70.14","488,982.00","34,297,197.48","34,297,197.48","Industrials","2144047","US5893781089","NASDAQ"
"IOSP","INNOSPEC INC","Equity","0.62","94.02","360,424.00","33,887,064.48","33,887,064.48","Materials","2245597","US45768S1050","NASDAQ"
"LHCG","LHC GROUP INC","Equity","0.61","120.95","275,995.00","33,381,595.25","33,381,595.25","Health Care","B06DT50","US50187A1079","NASDAQ"
"IRDM","IRIDIUM COMMUNICATIONS INC","Equity","0.60","23.40","1,415,072.00","33,112,684.80","33,112,684.80","Communication","B2QH310","US46269C1027","NASDAQ"
"CNMD","CONMED CORP","Equity","0.60","86.42","382,375.00","33,044,847.50","33,044,847.50","Health Care","2216010","US2074101013","NASDAQ"
"WDFC","WD-40","Equity","0.59","159.69","203,118.00","32,435,913.42","32,435,913.42","Consumer Staples","2944742","US9292361071","NASDAQ"
"TTEK","TETRA TECH INC","Equity","0.59","81.57","395,826.00","32,287,526.82","32,287,526.82","Industrials","2883890","US88162G1031","NASDAQ"
"ROG","ROGERS CORP","Equity","0.58","174.97","182,975.00","32,015,135.75","32,015,135.75","Information Technology","2746700","US7751331015","New York Stock Exchange Inc."
"HSC","HARSCO CORP","Equity","0.58","26.97","1,180,764.00","31,845,205.08","31,845,205.08","Industrials","2412700","US4158641070","New York Stock Exchange Inc."
"ESE","ESCO TECHNOLOGIES INC","Equity","0.58","82.60","382,459.00","31,591,113.40","31,591,113.40","Industrials","2321583","US2963151046","New York Stock Exchange Inc."
"JBT","JOHN BEAN TECHNOLOGIES CORP","Equity","0.54","122.87","242,183.00","29,757,025.21","29,757,025.21","Industrials","B3BRJZ8","US4778391049","New York Stock Exchange Inc."
"MDCO","MEDICINES","Equity","0.53","37.44","770,876.00","28,861,597.44","28,861,597.44","Health Care","2616773","US5846881051","NASDAQ"
"FCPT","FOUR CORNERS PROPERTY INC TRUST","Equity","0.51","27.95","1,010,892.00","28,254,431.40","28,254,431.40","Real Estate","BZ16HK0","US35086T1097","New York Stock Exchange Inc."
"LTXB","LEGACYTEXAS FINANCIAL GROUP INC","Equity","0.51","41.73","669,390.00","27,933,644.70","27,933,644.70","Financials","BV2CL41","US52471Y1064","NASDAQ"
"AWR","AMERICAN STATES WATER","Equity","0.51","75.82","368,268.00","27,922,079.76","27,922,079.76","Utilities","2267171","US0298991011","New York Stock Exchange Inc."
"SHAK","SHAKE SHACK INC CLASS A","Equity","0.51","72.12","384,761.00","27,748,963.32","27,748,963.32","Consumer Discretionary","BV0LCR0","US8190471016","New York Stock Exchange Inc."
"XNCR","XENCOR INC","Equity","0.50","45.46","608,438.00","27,659,591.48","27,659,591.48","Health Care","BGCYWN8","US98401F1057","NASDAQ"
"SPSC","SPS COMMERCE INC","Equity","0.50","103.67","263,759.00","27,343,895.53","27,343,895.53","Information Technology","B57VWJ3","US78463M1071","NASDAQ"
"ALGT","ALLEGIANT TRAVEL","Equity","0.49","143.18","189,418.00","27,120,869.24","27,120,869.24","Industrials","B15M2C3","US01748X1028","NASDAQ"
"SEDG","SOLAREDGE TECHNOLOGIES INC","Equity","0.49","62.30","433,840.00","27,028,232.00","27,028,232.00","Information Technology","BWC52Q6","US83417M1045","NASDAQ"
"QLYS","QUALYS INC","Equity","0.48","87.99","302,399.00","26,608,088.01","26,608,088.01","Information Technology","B7XJTN8","US74758T3032","NASDAQ"
"FELE","FRANKLIN ELECTRIC INC","Equity","0.48","46.79","567,096.00","26,534,421.84","26,534,421.84","Industrials","2350383","US3535141028","NASDAQ"
"BCPC","BALCHEM CORP","Equity","0.47","99.31","261,793.00","25,998,662.83","25,998,662.83","Materials","2072074","US0576652004","NASDAQ"
"DIN","DINE BRANDS GLOBAL INC","Equity","0.47","99.05","258,103.00","25,565,102.15","25,565,102.15","Consumer Discretionary","2456957","US2544231069","New York Stock Exchange Inc."
"AVP","AVON PRODUCTS INC","Equity","0.46","3.90","6,523,120.00","25,440,168.00","25,440,168.00","Consumer Staples","2066721","US0543031027","New York Stock Exchange Inc."
"SUPN","SUPERNUS PHARMACEUTICALS INC","Equity","0.46","32.80","770,851.00","25,283,912.80","25,283,912.80","Health Care","B72ZBG4","US8684591089","NASDAQ"
"CCOI","COGENT COMMUNICATIONS HOLDINGS INC","Equity","0.46","60.91","411,505.00","25,064,769.55","25,064,769.55","Communication","B06RWD1","US19239V3024","NASDAQ"
"MEDP","MEDPACE HOLDINGS INC","Equity","0.45","64.78","384,883.00","24,932,720.74","24,932,720.74","Health Care","BDCBC61","US58506Q1094","NASDAQ"
"WABC","WESTAMERICA BANCORPORATION","Equity","0.45","62.31","398,424.00","24,825,799.44","24,825,799.44","Financials","2950374","US9570901036","NASDAQ"
"NSA","NATIONAL STORAGE AFFILIATES TRUST","Equity","0.45","29.34","837,058.00","24,559,281.72","24,559,281.72","Real Estate","BWWCK85","US6378701063","New York Stock Exchange Inc."
"EPAY","BOTTOMLINE TECHNOLOGIES INC","Equity","0.45","43.94","556,594.00","24,456,740.36","24,456,740.36","Information Technology","2389558","US1013881065","NASDAQ"
"EHTH","EHEALTH INC","Equity","0.44","86.57","280,092.00","24,247,564.44","24,247,564.44","Financials","B1G0F83","US28238P1093","NASDAQ"
"BEAT","BIOTELEMETRY INC","Equity","0.44","48.63","497,160.00","24,176,890.80","24,176,890.80","Health Care","BCD7L64","US0906721065","NASDAQ"
"MATX","MATSON INC","Equity","0.44","38.36","630,193.00","24,174,203.48","24,174,203.48","Industrials","B8GNC91","US57686G1058","New York Stock Exchange Inc."
"BRC","BRADY NONVOTING CORP CLASS A","Equity","0.44","48.92","493,337.00","24,134,046.04","24,134,046.04","Industrials","2117726","US1046741062","New York Stock Exchange Inc."
"RWT","REDWOOD TRUST REIT INC","Equity","0.43","16.44","1,425,621.00","23,437,209.24","23,437,209.24","Financials","2730877","US7580754023","New York Stock Exchange Inc."
"USPH","US PHYSICAL THERAPY INC","Equity","0.43","124.67","187,804.00","23,413,524.68","23,413,524.68","Health Care","2911166","US90337L1089","New York Stock Exchange Inc."
"FCN","FTI CONSULTING INC","Equity","0.42","85.04","268,403.00","22,824,991.12","22,824,991.12","Industrials","2351449","US3029411093","New York Stock Exchange Inc."
"PLCE","CHILDRENS PLACE INC","Equity","0.41","96.74","233,054.00","22,545,643.96","22,545,643.96","Consumer Discretionary","2106791","US1689051076","NASDAQ"
"KALU","KAISER ALUMINIUM CORP","Equity","0.41","94.96","237,354.00","22,539,135.84","22,539,135.84","Materials","B15CJ33","US4830077040","NASDAQ"
"WWW","WOLVERINE WORLD WIDE INC","Equity","0.41","27.78","809,266.00","22,481,409.48","22,481,409.48","Consumer Discretionary","2977500","US9780971035","New York Stock Exchange Inc."
"JJSF","J AND J SNACK FOODS CORP","Equity","0.40","163.91","135,162.00","22,154,403.42","22,154,403.42","Consumer Staples","2469171","US4660321096","NASDAQ"
"PUMP","PROPETRO HOLDING CORP","Equity","0.40","20.17","1,092,658.00","22,038,911.86","22,038,911.86","Energy","BYXR9C0","US74347M1080","New York Stock Exchange Inc."
"RGNX","REGENXBIO INC","Equity","0.40","48.53","452,708.00","21,969,919.24","21,969,919.24","Health Care","BZ0G875","US75901B1070","NASDAQ"
"CSII","CARDIOVASCULAR SYSTEMS INC","Equity","0.40","42.81","512,693.00","21,948,387.33","21,948,387.33","Health Care","B17HG57","US1416191062","NASDAQ"
"SPXC","SPX CORP","Equity","0.40","33.72","644,926.00","21,746,904.72","21,746,904.72","Industrials","2787185","US7846351044","New York Stock Exchange Inc."
"POWI","POWER INTEGRATIONS INC","Equity","0.39","80.81","266,986.00","21,575,138.66","21,575,138.66","Information Technology","2133045","US7392761034","NASDAQ"
"MED","MEDIFAST INC","Equity","0.39","121.67","175,021.00","21,294,805.07","21,294,805.07","Consumer Staples","2934033","US58470H1014","New York Stock Exchange Inc."
"BCOR","BLUCORA INC","Equity","0.39","29.81","711,535.00","21,210,858.35","21,210,858.35","Financials","B8L2DV2","US0952291005","NASDAQ"
"PLAY","DAVE AND BUSTERS ENTERTAINMENT INC","Equity","0.38","39.38","535,239.00","21,077,711.82","21,077,711.82","Consumer Discretionary","B8SW166","US2383371091","NASDAQ"
"EE","EL PASO ELECTRIC","Equity","0.38","65.80","316,617.00","20,833,398.60","20,833,398.60","Utilities","2851808","US2836778546","New York Stock Exchange Inc."
"CWT","CALIFORNIA WATER SERVICE GROUP","Equity","0.38","51.37","403,822.00","20,744,336.14","20,744,336.14","Utilities","2165383","US1307881029","New York Stock Exchange Inc."
"ENTA","ENANTA PHARMACEUTICALS INC","Equity","0.38","88.17","234,183.00","20,647,915.11","20,647,915.11","Health Care","B9L5200","US29251M1062","NASDAQ"
"NWN","NORTHWEST NATURAL HOLDING COMPANY","Equity","0.37","69.61","295,465.00","20,567,318.65","20,567,318.65","Utilities","BFNR303","US66765N1054","New York Stock Exchange Inc."
"AVA","AVISTA CORP","Equity","0.37","44.83","456,369.00","20,459,022.27","20,459,022.27","Utilities","2942605","US05379B1070","New York Stock Exchange Inc."
"MINI","MOBILE MINI INC","Equity","0.37","30.35","661,066.00","20,063,353.10","20,063,353.10","Industrials","2548177","US60740F1057","NASDAQ"
"KTB","KONTOOR BRANDS INC","Equity","0.37","29.36","682,336.00","20,033,384.96","20,033,384.96","Consumer Discretionary","BJTJGC4","US50050N1037","New York Stock Exchange Inc."
"CVCO","CAVCO INDUSTRIES INC","Equity","0.36","157.88","125,684.00","19,842,989.92","19,842,989.92","Consumer Discretionary","2787022","US1495681074","NASDAQ"
"AROC","ARCHROCK INC","Equity","0.36","10.32","1,917,026.00","19,783,708.32","19,783,708.32","Energy","BYRGSX7","US03957W1062","New York Stock Exchange Inc."
"CECO","CAREER EDUCATION CORP","Equity","0.36","19.15","1,030,694.00","19,737,790.10","19,737,790.10","Consumer Discretionary","2143646","US1416651099","NASDAQ"
"KFY","KORN FERRY","Equity","0.36","39.17","497,568.00","19,489,738.56","19,489,738.56","Industrials","2386849","US5006432000","New York Stock Exchange Inc."
"DRH","DIAMONDROCK HOSPITALITY REIT","Equity","0.35","10.37","1,865,858.00","19,348,947.46","19,348,947.46","Real Estate","B090B96","US2527843013","New York Stock Exchange Inc."
"RAVN","RAVEN INDUSTRIES INC","Equity","0.35","36.39","529,679.00","19,275,018.81","19,275,018.81","Industrials","2725851","US7542121089","NASDAQ"
"SBCF","SEACOAST BANKING OF FLORIDA","Equity","0.35","25.39","759,133.00","19,274,386.87","19,274,386.87","Financials","BH65L93","US8117078019","NASDAQ"
"ECOL","US ECOLOGY INC","Equity","0.35","59.23","324,901.00","19,243,886.23","19,243,886.23","Industrials","2772396","US91732J1025","NASDAQ"
"AAON","AAON INC","Equity","0.35","49.27","388,404.00","19,136,665.08","19,136,665.08","Industrials","2268130","US0003602069","NASDAQ"
"AKR","ACADIA REALTY TRUST REIT","Equity","0.35","27.55","693,476.00","19,105,263.80","19,105,263.80","Real Estate","2566522","US0042391096","New York Stock Exchange Inc."
"VG","VONAGE HOLDINGS CORP","Equity","0.35","12.30","1,550,176.00","19,067,164.80","19,067,164.80","Communication","B15JLG1","US92886T2015","New York Stock Exchange Inc."
"CROX","CROCS INC","Equity","0.35","19.83","960,654.00","19,049,768.82","19,049,768.82","Consumer Discretionary","B0T7Z62","US2270461096","NASDAQ"
"SSD","SIMPSON MANUFACTURING INC","Equity","0.35","65.72","289,833.00","19,047,824.76","19,047,824.76","Industrials","2809250","US8290731053","New York Stock Exchange Inc."
"AIT","APPLIED INDUSTRIAL TECHNOLOGIES IN","Equity","0.35","61.07","311,790.00","19,041,015.30","19,041,015.30","Industrials","2086309","US03820C1053","New York Stock Exchange Inc."
"EBS","EMERGENT BIOSOLUTIONS INC","Equity","0.35","46.78","405,440.00","18,966,483.20","18,966,483.20","Health Care","B1HJLW5","US29089Q1058","New York Stock Exchange Inc."
"LTC","LTC PROPERTIES REIT INC","Equity","0.34","46.86","397,653.00","18,634,019.58","18,634,019.58","Real Estate","2498788","US5021751020","New York Stock Exchange Inc."
"AAT","AMERICAN ASSETS TRUST REIT INC","Equity","0.34","47.84","388,378.00","18,580,003.52","18,580,003.52","Real Estate","B3NTLD4","US0240131047","New York Stock Exchange Inc."
"CHCO","CITY HOLDING","Equity","0.34","76.27","243,457.00","18,568,465.39","18,568,465.39","Financials","2161778","US1778351056","NASDAQ"
"IIPR","INNOVATIVE INDUSTRIAL PROPERTIES I","Equity","0.34","128.68","143,995.00","18,529,276.60","18,529,276.60","Real Estate","BD0NN55","US45781V1017","New York Stock Exchange Inc."
"FMBI","FIRST MIDWEST BANCORP INC","Equity","0.34","20.63","892,373.00","18,409,654.99","18,409,654.99","Financials","2341439","US3208671046","NASDAQ"
"EVTC","EVERTEC INC","Equity","0.34","32.61","564,273.00","18,400,942.53","18,400,942.53","Information Technology","B7KY3Z6","PR30040P1032","New York Stock Exchange Inc."
"DEA","EASTERLY GOVERNMENT PROPERTIES INC","Equity","0.33","18.38","999,578.00","18,372,243.64","18,372,243.64","Real Estate","BVSS693","US27616P1030","New York Stock Exchange Inc."
"VRTU","VIRTUSA CORP","Equity","0.33","44.59","407,324.00","18,162,577.16","18,162,577.16","Information Technology","B1YWRN0","US92827P1021","NASDAQ"
"PRGS","PROGRESS SOFTWARE CORP","Equity","0.33","40.82","444,859.00","18,159,144.38","18,159,144.38","Information Technology","2705198","US7433121008","NASDAQ"
"WTS","WATTS WATER TECHNOLOGIES INC CLASS","Equity","0.33","92.56","195,477.00","18,093,351.12","18,093,351.12","Industrials","2943620","US9427491025","New York Stock Exchange Inc."
"WAGE","WAGEWORKS INC","Equity","0.33","50.65","357,164.00","18,090,356.60","18,090,356.60","Industrials","B6WG4R2","US9304271094","New York Stock Exchange Inc."
"FBP","FIRST BANCORP","Equity","0.33","10.97","1,646,724.00","18,064,562.28","18,064,562.28","Financials","2296926","PR3186727065","New York Stock Exchange Inc."
"SHOO","STEVEN MADDEN LTD","Equity","0.33","33.46","539,254.00","18,043,438.84","18,043,438.84","Consumer Discretionary","2553911","US5562691080","NASDAQ"
"SNBR","SLEEP NUMBER CORP","Equity","0.33","40.41","443,664.00","17,928,462.24","17,928,462.24","Consumer Discretionary","BF4HN46","US83125X1037","NASDAQ"
"WLL","WHITING PETROLEUM CORP","Equity","0.33","17.13","1,046,321.00","17,923,478.73","17,923,478.73","Energy","BYWSWR0","US9663874090","New York Stock Exchange Inc."
"GTLS","CHART INDUSTRIES INC","Equity","0.33","73.82","242,301.00","17,886,659.82","17,886,659.82","Industrials","B19HNF4","US16115Q3083","NASDAQ"
"AVAV","AEROVIRONMENT INC","Equity","0.32","55.73","314,578.00","17,531,431.94","17,531,431.94","Industrials","B1P5YY8","US0080731088","NASDAQ"
"AEL","AMERICAN EQUITY INVESTMENT LIFE HO","Equity","0.32","27.28","633,650.00","17,285,972.00","17,285,972.00","Financials","2191300","US0256762065","New York Stock Exchange Inc."
"B","BARNES GROUP INC","Equity","0.31","56.21","300,608.00","16,897,175.68","16,897,175.68","Industrials","2080732","US0678061096","New York Stock Exchange Inc."
"FN","FABRINET","Equity","0.31","51.19","329,759.00","16,880,363.21","16,880,363.21","Information Technology","B4JSZL8","KYG3323L1005","New York Stock Exchange Inc."
"PRFT","PERFICIENT INC","Equity","0.30","34.57","483,747.00","16,723,133.79","16,723,133.79","Information Technology","2442547","US71375U1016","NASDAQ"
"CORT","CORCEPT THERAPEUTICS INC","Equity","0.30","10.85","1,534,416.00","16,648,413.60","16,648,413.60","Health Care","B00SCY1","US2183521028","NASDAQ"
"CBM","CAMBREX CORP","Equity","0.30","46.62","353,399.00","16,475,461.38","16,475,461.38","Health Care","2165811","US1320111073","New York Stock Exchange Inc."
"IPAR","INTER PARFUMS INC","Equity","0.30","64.72","254,528.00","16,473,052.16","16,473,052.16","Consumer Staples","2473150","US4583341098","NASDAQ"
"ALRM","ALARM.COM HOLDINGS INC","Equity","0.30","52.73","310,723.00","16,384,423.79","16,384,423.79","Information Technology","BYN7H26","US0116421050","NASDAQ"
"KEM","KEMET CORP","Equity","0.30","19.04","857,434.00","16,325,543.36","16,325,543.36","Information Technology","2487612","US4883602074","New York Stock Exchange Inc."
"LPSN","LIVEPERSON INC","Equity","0.29","28.52","564,668.00","16,104,331.36","16,104,331.36","Information Technology","2577052","US5381461012","NASDAQ"
"MYGN","MYRIAD GENETICS INC","Equity","0.29","27.97","575,238.00","16,089,406.86","16,089,406.86","Health Care","2614153","US62855J1043","NASDAQ"
"FWRD","FORWARD AIR CORP","Equity","0.29","59.40","270,232.00","16,051,780.80","16,051,780.80","Industrials","2510790","US3498531017","NASDAQ"
"ELY","CALLAWAY GOLF","Equity","0.29","17.75","895,419.00","15,893,687.25","15,893,687.25","Consumer Discretionary","2173933","US1311931042","New York Stock Exchange Inc."
"SFLY","SHUTTERFLY INC","Equity","0.29","50.55","314,382.00","15,892,010.10","15,892,010.10","Consumer Discretionary","B188HK1","US82568P3047","NASDAQ"
"CATM","CARDTRONICS PLC CLASS A","Equity","0.28","28.35","551,058.00","15,622,494.30","15,622,494.30","Information Technology","BYT1841","GB00BYT18414","NASDAQ"
"UFCS","UNITED FIRE GROUP INC","Equity","0.28","49.44","315,169.00","15,581,955.36","15,581,955.36","Financials","B4WXG84","US9103401082","NASDAQ"
"DDD","3D SYSTEMS CORP","Equity","0.28","9.02","1,725,594.00","15,564,857.88","15,564,857.88","Information Technology","2889768","US88554D2053","New York Stock Exchange Inc."
"FIX","COMFORT SYSTEMS USA INC","Equity","0.28","51.74","298,365.00","15,437,405.10","15,437,405.10","Industrials","2036047","US1999081045","New York Stock Exchange Inc."
"HI","HILLENBRAND INC","Equity","0.28","39.90","386,582.00","15,424,621.80","15,424,621.80","Industrials","B2QGDP1","US4315711089","New York Stock Exchange Inc."
"CRY","CRYOLIFE INC","Equity","0.28","30.32","508,163.00","15,407,502.16","15,407,502.16","Health Care","2239017","US2289031005","New York Stock Exchange Inc."
"CVGW","CALAVO GROWERS INC","Equity","0.27","96.18","154,152.00","14,826,339.36","14,826,339.36","Consumer Staples","2859200","US1282461052","NASDAQ"
"CUB","CUBIC CORP","Equity","0.27","66.45","222,840.00","14,807,718.00","14,807,718.00","Industrials","2239266","US2296691064","New York Stock Exchange Inc."
"CVBF","CVB FINANCIAL CORP","Equity","0.27","20.95","706,291.00","14,796,796.45","14,796,796.45","Financials","2160645","US1266001056","NASDAQ"
"WRE","WASHINGTON REAL ESTATE INVESTMENT","Equity","0.27","27.52","529,135.00","14,561,795.20","14,561,795.20","Real Estate","2942304","US9396531017","New York Stock Exchange Inc."
"INVA","INNOVIVA INC","Equity","0.26","14.39","1,003,510.00","14,440,508.90","14,440,508.90","Health Care","BDDXF67","US45781M1018","NASDAQ"
"TCMD","TACTILE SYSTEMS TECHNOLOGY INC","Equity","0.26","56.99","253,371.00","14,439,613.29","14,439,613.29","Health Care","BZB1XF2","US87357P1003","NASDAQ"
"RH","RH","Equity","0.26","121.17","117,068.00","14,185,129.56","14,185,129.56","Consumer Discretionary","BYXR425","US74967X1037","New York Stock Exchange Inc."
"EXLS","EXLSERVICE HOLDINGS INC","Equity","0.26","66.55","213,127.00","14,183,601.85","14,183,601.85","Information Technology","B07LST0","US3020811044","NASDAQ"
"NXGN","NEXTGEN HEALTHCARE INC","Equity","0.26","19.94","707,534.00","14,108,227.96","14,108,227.96","Health Care","BF5L3D6","US65343C1027","NASDAQ"
"THRM","GENTHERM INC","Equity","0.26","40.84","343,248.00","14,018,248.32","14,018,248.32","Consumer Discretionary","B8JFD24","US37253A1034","NASDAQ"
"MXL","MAXLINEAR INC","Equity","0.25","24.03","579,473.00","13,924,736.19","13,924,736.19","Information Technology","B3RDWC8","US57776J1007","New York Stock Exchange Inc."
"GWB","GREAT WESTERN BANCORP INC","Equity","0.25","35.58","389,887.00","13,872,179.46","13,872,179.46","Financials","BRHZ1X6","US3914161043","New York Stock Exchange Inc."
"SPPI","SPECTRUM PHARMACEUTICALS INC","Equity","0.25","8.81","1,572,717.00","13,855,636.77","13,855,636.77","Health Care","2982924","US84763A1088","NASDAQ"
"ENDP","ENDO INTERNATIONAL PLC","Equity","0.25","4.61","2,976,934.00","13,723,665.74","13,723,665.74","Health Care","BJ3V905","IE00BJ3V9050","NASDAQ"
"CTS","CTS CORP","Equity","0.25","27.97","485,570.00","13,581,392.90","13,581,392.90","Information Technology","2239244","US1265011056","New York Stock Exchange Inc."
"TRHC","TABULA RASA HEALTHCARE INC","Equity","0.25","50.28","269,804.00","13,565,745.12","13,565,745.12","Health Care","BYQBFS7","US8733791011","NASDAQ"
"BMI","BADGER METER INC","Equity","0.24","59.15","226,992.00","13,426,576.80","13,426,576.80","Information Technology","2069128","US0565251081","New York Stock Exchange Inc."
"BJRI","BJS RESTAURANTS INC","Equity","0.24","43.65","306,618.00","13,383,875.70","13,383,875.70","Consumer Discretionary","2200552","US09180C1062","NASDAQ"
"UVE","UNIVERSAL INSURANCE HOLDINGS INC","Equity","0.24","28.57","468,334.00","13,380,302.38","13,380,302.38","Financials","2912374","US91359V1070","New York Stock Exchange Inc."
"NMIH","NMI HOLDINGS INC CLASS A","Equity","0.24","28.66","466,463.00","13,368,829.58","13,368,829.58","Financials","BGDW5G5","US6292093050","NASDAQ"
"FSS","FEDERAL SIGNAL CORP","Equity","0.24","26.76","495,095.00","13,248,742.20","13,248,742.20","Industrials","2333986","US3138551086","New York Stock Exchange Inc."
"AEIS","ADVANCED ENERGY INDUSTRIES INC","Equity","0.24","55.35","237,484.00","13,144,739.40","13,144,739.40","Information Technology","2049175","US0079731008","NASDAQ"
"MTRN","MATERION CORP","Equity","0.24","66.72","195,711.00","13,057,837.92","13,057,837.92","Materials","2149622","US5766901012","New York Stock Exchange Inc."
"BGS","B AND G FOODS INC","Equity","0.24","20.80","624,774.00","12,995,299.20","12,995,299.20","Consumer Staples","B034L49","US05508R1068","New York Stock Exchange Inc."
"AHH","ARMADA HOFFLER PROPERTIES REIT INC","Equity","0.24","16.86","769,278.00","12,970,027.08","12,970,027.08","Real Estate","B96FTB5","US04208T1088","New York Stock Exchange Inc."
"SSP","EW SCRIPPS CLASS A","Equity","0.24","15.56","833,403.00","12,967,750.68","12,967,750.68","Communication","2862532","US8110544025","NASDAQ"
"MLAB","MESA LABORATORIES INC","Equity","0.23","243.94","52,295.00","12,756,842.30","12,756,842.30","Health Care","2553814","US59064R1095","NASDAQ"
"BOOM","DMC GLOBAL INC","Equity","0.23","60.58","210,569.00","12,756,270.02","12,756,270.02","Energy","BYN8NH6","US23291C1036","NASDAQ"
"LMNX","LUMINEX CORP","Equity","0.23","20.52","618,621.00","12,694,102.92","12,694,102.92","Health Care","2572109","US55027E1029","NASDAQ"
"KN","KNOWLES CORP","Equity","0.23","18.10","698,865.00","12,649,456.50","12,649,456.50","Information Technology","BJTD9L6","US49926D1090","New York Stock Exchange Inc."
"OSIS","OSI SYSTEMS INC","Equity","0.23","116.69","106,225.00","12,395,395.25","12,395,395.25","Information Technology","2111579","US6710441055","NASDAQ"
"AZZ","AZZ INC","Equity","0.23","45.42","272,137.00","12,360,462.54","12,360,462.54","Industrials","2067672","US0024741045","New York Stock Exchange Inc."
"NANO","NANOMETRICS INC","Equity","0.23","34.05","362,902.00","12,356,813.10","12,356,813.10","Information Technology","2622220","US6300771051","NASDAQ"
"CRZO","CARRIZO OIL AND GAS INC","Equity","0.23","9.71","1,271,857.00","12,349,731.47","12,349,731.47","Energy","2092801","US1445771033","NASDAQ"
"OXM","OXFORD INDUSTRIES INC","Equity","0.22","72.80","168,664.00","12,278,739.20","12,278,739.20","Consumer Discretionary","2665300","US6914973093","New York Stock Exchange Inc."
"CRAY","CRAY INC","Equity","0.22","34.69","353,376.00","12,258,613.44","12,258,613.44","Information Technology","B16NWY7","US2252233042","NASDAQ"
"MNTA","MOMENTA PHARMACEUTICALS INC","Equity","0.22","12.55","961,176.00","12,062,758.80","12,062,758.80","Health Care","B018VB0","US60877T1007","NASDAQ"
"ROCK","GIBRALTAR INDUSTRIES INC","Equity","0.22","40.22","295,314.00","11,877,529.08","11,877,529.08","Industrials","2369226","US3746891072","NASDAQ"
"GES","GUESS INC","Equity","0.22","15.96","742,452.00","11,849,533.92","11,849,533.92","Consumer Discretionary","2387109","US4016171054","New York Stock Exchange Inc."
"CRVL","CORVEL CORP","Equity","0.22","88.88","133,325.00","11,849,926.00","11,849,926.00","Health Care","2347277","US2210061097","NASDAQ"
"KAMN","KAMAN CORP","Equity","0.21","63.56","184,547.00","11,729,807.32","11,729,807.32","Industrials","2483223","US4835481031","New York Stock Exchange Inc."
"ADUS","ADDUS HOMECARE CORP","Equity","0.21","77.39","150,077.00","11,614,459.03","11,614,459.03","Health Care","B55BN47","US0067391062","NASDAQ"
"TVTY","TIVITY HEALTH INC","Equity","0.21","16.42","705,052.00","11,576,953.84","11,576,953.84","Health Care","BD8Q1B8","US88870R1023","NASDAQ"
"ABG","ASBURY AUTOMOTIVE GROUP INC.","Equity","0.21","84.97","135,405.00","11,505,362.85","11,505,362.85","Consumer Discretionary","2855855","US0434361046","New York Stock Exchange Inc."
"VBTX","VERITEX HOLDINGS INC","Equity","0.21","25.77","444,458.00","11,453,682.66","11,453,682.66","Financials","BRCYYB7","US9234511080","NASDAQ"
"ATU","ACTUANT CORP CLASS A","Equity","0.21","24.20","472,030.00","11,423,126.00","11,423,126.00","Industrials","2716792","US00508X2036","New York Stock Exchange Inc."
"ANGO","ANGIODYNAMICS INC","Equity","0.20","20.23","551,183.00","11,150,432.09","11,150,432.09","Health Care","B00CR04","US03475V1017","NASDAQ"
"AMPH","AMPHASTAR PHARMACEUTICALS INC","Equity","0.20","21.13","522,405.00","11,038,417.65","11,038,417.65","Health Care","BNFWZS4","US03209R1032","NASDAQ"
"VNDA","VANDA PHARMACEUTICALS INC","Equity","0.20","14.06","783,461.00","11,015,461.66","11,015,461.66","Health Care","B12W3P6","US9216591084","NASDAQ"
"STMP","STAMPS.COM INC","Equity","0.20","45.63","240,795.00","10,987,475.85","10,987,475.85","Consumer Discretionary","B013D75","US8528572006","NASDAQ"
"SXC","SUNCOKE ENERGY INC","Equity","0.20","8.24","1,327,773.00","10,940,849.52","10,940,849.52","Materials","B3R0638","US86722A1034","New York Stock Exchange Inc."
"LNTH","LANTHEUS HOLDINGS INC","Equity","0.20","28.57","378,947.00","10,826,515.79","10,826,515.79","Health Care","BP8S8J5","US5165441032","NASDAQ"
"CHCT","COMMUNITY HEALTHCARE TRUST INC","Equity","0.20","40.34","265,272.00","10,701,072.48","10,701,072.48","Real Estate","BXC87C3","US20369C1062","New York Stock Exchange Inc."
"MCS","THE MARCUS CORP","Equity","0.19","33.03","322,564.00","10,654,288.92","10,654,288.92","Communication","2564827","US5663301068","New York Stock Exchange Inc."
"STBA","S AND T BANCORP INC","Equity","0.19","37.81","281,416.00","10,640,338.96","10,640,338.96","Financials","2781109","US7838591011","NASDAQ"
"OPI","OFFICE PROPERTIES INCOME TRUST","Equity","0.19","27.73","383,250.00","10,627,522.50","10,627,522.50","Real Estate","BYVLR75","US67623C1099","NASDAQ"
"AMSF","AMERISAFE INC","Equity","0.19","64.13","165,132.00","10,589,915.16","10,589,915.16","Financials","B0PPHS6","US03071H1005","NASDAQ"
"GNL","GLOBAL NET LEASE INC","Equity","0.19","20.14","521,607.00","10,505,164.98","10,505,164.98","Real Estate","BZCFW78","US3793782018","New York Stock Exchange Inc."
"WPG","WASHINGTON PRIME GROUP INC","Equity","0.19","3.81","2,756,751.00","10,503,221.31","10,503,221.31","Real Estate","BD5JMM8","US93964W1080","New York Stock Exchange Inc."
"TBK","TRIUMPH BANCORP INC","Equity","0.19","28.85","362,974.00","10,471,799.90","10,471,799.90","Financials","BS7T2S7","US89679E3009","NASDAQ"
"DIOD","DIODES INC","Equity","0.19","36.85","283,779.00","10,457,256.15","10,457,256.15","Information Technology","2270500","US2545431015","NASDAQ"
"VREX","VAREX IMAGING CORP","Equity","0.19","30.73","339,727.00","10,439,810.71","10,439,810.71","Health Care","BDQYWV1","US92214X1063","NASDAQ"
"CSGS","CSG SYSTEMS INTERNATIONAL INC","Equity","0.19","49.30","211,640.00","10,433,852.00","10,433,852.00","Information Technology","2210885","US1263491094","NASDAQ"
"ANIP","ANI PHARMACEUTICALS INC","Equity","0.19","83.56","124,609.00","10,412,328.04","10,412,328.04","Health Care","BCDWBX6","US00182C1036","NASDAQ"
"AX","AXOS FINANCIAL INC","Equity","0.19","26.47","390,572.00","10,338,440.84","10,338,440.84","Financials","BGK38H3","US05465C1009","New York Stock Exchange Inc."
"UHT","UNIVERSAL HEALTH REALTY INCOME TRU","Equity","0.19","88.23","116,643.00","10,291,411.89","10,291,411.89","Real Estate","2927497","US91359E1055","New York Stock Exchange Inc."
"USD","USD CASH","Cash","0.19","100.00","10,188,280.00","10,188,279.58","10,188,279.58","Cash and/or Derivatives","-","-","-"
"BOOT","BOOT BARN HOLDINGS INC","Equity","0.18","34.52","292,595.00","10,100,379.40","10,100,379.40","Consumer Discretionary","BRS6600","US0994061002","New York Stock Exchange Inc."
"SFBS","SERVISFIRST BANCSHARES INC","Equity","0.18","34.06","289,700.00","9,867,182.00","9,867,182.00","Financials","BMH0MP5","US81768T1088","NASDAQ"
"MMI","MARCUS & MILLICHAP INC","Equity","0.18","30.92","316,612.00","9,789,643.04","9,789,643.04","Real Estate","BFWGXV2","US5663241090","New York Stock Exchange Inc."
"ATNI","ATN INTERNATIONAL INC","Equity","0.17","59.59","160,956.00","9,591,368.04","9,591,368.04","Communication","BDC84D3","US00215F1075","NASDAQ"
"BRKL","BROOKLINE BANCORP INC","Equity","0.17","15.16","630,442.00","9,557,500.72","9,557,500.72","Financials","2967675","US11373M1071","NASDAQ"
"NRE","NORTHSTAR REALTY EUROPE CORP","Equity","0.17","16.45","579,939.00","9,539,996.55","9,539,996.55","Real Estate","BYZBSK1","US66706L1017","New York Stock Exchange Inc."
"OFIX","ORTHOFIX MEDICAL INC","Equity","0.17","51.84","183,292.00","9,501,857.28","9,501,857.28","Health Care","BGGJFT6","US68752M1080","NASDAQ"
"RUTH","RUTHS HOSPITALITY GROUP INC","Equity","0.17","22.55","420,226.00","9,476,096.30","9,476,096.30","Consumer Discretionary","B0G4KC7","US7833321091","NASDAQ"
"UBA","URSTADT BIDDLE PROPERTIES REIT INC","Equity","0.17","21.30","443,078.00","9,437,561.40","9,437,561.40","Real Estate","2256522","US9172862057","New York Stock Exchange Inc."
"EBIX","EBIX INC","Equity","0.17","51.01","182,197.00","9,293,868.97","9,293,868.97","Information Technology","2008400","US2787152063","NASDAQ"
"WDR","WADDELL AND REED FINANCIAL INC CLA","Equity","0.17","16.78","550,664.00","9,240,141.92","9,240,141.92","Financials","2156503","US9300591008","New York Stock Exchange Inc."
"USNA","USANA HEALTH SCIENCES INC","Equity","0.17","61.80","148,458.00","9,174,704.40","9,174,704.40","Consumer Staples","2267698","US90328M1071","New York Stock Exchange Inc."
"RGR","STURM RUGER INC","Equity","0.17","55.24","165,624.00","9,149,069.76","9,149,069.76","Consumer Discretionary","2856289","US8641591081","New York Stock Exchange Inc."
"HUBG","HUB GROUP INC CLASS A","Equity","0.17","41.29","221,432.00","9,142,927.28","9,142,927.28","Industrials","2407632","US4433201062","NASDAQ"
"MSTR","MICROSTRATEGY INC CLASS A","Equity","0.17","141.16","64,363.00","9,085,481.08","9,085,481.08","Information Technology","2974329","US5949724083","NASDAQ"
"QNST","QUINSTREET INC","Equity","0.16","15.46","578,661.00","8,946,099.06","8,946,099.06","Communication","B3PGPB9","US74874Q1004","NASDAQ"
"RPT","RPT REALTY","Equity","0.16","11.92","749,533.00","8,934,433.36","8,934,433.36","Real Estate","BG0YLC2","US74971D1019","New York Stock Exchange Inc."
"GTY","GETTY REALTY REIT CORP","Equity","0.16","30.78","289,125.00","8,899,267.50","8,899,267.50","Real Estate","2698146","US3742971092","New York Stock Exchange Inc."
"DXPE","DXP ENTERPRISES INC","Equity","0.16","37.32","237,197.00","8,852,192.04","8,852,192.04","Industrials","2276627","US2333774071","NASDAQ"
"EGRX","EAGLE PHARMACEUTICALS INC","Equity","0.16","57.64","152,808.00","8,807,853.12","8,807,853.12","Health Care","BJH7VB4","US2697961082","NASDAQ"
"DBI","DESIGNER BRANDS INC CLASS A","Equity","0.16","18.76","468,055.00","8,780,711.80","8,780,711.80","Consumer Discretionary","BJ9J282","US2505651081","New York Stock Exchange Inc."
"REGI","RENEWABLE ENERGY INC","Equity","0.16","15.74","556,606.00","8,760,978.44","8,760,978.44","Energy","B7577T2","US75972A3014","NASDAQ"
"NYMT","NEW YORK MORTGAGE TRUST REIT INC","Equity","0.16","6.17","1,418,622.00","8,752,897.74","8,752,897.74","Financials","B01LWM7","US6496045013","NASDAQ"
"HA","HAWAIIAN HOLDINGS INC","Equity","0.16","27.41","317,329.00","8,697,987.89","8,697,987.89","Industrials","2408044","US4198791018","NASDAQ"
"AIR","AAR CORP","Equity","0.16","37.42","232,316.00","8,693,264.72","8,693,264.72","Industrials","2001119","US0003611052","New York Stock Exchange Inc."
"HSKA","HESKA CORP","Equity","0.16","83.06","103,242.00","8,575,280.52","8,575,280.52","Health Care","B44C366","US42805E3062","NASDAQ"
"WRLD","WORLD ACCEPTANCE CORP","Equity","0.16","165.79","51,534.00","8,543,821.86","8,543,821.86","Financials","2981181","US9814191048","NASDAQ"
"CALM","CAL MAINE FOODS INC","Equity","0.15","42.95","192,408.00","8,263,923.60","8,263,923.60","Consumer Staples","2158781","US1280302027","NASDAQ"
"NBHC","NATIONAL BANK HOLDINGS CORP CLASS","Equity","0.15","36.75","224,711.00","8,258,129.25","8,258,129.25","Financials","B888DV3","US6337071046","New York Stock Exchange Inc."
"HFWA","HERITAGE FINANCIAL CORP","Equity","0.15","29.72","275,890.00","8,199,450.80","8,199,450.80","Financials","2619880","US42722X1063","NASDAQ"
"MGPI","MGP INGREDIENTS INC","Equity","0.15","68.82","118,686.00","8,167,970.52","8,167,970.52","Consumer Staples","B6ZJTH3","US55303J1060","NASDAQ"
"DNR","DENBURY RESOURCES INC","Equity","0.15","1.20","6,805,217.00","8,166,260.40","8,166,260.40","Energy","2418474","US2479162081","New York Stock Exchange Inc."
"SRDX","SURMODICS INC","Equity","0.15","41.12","198,172.00","8,148,832.64","8,148,832.64","Health Care","2502678","US8688731004","NASDAQ"
"ARR","ARMOUR RESIDENTIAL REIT INC","Equity","0.15","18.68","435,370.00","8,132,711.60","8,132,711.60","Financials","BYRYKS0","US0423155078","New York Stock Exchange Inc."
"PGTI","PGT INNOVATIONS INC","Equity","0.15","17.19","465,534.00","8,002,529.46","8,002,529.46","Industrials","B17V2N9","US69336V1017","New York Stock Exchange Inc."
"TNC","TENNANT","Equity","0.14","60.41","128,848.00","7,783,707.68","7,783,707.68","Industrials","2883641","US8803451033","New York Stock Exchange Inc."
"HLIT","HARMONIC INC","Equity","0.14","5.86","1,315,338.00","7,707,880.68","7,707,880.68","Information Technology","2510659","US4131601027","NASDAQ"
"HTLD","HEARTLAND EXPRESS INC","Equity","0.14","18.16","421,008.00","7,645,505.28","7,645,505.28","Industrials","2414018","US4223471040","NASDAQ"
"UIS","UNISYS CORP","Equity","0.14","9.98","764,360.00","7,628,312.80","7,628,312.80","Information Technology","2931595","US9092143067","New York Stock Exchange Inc."
"RGS","REGIS CORP","Equity","0.14","17.30","437,292.00","7,565,151.60","7,565,151.60","Consumer Discretionary","2730327","US7589321071","New York Stock Exchange Inc."
"VICR","VICOR CORP","Equity","0.14","31.39","240,009.00","7,533,882.51","7,533,882.51","Industrials","2930774","US9258151029","NASDAQ"
"EGOV","NIC INC","Equity","0.14","16.43","456,087.00","7,493,509.41","7,493,509.41","Information Technology","2438126","US62914B1008","NASDAQ"
"VIVO","MERIDIAN BIOSCIENCE INC","Equity","0.14","11.83","631,540.00","7,471,118.20","7,471,118.20","Health Care","2580265","US5895841014","NASDAQ"
"PLUS","EPLUS","Equity","0.14","72.37","102,967.00","7,451,721.79","7,451,721.79","Information Technology","2597748","US2942681071","NASDAQ"
"BABY","NATUS MEDICAL INC","Equity","0.13","25.39","291,722.00","7,406,821.58","7,406,821.58","Health Care","2771133","US6390501038","NASDAQ"
"PGNX","PROGENICS PHARMACEUTICALS INC","Equity","0.13","5.89","1,254,888.00","7,391,290.32","7,391,290.32","Health Care","2152501","US7431871067","NASDAQ"
"GPMT","GRANITE POINT MORTGAGE TRUST INC","Equity","0.13","18.97","384,710.00","7,297,948.70","7,297,948.70","Financials","BF11FD4","US38741L1070","New York Stock Exchange Inc."
"FORR","FORRESTER RESEARCH INC","Equity","0.13","47.75","152,676.00","7,290,279.00","7,290,279.00","Industrials","2398855","US3465631097","NASDAQ"
"APEI","AMERICAN PUBLIC EDUCATION INC","Equity","0.13","29.29","245,167.00","7,180,941.43","7,180,941.43","Consumer Discretionary","B292GM4","US02913V1035","NASDAQ"
"TYPE","MONOTYPE IMAGING HOLDINGS INC","Equity","0.13","17.39","410,401.00","7,136,873.39","7,136,873.39","Information Technology","B1YWR85","US61022P1003","NASDAQ"
"TGI","TRIUMPH GROUP INC","Equity","0.13","22.93","310,892.00","7,128,753.56","7,128,753.56","Industrials","2893071","US8968181011","New York Stock Exchange Inc."
"OFG","OFG BANCORP","Equity","0.13","23.58","297,067.00","7,004,839.86","7,004,839.86","Financials","B87LKR8","PR67103X1020","New York Stock Exchange Inc."
"WETF","WISDOMTREE INVESTMENTS INC","Equity","0.13","6.26","1,117,872.00","6,997,878.72","6,997,878.72","Financials","2476513","US97717P1049","NASDAQ"
"NCI","NAVIGANT CONSULTING INC","Equity","0.13","23.52","297,409.00","6,995,059.68","6,995,059.68","Industrials","2564797","US63935N1072","New York Stock Exchange Inc."
"TMP","TOMPKINS FINANCIAL CORP","Equity","0.13","81.72","85,231.00","6,965,077.32","6,965,077.32","Financials","2888613","US8901101092","Nyse Mkt Llc"
"NPK","NATIONAL PRESTO INDUSTRIES INC","Equity","0.13","94.50","73,531.00","6,948,679.50","6,948,679.50","Industrials","2626802","US6372151042","New York Stock Exchange Inc."
"CHEF","CHEFS WAREHOUSE INC","Equity","0.12","34.55","197,352.00","6,818,511.60","6,818,511.60","Consumer Staples","B63RTD5","US1630861011","NASDAQ"
"MTSC","MTS SYSTEMS CORP","Equity","0.12","58.47","116,552.00","6,814,795.44","6,814,795.44","Information Technology","2608985","US5537771033","NASDAQ"
"CPF","CENTRAL PACIFIC FINANCIAL CORP","Equity","0.12","29.98","222,617.00","6,674,057.66","6,674,057.66","Financials","2230946","US1547604090","New York Stock Exchange Inc."
"FARO","FARO TECHNOLOGIES INC","Equity","0.12","49.85","133,104.00","6,635,234.40","6,635,234.40","Information Technology","2106661","US3116421021","NASDAQ"
"FOE","FERRO CORP","Equity","0.12","15.72","420,429.00","6,609,143.88","6,609,143.88","Materials","2335001","US3154051003","New York Stock Exchange Inc."
"SMP","STANDARD MOTOR PRODUCTS INC","Equity","0.12","44.41","148,758.00","6,606,342.78","6,606,342.78","Consumer Discretionary","2838306","US8536661056","New York Stock Exchange Inc."
"KLXE","KLX ENERGY SERVICES HOLDINGS INC","Equity","0.12","19.20","343,196.00","6,589,363.20","6,589,363.20","Energy","BGL64M8","US48253L1061","NASDAQ"
"NBR","NABORS INDUSTRIES LTD","Equity","0.12","2.67","2,394,902.00","6,394,388.34","6,394,388.34","Energy","2963372","BMG6359F1032","New York Stock Exchange Inc."
"AKS","AK STEEL HOLDING CORP","Equity","0.11","2.21","2,809,652.00","6,209,330.92","6,209,330.92","Materials","2067735","US0015471081","New York Stock Exchange Inc."
"HMST","HOMESTREET INC","Equity","0.11","30.15","200,306.00","6,039,225.90","6,039,225.90","Financials","B4WHS46","US43785V1026","NASDAQ"
"BFS","SAUL CENTERS REIT INC","Equity","0.11","56.84","106,219.00","6,037,487.96","6,037,487.96","Real Estate","2777777","US8043951016","New York Stock Exchange Inc."
"HWKN","HAWKINS INC","Equity","0.11","41.77","141,256.00","5,900,263.12","5,900,263.12","Materials","2415594","US4202611095","NASDAQ"
"PVAC","PENN VA CORP","Equity","0.11","29.54","199,411.00","5,890,600.94","5,890,600.94","Energy","BZCD9S2","US70788V1026","NASDAQ"
"LNN","LINDSAY CORP","Equity","0.11","82.11","71,703.00","5,887,533.33","5,887,533.33","Industrials","2516613","US5355551061","New York Stock Exchange Inc."
"AGYS","AGILISYS INC","Equity","0.11","22.49","260,958.00","5,868,945.42","5,868,945.42","Information Technology","2689162","US00847J1051","NASDAQ"
"VRTS","VIRTUS INVESTMENT PARTNERS INC","Equity","0.11","106.87","54,750.00","5,851,132.50","5,851,132.50","Financials","B3KKGQ8","US92828Q1094","NASDAQ"
"TRST","TRUSTCO BANK CORP","Equity","0.11","7.86","744,146.00","5,848,987.56","5,848,987.56","Financials","2906429","US8983491056","NASDAQ"
"RTEC","RUDOLPH TECHNOLOGIES INC","Equity","0.11","27.57","211,493.00","5,830,862.01","5,830,862.01","Information Technology","2518415","US7812701032","New York Stock Exchange Inc."
"EXTR","EXTREME NETWORKS INC","Equity","0.10","6.52","876,551.00","5,715,112.52","5,715,112.52","Information Technology","2407052","US30226D1063","NASDAQ"
"HSTM","HEALTHSTREAM INC","Equity","0.10","26.15","214,934.00","5,620,524.10","5,620,524.10","Health Care","2577870","US42222N1037","NASDAQ"
"SSTK","SHUTTERSTOCK INC","Equity","0.10","38.17","140,714.00","5,371,053.38","5,371,053.38","Consumer Discretionary","B7ZR219","US8256901005","New York Stock Exchange Inc."
"CYTK","CYTOKINETICS INC","Equity","0.09","11.18","459,179.00","5,133,621.22","5,133,621.22","Health Care","BBBSBJ5","US23282W6057","NASDAQ"
"CTRL","CONTROL4 CORP","Equity","0.09","23.77","213,949.00","5,085,567.73","5,085,567.73","Information Technology","BC163D4","US21240D1072","NASDAQ"
"DBD","DIEBOLD NIXDORF INC","Equity","0.09","9.33","518,606.00","4,838,593.98","4,838,593.98","Information Technology","2269229","US2536511031","New York Stock Exchange Inc."
"JBSS","JOHN B SANFILIPPO AND SON INC","Equity","0.09","80.26","59,001.00","4,735,420.26","4,735,420.26","Consumer Staples","2772998","US8004221078","NASDAQ"
"CRCM","CARE.COM INC","Equity","0.08","11.60","393,478.00","4,564,344.80","4,564,344.80","Communication","BJ2SGK6","US1416331072","New York Stock Exchange Inc."
"PAHC","PHIBRO ANIMAL HEALTH CORP CLASS A","Equity","0.08","32.13","141,096.00","4,533,414.48","4,533,414.48","Health Care","BL95N25","US71742Q1067","NASDAQ"
"HSII","HEIDRICK AND STRUGGLES INTERNATION","Equity","0.08","29.55","150,413.00","4,444,704.15","4,444,704.15","Industrials","2413071","US4228191023","NASDAQ"
"CEIX","CONSOL ENERGY INC","Equity","0.08","25.70","171,972.00","4,419,680.40","4,419,680.40","Energy","BF4L070","US20854L1089","New York Stock Exchange Inc."
"MOV","MOVADO GROUP INC","Equity","0.08","26.65","165,176.00","4,401,940.40","4,401,940.40","Consumer Discretionary","2643168","US6245801062","New York Stock Exchange Inc."
"PFBC","PREFERRED BANK","Equity","0.08","47.30","92,929.00","4,395,541.70","4,395,541.70","Financials","2763602","US7403674044","NASDAQ"
"TTGT","TECHTARGET INC","Equity","0.08","20.73","209,477.00","4,342,458.21","4,342,458.21","Communication","B1XH822","US87874R1005","NASDAQ"
"COHU","COHU INC","Equity","0.08","15.60","273,998.00","4,274,368.80","4,274,368.80","Information Technology","2208426","US1925761066","NASDAQ"
"OSPN","ONESPAN INC","Equity","0.08","13.75","310,497.00","4,269,333.75","4,269,333.75","Information Technology","BFNSSD4","US68287N1000","NASDAQ"
"MCRI","MONARCH CASINO AND RESORT INC","Equity","0.08","43.71","95,004.00","4,152,624.84","4,152,624.84","Consumer Discretionary","2599197","US6090271072","NASDAQ"
"HCI","HCI GROUP INC","Equity","0.07","41.69","98,349.00","4,100,169.81","4,100,169.81","Financials","BBN23F5","US40416E1038","New York Stock Exchange Inc."
"SCVL","SHOE CARNIVAL INC","Equity","0.07","28.33","142,614.00","4,040,254.62","4,040,254.62","Consumer Discretionary","2805474","US8248891090","NASDAQ"
"TLRD","TAILORED BRANDS INC","Equity","0.07","5.41","744,635.00","4,028,475.35","4,028,475.35","Consumer Discretionary","BZ8FLW0","US87403A1079","New York Stock Exchange Inc."
"LMAT","LEMAITRE VASCULAR INC","Equity","0.07","28.22","141,178.00","3,984,043.16","3,984,043.16","Health Care","B1G6TJ0","US5255582018","NASDAQ"
"OSUR","ORASURE TECHNOLOGIES INC","Equity","0.07","9.13","410,015.00","3,743,436.95","3,743,436.95","Health Care","2318790","US68554V1089","NASDAQ"
"CHUY","CHUYS HOLDINGS INC","Equity","0.07","22.18","162,030.00","3,593,825.40","3,593,825.40","Consumer Discretionary","B88WMY1","US1716041017","NASDAQ"
"CEVA","CEVA INC","Equity","0.06","24.80","142,568.00","3,535,686.40","3,535,686.40","Information Technology","2986937","US1572101053","NASDAQ"
"LOCO","EL POLLO LOCO INC","Equity","0.06","10.62","325,575.00","3,457,606.50","3,457,606.50","Consumer Discretionary","BP857F5","US2686031079","NASDAQ"
"ACLS","AXCELIS TECHNOLOGIES INC","Equity","0.06","15.15","226,239.00","3,427,520.85","3,427,520.85","Information Technology","BD420Q8","US0545402085","NASDAQ"
"CAMP","CALAMP CORP","Equity","0.06","11.03","306,083.00","3,376,095.49","3,376,095.49","Information Technology","2164700","US1281261099","NASDAQ"
"SGH","SMART GLOBAL HOLDINGS INC","Equity","0.06","24.34","131,064.00","3,190,097.76","3,190,097.76","Information Technology","BYPBTG4","KYG8232Y1017","NASDAQ"
"IIIN","INSTEEL INDUSTRIES INC","Equity","0.06","21.27","149,580.00","3,181,566.60","3,181,566.60","Industrials","2325875","US45774W1080","NASDAQ"
"UNT","UNIT CORP","Equity","0.05","8.40","358,524.00","3,011,601.60","3,011,601.60","Energy","2925833","US9092181091","New York Stock Exchange Inc."
"CNSL","CONSOLIDATED COMMUNICATIONS HOLDIN","Equity","0.05","5.10","585,698.00","2,987,059.80","2,987,059.80","Communication","B07LSQ7","US2090341072","NASDAQ"
"AKRX","AKORN INC","Equity","0.05","5.25","557,186.00","2,925,226.50","2,925,226.50","Health Care","2012100","US0097281069","NASDAQ"
"BCEI","BONANZA CREEK ENERGY INC","Equity","0.05","20.01","142,879.00","2,859,008.79","2,859,008.79","Energy","BYXGJD8","US0977934001","New York Stock Exchange Inc."
"HPR","HIGHPOINT RESOURCES CORP","Equity","0.05","1.70","1,651,478.00","2,807,512.60","2,807,512.60","Energy","BDF0CY3","US43114K1088","New York Stock Exchange Inc."
"NE","NOBLE PLC","Equity","0.05","1.73","1,568,325.00","2,713,202.25","2,713,202.25","Energy","BFG3KF2","GB00BFG3KF26","New York Stock Exchange Inc."
"PKE","PARK ELECTROCHEM CORP","Equity","0.05","16.56","151,627.00","2,510,943.12","2,510,943.12","Information Technology","2671307","US7004162092","New York Stock Exchange Inc."
"LQDT","LIQUIDITY SERVICES INC","Equity","0.04","6.06","391,448.00","2,372,174.88","2,372,174.88","Consumer Discretionary","B0ZN8Z4","US53635B1070","NASDAQ"
"CPSI","COMPUTER PROGRAMS AND SYSTEMS INC","Equity","0.04","26.82","87,343.00","2,342,539.26","2,342,539.26","Health Care","2872122","US2053061030","NASDAQ"
"FF","FUTUREFUEL CORP","Equity","0.04","11.63","193,768.00","2,253,521.84","2,253,521.84","Materials","B3BBRD4","US36116M1062","New York Stock Exchange Inc."
"GHL","GREENHILL INC","Equity","0.04","13.90","161,117.00","2,239,526.30","2,239,526.30","Financials","B00G8B4","US3952591044","New York Stock Exchange Inc."
"FRGI","FIESTA RESTAURANT GROUP INC","Equity","0.04","12.95","169,747.00","2,198,223.65","2,198,223.65","Consumer Discretionary","B7V5P52","US31660B1017","NASDAQ"
"CYH","COMMUNITY HEALTH SYSTEMS INC","Equity","0.04","2.73","759,167.00","2,072,525.91","2,072,525.91","Health Care","2600248","US2036681086","New York Stock Exchange Inc."
"ACOR","ACORDA THERAPEUTICS INC","Equity","0.04","7.55","273,321.00","2,063,573.55","2,063,573.55","Health Care","2925844","US00484M1062","NASDAQ"
"ARLO","ARLO TECHNOLOGIES INC","Equity","0.04","4.48","456,520.00","2,045,209.60","2,045,209.60","Information Technology","BYWPZY9","US04206A1016","New York Stock Exchange Inc."
"CUTR","CUTERA INC","Equity","0.04","20.82","97,446.00","2,028,825.72","2,028,825.72","Health Care","2839741","US2321091082","NASDAQ"
"DSPG","DSP GROUP INC","Equity","0.04","13.76","147,374.00","2,027,866.24","2,027,866.24","Information Technology","2275680","US23332B1061","NASDAQ"
"ASNA","ASCENA RETAIL GROUP INC","Equity","0.02","0.49","2,556,878.00","1,241,875.64","1,241,875.64","Consumer Discretionary","B65D9Z3","US04351G1013","NASDAQ"
"ERA","ERA GROUP INC","Equity","0.02","8.53","140,058.00","1,194,694.74","1,194,694.74","Energy","B8KM2D8","US26885G1094","New York Stock Exchange Inc."
"KOPN","KOPIN CORP","Equity","0.01","1.20","586,314.00","703,576.80","703,576.80","Information Technology","2492412","US5006001011","NASDAQ"
"MSFUT","CASH COLLATERAL MSFUT USD","Cash Collateral and Margins","0.01","100.00","277,000.00","277,000.00","277,000.00","Cash and/or Derivatives","-","-","-"
"XTSLA","BLK CSH FND TREASURY SL AGENCY","Money Market","0.00","1.00","206,767.00","206,766.94","206,766.94","Cash and/or Derivatives","-","US0669224778","-"
"RTYU9","RUSSELL 2000 EMINI CME SEP 19","Futures","0.00","1,578.00","70.00","0.00","5,523,000.00","Cash and/or Derivatives","-","-","Chicago Mercantile Exchange"
 