﻿Fund Holdings as of,"Jul 4, 2019"
 
Issuer Ticker,Name,Asset Class,Weight (%),Price,Shares,Market Value,Notional Value,Sector,ISIN,Coupon (%),Maturity,Exchange,Country,Market Currency,Duration
"G2MA4837","GNMA2 30YR 2017 PRODUCTION","Fixed Income","6.24","103.67","81,985,522.00","85,161,695.89","85,161,695.89","MBS Pass-Through","-","3.50","Nov 20, 2047","-","United States","USD","1.05"
"ICSUAGD","BLK ICS USD LIQ AGENCY DIS","Money Market","5.51","1.00","75,224,242.00","75,224,241.68","75,224,241.68","Cash and/or Derivatives","IE00B50QMP13","2.36","-","-","United States","USD","0.11"
"G2MA4961","GNMA2 30YR 2017 PRODUCTION","Fixed Income","5.00","102.50","66,421,673.00","68,196,194.91","68,196,194.91","MBS Pass-Through","-","3.00","Jan 20, 2048","-","United States","USD","3.27"
"FNCA1875","FNMA 30YR 2017 PRODUCTION","Fixed Income","4.31","103.22","56,919,221.00","58,828,355.10","58,828,355.10","MBS Pass-Through","-","3.50","Jun 1, 2048","-","United States","USD","1.53"
"G2MA5137","GNMA2 30YR 2017 PRODUCTION","Fixed Income","3.20","104.58","41,609,448.00","43,611,708.18","43,611,708.18","MBS Pass-Through","-","4.00","Apr 20, 2048","-","United States","USD","0.20"
"FGG08710","FGOLD 30YR 2016 PRODUCTION","Fixed Income","2.69","101.81","36,003,393.00","36,665,315.60","36,665,315.60","MBS Pass-Through","-","3.00","Jun 1, 2046","-","United States","USD","2.70"
"FNAU1629","FNMA 30YR 2013 PRODUCTION","Fixed Income","2.64","102.24","35,204,206.00","36,001,053.29","36,001,053.29","MBS Pass-Through","-","3.00","Jul 1, 2043","-","United States","USD","2.70"
"FGV85280","FGOLD 30YR 3.5% SHLB 200K 2018","Fixed Income","2.53","103.87","33,229,322.00","34,524,886.01","34,524,886.01","MBS Pass-Through","-","3.50","Apr 1, 2049","-","United States","USD","1.91"
"FNAS8269","FNMA 30YR 2016 PRODUCTION","Fixed Income","2.33","101.75","31,203,829.00","31,758,914.03","31,758,914.03","MBS Pass-Through","-","3.00","Nov 1, 2046","-","United States","USD","2.70"
"G2MA5932","GNMA2 30YR 2018 PRODUCTION","Fixed Income","2.31","104.48","30,039,930.00","31,464,423.97","31,464,423.97","MBS Pass-Through","-","4.50","May 20, 2049","-","United States","USD","-0.68"
"FRZA6380","FHLMC UMBS 30YR MIRROR","Fixed Income","2.23","104.04","29,263,440.00","30,490,391.81","30,490,391.81","MBS Pass-Through","-","4.00","Mar 1, 2049","-","United States","USD","0.35"
"FNBM5565","FNMA 30YR 4% SHLB 200K 2018","Fixed Income","2.02","105.50","26,056,066.00","27,499,090.83","27,499,090.83","MBS Pass-Through","-","4.00","Jan 1, 2049","-","United States","USD","0.85"
"G2MA3802","GNMA2 30YR 2016 PRODUCTION","Fixed Income","1.96","102.59","26,071,701.00","26,752,876.02","26,752,876.02","MBS Pass-Through","-","3.00","Jul 20, 2046","-","United States","USD","3.27"
"FNBM5274","FNMA 30YR 2016 PRODUCTION","Fixed Income","1.84","104.58","23,978,952.00","25,086,068.17","25,086,068.17","MBS Pass-Through","-","4.00","Feb 1, 2047","-","United States","USD","0.35"
"FGG08770","FGOLD 30YR 2017 PRODUCTION","Fixed Income","1.64","103.28","21,664,534.00","22,381,904.53","22,381,904.53","MBS Pass-Through","-","3.50","Jul 1, 2047","-","United States","USD","1.53"
"FNCA2166","FNMA 30YR 4.5% SHLB 200K 2018","Fixed Income","1.51","106.74","19,280,651.00","20,588,073.47","20,588,073.47","MBS Pass-Through","-","4.50","Aug 1, 2048","-","United States","USD","0.28"
"FNAY4204","FNMA 30YR 3.5% SHLB 175K 2015","Fixed Income","1.40","104.15","18,309,321.00","19,074,630.19","19,074,630.19","MBS Pass-Through","-","3.50","May 1, 2045","-","United States","USD","1.53"
"G2MA5597","GNMA2 30YR 2018 PRODUCTION","Fixed Income","1.31","104.83","16,961,143.00","17,829,089.99","17,829,089.99","MBS Pass-Through","-","5.00","Nov 20, 2048","-","United States","USD","-0.82"
"FGG18665","FGOLD 15YR 2017 PRODUCTION","Fixed Income","1.26","101.06","17,060,053.00","17,244,614.38","17,244,614.38","MBS Pass-Through","-","2.50","Nov 1, 2032","-","United States","USD","2.71"
"FNAS8821","FNMA 30YR 4% LTV > 90 2017","Fixed Income","1.21","104.04","15,876,239.00","16,522,489.86","16,522,489.86","MBS Pass-Through","-","4.00","Feb 1, 2047","-","United States","USD","0.35"
"G2MA5930","GNMA2 30YR 2018 PRODUCTION","Fixed Income","1.18","103.54","15,601,259.00","16,158,749.01","16,158,749.01","MBS Pass-Through","-","3.50","May 20, 2049","-","United States","USD","1.05"
"FNBF0171","FNMA 40YR 4.0% REPERFORMING","Fixed Income","1.08","104.32","14,133,421.00","14,748,449.09","14,748,449.09","MBS Pass-Through","-","4.00","Jan 1, 2057","-","United States","USD","1.31"
"FNMA3547","FNMA 15YR 2018 PRODUCTION","Fixed Income","1.04","102.14","13,889,094.00","14,206,079.88","14,206,079.88","MBS Pass-Through","-","3.00","Dec 1, 2033","-","United States","USD","1.86"
"G2MA3736","GNMA2 30YR 2016 PRODUCTION","Fixed Income","0.93","103.81","12,228,999.00","12,699,053.70","12,699,053.70","MBS Pass-Through","-","3.50","Jun 20, 2046","-","United States","USD","1.05"
"FNMA3333","FNMA 30YR 2017 PRODUCTION","Fixed Income","0.91","104.35","11,837,131.00","12,355,412.15","12,355,412.15","MBS Pass-Through","-","4.00","Apr 1, 2048","-","United States","USD","0.35"
"FNMA2259","FNMA 20YR 2015 PRODUCTION","Fixed Income","0.89","102.34","11,901,135.00","12,182,192.24","12,182,192.24","MBS Pass-Through","-","3.00","May 1, 2035","-","United States","USD","2.70"
"FNBM1743","FNMA 30YR 4% HLB 150K 2017","Fixed Income","0.86","106.25","11,064,974.00","11,760,691.15","11,760,691.15","MBS Pass-Through","-","4.00","Sep 1, 2047","-","United States","USD","0.35"
"FGG08836","FGOLD 30YR 2017 PRODUCTION","Fixed Income","0.83","104.42","10,842,482.00","11,325,290.20","11,325,290.20","MBS Pass-Through","-","4.00","Sep 1, 2048","-","United States","USD","0.35"
"UM30","UMBS 30YR TBA(REG A)","Fixed Income","0.83","106.66","10,575,000.00","11,301,490.75","11,301,490.75","MBS Pass-Through","US01F0526727","5.50","Jul 15, 2019","-","United States","USD","1.64"
"G2MA5763","GNMA2 30YR 2018 PRODUCTION","Fixed Income","0.82","103.92","10,797,892.00","11,224,715.11","11,224,715.11","MBS Pass-Through","-","4.00","Feb 20, 2049","-","United States","USD","0.20"
"FGQ45094","FGOLD 30YR 2015 PRODUCTION","Fixed Income","0.81","102.02","10,874,876.00","11,097,201.90","11,097,201.90","MBS Pass-Through","-","3.00","Dec 1, 2046","-","United States","USD","2.70"
"FNMA3536","FNMA 30YR 2018 PRODUCTION","Fixed Income","0.76","103.70","9,985,529.00","10,358,771.89","10,358,771.89","MBS Pass-Through","-","4.00","Dec 1, 2048","-","United States","USD","0.35"
"FNAS8784","FNMA 30YR 2017 PRODUCTION","Fixed Income","0.74","101.50","9,996,664.00","10,158,087.24","10,158,087.24","MBS Pass-Through","-","3.00","Feb 1, 2047","-","United States","USD","2.70"
"G2BD4034","GNMA2 30YR","Fixed Income","0.72","104.38","9,449,901.00","9,867,199.61","9,867,199.61","MBS Pass-Through","-","4.00","Apr 20, 2048","-","United States","USD","0.19"
"FNBD5043","FNMA 30YR 3.5% SHLB 175K 2016","Fixed Income","0.72","104.06","9,456,296.00","9,842,699.81","9,842,699.81","MBS Pass-Through","-","3.50","Feb 1, 2047","-","United States","USD","1.53"
"FNBM5212","FNMA 30YR 4.5% LTV > 90 2018","Fixed Income","0.68","105.56","8,798,990.00","9,291,244.68","9,291,244.68","MBS Pass-Through","-","4.50","Dec 1, 2048","-","United States","USD","-0.11"
"FNBM5562","FNMA 30YR 2013 PRODUCTION","Fixed Income","0.66","105.26","8,507,862.00","8,958,415.71","8,958,415.71","MBS Pass-Through","-","4.00","Jun 1, 2045","-","United States","USD","0.35"
"G2MA4951","GNMA II 30YR SF - JUMBO-CONFORMING","Fixed Income","0.65","101.73","8,777,794.00","8,932,142.12","8,932,142.12","MBS Pass-Through","US36179TQC26","3.00","Jan 20, 2048","-","United States","USD","1.81"
"G2MA0625","GNMA2 30YR 2012 PRODUCTION","Fixed Income","0.65","104.87","8,466,332.00","8,881,170.69","8,881,170.69","MBS Pass-Through","-","3.50","Dec 20, 2042","-","United States","USD","1.05"
"FNBM4659","FNMA 30YR 4% HLB 150K 2016","Fixed Income","0.65","106.19","8,344,573.00","8,864,032.20","8,864,032.20","MBS Pass-Through","-","4.00","Jul 1, 2047","-","United States","USD","0.35"
"FGG06941","FGOLD 30YR 5% M 80-90 LTV 2011","Fixed Income","0.65","108.70","8,104,593.00","8,812,895.32","8,812,895.32","MBS Pass-Through","-","5.00","Aug 1, 2041","-","United States","USD","-0.64"
"FNAS8492","FNMA 30YR 3.5% MLB 110K 2016","Fixed Income","0.64","104.65","8,378,387.00","8,770,453.45","8,770,453.45","MBS Pass-Through","-","3.50","Dec 1, 2046","-","United States","USD","1.53"
"G2BC7170","GNMA2 30YR","Fixed Income","0.64","105.69","8,254,714.00","8,727,442.73","8,727,442.73","MBS Pass-Through","-","4.00","Sep 20, 2047","-","United States","USD","0.19"
"FNBN0340","FNMA 30YR 2017 PRODUCTION","Fixed Income","0.62","105.60","7,984,273.00","8,434,003.62","8,434,003.62","MBS Pass-Through","-","4.50","Dec 1, 2048","-","United States","USD","-0.10"
"FNCA2944","FNMA 30YR 4% LTV > 90 2018","Fixed Income","0.58","104.04","7,658,941.00","7,970,702.73","7,970,702.73","MBS Pass-Through","-","4.00","Jan 1, 2049","-","United States","USD","0.35"
"FNBJ6171","FNMA 30YR 3.5% LTV > 90 2017","Fixed Income","0.57","102.90","7,526,614.00","7,747,208.95","7,747,208.95","MBS Pass-Through","-","3.50","Feb 1, 2048","-","United States","USD","1.53"
"FGQ49763","FGOLD 30YR 3.5% 100% NY 2017","Fixed Income","0.56","104.28","7,385,206.00","7,703,123.11","7,703,123.11","MBS Pass-Through","-","3.50","Aug 1, 2047","-","United States","USD","1.53"
"FNAS9609","FNMA 30YR 4.5% SHLB 175K 2016","Fixed Income","0.56","107.12","7,162,062.00","7,674,558.27","7,674,558.27","MBS Pass-Through","-","4.50","May 1, 2047","-","United States","USD","-0.11"
"FGG07577","FGOLD 30YR 4% HLB 150K 2013","Fixed Income","0.52","106.54","6,716,531.00","7,157,974.70","7,157,974.70","MBS Pass-Through","-","4.00","Sep 1, 2043","-","United States","USD","0.35"
"FGG61231","FGOLD 30YR 2013 PRODUCTION","Fixed Income","0.51","103.89","6,684,178.00","6,946,055.37","6,946,055.37","MBS Pass-Through","-","3.50","Sep 1, 2044","-","United States","USD","1.53"
"FNMA2803","FNMA 15YR 2016 PRODUCTION","Fixed Income","0.51","101.07","6,822,783.00","6,897,255.60","6,897,255.60","MBS Pass-Through","-","2.50","Nov 1, 2031","-","United States","USD","2.71"
"FGQ40087","FGOLD 30YR 2015 PRODUCTION","Fixed Income","0.50","103.38","6,595,188.00","6,819,903.55","6,819,903.55","MBS Pass-Through","-","3.50","Apr 1, 2046","-","United States","USD","1.53"
"FNBM4654","FNMA 30YR 2012 PRODUCTION","Fixed Income","0.50","103.91","6,510,198.00","6,766,951.92","6,766,951.92","MBS Pass-Through","-","3.50","Feb 1, 2045","-","United States","USD","1.53"
"G2BD5452","GNMA2 30YR","Fixed Income","0.48","104.35","6,275,171.00","6,549,938.25","6,549,938.25","MBS Pass-Through","-","3.50","Nov 20, 2047","-","United States","USD","1.04"
"UM15","UMBS 15YR TBA(REG B)","Fixed Income","0.48","100.90","6,450,000.00","6,515,406.58","6,515,406.58","MBS Pass-Through","US01F0224778","2.50","Jul 18, 2019","-","United States","USD","2.71"
"FNBM3528","FNMA 30YR 3.5% 100% NY 2015","Fixed Income","0.48","104.31","6,234,760.00","6,505,099.73","6,505,099.73","MBS Pass-Through","-","3.50","Feb 1, 2047","-","United States","USD","1.53"
"UM15","UMBS 15YR TBA(REG B)","Fixed Income","0.47","103.90","6,150,000.00","6,401,282.17","6,401,282.17","MBS Pass-Through","US01F0404792","4.00","Jul 18, 2019","-","United States","USD","1.74"
"G2BK2829","GNMA2 30YR","Fixed Income","0.47","104.15","6,099,587.00","6,355,202.39","6,355,202.39","MBS Pass-Through","US3617J3EA54","4.50","Dec 20, 2048","-","United States","USD","-1.31"
"FNMA3305","FNMA 30YR 2018 PRODUCTION","Fixed Income","0.46","102.76","6,047,507.00","6,216,435.89","6,216,435.89","MBS Pass-Through","-","3.50","Mar 1, 2048","-","United States","USD","1.53"
"FNBN4372","FNMA 15YR 3.5% LLB 85K 2018","Fixed Income","0.45","104.67","5,915,810.00","6,193,974.85","6,193,974.85","MBS Pass-Through","-","3.50","Mar 1, 2034","-","United States","USD","1.23"
"FRSD8003","FHLMC UMBS 30YR","Fixed Income","0.45","103.78","5,925,000.00","6,158,345.73","6,158,345.73","MBS Pass-Through","-","4.00","Jul 1, 2049","-","United States","USD","1.70"
"FNBC0916","FNMA 15YR 2015 PRODUCTION","Fixed Income","0.44","101.20","5,957,968.00","6,030,680.52","6,030,680.52","MBS Pass-Through","-","2.50","May 1, 2031","-","United States","USD","2.71"
"FGC91999","FGOLD 20YR 2017 PRODUCTION","Fixed Income","0.44","103.54","5,803,497.00","6,010,726.74","6,010,726.74","MBS Pass-Through","-","3.50","Jun 1, 2038","-","United States","USD","1.53"
"FNBD2440","FNMA 30YR 2016 PRODUCTION","Fixed Income","0.43","103.27","5,642,783.00","5,828,931.39","5,828,931.39","MBS Pass-Through","-","3.50","Jan 1, 2047","-","United States","USD","1.53"
"UM15","UMBS 15YR TBA(REG B)","Fixed Income","0.41","103.38","5,440,000.00","5,632,863.11","5,632,863.11","MBS Pass-Through","US01F0324768","3.50","Jul 18, 2019","-","United States","USD","1.23"
"FGG08609","FGOLD 30YR 2014 PRODUCTION","Fixed Income","0.39","103.71","5,133,581.00","5,325,426.41","5,325,426.41","MBS Pass-Through","-","3.50","Oct 1, 2044","-","United States","USD","1.53"
"G2MA2445","GNMA2 30YR 2014 PRODUCTION","Fixed Income","0.37","104.59","4,764,632.00","4,984,541.58","4,984,541.58","MBS Pass-Through","-","3.50","Dec 20, 2044","-","United States","USD","1.05"
"FNBM5367","FNMA 30YR 3% LLB 85K 2016","Fixed Income","0.36","102.75","4,809,066.00","4,942,344.67","4,942,344.67","MBS Pass-Through","-","3.00","Mar 1, 2047","-","United States","USD","2.70"
"FGG08373","FGOLD 30YR 2009 PRODUCTION","Fixed Income","0.36","108.00","4,550,060.00","4,915,952.10","4,915,952.10","MBS Pass-Through","-","5.00","Nov 1, 2039","-","United States","USD","-0.64"
"FNBE7522","FNMA 15YR 2017 PRODUCTION","Fixed Income","0.36","101.02","4,831,530.00","4,881,614.95","4,881,614.95","MBS Pass-Through","-","2.50","Feb 1, 2032","-","United States","USD","2.71"
"FGG15923","FGOLD 15YR 2012 PRODUCTION","Fixed Income","0.35","102.42","4,723,638.00","4,839,338.46","4,839,338.46","MBS Pass-Through","-","3.00","Aug 1, 2029","-","United States","USD","1.86"
"FGQ43888","FGOLD 30YR 4% SHLB 175K 2016","Fixed Income","0.35","105.79","4,545,112.00","4,809,777.24","4,809,777.24","MBS Pass-Through","-","4.00","Oct 1, 2046","-","United States","USD","0.35"
"UM15","UMBS 15YR TBA(REG B)","Fixed Income","0.35","102.10","4,700,000.00","4,805,358.33","4,805,358.33","MBS Pass-Through","US01F0304703","3.00","Jul 18, 2019","-","United States","USD","1.86"
"FNAS7736","FNMA 30YR 3% LTV > 90 2016","Fixed Income","0.35","101.65","4,662,395.00","4,740,653.84","4,740,653.84","MBS Pass-Through","-","3.00","Aug 1, 2046","-","United States","USD","2.70"
"FGG18696","FGOLD 15YR 2018 PRODUCTION","Fixed Income","0.33","103.55","4,367,867.00","4,524,033.81","4,524,033.81","MBS Pass-Through","-","3.50","Jul 1, 2033","-","United States","USD","1.23"
"G2784474","GNMA2 30YR PLATINUM","Fixed Income","0.33","103.68","4,346,293.00","4,507,439.29","4,507,439.29","MBS Pass-Through","US3622A26K32","3.50","Feb 20, 2048","-","United States","USD","3.91"
"FNMA3214","FNMA 20YR 2017 PRODUCTION","Fixed Income","0.32","102.22","4,305,441.00","4,402,029.40","4,402,029.40","MBS Pass-Through","-","3.00","Dec 1, 2037","-","United States","USD","2.70"
"FNAL9774","FNMA 30YR 3.5% LLB 85K 2016","Fixed Income","0.31","104.87","4,011,831.00","4,208,332.89","4,208,332.89","MBS Pass-Through","-","3.50","Jan 1, 2047","-","United States","USD","1.53"
"FGQ42621","FGOLD 30YR 3.5% FICO <660 2016","Fixed Income","0.30","103.40","3,937,868.00","4,072,955.14","4,072,955.14","MBS Pass-Through","-","3.50","Aug 1, 2046","-","United States","USD","1.53"
"FGQ59697","FGOLD 30YR 4.5% SHLB 200K 2018","Fixed Income","0.30","106.94","3,773,557.00","4,036,806.24","4,036,806.24","MBS Pass-Through","-","4.50","Nov 1, 2048","-","United States","USD","-0.13"
"FGG18619","FGOLD 15YR 2016 PRODUCTION","Fixed Income","0.30","101.11","3,990,121.00","4,035,374.38","4,035,374.38","MBS Pass-Through","-","2.50","Nov 1, 2031","-","United States","USD","2.71"
"G2MA3522","GNMA2 30YR 2015 PRODUCTION","Fixed Income","0.30","105.48","3,823,010.00","4,033,880.37","4,033,880.37","MBS Pass-Through","-","4.00","Mar 20, 2046","-","United States","USD","0.20"
"FNAE8798","FNMA 15YR 3.5% MLB 110K 2010","Fixed Income","0.29","104.83","3,804,877.00","3,989,723.73","3,989,723.73","MBS Pass-Through","-","3.50","Dec 1, 2025","-","United States","USD","1.23"
"FGG67715","FGOLD 30YR 4.5% HLB 150K 2018","Fixed Income","0.29","108.06","3,631,268.00","3,925,411.21","3,925,411.21","MBS Pass-Through","-","4.50","Aug 1, 2048","-","United States","USD","-0.11"
"FGG08783","FGOLD 30YR 2017 PRODUCTION","Fixed Income","0.26","101.56","3,544,038.00","3,600,129.67","3,600,129.67","MBS Pass-Through","-","3.00","Oct 1, 2047","-","United States","USD","2.70"
"FNBH8279","FNMA 30YR 3.5% SHLB 175K 2017","Fixed Income","0.26","103.99","3,425,732.00","3,563,574.90","3,563,574.90","MBS Pass-Through","-","3.50","Sep 1, 2047","-","United States","USD","1.53"
"FNBN4328","FNMA 30YR 5% MLB 125K 2018","Fixed Income","0.26","109.72","3,195,501.00","3,507,325.73","3,507,325.73","MBS Pass-Through","-","5.00","Jan 1, 2049","-","United States","USD","-0.64"
"G230J","GNMA2 30YR TBA(REG C)","Fixed Income","0.25","103.74","3,325,000.00","3,457,080.08","3,457,080.08","MBS Pass-Through","US21H0406734","4.00","Jul 22, 2019","-","United States","USD","0.20"
"G2MA3244","GNMA2 30YR 2015 PRODUCTION","Fixed Income","0.25","104.19","3,228,753.00","3,365,037.88","3,365,037.88","MBS Pass-Through","-","3.50","Nov 20, 2045","-","United States","USD","1.05"
"FNBM5855","FNMA 30YR 2010 PRODUCTION","Fixed Income","0.25","107.51","3,115,132.00","3,350,367.77","3,350,367.77","MBS Pass-Through","-","4.50","Mar 1, 2046","-","United States","USD","-0.10"
"FGG60582","FGOLD 30YR 3.5% SHLB 175K 2015","Fixed Income","0.23","104.12","3,050,745.00","3,177,310.32","3,177,310.32","MBS Pass-Through","-","3.50","May 1, 2046","-","United States","USD","1.53"
"FNAD3128","FNMA 30YR 5% HLB 150K 2010","Fixed Income","0.23","109.12","2,864,975.00","3,127,548.67","3,127,548.67","MBS Pass-Through","-","5.00","Apr 1, 2040","-","United States","USD","-0.64"
"FNBD8500","FNMA 30YR 3% HLB 150K 2016","Fixed Income","0.23","101.77","3,027,632.00","3,082,036.39","3,082,036.39","MBS Pass-Through","-","3.00","Dec 1, 2046","-","United States","USD","2.70"
"FNAJ7691","FNMA 30YR 4.5% LLB 85K 2011","Fixed Income","0.22","109.59","2,783,168.00","3,050,978.52","3,050,978.52","MBS Pass-Through","-","4.50","Dec 1, 2041","-","United States","USD","-0.11"
"FNAL9403","FNMA 30YR 3% FICO <660 2016","Fixed Income","0.22","101.67","2,992,636.00","3,043,334.71","3,043,334.71","MBS Pass-Through","-","3.00","Nov 1, 2046","-","United States","USD","2.70"
"FNBM4064","FNMA 30YR 2012 PRODUCTION","Fixed Income","0.22","107.14","2,834,310.00","3,037,818.60","3,037,818.60","MBS Pass-Through","-","4.50","Feb 1, 2047","-","United States","USD","-0.10"
"FGG61288","FGOLD 30YR 4.5% MLB 110K 2014","Fixed Income","0.22","108.91","2,779,328.00","3,027,893.88","3,027,893.88","MBS Pass-Through","-","4.50","Oct 1, 2045","-","United States","USD","-0.11"
"FNBM1732","FNMA 30YR 4.5% HLB 150K 2015","Fixed Income","0.22","107.81","2,769,658.00","2,986,873.74","2,986,873.74","MBS Pass-Through","-","4.50","Jul 1, 2047","-","United States","USD","-0.11"
"FGG08867","FGOLD 30YR 2018 PRODUCTION","Fixed Income","0.21","104.95","2,692,317.00","2,826,482.75","2,826,482.75","MBS Pass-Through","-","4.50","Mar 1, 2049","-","United States","USD","-0.10"
"FNMA3441","FNMA 20YR 2018 PRODUCTION","Fixed Income","0.21","104.55","2,680,262.00","2,803,045.46","2,803,045.46","MBS Pass-Through","-","4.00","Aug 1, 2038","-","United States","USD","0.35"
"FNCA0132","FNMA 30YR 4% M 90-95 LTV 2017","Fixed Income","0.20","104.04","2,642,433.00","2,749,995.08","2,749,995.08","MBS Pass-Through","-","4.00","Jul 1, 2047","-","United States","USD","0.35"
"FNBM5201","FNMA 30YR 5.5% SHLB 175K 2018","Fixed Income","0.20","109.25","2,463,281.00","2,692,346.70","2,692,346.70","MBS Pass-Through","-","5.50","Dec 1, 2048","-","United States","USD","1.63"
"FGJ34146","FGOLD 15YR 2015 PRODUCTION","Fixed Income","0.20","102.47","2,614,368.00","2,679,567.79","2,679,567.79","MBS Pass-Through","-","3.00","Apr 1, 2031","-","United States","USD","1.86"
"FNMA3593","FNMA 30YR 2018 PRODUCTION","Fixed Income","0.18","104.88","2,393,291.00","2,511,003.06","2,511,003.06","MBS Pass-Through","-","4.50","Feb 1, 2049","-","United States","USD","-0.11"
"G230J","GNMA2 30YR TBA(REG C)","Fixed Income","0.18","103.45","2,408,000.00","2,496,016.41","2,496,016.41","MBS Pass-Through","US21H0326700","3.50","Jul 22, 2019","-","United States","USD","1.05"
"FNAL8060","FNMA 15YR 3% MLB 110K 2015","Fixed Income","0.18","102.64","2,410,421.00","2,474,650.70","2,474,650.70","MBS Pass-Through","-","3.00","Feb 1, 2031","-","United States","USD","1.86"
"G2BK1669","GNMA2 30YR","Fixed Income","0.18","107.43","2,225,737.00","2,392,093.55","2,392,093.55","MBS Pass-Through","-","5.00","Sep 20, 2048","-","United States","USD","-0.82"
"G2MA4128","GNMA2 30YR 2016 PRODUCTION","Fixed Income","0.17","104.81","2,261,275.00","2,370,829.89","2,370,829.89","MBS Pass-Through","-","4.00","Dec 20, 2046","-","United States","USD","0.20"
"G2MA3872","GNMA2 30YR 2016 PRODUCTION","Fixed Income","0.17","100.92","2,313,471.00","2,335,124.78","2,335,124.78","MBS Pass-Through","-","2.50","Aug 20, 2046","-","United States","USD","5.01"
"FGV85082","FGOLD 30YR 4.5% LTV > 90 2018","Fixed Income","0.17","105.63","2,205,184.00","2,330,101.33","2,330,101.33","MBS Pass-Through","-","4.50","Dec 1, 2048","-","United States","USD","-0.11"
"FNAL8091","FNMA 30YR 4% HLB 150K 2011","Fixed Income","0.17","106.19","2,171,924.00","2,307,128.76","2,307,128.76","MBS Pass-Through","-","4.00","Jun 1, 2044","-","United States","USD","0.35"
"FGQ48707","FGOLD 30YR 3.5% HLB 150K 2017","Fixed Income","0.17","104.40","2,189,943.00","2,286,950.93","2,286,950.93","MBS Pass-Through","-","3.50","Jun 1, 2047","-","United States","USD","1.53"
"FGQ55626","FGOLD 30YR 4% LLB 85K 2017","Fixed Income","0.17","107.38","2,127,808.00","2,285,597.80","2,285,597.80","MBS Pass-Through","-","4.00","Apr 1, 2048","-","United States","USD","0.35"
"FGG08882","FGOLD 30YR 2018 PRODUCTION","Fixed Income","0.17","103.82","2,182,680.00","2,266,725.00","2,266,725.00","MBS Pass-Through","-","4.00","Jun 1, 2049","-","United States","USD","0.35"
"G2AB9814","GNMA2 30YR","Fixed Income","0.16","104.38","2,098,525.00","2,191,066.80","2,191,066.80","MBS Pass-Through","-","3.50","Mar 20, 2043","-","United States","USD","1.04"
"G230J","GNMA2 30YR TBA(REG C)","Fixed Income","0.16","102.39","2,100,000.00","2,153,823.00","2,153,823.00","MBS Pass-Through","US21H0306744","3.00","Jul 22, 2019","-","United States","USD","3.27"
"G2AX5931","GNMA2 30YR","Fixed Income","0.16","104.32","2,057,716.00","2,147,299.41","2,147,299.41","MBS Pass-Through","US36196HSU58","4.00","Feb 20, 2047","-","United States","USD","3.47"
"FGG18673","FGOLD 15YR 2017 PRODUCTION","Fixed Income","0.15","102.26","2,058,772.00","2,105,844.16","2,105,844.16","MBS Pass-Through","-","3.00","Jan 1, 2033","-","United States","USD","1.86"
"FGJ37640","FGOLD 15YR 2.5% SHLB 175K 2017","Fixed Income","0.15","101.02","2,079,754.00","2,101,359.04","2,101,359.04","MBS Pass-Through","-","2.50","Sep 1, 2032","-","United States","USD","2.71"
"FNBD5076","FNMA 15YR 2017 PRODUCTION","Fixed Income","0.15","102.20","2,028,638.00","2,073,803.64","2,073,803.64","MBS Pass-Through","-","3.00","Feb 1, 2032","-","United States","USD","1.86"
"FNAL9069","FNMA 30YR 3% FICO <660 2013","Fixed Income","0.15","102.28","1,982,277.00","2,027,929.45","2,027,929.45","MBS Pass-Through","-","3.00","Mar 1, 2044","-","United States","USD","2.70"
"FGJ32451","FGOLD 15YR 3% MLB 125K 2015","Fixed Income","0.15","102.60","1,968,700.00","2,020,391.53","2,020,391.53","MBS Pass-Through","-","3.00","Aug 1, 2030","-","United States","USD","1.86"
"FNBM3707","FNMA 30YR 2016 PRODUCTION","Fixed Income","0.15","99.68","2,023,671.00","2,017,697.58","2,017,697.58","MBS Pass-Through","-","2.50","Apr 1, 2047","-","United States","USD","4.17"
"FGG60765","FGOLD 30YR 3% SHLB 175K 2016","Fixed Income","0.15","102.40","1,953,381.00","2,000,731.40","2,000,731.40","MBS Pass-Through","-","3.00","Nov 1, 2046","-","United States","USD","2.70"
"FNBM1959","FNMA 30YR 3.5% MLB 110K 2017","Fixed Income","0.14","104.62","1,866,605.00","1,953,369.80","1,953,369.80","MBS Pass-Through","-","3.50","Oct 1, 2047","-","United States","USD","1.53"
"FNBC0774","FNMA 15YR 3% HLB 150K 2015","Fixed Income","0.14","102.52","1,861,338.00","1,908,757.59","1,908,757.59","MBS Pass-Through","-","3.00","Mar 1, 2031","-","United States","USD","1.86"
"FNCA2970","FNMA 30YR 5% LTV > 90 2018","Fixed Income","0.14","106.50","1,780,233.00","1,896,696.79","1,896,696.79","MBS Pass-Through","-","5.00","Jan 1, 2049","-","United States","USD","-0.64"
"FNAS0089","FNMA 30YR 3.5% SHLB 175K 2013","Fixed Income","0.14","104.31","1,801,379.00","1,879,487.01","1,879,487.01","MBS Pass-Through","-","3.50","Aug 1, 2043","-","United States","USD","1.53"
"FNAE0384","FNMA 30YR 2010 PRODUCTION","Fixed Income","0.14","107.72","1,741,110.00","1,876,274.76","1,876,274.76","MBS Pass-Through","-","5.00","Sep 1, 2040","-","United States","USD","-0.64"
"G2AT3941","GNMA2 30YR","Fixed Income","0.14","108.73","1,704,466.00","1,853,939.31","1,853,939.31","MBS Pass-Through","-","4.50","Aug 20, 2048","-","United States","USD","-0.69"
"FNBM1284","FNMA 15YR 2012 PRODUCTION","Fixed Income","0.13","101.12","1,754,940.00","1,774,902.65","1,774,902.65","MBS Pass-Through","-","2.50","Apr 1, 2030","-","United States","USD","2.71"
"FNBM4664","FNMA 30YR 4.5% SHLB 175K 2018","Fixed Income","0.13","107.24","1,607,418.00","1,724,448.21","1,724,448.21","MBS Pass-Through","-","4.50","Oct 1, 2048","-","United States","USD","-0.11"
"FNBM3688","FNMA 30YR 2015 PRODUCTION","Fixed Income","0.12","103.32","1,649,560.00","1,704,763.28","1,704,763.28","MBS Pass-Through","-","3.50","Feb 1, 2047","-","United States","USD","1.53"
"FNMA3709","FNMA 15YR","Fixed Income","0.12","100.57","1,663,505.00","1,675,030.86","1,675,030.86","MBS Pass-Through","US31418DDP42","2.50","Jun 1, 2034","-","United States","USD","2.57"
"FNBN4826","FNMA 30YR 4% LLB 85K 2018","Fixed Income","0.12","107.22","1,544,683.00","1,656,758.27","1,656,758.27","MBS Pass-Through","-","4.00","Feb 1, 2049","-","United States","USD","0.35"
"FNBM1131","FNMA 30YR 4% SHLB 175K 2017","Fixed Income","0.12","105.66","1,566,308.00","1,655,497.58","1,655,497.58","MBS Pass-Through","-","4.00","Apr 1, 2047","-","United States","USD","0.35"
"FNBD2200","FNMA 15YR 2015 PRODUCTION","Fixed Income","0.12","102.41","1,609,773.00","1,649,038.87","1,649,038.87","MBS Pass-Through","-","3.00","Jul 1, 2031","-","United States","USD","1.86"
"FNBE5856","FNMA 30YR 2016 PRODUCTION","Fixed Income","0.12","105.84","1,551,982.00","1,643,155.83","1,643,155.83","MBS Pass-Through","-","4.50","Jan 1, 2047","-","United States","USD","-0.10"
"FGJ34386","FGOLD 15YR 3% HLB 150K 2016","Fixed Income","0.12","102.55","1,562,899.00","1,603,203.41","1,603,203.41","MBS Pass-Through","-","3.00","May 1, 2031","-","United States","USD","1.86"
"FGJ35140","FGOLD 15YR 2015 PRODUCTION","Fixed Income","0.11","101.23","1,532,548.00","1,551,673.19","1,551,673.19","MBS Pass-Through","-","2.50","Sep 1, 2031","-","United States","USD","2.71"
"FNAD7592","FNMA 30YR 4.5% HLB 150K 2010","Fixed Income","0.11","107.81","1,421,644.00","1,533,138.86","1,533,138.86","MBS Pass-Through","-","4.50","Jul 1, 2040","-","United States","USD","-0.11"
"FNCA2065","FNMA 30YR 5% SHLB 200K 2018","Fixed Income","0.11","108.00","1,405,614.00","1,518,637.02","1,518,637.02","MBS Pass-Through","-","5.00","Jul 1, 2048","-","United States","USD","-0.16"
"FGG61556","FGOLD 30YR 3.5% SHLB 175K 2017","Fixed Income","0.11","104.03","1,446,662.00","1,505,324.02","1,505,324.02","MBS Pass-Through","-","3.50","Aug 1, 2048","-","United States","USD","1.53"
"FGQ60407","FGOLD 30YR 5% MLB 110K 2018","Fixed Income","0.11","111.01","1,321,311.00","1,467,318.86","1,467,318.86","MBS Pass-Through","-","5.00","Nov 1, 2048","-","United States","USD","-0.64"
"G2MA0624","GNMA2 30YR 2012 PRODUCTION","Fixed Income","0.11","103.23","1,420,370.00","1,466,653.95","1,466,653.95","MBS Pass-Through","-","3.00","Dec 20, 2042","-","United States","USD","3.27"
"FGG16625","FGOLD 15YR 3% HLB 150K 2015","Fixed Income","0.11","102.55","1,422,869.00","1,459,562.25","1,459,562.25","MBS Pass-Through","-","3.00","Jun 1, 2031","-","United States","USD","1.86"
"FGG67707","FGOLD 30YR 3.5% MLB 110K 2017","Fixed Income","0.11","104.62","1,383,093.00","1,447,382.90","1,447,382.90","MBS Pass-Through","-","3.50","Jan 1, 2048","-","United States","USD","1.53"
"FGG61846","FGOLD 30YR 4% LTV > 90 2018","Fixed Income","0.11","104.01","1,389,201.00","1,445,369.55","1,445,369.55","MBS Pass-Through","-","4.00","Jan 1, 2049","-","United States","USD","0.35"
"G2784507","GNMA2 30YR PLATINUM","Fixed Income","0.11","104.07","1,376,966.00","1,433,474.70","1,433,474.70","MBS Pass-Through","US3622A3AG51","4.00","Dec 20, 2047","-","United States","USD","2.36"
"FNBH4028","FNMA 15YR 2.5% HLB 150K 2017","Fixed Income","0.10","100.99","1,388,489.00","1,402,587.94","1,402,587.94","MBS Pass-Through","-","2.50","Sep 1, 2032","-","United States","USD","2.71"
"FNAL8566","FNMA 15YR 3% SHLB 175K 2016","Fixed Income","0.10","102.12","1,335,805.00","1,364,519.04","1,364,519.04","MBS Pass-Through","-","3.00","Jun 1, 2031","-","United States","USD","1.86"
"FNBM1551","FNMA 30YR 3.5% HLB 150K 2017","Fixed Income","0.10","104.40","1,293,557.00","1,350,858.05","1,350,858.05","MBS Pass-Through","-","3.50","Jul 1, 2047","-","United States","USD","1.53"
"FGG08722","FGOLD 30YR 2016 PRODUCTION","Fixed Income","0.10","103.33","1,296,839.00","1,340,404.81","1,340,404.81","MBS Pass-Through","-","3.50","Sep 1, 2046","-","United States","USD","1.53"
"FNAA7693","FNMA 15YR 2009 PRODUCTION","Fixed Income","0.10","104.01","1,271,180.00","1,322,543.82","1,322,543.82","MBS Pass-Through","-","4.00","Jul 1, 2024","-","United States","USD","1.74"
"G2MA4006","GNMA2 30YR 2013 PRODUCTION","Fixed Income","0.10","107.06","1,220,619.00","1,307,228.49","1,307,228.49","MBS Pass-Through","-","4.50","Oct 20, 2046","-","United States","USD","-0.68"
"FGG18737","FGOLD 15YR 3.5% FICO <660 2018","Fixed Income","0.09","103.42","1,242,786.00","1,285,703.10","1,285,703.10","MBS Pass-Through","-","3.50","Jun 1, 2034","-","United States","USD","1.23"
"FNAZ4771","FNMA 30YR 2015 PRODUCTION","Fixed Income","0.09","101.96","1,259,386.00","1,284,381.05","1,284,381.05","MBS Pass-Through","-","3.00","Oct 1, 2045","-","United States","USD","2.70"
"FNAL6968","FNMA 30YR 3.5% HLB 150K 2015","Fixed Income","0.09","104.53","1,185,367.00","1,239,355.56","1,239,355.56","MBS Pass-Through","-","3.50","Jun 1, 2045","-","United States","USD","1.53"
"FNBN4816","FNMA 30YR 4.5% LLB 85K 2018","Fixed Income","0.09","109.65","1,113,117.00","1,220,922.62","1,220,922.62","MBS Pass-Through","-","4.50","Feb 1, 2049","-","United States","USD","-0.11"
"G230J","GNMA2 30YR TBA(REG C)","Fixed Income","0.09","104.26","1,166,000.00","1,218,674.05","1,218,674.05","MBS Pass-Through","US21H0426799","4.50","Jul 22, 2019","-","United States","USD","-0.68"
"G2AX0840","GNMA2 30YR","Fixed Income","0.09","102.43","1,172,657.00","1,201,496.89","1,201,496.89","MBS Pass-Through","-","3.00","Oct 20, 2046","-","United States","USD","3.26"
"FNBN6389","FNMA 30YR 4% MLB 110K 2018","Fixed Income","0.09","106.75","1,099,191.00","1,173,795.09","1,173,795.09","MBS Pass-Through","-","4.00","Feb 1, 2049","-","United States","USD","0.35"
"FGQ63757","FGOLD 30YR 3% LTV > 90 2018","Fixed Income","0.09","101.34","1,148,348.00","1,163,992.93","1,163,992.93","MBS Pass-Through","-","3.00","May 1, 2049","-","United States","USD","2.70"
"FNBD4005","FNMA 30YR 3.5% MLB 125K 2017","Fixed Income","0.08","104.46","1,106,137.00","1,155,825.95","1,155,825.95","MBS Pass-Through","-","3.50","Jul 1, 2047","-","United States","USD","1.53"
"FN932844","FNMA 15YR 2010 PRODUCTION","Fixed Income","0.08","104.04","1,106,514.00","1,151,563.97","1,151,563.97","MBS Pass-Through","-","4.00","Dec 1, 2025","-","United States","USD","1.74"
"FGQ63556","FGOLD 30YR 2018 PRODUCTION","Fixed Income","0.08","101.45","1,121,261.00","1,137,819.47","1,137,819.47","MBS Pass-Through","-","3.00","Jun 1, 2049","-","United States","USD","2.70"
"G2BK1676","GNMA2 30YR","Fixed Income","0.08","107.89","1,050,827.00","1,134,124.80","1,134,124.80","MBS Pass-Through","-","4.50","Sep 20, 2048","-","United States","USD","-0.69"
"FGJ36378","FGOLD 15YR 3% LLB 85K 2016","Fixed Income","0.08","102.74","1,094,092.00","1,124,355.69","1,124,355.69","MBS Pass-Through","-","3.00","Feb 1, 2032","-","United States","USD","1.86"
"UM30","UMBS 30YR TBA(REG A)","Fixed Income","0.08","101.20","1,109,000.00","1,123,557.47","1,123,557.47","MBS Pass-Through","US01F0306781","3.00","Jul 15, 2019","-","United States","USD","2.70"
"FNAL4009","FNMA 30YR 3.5% LLB 85K 2013","Fixed Income","0.08","105.12","1,065,131.00","1,119,962.90","1,119,962.90","MBS Pass-Through","-","3.50","Jul 1, 2043","-","United States","USD","1.53"
"FGG05648","FGOLD 30YR 5.5% HLB 150K 2009","Fixed Income","0.08","110.11","1,010,605.00","1,113,221.27","1,113,221.27","MBS Pass-Through","-","5.50","Aug 1, 2039","-","United States","USD","1.63"
"FNAX5306","FNMA 15YR 2011 PRODUCTION","Fixed Income","0.08","103.49","1,064,364.00","1,103,317.42","1,103,317.42","MBS Pass-Through","-","3.50","Jan 1, 2027","-","United States","USD","1.23"
"FNCA0586","FNMA 15YR 2.5% MLB 110K 2017","Fixed Income","0.08","101.03","1,071,358.00","1,082,571.39","1,082,571.39","MBS Pass-Through","-","2.50","Oct 1, 2032","-","United States","USD","2.71"
"FNBM3743","FNMA 30YR 4% MLB 110K 2016","Fixed Income","0.08","106.72","993,838.00","1,060,981.17","1,060,981.17","MBS Pass-Through","-","4.00","Mar 1, 2047","-","United States","USD","0.35"
"FGG61422","FGOLD 30YR 4.5% LTV > 90 2017","Fixed Income","0.08","105.31","1,002,092.00","1,055,728.62","1,055,728.62","MBS Pass-Through","-","4.50","Mar 1, 2048","-","United States","USD","-0.11"
"FGG60181","FGOLD 30YR 4.5% HLB 150K 2014","Fixed Income","0.08","107.88","978,325.00","1,055,739.13","1,055,739.13","MBS Pass-Through","-","4.50","Jan 1, 2045","-","United States","USD","-0.11"
"FGG18593","FGOLD 15YR 2016 PRODUCTION","Fixed Income","0.08","104.23","998,918.00","1,041,455.96","1,041,455.96","MBS Pass-Through","-","3.50","Mar 1, 2031","-","United States","USD","1.23"
"FN731757","FNMA 30YR 2003 PRODUCTION","Fixed Income","0.07","108.27","925,772.00","1,002,729.10","1,002,729.10","MBS Pass-Through","-","5.00","Aug 1, 2033","-","United States","USD","-0.64"
"FNBM5309","FNMA 20YR 2013 PRODUCTION","Fixed Income","0.07","102.47","974,794.00","999,081.88","999,081.88","MBS Pass-Through","-","3.00","Dec 1, 2035","-","United States","USD","2.70"
"G2BF2571","GNMA2 30YR","Fixed Income","0.07","105.17","934,169.00","982,852.66","982,852.66","MBS Pass-Through","-","4.50","May 20, 2048","-","United States","USD","-0.69"
"FGG06849","FGOLD 30YR 2003 PRODUCTION","Fixed Income","0.07","106.13","902,845.00","958,496.00","958,496.00","MBS Pass-Through","-","4.00","Sep 1, 2035","-","United States","USD","0.35"
"FGJ35926","FGOLD 15YR 3% MLB 125K 2016","Fixed Income","0.07","102.60","904,496.00","928,244.45","928,244.45","MBS Pass-Through","-","3.00","Dec 1, 2031","-","United States","USD","1.86"
"FNMA3462","FNMA 15YR 2018 PRODUCTION","Fixed Income","0.07","103.49","892,294.00","924,865.68","924,865.68","MBS Pass-Through","-","3.50","Sep 1, 2033","-","United States","USD","1.23"
"FGG08731","FGOLD 30YR 2016 PRODUCTION","Fixed Income","0.07","99.74","925,271.00","923,091.48","923,091.48","MBS Pass-Through","-","2.50","Nov 1, 2046","-","United States","USD","4.17"
"FNCA0496","FNMA 30YR 4.5% HLB 150K 2017","Fixed Income","0.07","107.81","851,438.00","918,213.09","918,213.09","MBS Pass-Through","-","4.50","Oct 1, 2047","-","United States","USD","-0.11"
"FNBM1888","FNMA 15YR 2013 PRODUCTION","Fixed Income","0.07","101.22","894,285.00","905,404.59","905,404.59","MBS Pass-Through","-","2.50","Oct 1, 2031","-","United States","USD","2.71"
"FGG16097","FGOLD 15YR 3% MLB 110K 2016","Fixed Income","0.06","102.65","854,081.00","876,905.94","876,905.94","MBS Pass-Through","-","3.00","Dec 1, 2031","-","United States","USD","1.86"
"FNAL5757","FNMA 30YR 3.5% SHLB 175K 2014","Fixed Income","0.06","104.24","829,737.00","865,196.84","865,196.84","MBS Pass-Through","-","3.50","Sep 1, 2044","-","United States","USD","1.53"
"FNBN5237","FNMA 30YR 5.5% SHLB 200K 2018","Fixed Income","0.06","106.76","804,423.00","859,132.93","859,132.93","MBS Pass-Through","-","5.50","Feb 1, 2049","-","United States","USD","0.42"
"G2MA5194","GNMA2 30YR 2017 PRODUCTION","Fixed Income","0.06","104.87","818,531.00","858,736.19","858,736.19","MBS Pass-Through","-","5.00","May 20, 2048","-","United States","USD","-0.82"
"FGG60440","FGOLD 30YR 3.5% HLB 150K 2015","Fixed Income","0.06","104.49","820,269.00","857,373.04","857,373.04","MBS Pass-Through","-","3.50","Mar 1, 2046","-","United States","USD","1.53"
"FGG18620","FGOLD 15YR 2016 PRODUCTION","Fixed Income","0.06","102.33","831,083.00","850,658.70","850,658.70","MBS Pass-Through","-","3.00","Nov 1, 2031","-","United States","USD","1.86"
"G2MA5079","GNMA2 30YR 2017 PRODUCTION","Fixed Income","0.06","105.15","801,519.00","843,119.14","843,119.14","MBS Pass-Through","-","4.50","Mar 20, 2048","-","United States","USD","-0.68"
"FNAS9470","FNMA 30YR 4.5% SHLB 175K 2017","Fixed Income","0.06","107.12","752,295.00","806,127.40","806,127.40","MBS Pass-Through","-","4.50","Apr 1, 2047","-","United States","USD","-0.11"
"FNBM4024","FNMA 30YR 3.5% LLB 85K 2017","Fixed Income","0.06","104.84","753,062.00","789,712.79","789,712.79","MBS Pass-Through","-","3.50","May 1, 2048","-","United States","USD","1.53"
"FNBK7797","FNMA 30YR 2018 PRODUCTION","Fixed Income","0.06","106.09","720,473.00","764,633.72","764,633.72","MBS Pass-Through","-","5.00","Jul 1, 2048","-","United States","USD","-0.64"
"FN890434","FNMA 15YR 3% MLB 125K 2012","Fixed Income","0.06","102.89","734,811.00","756,255.31","756,255.31","MBS Pass-Through","-","3.00","Jul 1, 2027","-","United States","USD","1.86"
"FGJ31951","FGOLD 15YR 2013 PRODUCTION","Fixed Income","0.05","103.68","721,955.00","748,725.91","748,725.91","MBS Pass-Through","-","3.50","Dec 1, 2028","-","United States","USD","1.23"
"FGV82980","FGOLD 30YR 3.5% SHLB 200K 2017","Fixed Income","0.05","103.90","719,465.00","747,740.65","747,740.65","MBS Pass-Through","-","3.50","Feb 1, 2047","-","United States","USD","2.22"
"UM15","UMBS 15YR TBA(REG B)","Fixed Income","0.05","102.42","725,000.00","744,099.22","744,099.22","MBS Pass-Through","US01F0424758","4.50","Jul 18, 2019","-","United States","USD","1.66"
"FGJ12072","FGOLD 15YR 4% MLB 110K 2010","Fixed Income","0.05","106.20","693,976.00","737,243.57","737,243.57","MBS Pass-Through","-","4.00","Apr 1, 2025","-","United States","USD","1.74"
"FGG60919","FGOLD 30YR 2015 PRODUCTION","Fixed Income","0.05","106.19","683,789.00","726,347.61","726,347.61","MBS Pass-Through","-","4.50","Sep 1, 2046","-","United States","USD","-0.10"
"FGJ37580","FGOLD 15YR 3% SHLB 175K 2017","Fixed Income","0.05","102.44","707,783.00","725,261.86","725,261.86","MBS Pass-Through","-","3.00","Jul 1, 2032","-","United States","USD","1.86"
"FNMA2935","FNMA 30YR 3% Jumbo-Conf 2016","Fixed Income","0.05","100.78","693,131.00","698,705.18","698,705.18","MBS Pass-Through","-","3.00","Mar 1, 2047","-","United States","USD","2.70"
"G2784656","GNMA2 30YR PLATINUM","Fixed Income","0.05","105.45","661,785.00","698,111.20","698,111.20","MBS Pass-Through","US3622AABZ63","4.50","Dec 20, 2048","-","United States","USD","-1.84"
"G2784481","GNMA2 30YR PLATINUM","Fixed Income","0.05","103.52","658,985.00","682,390.94","682,390.94","MBS Pass-Through","US3622A26S67","3.50","Apr 20, 2048","-","United States","USD","4.19"
"FNAT2060","FNMA 15YR 2.5% HLB 150K 2013","Fixed Income","0.05","101.90","653,668.00","666,223.62","666,223.62","MBS Pass-Through","-","2.50","Apr 1, 2028","-","United States","USD","2.71"
"FNBH5781","FNMA 15YR 3% LLB 85K 2017","Fixed Income","0.05","102.66","643,521.00","660,769.37","660,769.37","MBS Pass-Through","-","3.00","Nov 1, 2032","-","United States","USD","1.86"
"FNAE9723","FNMA 30YR 5% MLB 110K 2010","Fixed Income","0.05","110.72","590,472.00","653,991.62","653,991.62","MBS Pass-Through","-","5.00","Dec 1, 2040","-","United States","USD","-0.64"
"FNBA3376","FNMA 30YR 3.5% 100% NY 2016","Fixed Income","0.05","104.28","614,457.00","640,908.31","640,908.31","MBS Pass-Through","-","3.50","Mar 1, 2046","-","United States","USD","1.53"
"FGC91957","FGOLD 20YR 2017 PRODUCTION","Fixed Income","0.04","104.98","573,072.00","601,810.22","601,810.22","MBS Pass-Through","-","4.00","Sep 1, 2037","-","United States","USD","0.35"
"GN783781","GNMA 30YR 3.5% FICO <660 2013","Fixed Income","0.04","104.01","564,310.00","587,086.10","587,086.10","MBS Pass-Through","-","3.50","Jun 15, 2043","-","United States","USD","1.65"
"FNAL9872","FNMA 15YR 3% MLB 110K 2016","Fixed Income","0.04","102.59","556,930.00","571,510.02","571,510.02","MBS Pass-Through","-","3.00","Feb 1, 2032","-","United States","USD","1.86"
"FGQ49917","FGOLD 30YR 3.5% FICO <660 2017","Fixed Income","0.04","102.96","529,045.00","544,880.52","544,880.52","MBS Pass-Through","-","3.50","Aug 1, 2047","-","United States","USD","1.53"
"FNBF0200","FNMA 40YR MODIFIED STEP RATE","Fixed Income","0.04","102.68","528,347.00","542,667.70","542,667.70","MBS Pass-Through","US3140FXGJ51","3.50","Nov 1, 2051","-","United States","USD","3.29"
"FNCA2106","FNMA 15YR 3.5% SHLB 200K 2018","Fixed Income","0.04","103.42","512,869.00","530,579.96","530,579.96","MBS Pass-Through","-","3.50","Jul 1, 2033","-","United States","USD","2.08"
"FGG61815","FGOLD 30YR 2015 PRODUCTION","Fixed Income","0.04","104.86","503,718.00","528,362.96","528,362.96","MBS Pass-Through","-","4.00","Oct 1, 2046","-","United States","USD","0.35"
"FNBM4975","FNMA 30YR 2014 PRODUCTION","Fixed Income","0.04","105.11","490,704.00","515,934.75","515,934.75","MBS Pass-Through","-","4.00","Mar 1, 2045","-","United States","USD","0.35"
"FGG67713","FGOLD 30YR 4% SHLB 175K 2017","Fixed Income","0.04","105.79","485,581.00","513,857.04","513,857.04","MBS Pass-Through","-","4.00","Jun 1, 2048","-","United States","USD","0.35"
"FGJ39886","FGOLD 15YR 4% LLB 85K 2018","Fixed Income","0.04","106.39","482,426.00","513,407.94","513,407.94","MBS Pass-Through","-","4.00","Nov 1, 2033","-","United States","USD","1.74"
"FNAR1051","FNMA 30YR 2013 PRODUCTION","Fixed Income","0.04","100.15","509,337.00","510,197.08","510,197.08","MBS Pass-Through","-","2.50","Jan 1, 2043","-","United States","USD","4.17"
"FGG60588","FGOLD 30YR 2010 PRODUCTION","Fixed Income","0.04","107.58","465,929.00","501,433.01","501,433.01","MBS Pass-Through","-","4.50","Aug 1, 2045","-","United States","USD","-0.10"
"G230J","GNMA2 30YR TBA(REG C)","Fixed Income","0.04","104.49","471,000.00","493,521.65","493,521.65","MBS Pass-Through","US21H0506723","5.00","Jul 22, 2019","-","United States","USD","-0.82"
"FGJ35031","FGOLD 15YR 2.5% HLB 150K 2015","Fixed Income","0.03","101.18","422,379.00","427,432.54","427,432.54","MBS Pass-Through","-","2.50","Aug 1, 2031","-","United States","USD","2.71"
"FGJ34650","FGOLD 15YR 2.5% SHLB 175K 2015","Fixed Income","0.03","101.18","411,388.00","416,309.91","416,309.91","MBS Pass-Through","-","2.50","Jun 1, 2031","-","United States","USD","2.71"
"G2784471","GNMA2 30YR PLATINUM","Fixed Income","0.03","103.68","358,327.00","371,612.72","371,612.72","MBS Pass-Through","US3622A26G20","3.50","Aug 20, 2047","-","United States","USD","4.73"
"FGG60733","FGOLD 30YR 4.5% HLB 150K 2015","Fixed Income","0.03","107.94","321,678.00","347,332.79","347,332.79","MBS Pass-Through","-","4.50","Sep 1, 2046","-","United States","USD","-0.11"
"FGJ34523","FGOLD 15YR 2015 PRODUCTION","Fixed Income","0.03","103.65","334,350.00","346,653.27","346,653.27","MBS Pass-Through","-","3.50","May 1, 2031","-","United States","USD","1.23"
"FGV61856","FHLMC GOLD 15YR CASH ISSUANCE","Fixed Income","0.02","106.96","310,349.00","332,043.00","332,043.00","MBS Pass-Through","US3132KGBZ27","4.00","Dec 1, 2032","-","United States","USD","1.56"
"FGJ17508","FGOLD 15YR 2011 PRODUCTION","Fixed Income","0.02","102.32","318,560.00","326,018.93","326,018.93","MBS Pass-Through","-","3.00","Dec 1, 2026","-","United States","USD","1.86"
"FNBM4976","FNMA 30YR 2011 PRODUCTION","Fixed Income","0.02","107.63","296,928.00","319,722.17","319,722.17","MBS Pass-Through","-","5.00","Jan 1, 2044","-","United States","USD","-0.64"
"FNBM1272","FNMA 15YR 3.5% MLB 110K 2016","Fixed Income","0.02","104.39","297,865.00","311,034.25","311,034.25","MBS Pass-Through","-","3.50","May 1, 2032","-","United States","USD","1.23"
"FNAX7646","FNMA 30YR 2014 PRODUCTION","Fixed Income","0.02","108.87","285,693.00","311,149.17","311,149.17","MBS Pass-Through","-","5.00","Dec 1, 2044","-","United States","USD","-0.64"
"G230J","GNMA2 30YR TBA(REG C)","Fixed Income","0.02","100.87","300,000.00","303,044.50","303,044.50","MBS Pass-Through","US21H0226710","2.50","Jul 22, 2019","-","United States","USD","5.01"
"FNCA1988","FNMA 30YR 4.5% Investor 2017","Fixed Income","0.02","105.24","287,109.00","302,274.78","302,274.78","MBS Pass-Through","-","4.50","Jul 1, 2048","-","United States","USD","-0.11"
"FNAC8537","FNMA 15YR 4.5% MLB 110K 2009","Fixed Income","0.02","102.48","281,614.00","288,695.68","288,695.68","MBS Pass-Through","-","4.50","Dec 1, 2024","-","United States","USD","1.66"
"FNBC0475","FNMA 30YR 3.5% FICO <660 2015","Fixed Income","0.02","102.66","272,388.00","279,712.60","279,712.60","MBS Pass-Through","-","3.50","Dec 1, 2045","-","United States","USD","1.53"
"FNBM3931","FNMA 30YR 2012 PRODUCTION","Fixed Income","0.02","102.25","267,520.00","273,599.77","273,599.77","MBS Pass-Through","-","3.00","Mar 1, 2045","-","United States","USD","2.70"
"FNBM5167","FNMA 15YR 2015 PRODUCTION","Fixed Income","0.02","103.59","262,733.00","272,249.80","272,249.80","MBS Pass-Through","-","3.50","Sep 1, 2032","-","United States","USD","1.23"
"FGG16092","FGOLD 15YR 3% HLB 150K 2017","Fixed Income","0.02","102.52","255,103.00","261,601.91","261,601.91","MBS Pass-Through","-","3.00","Mar 1, 2032","-","United States","USD","1.86"
"FNBM1253","FNMA 15YR 3.5% SHLB 175K 2013","Fixed Income","0.02","103.42","249,212.00","257,817.52","257,817.52","MBS Pass-Through","-","3.50","Jul 1, 2030","-","United States","USD","1.23"
"G2004572","GNMA II 30YR SF - JUMBO-CONFORMING","Fixed Income","0.02","103.07","248,863.00","256,605.35","256,605.35","MBS Pass-Through","US36202FCH73","4.50","Nov 20, 2039","-","United States","USD","2.02"
"GN784458","GNMA 30YR PLATINUM","Fixed Income","0.02","103.83","244,833.00","254,272.24","254,272.24","MBS Pass-Through","US3622A25T59","3.50","Dec 15, 2047","-","United States","USD","3.47"
"FNAX7236","FNMA 30YR 5% MLB 110K 2014","Fixed Income","0.02","110.72","229,093.00","253,737.08","253,737.08","MBS Pass-Through","-","5.00","Nov 1, 2044","-","United States","USD","-0.64"
"FNAL8960","FNMA 30YR 2014 PRODUCTION","Fixed Income","0.02","106.58","233,944.00","249,424.38","249,424.38","MBS Pass-Through","-","4.50","May 1, 2046","-","United States","USD","-0.10"
"GN783653","GNMA 30YR 2010 PRODUCTION","Fixed Income","0.02","107.64","227,710.00","245,203.79","245,203.79","MBS Pass-Through","-","5.00","Aug 15, 2040","-","United States","USD","3.55"
"FNAS9463","FNMA 30YR 3.5% HLB 150K 2016","Fixed Income","0.02","104.43","228,682.00","238,883.52","238,883.52","MBS Pass-Through","-","3.50","Apr 1, 2047","-","United States","USD","1.53"
"FNAJ1734","FNMA 15YR 3.5% SHLB 175K 2011","Fixed Income","0.02","103.50","223,379.00","231,252.22","231,252.22","MBS Pass-Through","-","3.50","Sep 1, 2026","-","United States","USD","1.23"
"FNAS8509","FNMA 30YR 3% MLB 110K 2016","Fixed Income","0.02","102.56","222,570.00","228,321.57","228,321.57","MBS Pass-Through","-","3.00","Dec 1, 2046","-","United States","USD","2.70"
"FGG16407","FGOLD 15YR 2.5% MLB 110K 2017","Fixed Income","0.01","101.08","193,056.00","195,182.03","195,182.03","MBS Pass-Through","-","2.50","Jan 1, 2033","-","United States","USD","2.71"
"G2MA3939","GNMA2 30YR 2012 PRODUCTION","Fixed Income","0.01","109.07","167,666.00","182,935.29","182,935.29","MBS Pass-Through","-","4.50","Sep 20, 2046","-","United States","USD","-0.69"
"FGG60948","FGOLD 30YR 3% 100% NY 2016","Fixed Income","0.01","102.34","178,627.00","182,845.35","182,845.35","MBS Pass-Through","-","3.00","Jan 1, 2047","-","United States","USD","2.70"
"FN890294","FNMA 30YR 2007 PRODUCTION","Fixed Income","0.01","110.02","163,739.00","180,217.27","180,217.27","MBS Pass-Through","-","5.50","Jan 1, 2039","-","United States","USD","1.64"
"FGQ02073","FGOLD 30YR 2011 PRODUCTION","Fixed Income","0.01","107.56","166,522.00","179,180.49","179,180.49","MBS Pass-Through","-","4.50","Jul 1, 2041","-","United States","USD","-0.10"
"FGG07939","FGOLD 30YR 2013 PRODUCTION","Fixed Income","0.01","106.89","154,333.00","165,024.07","165,024.07","MBS Pass-Through","-","4.50","Aug 1, 2044","-","United States","USD","-0.10"
"FNAL9740","FNMA 15YR 3% HLB 150K 2016","Fixed Income","0.01","102.50","157,729.00","161,710.83","161,710.83","MBS Pass-Through","-","3.00","Feb 1, 2032","-","United States","USD","1.86"
"FN974965","FNMA 30YR 2008 PRODUCTION","Fixed Income","0.01","107.94","145,643.00","157,271.49","157,271.49","MBS Pass-Through","-","5.00","Apr 1, 2038","-","United States","USD","-0.64"
"FGA87733","FGOLD 30YR 5.0% HLB 150K 2009","Fixed Income","0.01","109.17","135,528.00","148,007.29","148,007.29","MBS Pass-Through","-","5.00","Aug 1, 2039","-","United States","USD","-0.64"
"FNMA2941","FNMA 15YR 2017 PRODUCTION","Fixed Income","0.01","103.60","125,698.00","130,260.15","130,260.15","MBS Pass-Through","-","3.50","Mar 1, 2032","-","United States","USD","1.23"
"FNBN6661","FNMA 15YR","Fixed Income","0.01","100.57","124,003.00","124,861.87","124,861.87","MBS Pass-Through","US3140JPMK80","2.50","May 1, 2034","-","United States","USD","3.02"
"FGA96630","FGOLD 30YR 4.5% M 80-90 LTV 2011","Fixed Income","0.01","107.41","113,459.00","121,906.00","121,906.00","MBS Pass-Through","-","4.50","Feb 1, 2041","-","United States","USD","-0.11"
"FN962002","FNMA 30YR 5.0% HLB 150K 2008","Fixed Income","0.01","109.40","110,604.00","121,051.19","121,051.19","MBS Pass-Through","-","5.00","Mar 1, 2038","-","United States","USD","1.21"
"FNBM3804","FNMA 30YR 2013 PRODUCTION","Fixed Income","0.01","103.83","113,123.00","117,486.17","117,486.17","MBS Pass-Through","-","3.50","Feb 1, 2045","-","United States","USD","1.53"
"G2AJ9335","GNMA2 30YR","Fixed Income","0.01","104.26","108,848.00","113,511.90","113,511.90","MBS Pass-Through","-","3.50","Oct 20, 2044","-","United States","USD","1.04"
"FNAI0634","FNMA 30YR 5% MLB 110K 2011","Fixed Income","0.01","110.72","92,508.00","102,459.95","102,459.95","MBS Pass-Through","-","5.00","Apr 1, 2041","-","United States","USD","-0.64"
"FNAS6539","FNMA 30YR 3.5% MLB 110K 2015","Fixed Income","0.01","104.74","90,829.00","95,164.80","95,164.80","MBS Pass-Through","-","3.50","Jan 1, 2046","-","United States","USD","1.53"
"FGG08528","FGOLD 30YR 2013 PRODUCTION","Fixed Income","0.01","102.30","90,901.00","93,013.00","93,013.00","MBS Pass-Through","-","3.00","Apr 1, 2043","-","United States","USD","2.70"
"FNAC3017","FNMA 30YR 5.0% HLB 150K 2009","Fixed Income","0.01","109.12","71,718.00","78,291.30","78,291.30","MBS Pass-Through","-","5.00","Oct 1, 2039","-","United States","USD","-0.64"
"FGG61890","FGOLD 30YR 2016 PRODUCTION","Fixed Income","0.01","104.65","72,791.00","76,198.26","76,198.26","MBS Pass-Through","-","4.00","Feb 1, 2047","-","United States","USD","0.35"
"FNAS7994","FNMA 15YR 2013 PRODUCTION","Fixed Income","0.01","102.40","71,699.00","73,439.08","73,439.08","MBS Pass-Through","-","3.00","Apr 1, 2031","-","United States","USD","1.86"
"FNBC2464","FNMA 15YR 2016 PRODUCTION","Fixed Income","0.00","103.63","62,891.00","65,195.41","65,195.41","MBS Pass-Through","-","3.50","Feb 1, 2031","-","United States","USD","1.23"
"FNAL9871","FNMA 15YR 3% LLB 85K 2016","Fixed Income","0.00","102.69","63,385.00","65,103.85","65,103.85","MBS Pass-Through","-","3.00","Feb 1, 2032","-","United States","USD","1.86"
"FNBC4430","FNMA 15YR 3% MLB 125K 2015","Fixed Income","0.00","102.58","57,563.00","59,063.21","59,063.21","MBS Pass-Through","-","3.00","Apr 1, 2031","-","United States","USD","1.86"
"FNBE9263","FNMA 30YR 5% SHLB 175K 2017","Fixed Income","0.00","108.59","50,665.00","55,039.97","55,039.97","MBS Pass-Through","-","5.00","Feb 1, 2047","-","United States","USD","-0.64"
"GN784355","GNMA 30YR 4% FICO <660 2015","Fixed Income","0.00","104.44","51,503.00","53,806.70","53,806.70","MBS Pass-Through","-","4.00","Dec 15, 2046","-","United States","USD","0.19"
"FGG61791","FGOLD 30YR 2014 PRODUCTION","Fixed Income","0.00","105.17","48,797.00","51,337.12","51,337.12","MBS Pass-Through","-","4.00","Jul 1, 2046","-","United States","USD","0.35"
"G2BK2856","GNMA2 30YR","Fixed Income","0.00","104.44","47,037.00","49,141.15","49,141.15","MBS Pass-Through","US3617J3E567","4.50","Dec 20, 2048","-","United States","USD","-1.49"
"UM30","UMBS 30YR TBA(REG A)","Fixed Income","0.00","99.65","49,000.00","48,874.37","48,874.37","MBS Pass-Through","US01F0226757","2.50","Jul 15, 2019","-","United States","USD","4.17"
"FGV83598","FGOLD 30YR 3.5% LTV > 90 2017","Fixed Income","0.00","102.96","45,304.00","46,660.02","46,660.02","MBS Pass-Through","-","3.50","Dec 1, 2047","-","United States","USD","1.53"
"FGQ24893","FGOLD 30YR 4.5% FICO <660 2014","Fixed Income","0.00","106.56","42,974.00","45,811.21","45,811.21","MBS Pass-Through","-","4.50","Feb 1, 2044","-","United States","USD","-0.11"
"G2784480","GNMA2 30YR PLATINUM","Fixed Income","0.00","103.52","37,133.00","38,451.69","38,451.69","MBS Pass-Through","US3622A26R84","3.50","Apr 20, 2048","-","United States","USD","4.81"
"FGQ48365","FGOLD 30YR 4.5% FICO <660 2017","Fixed Income","0.00","105.31","36,428.00","38,378.27","38,378.27","MBS Pass-Through","-","4.50","Jun 1, 2047","-","United States","USD","-0.11"
"FGQ09824","FGOLD 30YR 4% M 95-100 LTV 2012","Fixed Income","0.00","105.63","25,121.00","26,544.31","26,544.31","MBS Pass-Through","-","4.00","Aug 1, 2042","-","United States","USD","0.35"
"G2784479","GNMA2 30YR PLATINUM","Fixed Income","0.00","103.52","23,317.00","24,145.58","24,145.58","MBS Pass-Through","US3622A26Q02","3.50","Apr 20, 2048","-","United States","USD","5.50"
"FGQ12052","FGOLD 30YR 2012 PRODUCTION","Fixed Income","0.00","103.98","13,217.00","13,746.07","13,746.07","MBS Pass-Through","-","3.50","Oct 1, 2042","-","United States","USD","1.53"
"UM30","UMBS 30YR TBA(REG A)","Fixed Income","0.00","104.61","-45,000.00","-47,155.50","-47,155.50","MBS Pass-Through","US01F0426738","4.50","Jul 15, 2019","-","United States","USD","-0.10"
"UM30","UMBS 30YR TBA(REG A)","Fixed Income","-0.02","102.49","-269,250.00","-276,323.50","-276,323.50","MBS Pass-Through","US01F0326748","3.50","Jul 15, 2019","-","United States","USD","1.53"
"UM30","UMBS 30YR TBA(REG A)","Fixed Income","-0.04","103.52","-554,000.00","-574,345.96","-574,345.96","MBS Pass-Through","US01F0406771","4.00","Jul 15, 2019","-","United States","USD","0.35"
"UM30","UMBS 30YR TBA(REG A)","Fixed Income","-0.04","105.73","-563,000.00","-596,354.62","-596,354.62","MBS Pass-Through","US01F0506760","5.00","Jul 15, 2019","-","United States","USD","-0.64"
"USD","USD CASH","Cash","-5.10","100.00","-69,597,230.00","-69,597,229.88","-69,597,229.88","Cash and/or Derivatives","-","0.00","-","-","United States","USD","0.00"
 