﻿iShares Edge MSCI Intl Momentum Factor ETF
Inception Date,"Jan 13, 2015"
Fund Holdings as of,"Jul 3, 2019"
Total Net Assets,"150,461,116.64"
Shares Outstanding,"5,000,000.00"
Stock,"-"
Bond,"-"
Cash,"-"
Other,"-"
 
Issuer Ticker,Name,Asset Class,Weight (%),Price,Shares,Market Value,Notional Value,Sector,SEDOL,ISIN,Exchange
"NESN","NESTLE SA","Equity","4.92","103.77","75,631.00","7,848,044.14","7,848,044.14","Consumer Staples","7123870","CH0038863350","Six Swiss Exchange Ag"
"ROG","ROCHE HOLDING PAR AG","Equity","3.07","285.43","17,172.00","4,901,434.41","4,901,434.41","Health Care","7110388","CH0012032048","Six Swiss Exchange Ag"
"NOVN","NOVARTIS AG","Equity","2.93","92.32","50,668.00","4,677,560.00","4,677,560.00","Health Care","7103065","CH0012005267","Six Swiss Exchange Ag"
"SAP","SAP","Equity","2.58","140.32","29,309.00","4,112,618.28","4,112,618.28","Information Technology","4846288","DE0007164600","Xetra"
"1299","AIA GROUP LTD","Equity","2.37","11.12","339,600.00","3,776,479.19","3,776,479.19","Financials","B4TX8S1","HK0000069689","Hong Kong Exchanges And Clearing Ltd"
"MC","LVMH","Equity","2.32","428.70","8,639.00","3,703,513.38","3,703,513.38","Consumer Discretionary","4061412","FR0000121014","Nyse Euronext - Euronext Paris"
"DGE","DIAGEO PLC","Equity","2.04","43.75","74,465.00","3,257,891.97","3,257,891.97","Consumer Staples","0237400","GB0002374006","London Stock Exchange"
"OR","LOREAL SA","Equity","1.65","289.82","9,063.00","2,626,654.38","2,626,654.38","Consumer Staples","4057808","FR0000120321","Nyse Euronext - Euronext Paris"
"RY","ROYAL BANK OF CANADA","Equity","1.59","80.73","31,429.00","2,537,142.51","2,537,142.51","Financials","2754383","CA7800871021","Toronto Stock Exchange"
"IBE","IBERDROLA SA","Equity","1.50","10.16","236,168.00","2,398,429.23","2,398,429.23","Utilities","B288C92","ES0144580Y14","Bolsa De Madrid"
"AIR","AIRBUS GROUP","Equity","1.44","141.74","16,174.00","2,292,515.15","2,292,515.15","Industrials","4012250","NL0000235190","Nyse Euronext - Euronext Paris"
"ALV","ALLIANZ","Equity","1.43","244.58","9,328.00","2,281,469.48","2,281,469.48","Financials","5231485","DE0008404005","Xetra"
"ASML","ASML HOLDING NV","Equity","1.33","214.01","9,932.00","2,125,547.87","2,125,547.87","Information Technology","B929F46","NL0010273215","Euronext Amsterdam"
"UNA","UNILEVER NV","Equity","1.33","62.16","34,185.00","2,124,976.01","2,124,976.01","Consumer Staples","B1527V7","NL0000388619","Euronext Amsterdam"
"ENB","ENBRIDGE INC","Equity","1.31","36.35","57,558.00","2,092,018.27","2,092,018.27","Energy","2466149","CA29250N1050","Toronto Stock Exchange"
"9984","SOFTBANK GROUP CORP","Equity","1.28","47.99","42,400.00","2,034,822.31","2,034,822.31","Communication","6770620","JP3436100006","Tokyo Stock Exchange"
"CNR","CANADIAN NATIONAL RAILWAY","Equity","1.14","94.99","19,186.00","1,822,468.35","1,822,468.35","Industrials","2180632","CA1363751027","Toronto Stock Exchange"
"BHP","BHP GROUP LTD","Equity","1.11","29.59","60,102.00","1,778,331.15","1,778,331.15","Materials","6144690","AU000000BHP4","Asx - All Markets"
"ENEL","ENEL","Equity","1.00","7.23","219,632.00","1,587,760.40","1,587,760.40","Utilities","7144569","IT0003128367","Borsa Italiana"
"SAN","SANOFI SA","Equity","0.98","88.27","17,755.00","1,567,170.93","1,567,170.93","Health Care","5671735","FR0000120578","Nyse Euronext - Euronext Paris"
"TRP","TC ENERGY CORP","Equity","0.97","50.43","30,687.00","1,547,661.58","1,547,661.58","Energy","BJMY6G0","CA87807B1076","Toronto Stock Exchange"
"TD","TORONTO DOMINION","Equity","0.95","59.27","25,504.00","1,511,622.52","1,511,622.52","Financials","2897222","CA8911605092","Toronto Stock Exchange"
"SAF","SAFRAN SA","Equity","0.90","148.29","9,647.00","1,430,604.93","1,430,604.93","Industrials","B058TZ6","FR0000073272","Nyse Euronext - Euronext Paris"
"ULVR","UNILEVER PLC","Equity","0.89","63.86","22,154.00","1,414,704.13","1,414,704.13","Consumer Staples","B10RZP7","GB00B10RZP78","London Stock Exchange"
"GSK","GLAXOSMITHKLINE PLC","Equity","0.87","20.62","67,416.00","1,390,009.76","1,390,009.76","Health Care","0925288","GB0009252882","London Stock Exchange"
"SHOP","SHOPIFY SUBORDINATE VOTING INC CLA","Equity","0.86","313.66","4,352.00","1,365,062.64","1,365,062.64","Information Technology","BX865C7","CA82509L1076","Toronto Stock Exchange"
"BAM.A","BROOKFIELD ASSET MANAGEMENT INC CL","Equity","0.85","49.26","27,616.00","1,360,271.39","1,360,271.39","Financials","2092599","CA1125851040","Toronto Stock Exchange"
"KER","KERING SA","Equity","0.79","594.19","2,121.00","1,260,291.00","1,260,291.00","Consumer Discretionary","5505072","FR0000121485","Nyse Euronext - Euronext Paris"
"AI","AIR LIQUIDE SA","Equity","0.75","139.50","8,586.00","1,197,710.49","1,197,710.49","Materials","B1YXBJ7","FR0000120073","Nyse Euronext - Euronext Paris"
"BN","DANONE SA","Equity","0.74","85.33","13,833.00","1,180,415.07","1,180,415.07","Consumer Staples","B1Y9TB3","FR0000120644","Nyse Euronext - Euronext Paris"
"CSL","CSL LTD","Equity","0.70","152.76","7,283.00","1,112,546.26","1,112,546.26","Health Care","6185495","AU000000CSL8","Asx - All Markets"
"DG","VINCI SA","Equity","0.68","104.22","10,441.00","1,088,145.33","1,088,145.33","Industrials","B1XH026","FR0000125486","Nyse Euronext - Euronext Paris"
"REL","RELX PLC","Equity","0.68","24.79","43,778.00","1,085,391.48","1,085,391.48","Industrials","B2B0DG9","GB00B2B0DG97","London Stock Exchange"
"MUV2","MUENCHENER RUECKVERSICHERUNGS-GESE","Equity","0.67","257.33","4,134.00","1,063,806.42","1,063,806.42","Financials","5294121","DE0008430026","Xetra"
"823","LINK REAL ESTATE INVESTMENT TRUST","Equity","0.66","12.56","84,000.00","1,054,780.99","1,054,780.99","Real Estate","B0PB4M7","HK0823032773","Hong Kong Exchanges And Clearing Ltd"
"EXPN","EXPERIAN PLC","Equity","0.64","30.62","33,284.00","1,019,023.98","1,019,023.98","Industrials","B19NLV4","GB00B19NLV48","London Stock Exchange"
"RI","PERNOD RICARD SA","Equity","0.63","186.14","5,406.00","1,006,298.52","1,006,298.52","Consumer Staples","4682329","FR0000120693","Nyse Euronext - Euronext Paris"
"ADS","ADIDAS N AG","Equity","0.63","314.36","3,180.00","999,661.61","999,661.61","Consumer Discretionary","4031976","DE000A1EWWW0","Xetra"
"BHP","BHP GROUP PLC","Equity","0.62","25.68","38,743.00","995,116.03","995,116.03","Materials","BH0P3Z9","GB00BH0P3Z91","London Stock Exchange"
"ATD.B","ALIMENTATION COUCHE TARD SUB VOTIN","Equity","0.62","65.06","15,105.00","982,676.51","982,676.51","Consumer Staples","2011646","CA01626P4033","Toronto Stock Exchange"
"4568","DAIICHI SANKYO LTD","Equity","0.60","55.48","17,300.00","959,791.22","959,791.22","Health Care","B0J7D91","JP3475350009","Tokyo Stock Exchange"
"3","HONG KONG AND CHINA GAS LTD","Equity","0.58","2.26","407,550.00","920,012.83","920,012.83","Utilities","6436557","HK0003000038","Hong Kong Exchanges And Clearing Ltd"
"6098","RECRUIT HOLDINGS LTD","Equity","0.56","33.67","26,500.00","892,349.45","892,349.45","Industrials","BQRRZ00","JP3970300004","Tokyo Stock Exchange"
"388","HONG KONG EXCHANGES AND CLEARING L","Equity","0.53","35.86","23,400.00","839,176.55","839,176.55","Financials","6267359","HK0388045442","Hong Kong Exchanges And Clearing Ltd"
"WKL","WOLTERS KLUWER NV","Equity","0.52","73.78","11,148.00","822,510.70","822,510.70","Industrials","5671519","NL0000395903","Euronext Amsterdam"
"HEIA","HEINEKEN NV","Equity","0.51","113.44","7,208.00","817,642.96","817,642.96","Consumer Staples","7792559","NL0000009165","Euronext Amsterdam"
"PHIA","KONINKLIJKE PHILIPS NV","Equity","0.51","44.58","18,285.00","815,227.36","815,227.36","Health Care","5986622","NL0000009538","Euronext Amsterdam"
"4452","KAO CORP","Equity","0.51","76.71","10,600.00","813,122.39","813,122.39","Consumer Staples","6483809","JP3205800000","Tokyo Stock Exchange"
"CP","CANADIAN PACIFIC RAILWAY LTD","Equity","0.51","239.13","3,392.00","811,124.23","811,124.23","Industrials","2793115","CA13645T1003","Toronto Stock Exchange"
"CPG","COMPASS GROUP PLC","Equity","0.50","24.54","32,754.00","803,842.79","803,842.79","Consumer Discretionary","BD6K457","GB00BD6K4575","London Stock Exchange"
"7741","HOYA CORP","Equity","0.50","74.80","10,600.00","792,860.72","792,860.72","Health Care","6441506","JP3837800006","Tokyo Stock Exchange"
"16","SUN HUNG KAI PROPERTIES LTD","Equity","0.48","17.28","44,500.00","768,825.76","768,825.76","Real Estate","6859927","HK0016000132","Hong Kong Exchanges And Clearing Ltd"
"GMG","GOODMAN GROUP UNITS","Equity","0.47","10.99","68,317.00","750,819.85","750,819.85","Real Estate","B03FYZ4","AU000000GMG2","Asx - All Markets"
"TCL","TRANSURBAN GROUP STAPLED UNITS","Equity","0.47","10.59","70,278.00","744,204.59","744,204.59","Industrials","6200882","AU000000TCL6","Asx - All Markets"
"DSY","DASSAULT SYSTEMES","Equity","0.46","165.16","4,452.00","735,297.48","735,297.48","Information Technology","5330047","FR0000130650","Nyse Euronext - Euronext Paris"
"RMS","HERMES INTERNATIONAL","Equity","0.46","727.43","1,007.00","732,523.14","732,523.14","Consumer Discretionary","5253973","FR0000052292","Nyse Euronext - Euronext Paris"
"DSM","KONINKILIJKE DSM NV","Equity","0.45","126.80","5,691.00","721,641.91","721,641.91","Materials","B0HZL93","NL0000009827","Euronext Amsterdam"
"ERIC B","ERICSSON B","Equity","0.45","9.66","74,518.00","720,115.96","720,115.96","Information Technology","5959378","SE0000108656","Nasdaq Omx Nordic"
"MQG","MACQUARIE GROUP LTD DEF","Equity","0.45","89.53","8,013.00","717,420.63","717,420.63","Financials","B28YTC2","AU000000MQG1","Asx - All Markets"
"ESSITY B","ESSITY CLASS B","Equity","0.45","31.50","22,684.00","714,625.46","714,625.46","Consumer Staples","BF1K7P7","SE0009922164","Nasdaq Omx Nordic"
"SLHN","SWISS LIFE HOLDING AG","Equity","0.45","498.35","1,431.00","713,141.73","713,141.73","Financials","7437805","CH0014852781","Six Swiss Exchange Ag"
"NXPI","NXP SEMICONDUCTORS NV","Equity","0.44","97.68","7,155.00","698,900.40","698,900.40","Information Technology","B505PN7","NL0009538784","NASDAQ"
"WOW","WOOLWORTHS GROUP LTD","Equity","0.44","23.78","29,256.00","695,723.27","695,723.27","Consumer Staples","6981239","AU000000WOW2","Asx - All Markets"
"9983","FAST RETAILING LTD","Equity","0.43","620.12","1,100.00","682,128.61","682,128.61","Consumer Discretionary","6332439","JP3802300008","Tokyo Stock Exchange"
"4661","ORIENTAL LAND LTD","Equity","0.43","127.96","5,300.00","678,175.74","678,175.74","Consumer Discretionary","6648891","JP3198900007","Tokyo Stock Exchange"
"VIV","VIVENDI SA","Equity","0.41","28.14","23,320.00","656,132.94","656,132.94","Communication","4834777","FR0000127771","Nyse Euronext - Euronext Paris"
"TRI","THOMSON REUTERS CORP","Equity","0.41","66.04","9,913.00","654,678.54","654,678.54","Industrials","BFXPTB0","CA8849037095","Toronto Stock Exchange"
"SIKA","SIKA AG","Equity","0.41","170.17","3,831.00","651,936.31","651,936.31","Materials","BF2DSG3","CH0418792922","Six Swiss Exchange Ag"
"RIO","RIO TINTO LTD","Equity","0.41","75.27","8,586.00","646,287.17","646,287.17","Materials","6220103","AU000000RIO1","Asx - All Markets"
"GIB.A","CGI INC","Equity","0.40","78.54","8,056.00","632,718.52","632,718.52","Information Technology","BJ2L575","CA12532H1047","Toronto Stock Exchange"
"VWS","VESTAS WIND SYSTEMS","Equity","0.40","89.48","7,049.00","630,778.23","630,778.23","Industrials","5964651","DK0010268606","Omx Nordic Exchange Copenhagen A/S"
"CSU","CONSTELLATION SOFTWARE INC","Equity","0.38","955.71","636.00","607,832.72","607,832.72","Information Technology","B15C4L6","CA21037X1006","Toronto Stock Exchange"
"ATCO A","ATLAS COPCO CLASS A","Equity","0.38","32.26","18,815.00","606,880.09","606,880.09","Industrials","BD97BN2","SE0011166610","Nasdaq Omx Nordic"
"GIVN","GIVAUDAN SA","Equity","0.37","2,807.16","212.00","595,117.89","595,117.89","Materials","5980613","CH0010645932","Six Swiss Exchange Ag"
"INVE B","INVESTOR B","Equity","0.35","48.96","11,501.00","563,117.71","563,117.71","Financials","5679591","SE0000107419","Nasdaq Omx Nordic"
"AMS","AMADEUS IT GROUP SA","Equity","0.35","80.41","6,900.00","554,860.27","554,860.27","Information Technology","B3MSM28","ES0109067019","Bolsa De Madrid"
"LSE","LONDON STOCK EXCHANGE GROUP PLC","Equity","0.34","72.39","7,512.00","543,778.70","543,778.70","Financials","B0SWJX3","GB00B0SWJX34","London Stock Exchange"
"8766","TOKIO MARINE HOLDINGS INC","Equity","0.34","51.19","10,600.00","542,638.95","542,638.95","Financials","6513126","JP3910660004","Tokyo Stock Exchange"
"NTR","NUTRIEN LTD","Equity","0.33","53.61","9,964.00","534,205.97","534,205.97","Materials","BDRJLN0","CA67077M1086","Toronto Stock Exchange"
"WES","WESFARMERS LTD","Equity","0.33","25.60","20,299.00","519,688.74","519,688.74","Consumer Discretionary","6948836","AU000000WES1","Asx - All Markets"
"SREN","SWISS RE AG","Equity","0.32","102.94","5,035.00","518,282.54","518,282.54","Financials","B545MG5","CH0126881561","Six Swiss Exchange Ag"
"ASX","ASX LTD","Equity","0.32","59.48","8,536.00","507,716.66","507,716.66","Financials","6129222","AU000000ASX7","Asx - All Markets"
"4911","SHISEIDO LTD","Equity","0.32","74.28","6,800.00","505,094.18","505,094.18","Consumer Staples","6805265","JP3351600006","Tokyo Stock Exchange"
"TSCO","TESCO PLC","Equity","0.31","2.94","170,077.00","499,555.16","499,555.16","Consumer Staples","0884709","GB0008847096","London Stock Exchange"
"SAND","SANDVIK","Equity","0.31","18.33","27,083.00","496,542.27","496,542.27","Industrials","B1VQ252","SE0000667891","Nasdaq Omx Nordic"
"CCEP","COCA COLA EUROPEAN PARTNERS PLC","Equity","0.31","57.89","8,533.00","493,975.37","493,975.37","Consumer Staples","BYQQ3P5","GB00BDCPN049","New York Stock Exchange Inc."
"6981","MURATA MANUFACTURING LTD","Equity","0.31","46.08","10,600.00","488,443.91","488,443.91","Information Technology","6610403","JP3914400001","Tokyo Stock Exchange"
"KNEBV","KONE","Equity","0.30","59.23","8,162.00","483,417.92","483,417.92","Industrials","B09M9D2","FI0009013403","Nasdaq Omx Helsinki Ltd."
"CARL B","CARLSBERG AS CL B","Equity","0.30","138.88","3,445.00","478,451.25","478,451.25","Consumer Staples","4169219","DK0010181759","Omx Nordic Exchange Copenhagen A/S"
"ML","MICHELIN","Equity","0.30","125.73","3,763.00","473,130.71","473,130.71","Consumer Discretionary","4588364","FR0000121261","Nyse Euronext - Euronext Paris"
"QSR","RESTAURANTS BRANDS INTERNATIONAL I","Equity","0.29","70.67","6,625.00","468,218.99","468,218.99","Consumer Discretionary","BTF8CF0","CA76131D1033","Toronto Stock Exchange"
"FTS","FORTIS INC","Equity","0.29","39.92","11,660.00","465,508.73","465,508.73","Utilities","2347200","CA3495531079","Toronto Stock Exchange"
"FER","FERROVIAL SA","Equity","0.29","26.05","17,861.00","465,260.89","465,260.89","Industrials","B038516","ES0118900010","Bolsa De Madrid"
"9735","SECOM LTD","Equity","0.29","86.09","5,300.00","456,280.97","456,280.97","Industrials","6791591","JP3421800008","Tokyo Stock Exchange"
"HLMA","HALMA PLC","Equity","0.28","26.31","17,278.00","454,531.00","454,531.00","Information Technology","0405207","GB0004052071","London Stock Exchange"
"DSV","DSV","Equity","0.28","98.31","4,617.00","453,908.05","453,908.05","Industrials","B1WT5G2","DK0060079531","Omx Nordic Exchange Copenhagen A/S"
"KRZ","KERRY GROUP PLC","Equity","0.28","118.34","3,816.00","451,596.64","451,596.64","Consumer Staples","4519579","IE0004906560","Irish Stock Exchange - All Market"
"ORSTED","ORSTED","Equity","0.28","91.36","4,876.00","445,467.10","445,467.10","Utilities","BYT16L4","DK0060094928","Omx Nordic Exchange Copenhagen A/S"
"VNA","VONOVIA SE","Equity","0.28","49.99","8,904.00","445,096.06","445,096.06","Real Estate","BBJPFY1","DE000A1ML7J1","Xetra"
"288","WH GROUP LTD","Equity","0.28","1.05","424,500.00","443,747.19","443,747.19","Consumer Staples","BLLHKZ1","KYG960071028","Hong Kong Exchanges And Clearing Ltd"
"LONN","LONZA GROUP AG","Equity","0.27","337.20","1,272.00","428,923.48","428,923.48","Health Care","7333378","CH0013841017","Six Swiss Exchange Ag"
"PPL","PEMBINA PIPELINE CORP","Equity","0.27","37.65","11,236.00","423,073.08","423,073.08","Energy","B4PT2P8","CA7063271034","Toronto Stock Exchange"
"EDEN","EDENRED SA","Equity","0.27","51.48","8,215.00","422,887.54","422,887.54","Industrials","B62G1B5","FR0010908533","Nyse Euronext - Euronext Paris"
"COLO B","COLOPLAST B","Equity","0.26","120.68","3,498.00","422,150.99","422,150.99","Health Care","B8FMRX8","DK0060448595","Omx Nordic Exchange Copenhagen A/S"
"4755","RAKUTEN INC","Equity","0.26","11.30","37,100.00","419,298.51","419,298.51","Consumer Discretionary","6229597","JP3967200001","Tokyo Stock Exchange"
"669","TECHTRONIC INDUSTRIES LTD","Equity","0.26","7.84","53,000.00","415,353.04","415,353.04","Industrials","B0190C7","HK0669013440","Hong Kong Exchanges And Clearing Ltd"
"DB1","DEUTSCHE BOERSE AG","Equity","0.26","145.98","2,815.00","410,941.05","410,941.05","Financials","7021963","DE0005810055","Xetra"
"AD","KONINKLIJKE AHOLD DELHAIZE NV","Equity","0.26","22.90","17,914.00","410,256.49","410,256.49","Consumer Staples","BD0Q398","NL0011794037","Euronext Amsterdam"
"RACE","FERRARI NV","Equity","0.26","167.64","2,438.00","408,713.85","408,713.85","Consumer Discretionary","BD6G507","NL0011585146","Borsa Italiana"
"MTX","MTU AERO ENGINES HOLDING AG","Equity","0.25","241.76","1,643.00","397,215.86","397,215.86","Industrials","B09DHL9","DE000A0D9PT0","Xetra"
"SOON","SONOVA HOLDING AG","Equity","0.24","226.76","1,696.00","384,590.64","384,590.64","Health Care","7156036","CH0012549785","Six Swiss Exchange Ag"
"FMG","FORTESCUE METALS GROUP LTD","Equity","0.24","6.61","57,823.00","382,187.48","382,187.48","Materials","6086253","AU000000FMG4","Asx - All Markets"
"6702","FUJITSU LTD","Equity","0.24","72.07","5,300.00","381,971.79","381,971.79","Information Technology","6356945","JP3818000006","Tokyo Stock Exchange"
"DXS","DEXUS STAPLED UNITS","Equity","0.24","9.49","39,750.00","377,327.87","377,327.87","Real Estate","B033YN6","AU000000DXS1","Asx - All Markets"
"NICE","NICE LTD","Equity","0.23","141.35","2,650.00","374,588.48","374,588.48","Information Technology","6647133","IL0002730112","Tel Aviv Stock Exchange"
"SN.","SMITH AND NEPHEW PLC","Equity","0.23","22.12","16,854.00","372,868.51","372,868.51","Health Care","0922320","GB0009223206","London Stock Exchange"
"8951","NIPPON BUILDING FUND REIT INC","Equity","0.23","6,949.99","53.00","368,349.26","368,349.26","Real Estate","6396800","JP3027670003","Tokyo Stock Exchange"
"66","MTR CORP LTD","Equity","0.23","6.85","53,000.00","363,009.04","363,009.04","Industrials","6290054","HK0066009694","Hong Kong Exchanges And Clearing Ltd"
"KL","KIRKLAND LAKE GOLD LTD","Equity","0.23","42.33","8,480.00","358,969.92","358,969.92","Materials","BD4G349","CA49741E1007","Toronto Stock Exchange"
"7733","OLYMPUS CORP","Equity","0.22","11.13","31,800.00","354,087.41","354,087.41","Health Care","6658801","JP3201200007","Tokyo Stock Exchange"
"SY1","SYMRISE AG","Equity","0.22","95.94","3,657.00","350,844.81","350,844.81","Materials","B1JB4K8","DE000SYM9999","Xetra"
"NESTE","NESTE","Equity","0.22","34.24","10,176.00","348,419.65","348,419.65","Energy","B06YV46","FI0009013296","Nasdaq Omx Helsinki Ltd."
"III","3I GROUP PLC","Equity","0.22","14.55","23,731.00","345,386.56","345,386.56","Financials","B1YW440","GB00B1YW4409","London Stock Exchange"
"NCM","NEWCREST MINING LTD","Equity","0.22","22.50","15,264.00","343,452.21","343,452.21","Materials","6637101","AU000000NCM7","Asx - All Markets"
"BXB","BRAMBLES LTD","Equity","0.21","8.96","38,213.00","342,317.06","342,317.06","Industrials","B1FJ0C0","AU000000BXB1","Asx - All Markets"
"CHKP","CHECK POINT SOFTWARE TECHNOLOGIES","Equity","0.21","119.47","2,862.00","341,923.14","341,923.14","Information Technology","2181334","IL0010824113","NASDAQ"
"6502","TOSHIBA CORP","Equity","0.21","32.15","10,600.00","340,809.13","340,809.13","Industrials","6897217","JP3592200004","Tokyo Stock Exchange"
"SPX","SPIRAX-SARCO ENGINEERING PLC","Equity","0.21","118.09","2,862.00","337,979.88","337,979.88","Industrials","BWFGQN1","GB00BWFGQN14","London Stock Exchange"
"SGE","SAGE GROUP PLC","Equity","0.21","10.31","32,065.00","330,483.86","330,483.86","Information Technology","B8C3BL0","GB00B8C3BL03","London Stock Exchange"
"TEP","TELEPERFORMANCE","Equity","0.21","201.04","1,643.00","330,302.69","330,302.69","Industrials","5999330","FR0000051807","Nyse Euronext - Euronext Paris"
"12","HENDERSON LAND DEVELOPMENT LTD","Equity","0.20","5.65","57,500.00","324,873.34","324,873.34","Real Estate","6420538","HK0012000102","Hong Kong Exchanges And Clearing Ltd"
"4543","TERUMO CORP","Equity","0.20","30.08","10,600.00","318,875.38","318,875.38","Health Care","6885074","JP3546800008","Tokyo Stock Exchange"
"8113","UNICHARM CORP","Equity","0.20","29.78","10,600.00","315,629.58","315,629.58","Consumer Staples","6911485","JP3951600000","Tokyo Stock Exchange"
"RWE","RWE AG","Equity","0.20","25.55","12,296.00","314,194.74","314,194.74","Utilities","4768962","DE0007037129","Xetra"
"HEIO","HEINEKEN HOLDING NV","Equity","0.20","107.68","2,915.00","313,892.79","313,892.79","Consumer Staples","B0CCH46","NL0000008977","Euronext Amsterdam"
"L","LOBLAW COMPANIES LTD","Equity","0.20","51.40","6,095.00","313,264.13","313,264.13","Consumer Staples","2521800","CA5394811015","Toronto Stock Exchange"
"MCRO","MICRO FOCUS INTERNATIONAL PLC","Equity","0.20","27.09","11,554.00","312,949.66","312,949.66","Information Technology","BJ1F4N7","GB00BJ1F4N75","London Stock Exchange"
"TEMN","TEMENOS AG","Equity","0.19","180.01","1,696.00","305,298.92","305,298.92","Information Technology","7147892","CH0012453913","Six Swiss Exchange Ag"
"CAE","CAE INC","Equity","0.19","27.74","10,872.00","301,582.17","301,582.17","Industrials","2162760","CA1247651088","Toronto Stock Exchange"
"RTO","RENTOKIL INITIAL PLC","Equity","0.19","5.17","58,141.00","300,570.05","300,570.05","Industrials","B082RF1","GB00B082RF11","London Stock Exchange"
"VIE","VEOLIA ENVIRON. SA","Equity","0.19","25.19","11,925.00","300,409.70","300,409.70","Utilities","4031879","FR0000124141","Nyse Euronext - Euronext Paris"
"4684","OBIC LTD","Equity","0.19","115.15","2,600.00","299,396.86","299,396.86","Information Technology","6136749","JP3173400007","Tokyo Stock Exchange"
"ACS","ACS ACTIVIDADES DE CONSTRUCCION Y","Equity","0.18","41.46","6,996.00","290,050.75","290,050.75","Industrials","B01FLQ6","ES0167050915","Bolsa De Madrid"
"SRG","SNAM","Equity","0.18","5.14","56,392.00","289,973.74","289,973.74","Utilities","7251470","IT0003153415","Borsa Italiana"
"4587","PEPTIDREAM INC","Equity","0.18","53.82","5,300.00","285,237.08","285,237.08","Health Care","B97SH97","JP3836750004","Tokyo Stock Exchange"
"PGHN","PARTNERS GROUP HOLDING AG","Equity","0.18","791.24","358.00","283,263.12","283,263.12","Financials","B119QG0","CH0024608827","Six Swiss Exchange Ag"
"ATL","ATLANTIA","Equity","0.18","26.60","10,547.00","280,568.94","280,568.94","Industrials","7667163","IT0003506190","Borsa Italiana"
"AUTO","AUTO TRADER GROUP PLC","Equity","0.18","6.96","40,227.00","279,975.98","279,975.98","Communication","BVYVFW2","GB00BVYVFW23","London Stock Exchange"
"OCDO","OCADO GROUP PLC","Equity","0.18","15.33","18,240.00","279,561.93","279,561.93","Consumer Discretionary","B3MBS74","GB00B3MBS747","London Stock Exchange"
"WEED","CANOPY GROWTH CORP","Equity","0.17","40.91","6,678.00","273,194.39","273,194.39","Health Care","BYTN3W0","CA1380351009","Toronto Stock Exchange"
"QBE","QBE INSURANCE GROUP LTD","Equity","0.17","8.33","32,595.00","271,363.02","271,363.02","Financials","6715740","AU000000QBE9","Asx - All Markets"
"MGR","MIRVAC GROUP STAPLED UNITS","Equity","0.17","2.26","120,045.00","270,954.95","270,954.95","Real Estate","6161978","AU000000MGR9","Asx - All Markets"
"SGSN","SGS SA","Equity","0.17","2,549.57","106.00","270,254.04","270,254.04","Industrials","4824778","CH0002497458","Six Swiss Exchange Ag"
"4901","FUJIFILM HOLDINGS CORP","Equity","0.17","50.68","5,300.00","268,614.64","268,614.64","Information Technology","6356525","JP3814000000","Tokyo Stock Exchange"
"7747","ASAHI INTECC LTD","Equity","0.17","24.97","10,600.00","264,680.34","264,680.34","Health Care","B019MQ5","JP3110650003","Tokyo Stock Exchange"
"7832","BANDAI NAMCO HOLDINGS INC","Equity","0.16","49.27","5,300.00","261,139.46","261,139.46","Consumer Discretionary","B0JDQD4","JP3778630008","Tokyo Stock Exchange"
"ATCO B","ATLAS COPCO CLASS B","Equity","0.16","28.81","9,010.00","259,563.85","259,563.85","Industrials","BD97BS7","SE0011166628","Nasdaq Omx Nordic"
"9041","KINTETSU GROUP HOLDINGS LTD","Equity","0.16","48.81","5,300.00","258,680.52","258,680.52","Industrials","6492968","JP3260800002","Tokyo Stock Exchange"
"17","NEW WORLD DEVELOPMENT LTD","Equity","0.16","1.63","159,000.00","258,592.96","258,592.96","Real Estate","6633767","HK0017000149","Hong Kong Exchanges And Clearing Ltd"
"SW","SODEXO SA","Equity","0.16","118.68","2,173.00","257,894.64","257,894.64","Consumer Discretionary","7062713","FR0000121220","Nyse Euronext - Euronext Paris"
"7951","YAMAHA CORP","Equity","0.16","48.25","5,300.00","255,729.79","255,729.79","Consumer Discretionary","6642387","JP3942600002","Tokyo Stock Exchange"
"MRU","METRO INC","Equity","0.16","37.65","6,731.00","253,444.72","253,444.72","Consumer Staples","2583952","CA59162N1096","Toronto Stock Exchange"
"OTEX","OPEN TEXT CORP","Equity","0.16","42.31","5,936.00","251,142.82","251,142.82","Information Technology","2260824","CA6837151068","Toronto Stock Exchange"
"GIL","GILDAN ACTIVEWEAR INC","Equity","0.16","39.34","6,360.00","250,219.15","250,219.15","Consumer Discretionary","2254645","CA3759161035","Toronto Stock Exchange"
"CLNX","CELLNEX TELECOM SA","Equity","0.16","37.41","6,625.00","247,837.63","247,837.63","Communication","BX90C05","ES0105066007","Bolsa De Madrid"
"BALN","BALOISE HOLDING AG","Equity","0.16","179.81","1,378.00","247,775.87","247,775.87","Financials","7124594","CH0012410517","SIX Swiss Exchange"
"CPR","DAVIDE CAMPARI MILANO","Equity","0.15","10.19","23,641.00","240,835.47","240,835.47","Consumer Staples","BZ4CMZ5","IT0005252207","Borsa Italiana"
"STMN","STRAUMANN HOLDING AG","Equity","0.15","899.35","265.00","238,326.66","238,326.66","Health Care","7156832","CH0012280076","SIX Swiss Exchange"
"9602","TOHO (TOKYO) LTD","Equity","0.15","44.35","5,300.00","235,074.70","235,074.70","Communication","6895200","JP3598600009","Tokyo Stock Exchange"
"PST","POSTE ITALIANE","Equity","0.15","10.93","21,465.00","234,650.52","234,650.52","Financials","BYYN701","IT0003796171","Borsa Italiana"
"CYBR","CYBER ARK SOFTWARE LTD","Equity","0.15","129.36","1,803.00","233,236.08","233,236.08","Information Technology","BQT3XY6","IL0011334468","NASDAQ"
"GET","GETLINK","Equity","0.15","15.96","14,575.00","232,665.43","232,665.43","Industrials","B292JQ9","FR0010533075","Nyse Euronext - Euronext Paris"
"MRK","MERCK","Equity","0.14","107.56","2,120.00","228,022.58","228,022.58","Health Care","4741844","DE0006599905","Xetra"
"WPM","WHEATON PRECIOUS METALS CORP","Equity","0.14","23.98","9,487.00","227,484.95","227,484.95","Materials","BF13KN5","CA9628791027","Toronto Stock Exchange"
"HNR1","HANNOVER RUECK","Equity","0.14","166.29","1,325.00","220,333.34","220,333.34","Financials","4511809","DE0008402215","Xetra"
"1928","SANDS CHINA LTD","Equity","0.14","5.10","42,800.00","218,213.30","218,213.30","Consumer Discretionary","B5B23W2","KYG7800X1079","Hong Kong Exchanges And Clearing Ltd"
"ATM","THE A2 MILK COMPANY LTD","Equity","0.13","10.11","21,200.00","214,341.82","214,341.82","Consumer Staples","6287250","NZATME0002S8","New Zealand Exchange Ltd"
"TRN","TERNA RETE ELETTRICA NAZIONALE","Equity","0.13","6.62","31,800.00","210,587.25","210,587.25","Utilities","B01BN57","IT0003242622","Borsa Italiana"
"NTGY","NATURGY ENERGY SA","Equity","0.13","28.08","7,473.00","209,839.25","209,839.25","Utilities","5650422","ES0116870314","Bolsa De Madrid"
"6965","HAMAMATSU PHOTONICS","Equity","0.13","39.44","5,300.00","209,009.93","209,009.93","Information Technology","6405870","JP3771800004","Tokyo Stock Exchange"
"AHT","ASHTEAD GROUP PLC","Equity","0.13","29.37","7,004.00","205,723.55","205,723.55","Industrials","0053673","GB0000536739","London Stock Exchange"
"HEXA B","HEXAGON B","Equity","0.13","56.09","3,657.00","205,128.91","205,128.91","Information Technology","B1XFTL2","SE0000103699","Nasdaq Omx Nordic"
"ELE","ENDESA SA","Equity","0.13","26.47","7,738.00","204,797.00","204,797.00","Utilities","5271782","ES0130670112","Bolsa De Madrid"
"SGRO","SEGRO REIT PLC","Equity","0.13","9.44","21,388.00","201,953.00","201,953.00","Real Estate","B5ZN1N8","GB00B5ZN1N88","London Stock Exchange"
"KRX","KINGSPAN GROUP PLC","Equity","0.13","55.89","3,604.00","201,422.34","201,422.34","Industrials","4491235","IE0004927939","Irish Stock Exchange - All Market"
"ADYEN","ADYEN NV","Equity","0.12","751.57","265.00","199,166.99","199,166.99","Information Technology","BZ1HM42","NL0012969182","Euronext Amsterdam"
"LUMI","BANK LEUMI LE ISRAEL","Equity","0.12","7.32","27,017.00","197,874.61","197,874.61","Financials","6076425","IL0006046119","Tel Aviv Stock Exchange"
"6701","NEC CORP","Equity","0.12","40.87","4,800.00","196,195.60","196,195.60","Information Technology","6640400","JP3733000008","Tokyo Stock Exchange"
"TRYG","TRYG","Equity","0.12","33.31","5,709.00","190,195.01","190,195.01","Financials","BXDZ972","DK0060636678","Omx Nordic Exchange Copenhagen A/S"
"WIX","WIX.COM LTD","Equity","0.12","143.53","1,325.00","190,177.25","190,177.25","Information Technology","BFZCHN7","IL0011301780","NASDAQ"
"HL.","HARGREAVES LANSDOWN PLC","Equity","0.12","25.35","7,465.00","189,253.68","189,253.68","Financials","B1VZ0M2","GB00B1VZ0M25","London Stock Exchange"
"QBR.B","QUEBECOR INC CLASS B","Equity","0.12","24.05","7,844.00","188,627.74","188,627.74","Communication","2715777","CA7481932084","Toronto Stock Exchange"
"QIA","QIAGEN NV","Equity","0.12","40.79","4,558.00","185,938.61","185,938.61","Health Care","BYXS699","NL0012169213","Xetra"
"USD","USD CASH","Cash","0.12","100.00","184,730.00","184,729.94","184,729.94","Cash and/or Derivatives","-","-","-"
"CHR","CHR HANSEN HOLDING","Equity","0.12","99.04","1,855.00","183,715.28","183,715.28","Materials","B573M11","DK0060227585","Omx Nordic Exchange Copenhagen A/S"
"BCE","BCE INC","Equity","0.11","46.18","3,922.00","181,132.99","181,132.99","Communication","B188TH2","CA05534B7604","Toronto Stock Exchange"
"8960","UNITED URBAN INVESTMENT REIT CORP","Equity","0.11","1,692.49","106.00","179,404.29","179,404.29","Real Estate","6723839","JP3045540006","Tokyo Stock Exchange"
"GPT","GPT GROUP STAPLED UNITS","Equity","0.11","4.42","40,227.00","177,916.52","177,916.52","Real Estate","6365866","AU000000GPT8","Asx - All Markets"
"SRT3","SARTORIUS PREF AG","Equity","0.11","207.13","848.00","175,644.83","175,644.83","Health Care","5843329","DE0007165631","Xetra"
"EPI A","EPIROC CLASS A","Equity","0.11","10.34","16,907.00","174,820.19","174,820.19","Industrials","BDZV116","SE0011166933","Nasdaq Omx Nordic"
"CHF","CHF CASH","Cash","0.11","101.41","171,613.00","174,040.81","174,040.81","Cash and/or Derivatives","-","-","-"
"A17U","ASCENDAS REAL ESTATE INVESTMENT TR","Equity","0.11","2.32","74,200.00","172,354.55","172,354.55","Real Estate","6563875","SG1M77906915","Singapore Exchange"
"6823","HKT TRUST AND HKT UNITS LTD","Equity","0.11","1.61","107,000.00","171,825.82","171,825.82","Communication","B4TXDZ3","HK0000093390","Hong Kong Exchanges And Clearing Ltd"
"WLN","WORLDLINE SA","Equity","0.11","72.20","2,332.00","168,374.13","168,374.13","Information Technology","BNFWR44","FR0011981968","Nyse Euronext - Euronext Paris"
"GJF","GJENSIDIGE FORSIKRING","Equity","0.10","20.24","8,215.00","166,272.20","166,272.20","Financials","B4PH0C5","NO0010582521","Oslo Bors Asa"
"CCH","COCA COLA HBC AG","Equity","0.10","38.62","4,293.00","165,789.92","165,789.92","Consumer Staples","B9895B7","CH0198251305","London Stock Exchange"
"PUM","PUMA","Equity","0.10","67.41","2,438.00","164,338.17","164,338.17","Consumer Discretionary","5064722","DE0006969603","Xetra"
"TEL2 B","TELE2 B","Equity","0.10","14.62","11,203.00","163,836.32","163,836.32","Communication","B97C733","SE0005190238","Nasdaq Omx Nordic"
"AIA","AUCKLAND INTERNATIONAL AIRPORT LTD","Equity","0.10","6.45","24,963.00","161,112.65","161,112.65","Industrials","BKX3XG2","NZAIAE0002S6","New Zealand Exchange Ltd"
"MEL","MERIDIAN ENERGY LTD","Equity","0.10","3.13","50,827.00","159,246.23","159,246.23","Utilities","BWFD052","NZMELE0002S7","New Zealand Exchange Ltd"
"DSCT","ISRAEL DISCOUNT BANK LTD","Equity","0.10","4.17","37,306.00","155,430.78","155,430.78","Financials","6451271","IL0006912120","Tel Aviv Stock Exchange"
"FBK","FINECOBANK BANCA FINECO","Equity","0.10","11.70","13,250.00","155,085.37","155,085.37","Financials","BNGN9Z1","IT0000072170","Borsa Italiana"
"AGS","AGEAS SA","Equity","0.10","53.15","2,862.00","152,107.13","152,107.13","Financials","B86S2N0","BE0974264930","Nyse Euronext - Euronext Brussels"
"9143","SG HOLDINGS LTD","Equity","0.09","28.35","5,300.00","150,241.25","150,241.25","Industrials","BFFY885","JP3162770006","Tokyo Stock Exchange"
"VER","VERBUND AG","Equity","0.09","53.36","2,809.00","149,892.44","149,892.44","Utilities","4661607","AT0000746409","Wiener Boerse Ag"
"6857","ADVANTEST CORP","Equity","0.09","28.07","5,300.00","148,765.89","148,765.89","Information Technology","6870490","JP3122400009","Tokyo Stock Exchange"
"AFX","CARL ZEISS MEDITEC AG","Equity","0.09","99.62","1,484.00","147,829.62","147,829.62","Health Care","5922961","DE0005313704","Xetra"
"NXT","NEXT PLC","Equity","0.09","68.74","2,120.00","145,738.84","145,738.84","Consumer Discretionary","3208986","GB0032089863","London Stock Exchange"
"4217","HITACHI CHEMICAL LTD","Equity","0.09","27.12","5,300.00","143,749.65","143,749.65","Materials","6429126","JP3785000005","Tokyo Stock Exchange"
"CRON","CRONOS GROUP INC","Equity","0.09","15.34","9,275.00","142,288.74","142,288.74","Health Care","BF01YS3","CA22717L1013","Toronto Stock Exchange"
"FPH","FISHER AND PAYKEL HEALTHCARE CORPO","Equity","0.09","10.87","13,058.00","141,921.92","141,921.92","Health Care","6340250","NZFAPE0001S2","New Zealand Exchange Ltd"
"SAP","SAPUTO INC","Equity","0.09","30.32","4,664.00","141,426.24","141,426.24","Consumer Staples","2112226","CA8029121057","Toronto Stock Exchange"
"CRDA","CRODA INTERNATIONAL PLC","Equity","0.09","62.04","2,256.00","139,953.43","139,953.43","Materials","BJFFLV0","GB00BJFFLV09","London Stock Exchange"
"COLR","ETABLISSEMENTEN FRANZ COLRUYT NV","Equity","0.09","58.28","2,385.00","138,998.35","138,998.35","Consumer Staples","5806225","BE0974256852","Nyse Euronext - Euronext Brussels"
"C38U","CAPITALAND MALL TRUST","Equity","0.09","2.00","68,900.00","137,688.22","137,688.22","Real Estate","6420129","SG1M51904654","Singapore Exchange"
"MONC","MONCLER","Equity","0.09","43.43","3,127.00","135,817.41","135,817.41","Consumer Discretionary","BGLP232","IT0004965148","Borsa Italiana"
"2784","ALFRESA HOLDINGS CORP","Equity","0.08","25.56","5,300.00","135,487.61","135,487.61","Health Care","6687214","JP3126340003","Tokyo Stock Exchange"
"DIM","SARTORIUS STEDIM BIOTECH SA","Equity","0.08","156.59","848.00","132,785.96","132,785.96","Health Care","BYZ2QP5","FR0013154002","Nyse Euronext - Euronext Paris"
"KBX","KNORR BREMSE AG","Equity","0.08","108.70","1,219.00","132,501.95","132,501.95","Industrials","BD2P9X9","DE000KBX1006","Xetra"
"9007","ODAKYU ELECTRIC RAILWAY LTD","Equity","0.08","24.74","5,300.00","131,110.70","131,110.70","Industrials","6656106","JP3196000008","Tokyo Stock Exchange"
"SGRE","SIEMENS GAMESA RENEWABLE ENERGY SA","Equity","0.08","17.04","7,579.00","129,108.76","129,108.76","Industrials","B01CP21","ES0143416115","Bolsa De Madrid"
"LUPE","LUNDIN PETROLEUM","Equity","0.08","30.95","4,081.00","126,287.19","126,287.19","Energy","7187627","SE0000825820","Nasdaq Omx Nordic"
"STO","SANTOS LTD","Equity","0.08","4.85","25,811.00","125,228.13","125,228.13","Energy","6776703","AU000000STO6","Asx - All Markets"
"2002","NISSHIN SEIFUN GROUP INC","Equity","0.08","23.23","5,300.00","123,143.73","123,143.73","Consumer Staples","6640961","JP3676800000","Tokyo Stock Exchange"
"ACB","AURORA CANNABIS INC","Equity","0.08","7.64","15,688.00","119,915.92","119,915.92","Health Care","BTGWJY9","CA05156X1087","Toronto Stock Exchange"
"F34","WILMAR INTERNATIONAL LTD","Equity","0.07","2.76","42,400.00","116,935.33","116,935.33","Consumer Staples","B17KC69","SG1T56930848","Singapore Exchange"
"H","HYDRO ONE LTD","Equity","0.07","17.64","6,625.00","116,877.51","116,877.51","Utilities","BYYXJY9","CA4488112083","Toronto Stock Exchange"
"REC","RECORDATI INDUSTRIA CHIMICA E FARM","Equity","0.07","42.41","2,756.00","116,874.13","116,874.13","Health Care","B07DRZ5","IT0003828271","Borsa Italiana"
"BHC","BAUSCH HEALTH COMPANIES INC","Equity","0.07","25.76","4,505.00","116,047.01","116,047.01","Health Care","BFFY852","CA0717341071","Toronto Stock Exchange"
"SWMA","SWEDISH MATCH","Equity","0.07","45.22","2,544.00","115,027.34","115,027.34","Consumer Staples","5048566","SE0000310336","Nasdaq Omx Nordic"
"EPI B","EPIROC CLASS B","Equity","0.07","9.92","11,342.00","112,527.94","112,527.94","Industrials","BDZV127","SE0011166941","Nasdaq Omx Nordic"
"WSP","WSP GLOBAL INC","Equity","0.07","55.72","2,014.00","112,211.32","112,211.32","Industrials","BHR3R21","CA92938W2022","Toronto Stock Exchange"
"9501","TOKYO ELECTRIC POWER HOLDINGS INC","Equity","0.07","5.19","21,300.00","110,482.51","110,482.51","Utilities","6895404","JP3585800000","Tokyo Stock Exchange"
"19","SWIRE PACIFIC LTD A","Equity","0.07","12.54","8,500.00","106,570.26","106,570.26","Real Estate","6867748","HK0019000162","Hong Kong Exchanges And Clearing Ltd"
"SHL","SIEMENS HEALTHINEERS AG","Equity","0.07","42.78","2,491.00","106,563.60","106,563.60","Health Care","BD594Y4","DE000SHL1006","Xetra"
"C52","COMFORTDELGRO CORPORATION LTD","Equity","0.07","1.99","53,000.00","105,523.19","105,523.19","Industrials","6603737","SG1N31909426","Singapore Exchange"
"5901","TOYO SEIKAN GROUP HOLDINGS LTD","Equity","0.07","19.85","5,300.00","105,193.47","105,193.47","Materials","6900267","JP3613400005","Tokyo Stock Exchange"
"345","VITASOY INTERNATIONAL HOLDINGS LTD","Equity","0.07","4.75","22,000.00","104,546.91","104,546.91","Consumer Staples","6927590","HK0345001611","Hong Kong Exchanges And Clearing Ltd"
"EUR","EUR CASH","Cash","0.06","112.81","91,032.00","102,697.89","102,697.89","Cash and/or Derivatives","-","-","-"
"EMA","EMERA INC","Equity","0.06","41.67","2,385.00","99,374.24","99,374.24","Utilities","2650050","CA2908761018","Toronto Stock Exchange"
"ICA","ICA GRUPPEN","Equity","0.06","43.49","2,279.00","99,105.58","99,105.58","Consumer Staples","B0S1651","SE0000652216","Nasdaq Omx Nordic"
"S63","SINGAPORE TECHNOLOGIES ENGINEERING","Equity","0.06","3.10","31,800.00","98,722.81","98,722.81","Industrials","6043214","SG1F60858221","Singapore Exchange"
"JMT","JERONIMO MARTINS SA","Equity","0.06","15.79","6,201.00","97,939.21","97,939.21","Consumer Staples","B1Y1SQ7","PTJMT0AE0001","Nyse Euronext - Euronext Lisbon"
"EMP.A","EMPIRE LTD CLASS A","Equity","0.06","25.57","3,710.00","94,859.16","94,859.16","Consumer Staples","2314000","CA2918434077","Toronto Stock Exchange"
"MZTF","MIZRAHI TEFAHOT BANK LTD","Equity","0.06","23.54","4,028.00","94,835.56","94,835.56","Financials","6916703","IL0006954379","Tel Aviv Stock Exchange"
"SECU B","SECURITAS B","Equity","0.06","17.84","5,247.00","93,607.39","93,607.39","Industrials","5554041","SE0000163594","Nasdaq Omx Nordic"
"ELISA","ELISA","Equity","0.06","48.71","1,908.00","92,945.39","92,945.39","Communication","5701513","FI0009007884","Nasdaq Omx Helsinki Ltd."
"CU","CANADIAN UTILITIES LTD CLASS A","Equity","0.06","28.18","3,286.00","92,608.31","92,608.31","Utilities","2172639","CA1367178326","Toronto Stock Exchange"
"MGGT","MEGGITT PLC","Equity","0.06","6.79","13,409.00","91,000.62","91,000.62","Industrials","0575809","GB0005758098","London Stock Exchange"
"UBI","UBISOFT ENTERTAINMENT SA CAT A","Equity","0.06","81.66","1,113.00","90,882.57","90,882.57","Communication","B1L3CS6","FR0000054470","Nyse Euronext - Euronext Paris"
"INDU C","INDUSTRIVARDEN SERIES","Equity","0.06","22.73","3,975.00","90,355.94","90,355.94","Financials","B1VSK54","SE0000107203","Nasdaq Omx Nordic"
"2433","HAKUHODO DY HOLDINGS INC","Equity","0.06","17.01","5,300.00","90,144.75","90,144.75","Communication","B05LZ02","JP3766550002","Tokyo Stock Exchange"
"METSO","METSO","Equity","0.06","40.32","2,226.00","89,752.50","89,752.50","Industrials","5713422","FI0009007835","Nasdaq Omx Helsinki Ltd."
"4519","CHUGAI PHARMACEUTICAL LTD","Equity","0.06","67.92","1,300.00","88,299.16","88,299.16","Health Care","6196408","JP3519400000","Tokyo Stock Exchange"
"1972","SWIRE PROPERTIES LTD","Equity","0.06","4.09","21,600.00","88,239.59","88,239.59","Real Estate","B67C2G0","HK0000063609","Hong Kong Exchanges And Clearing Ltd"
"XTSLA","BLK CSH FND TREASURY SL AGENCY","Money Market","0.05","1.00","87,150.00","87,150.07","87,150.07","Cash and/or Derivatives","-","US0669224778","-"
"SK","SEB SA","Equity","0.05","179.38","477.00","85,562.28","85,562.28","Consumer Discretionary","4792132","FR0000121709","Nyse Euronext - Euronext Paris"
"BS6","YANGZIJIANG SHIPBUILDING HOLDINGS","Equity","0.05","1.12","74,200.00","83,167.91","83,167.91","Industrials","B1VT035","SG1U76934819","Singapore Exchange"
"9048","NAGOYA RAILROAD LTD","Equity","0.05","28.21","2,800.00","78,983.02","78,983.02","Industrials","6619864","JP3649800004","Tokyo Stock Exchange"
"HUSQ B","HUSQVARNA","Equity","0.05","9.24","8,321.00","76,908.89","76,908.89","Consumer Discretionary","B12PJ24","SE0001662230","Nasdaq Omx Nordic"
"ACO.X","ATCO LTD CLASS I","Equity","0.05","34.37","2,226.00","76,499.87","76,499.87","Utilities","2060615","CA0467894006","Toronto Stock Exchange"
"B4B","METRO AG","Equity","0.05","17.82","4,187.00","74,632.31","74,632.31","Consumer Staples","BD6QT83","DE000BFB0019","Xetra"
"AZRG","AZRIELI GROUP LTD","Equity","0.05","65.14","1,113.00","72,504.59","72,504.59","Real Estate","B5MN1W0","IL0011194789","Tel Aviv Stock Exchange"
"ESLT","ELBIT SYSTEMS LTD","Equity","0.04","147.38","477.00","70,299.38","70,299.38","Industrials","6308913","IL0010811243","Tel Aviv Stock Exchange"
"JPY","JPY CASH","Cash","0.04","0.93","7,058,722.00","65,498.02","65,498.02","Cash and/or Derivatives","-","-","-"
"880","SJM HLDGS LTD","Equity","0.04","1.20","54,000.00","64,690.57","64,690.57","Consumer Discretionary","B2NR3Y6","HK0880043028","Hong Kong Exchanges And Clearing Ltd"
"RYM","RYMAN HEALTHCARE LTD","Equity","0.04","8.00","7,532.00","60,284.90","60,284.90","Health Care","6161525","NZRYME0001S4","New Zealand Exchange Ltd"
"AUD","AUD CASH","Cash","0.04","70.32","83,897.00","58,992.11","58,992.11","Cash and/or Derivatives","-","-","-"
"9533","TOHO GAS LTD","Equity","0.04","37.49","1,500.00","56,230.86","56,230.86","Utilities","6895222","JP3600200004","Tokyo Stock Exchange"
"GBP","GBP CASH","Cash","0.04","125.63","44,670.00","56,119.52","56,119.52","Cash and/or Derivatives","-","-","-"
"LUND B","LUNDBERGFORETAGEN CLASS B","Equity","0.03","37.95","1,431.00","54,300.64","54,300.64","Financials","4538002","SE0000108847","Nasdaq Omx Nordic"
"SCHB","SCHIBSTED B","Equity","0.03","26.44","2,014.00","53,251.75","53,251.75","Communication","BWVFKQ3","NO0010736879","Oslo Bors Asa"
"4902","KONICA MINOLTA INC","Equity","0.03","9.90","5,300.00","52,473.79","52,473.79","Information Technology","6496700","JP3300600008","Tokyo Stock Exchange"
"HR.UN","HANDR REAL ESTATE INVESTMENT TRUST","Equity","0.03","17.92","2,809.00","50,329.03","50,329.03","Real Estate","BGM8DW6","CA4039254079","Toronto Stock Exchange"
"SRU.UN","SMARTCENTRES RL ESTATE INVESTMENT","Equity","0.03","25.90","1,855.00","48,039.29","48,039.29","Real Estate","BZ22BK5","CA83179X1087","Toronto Stock Exchange"
"CAD","CAD CASH","Cash","0.03","76.44","58,798.00","44,944.30","44,944.30","Cash and/or Derivatives","-","-","-"
"HVN","HARVEY NORMAN HOLDINGS LTD","Equity","0.03","2.83","14,999.00","42,397.12","42,397.12","Consumer Discretionary","6173508","AU000000HVN7","Asx - All Markets"
"20","WHEELOCK AND LTD","Equity","0.02","7.21","5,000.00","36,073.88","36,073.88","Real Estate","6981488","HK0020000177","Hong Kong Exchanges And Clearing Ltd"
"HKD","HKD CASH","Cash","0.01","12.83","147,926.00","18,973.44","18,973.44","Cash and/or Derivatives","-","-","-"
"ACS.D","ACS RIGHTS SA","Equity","0.01","1.62","6,336.00","10,293.06","10,293.06","Industrials","BK4Q285","ES06670509F6","Bolsa De Madrid"
"DKK","DKK CASH","Cash","0.01","15.12","64,912.00","9,811.89","9,811.89","Cash and/or Derivatives","-","-","-"
"4506","DAINIPPON SUMITOMO PHARMA LTD","Equity","0.01","19.26","500.00","9,631.62","9,631.62","Health Care","6250865","JP3495000006","Tokyo Stock Exchange"
"NZD","NZD CASH","Cash","0.00","67.09","11,392.00","7,642.74","7,642.74","Cash and/or Derivatives","-","-","-"
"SEK","SEK CASH","Cash","0.00","10.74","56,481.00","6,064.60","6,064.60","Cash and/or Derivatives","-","-","-"
"ILS","ILS CASH","Cash","0.00","28.02","16,227.00","4,546.72","4,546.72","Cash and/or Derivatives","-","-","-"
"101","HANG LUNG PROPERTIES LTD","Equity","0.00","2.44","1,000.00","2,444.69","2,444.69","Real Estate","6030506","HK0101000591","Hong Kong Exchanges And Clearing Ltd"
"SGD","SGD CASH","Cash","0.00","73.74","2,586.00","1,906.57","1,906.57","Cash and/or Derivatives","-","-","-"
"NOK","NOK CASH","Cash","0.00","11.70","3,276.00","383.28","383.28","Cash and/or Derivatives","-","-","-"
 