﻿Fund Holdings as of,"Jul 4, 2019"
 
Issuer Ticker,Name,Asset Class,Weight (%),Price,Shares,Market Value,Notional Value,Sector,ISIN,Exchange,Country,Market Currency
"UNP","UNION PACIFIC CORP","Equity","5.28","171.80","200,131.00","34,382,505.80","34,382,505.80","Industrials","US9078181081","New York Stock Exchange Inc.","United States","USD"
"NEE","NEXTERA ENERGY INC","Equity","4.33","208.73","135,233.00","28,227,184.09","28,227,184.09","Utilities","US65339F1012","New York Stock Exchange Inc.","United States","USD"
"AMT","AMERICAN TOWER REIT CORP","Equity","4.01","210.17","124,136.00","26,089,663.12","26,089,663.12","Real Estate","US03027X1000","New York Stock Exchange Inc.","United States","USD"
"ENB","ENBRIDGE INC","Equity","3.14","36.51","559,791.00","20,435,555.18","20,435,555.18","Energy","CA29250N1050","Toronto Stock Exchange","Canada","CAD"
"CNR","CANADIAN NATIONAL RAILWAY","Equity","3.01","95.48","205,120.00","19,584,242.66","19,584,242.66","Industrials","CA1363751027","Toronto Stock Exchange","Canada","CAD"
"DUK","DUKE ENERGY CORP","Equity","2.85","90.10","205,838.00","18,546,003.80","18,546,003.80","Utilities","US26441C2044","New York Stock Exchange Inc.","United States","USD"
"D","DOMINION ENERGY INC","Equity","2.72","78.11","226,431.00","17,686,525.41","17,686,525.41","Utilities","US25746U1097","New York Stock Exchange Inc.","United States","USD"
"CSX","CSX CORP","Equity","2.63","78.68","217,945.00","17,147,912.60","17,147,912.60","Industrials","US1264081035","NASDAQ","United States","USD"
"SO","SOUTHERN","Equity","2.54","56.31","294,129.00","16,562,403.99","16,562,403.99","Utilities","US8425871071","New York Stock Exchange Inc.","United States","USD"
"CCI","CROWN CASTLE INTERNATIONAL REIT CO","Equity","2.43","134.52","117,526.00","15,809,597.52","15,809,597.52","Real Estate","US22822V1017","New York Stock Exchange Inc.","United States","USD"
"NSC","NORFOLK SOUTHERN CORP","Equity","2.34","202.51","75,146.00","15,217,816.46","15,217,816.46","Industrials","US6558441084","New York Stock Exchange Inc.","United States","USD"
"TRP","TC ENERGY CORP","Equity","2.00","50.16","259,458.00","13,015,131.11","13,015,131.11","Energy","CA87807B1076","Toronto Stock Exchange","Canada","CAD"
"AEP","AMERICAN ELECTRIC POWER INC","Equity","1.94","90.14","139,944.00","12,614,552.16","12,614,552.16","Utilities","US0255371017","New York Stock Exchange Inc.","United States","USD"
"KMI","KINDER MORGAN INC","Equity","1.79","21.08","552,575.00","11,648,281.00","11,648,281.00","Energy","US49456B1017","New York Stock Exchange Inc.","United States","USD"
"SRE","SEMPRA ENERGY","Equity","1.64","137.65","77,631.00","10,685,907.15","10,685,907.15","Utilities","US8168511090","New York Stock Exchange Inc.","United States","USD"
"NG.","NATIONAL GRID PLC","Equity","1.61","10.88","965,109.00","10,497,017.69","10,497,017.69","Utilities","GB00BDR05C01","London Stock Exchange","United Kingdom","GBP"
"9022","CENTRAL JAPAN RAILWAY","Equity","1.60","204.80","51,000.00","10,444,557.81","10,444,557.81","Industrials","JP3566800003","Tokyo Stock Exchange","Japan","JPY"
"9020","EAST JAPAN RAILWAY","Equity","1.51","95.44","103,200.00","9,849,538.56","9,849,538.56","Industrials","JP3783600004","Tokyo Stock Exchange","Japan","JPY"
"WMB","WILLIAMS INC","Equity","1.49","28.39","342,639.00","9,727,521.21","9,727,521.21","Energy","US9694571004","New York Stock Exchange Inc.","United States","USD"
"CP","CANADIAN PACIFIC RAILWAY LTD","Equity","1.47","241.40","39,746.00","9,594,691.40","9,594,691.40","Industrials","CA13645T1003","Toronto Stock Exchange","Canada","CAD"
"XEL","XCEL ENERGY INC","Equity","1.35","60.71","144,739.00","8,787,104.69","8,787,104.69","Utilities","US98389B1008","NASDAQ","United States","USD"
"PEG","PUBLIC SERVICE ENTERPRISE GROUP IN","Equity","1.30","59.58","142,513.00","8,490,924.54","8,490,924.54","Utilities","US7445731067","New York Stock Exchange Inc.","United States","USD"
"ED","CONSOLIDATED EDISON INC","Equity","1.27","89.23","92,539.00","8,257,254.97","8,257,254.97","Utilities","US2091151041","New York Stock Exchange Inc.","United States","USD"
"OKE","ONEOK INC","Equity","1.26","70.20","116,881.00","8,205,046.20","8,205,046.20","Energy","US6826801036","New York Stock Exchange Inc.","United States","USD"
"TCL","TRANSURBAN GROUP STAPLED UNITS","Equity","1.24","10.62","758,883.00","8,059,145.46","8,059,145.46","Industrials","AU000000TCL6","Asx - All Markets","Australia","AUD"
"WEC","WEC ENERGY GROUP INC","Equity","1.17","85.13","89,240.00","7,597,001.20","7,597,001.20","Utilities","US92939U1060","New York Stock Exchange Inc.","United States","USD"
"SBAC","SBA COMMUNICATIONS REIT CORP CLASS","Equity","1.14","234.29","31,655.00","7,416,449.95","7,416,449.95","Real Estate","US78410G1040","NASDAQ","United States","USD"
"ES","EVERSOURCE ENERGY","Equity","1.06","77.12","89,835.00","6,928,075.20","6,928,075.20","Utilities","US30040W1080","New York Stock Exchange Inc.","United States","USD"
"FE","FIRSTENERGY CORP","Equity","1.01","43.82","149,984.00","6,572,298.88","6,572,298.88","Utilities","US3379321074","New York Stock Exchange Inc.","United States","USD"
"3","HONG KONG AND CHINA GAS LTD","Equity","0.99","2.29","2,804,283.00","6,425,101.29","6,425,101.29","Utilities","HK0003000038","Hong Kong Exchanges And Clearing Ltd","Hong Kong","HKD"
"PPL","PPL CORP","Equity","0.98","31.09","204,775.00","6,366,454.75","6,366,454.75","Utilities","US69351T1060","New York Stock Exchange Inc.","United States","USD"
"EIX","EDISON INTERNATIONAL","Equity","0.94","67.69","90,438.00","6,121,748.22","6,121,748.22","Utilities","US2810201077","New York Stock Exchange Inc.","United States","USD"
"AWK","AMERICAN WATER WORKS INC","Equity","0.93","118.43","51,060.00","6,047,035.80","6,047,035.80","Utilities","US0304201033","New York Stock Exchange Inc.","United States","USD"
"ETR","ENTERGY CORP","Equity","0.86","104.54","53,601.00","5,603,448.54","5,603,448.54","Utilities","US29364G1031","New York Stock Exchange Inc.","United States","USD"
"PPL","PEMBINA PIPELINE CORP","Equity","0.83","37.84","142,595.00","5,395,575.05","5,395,575.05","Energy","CA7063271034","Toronto Stock Exchange","Canada","CAD"
"AEE","AMEREN CORP","Equity","0.81","76.52","68,711.00","5,257,765.72","5,257,765.72","Utilities","US0236081024","New York Stock Exchange Inc.","United States","USD"
"2","CLP HOLDINGS LTD","Equity","0.80","11.30","463,851.00","5,239,352.65","5,239,352.65","Utilities","HK0002007356","Hong Kong Exchanges And Clearing Ltd","Hong Kong","HKD"
"FTS","FORTIS INC","Equity","0.73","39.98","119,526.00","4,778,110.33","4,778,110.33","Utilities","CA3495531079","Toronto Stock Exchange","Canada","CAD"
"CMS","CMS ENERGY CORP","Equity","0.72","58.98","79,572.00","4,693,156.56","4,693,156.56","Utilities","US1258961002","New York Stock Exchange Inc.","United States","USD"
"EVRG","EVERGY INC","Equity","0.65","61.36","68,810.00","4,222,181.60","4,222,181.60","Utilities","US30034W1062","New York Stock Exchange Inc.","United States","USD"
"9021","WEST JAPAN RAILWAY","Equity","0.65","82.07","51,400.00","4,218,218.24","4,218,218.24","Industrials","JP3659000008","Tokyo Stock Exchange","Japan","JPY"
"CNP","CENTERPOINT ENERGY INC","Equity","0.65","29.43","143,099.00","4,211,403.57","4,211,403.57","Utilities","US15189T1079","New York Stock Exchange Inc.","United States","USD"
"ATL","ATLANTIA","Equity","0.62","26.76","150,566.00","4,029,282.27","4,029,282.27","Industrials","IT0003506190","Borsa Italiana","Italy","EUR"
"AENA","AENA SME SA","Equity","0.61","200.31","19,893.00","3,984,804.83","3,984,804.83","Industrials","ES0105046009","Bolsa De Madrid","Spain","EUR"
"ORSTED","ORSTED","Equity","0.59","90.79","42,141.00","3,825,990.64","3,825,990.64","Utilities","DK0060094928","Omx Nordic Exchange Copenhagen A/S","Denmark","DKK"
"KSU","KANSAS CITY SOUTHERN","Equity","0.55","124.49","28,537.00","3,552,571.13","3,552,571.13","Industrials","US4851703029","New York Stock Exchange Inc.","United States","USD"
"ATO","ATMOS ENERGY CORP","Equity","0.54","107.32","32,601.00","3,498,739.32","3,498,739.32","Utilities","US0495601058","New York Stock Exchange Inc.","United States","USD"
"PCG","PG&E CORP","Equity","0.51","22.37","149,666.00","3,348,028.42","3,348,028.42","Utilities","US69331C1080","New York Stock Exchange Inc.","United States","USD"
"LNT","ALLIANT ENERGY CORP","Equity","0.51","50.18","66,665.00","3,345,249.70","3,345,249.70","Utilities","US0188021085","NASDAQ","United States","USD"
"SRG","SNAM","Equity","0.51","5.11","649,282.00","3,317,582.86","3,317,582.86","Utilities","IT0003153415","Borsa Italiana","Italy","EUR"
"NI","NISOURCE INC","Equity","0.48","29.51","105,828.00","3,122,984.28","3,122,984.28","Utilities","US65473P1057","New York Stock Exchange Inc.","United States","USD"
"9531","TOKYO GAS LTD","Equity","0.47","24.87","122,600.00","3,049,222.28","3,049,222.28","Utilities","JP3573000001","Tokyo Stock Exchange","Japan","JPY"
"PNW","PINNACLE WEST CORP","Equity","0.46","95.63","31,629.00","3,024,681.27","3,024,681.27","Utilities","US7234841010","New York Stock Exchange Inc.","United States","USD"
"AOT.R","AIRPORTS OF THAILAND NON-VOTING DR","Equity","0.45","2.42","1,213,200.00","2,937,075.32","2,937,075.32","Industrials","TH0765010R16","Stock Exchange Of Thailand","Thailand","THB"
"9502","CHUBU ELECTRIC POWER INC","Equity","0.44","14.36","199,922.00","2,870,465.67","2,870,465.67","Utilities","JP3526600006","Tokyo Stock Exchange","Japan","JPY"
"6","POWER ASSETS HOLDINGS LTD","Equity","0.44","7.38","386,844.00","2,856,715.56","2,856,715.56","Utilities","HK0006000050","Hong Kong Exchanges And Clearing Ltd","Hong Kong","HKD"
"66","MTR CORP LTD","Equity","0.43","6.89","406,000.00","2,797,428.85","2,797,428.85","Industrials","HK0066009694","Hong Kong Exchanges And Clearing Ltd","Hong Kong","HKD"
"EMA","EMERA INC","Equity","0.42","41.79","65,885.00","2,753,387.92","2,753,387.92","Utilities","CA2908761018","Toronto Stock Exchange","Canada","CAD"
"APA","APA GROUP UNITS","Equity","0.41","7.94","338,824.00","2,689,750.60","2,689,750.60","Utilities","AU000000APA1","Asx - All Markets","Australia","AUD"
"TRN","TERNA RETE ELETTRICA NAZIONALE","Equity","0.40","6.59","396,581.00","2,614,738.17","2,614,738.17","Utilities","IT0003242622","Borsa Italiana","Italy","EUR"
"9503","KANSAI ELECTRIC POWER INC","Equity","0.39","12.24","204,950.00","2,509,242.68","2,509,242.68","Utilities","JP3228600007","Tokyo Stock Exchange","Japan","JPY"
"WTR","AQUA AMERICA INC","Equity","0.38","41.66","59,768.00","2,489,934.88","2,489,934.88","Utilities","US03836W1036","New York Stock Exchange Inc.","United States","USD"
"OGE","OGE ENERGY CORP","Equity","0.37","43.61","55,974.00","2,441,026.14","2,441,026.14","Utilities","US6708371033","New York Stock Exchange Inc.","United States","USD"
"REE","RED ELECTRICA SA","Equity","0.37","20.96","115,560.00","2,422,363.64","2,422,363.64","Utilities","ES0173093024","Bolsa De Madrid","Spain","EUR"
"NTGY","NATURGY ENERGY SA","Equity","0.37","27.13","88,892.00","2,411,925.30","2,411,925.30","Utilities","ES0116870314","Bolsa De Madrid","Spain","EUR"
"9501","TOKYO ELECTRIC POWER HOLDINGS INC","Equity","0.36","5.25","444,700.00","2,334,556.42","2,334,556.42","Utilities","JP3585800000","Tokyo Stock Exchange","Japan","JPY"
"2688","ENN ENERGY HOLDINGS LTD","Equity","0.34","10.43","214,500.00","2,238,277.64","2,238,277.64","Utilities","KYG3066L1014","Hong Kong Exchanges And Clearing Ltd","China","HKD"
"CLNX","CELLNEX TELECOM SA","Equity","0.34","37.79","58,346.00","2,205,169.57","2,205,169.57","Communication","ES0105066007","Bolsa De Madrid","Spain","EUR"
"384","CHINA GAS HOLDINGS LTD","Equity","0.34","4.03","542,000.00","2,182,227.99","2,182,227.99","Utilities","BMG2109G1033","Hong Kong Exchanges And Clearing Ltd","China","HKD"
"AZJ","AURIZON HOLDINGS LTD","Equity","0.32","3.87","535,311.00","2,074,056.05","2,074,056.05","Industrials","AU000000AZJ1","Asx - All Markets","Australia","AUD"
"GET","GETLINK","Equity","0.31","15.87","127,459.00","2,023,255.36","2,023,255.36","Industrials","FR0010533075","Nyse Euronext - Euronext Paris","France","EUR"
"9532","OSAKA GAS LTD","Equity","0.31","18.06","110,800.00","2,000,905.25","2,000,905.25","Utilities","JP3180400008","Tokyo Stock Exchange","Japan","JPY"
"UU.","UNITED UTILITIES GROUP PLC","Equity","0.30","10.09","195,792.00","1,974,927.04","1,974,927.04","Utilities","GB00B39J2M42","London Stock Exchange","United Kingdom","GBP"
"IPL","INTER PIPELINE LTD","Equity","0.29","16.63","114,652.00","1,906,548.90","1,906,548.90","Energy","CA45833V1094","Toronto Stock Exchange","Canada","CAD"
"CNA","CENTRICA PLC","Equity","0.28","1.10","1,636,594.00","1,801,856.35","1,801,856.35","Utilities","GB00B033F229","London Stock Exchange","United Kingdom","GBP"
"RAIL3","RUMO SA","Equity","0.27","5.65","316,871.00","1,788,976.49","1,788,976.49","Industrials","BRRAILACNOR9","XBSP","Brazil","BRL"
"SVT","SEVERN TRENT PLC","Equity","0.27","26.66","67,024.00","1,786,650.73","1,786,650.73","Utilities","GB00B1FH8J72","London Stock Exchange","United Kingdom","GBP"
"SYD","SYDNEY AIRPORT STAPLED UNITS LTD","Equity","0.27","5.76","310,234.00","1,785,576.61","1,785,576.61","Industrials","AU000000SYD9","Asx - All Markets","Australia","AUD"
"GWR","GENESEE & WYOMING INC CLASS A","Equity","0.26","109.53","15,755.00","1,725,645.15","1,725,645.15","Industrials","US3715591059","New York Stock Exchange Inc.","United States","USD"
"270","GUANGDONG INVESTMENT LTD","Equity","0.26","2.06","830,000.00","1,711,933.63","1,711,933.63","Utilities","HK0270001396","Hong Kong Exchanges And Clearing Ltd","China","HKD"
"AIA","AUCKLAND INTERNATIONAL AIRPORT LTD","Equity","0.26","6.38","267,906.00","1,710,230.46","1,710,230.46","Industrials","NZAIAE0002S6","New Zealand Exchange Ltd","New Zealand","NZD"
"015760","KOREA ELECTRIC POWER CORP","Equity","0.24","21.99","71,859.00","1,580,332.28","1,580,332.28","Utilities","KR7015760002","Korea Exchange (Stock Market)","Korea (South)","KRW"
"SESG","SES SA FDR","Equity","0.24","15.40","100,469.00","1,547,215.57","1,547,215.57","Communication","LU0088087324","Nyse Euronext - Euronext Paris","France","EUR"
"ENG","ENAGAS SA","Equity","0.23","25.38","60,138.00","1,526,573.06","1,526,573.06","Utilities","ES0130960018","Bolsa De Madrid","Spain","EUR"
"IDA","IDACORP INC","Equity","0.23","103.59","14,417.00","1,493,457.03","1,493,457.03","Utilities","US4511071064","New York Stock Exchange Inc.","United States","USD"
"1038","CHEUNG KONG INFRASTRUCTURE HOLDING","Equity","0.23","8.26","178,500.00","1,475,197.14","1,475,197.14","Utilities","BMG2178K1009","Hong Kong Exchanges And Clearing Ltd","Hong Kong","HKD"
"ADP","AEROPORTS DE PARIS SA","Equity","0.22","178.93","7,969.00","1,425,913.25","1,425,913.25","Industrials","FR0010340141","Nyse Euronext - Euronext Paris","France","EUR"
"9506","TOHOKU ELECTRIC POWER INC","Equity","0.22","10.50","135,700.00","1,424,777.63","1,424,777.63","Utilities","JP3605400005","Tokyo Stock Exchange","Japan","JPY"
"POR","PORTLAND GENERAL ELECTRIC","Equity","0.21","55.14","25,061.00","1,381,863.54","1,381,863.54","Utilities","US7365088472","New York Stock Exchange Inc.","United States","USD"
"HE","HAWAIIAN ELECTRIC INDUSTRIES INC","Equity","0.21","44.22","31,172.00","1,378,425.84","1,378,425.84","Utilities","US4198701009","New York Stock Exchange Inc.","United States","USD"
"OGS","ONE GAS INC","Equity","0.21","91.97","14,682.00","1,350,303.54","1,350,303.54","Utilities","US68235P1084","New York Stock Exchange Inc.","United States","USD"
"BKH","BLACK HILLS CORP","Equity","0.21","79.66","16,941.00","1,349,520.06","1,349,520.06","Utilities","US0921131092","New York Stock Exchange Inc.","United States","USD"
"ENELAM","ENEL AMERICAS SA","Equity","0.21","0.17","7,770,288.00","1,348,171.70","1,348,171.70","Utilities","CLP371861061","Santiago Stock Exchange","Chile","CLP"
"9508","KYUSHU ELECTRIC POWER INC","Equity","0.21","10.23","131,443.00","1,344,725.96","1,344,725.96","Utilities","JP3246400000","Tokyo Stock Exchange","Japan","JPY"
"ALE","ALLETE INC","Equity","0.19","86.02","14,669.00","1,261,827.38","1,261,827.38","Utilities","US0185223007","New York Stock Exchange Inc.","United States","USD"
"SBSP3","COMPANHIA DE SANEAMENTO BASICO DE","Equity","0.19","13.02","96,883.00","1,261,215.44","1,261,215.44","Utilities","BRSBSPACNOR5","XBSP","Brazil","BRL"
"ADANIPORTS","ADANI PORTS AND SPECIAL ECONOMIC Z","Equity","0.19","6.06","200,694.00","1,215,501.65","1,215,501.65","Industrials","INE742F01042","National Stock Exchange Of India","India","INR"
"1193","CHINA RESOURCES GAS GROUP LTD","Equity","0.18","5.14","232,000.00","1,191,821.64","1,191,821.64","Utilities","BMG2113B1081","Hong Kong Exchanges And Clearing Ltd","China","HKD"
"CCRO3","COMPANHIA CONCESSOES RODOVIARIAS S","Equity","0.18","3.68","322,788.00","1,187,696.49","1,187,696.49","Industrials","BRCCROACNOR2","XBSP","Brazil","BRL"
"SR","SPIRE INC","Equity","0.18","85.40","13,764.00","1,175,445.60","1,175,445.60","Utilities","US84857L1017","New York Stock Exchange Inc.","United States","USD"
"EQTL3","EQUATORIAL ENERGIA SA","Equity","0.18","24.80","46,928.00","1,163,799.56","1,163,799.56","Utilities","BREQTLACNOR0","XBSP","Brazil","BRL"
"PNM","PNM RESOURCES INC","Equity","0.17","51.25","22,172.00","1,136,315.00","1,136,315.00","Utilities","US69349H1077","New York Stock Exchange Inc.","United States","USD"
"ALX","ATLAS ARTERIA STAPLED UNITS","Equity","0.17","5.64","195,634.00","1,104,016.66","1,104,016.66","Industrials","AU0000013559","Asx - All Markets","Australia","AUD"
"GAPB","GRUPO AEROPORTUARIO DEL PACIFICO","Equity","0.17","10.73","100,305.00","1,076,218.61","1,076,218.61","Industrials","MX01GA000004","Bolsa Mexicana De Valores","Mexico","MXN"
"9504","CHUGOKU ELECTRIC POWER INC","Equity","0.16","12.91","81,560.00","1,053,021.56","1,053,021.56","Utilities","JP3522200009","Tokyo Stock Exchange","Japan","JPY"
"TRNFP","TRANSNEFT PREF","Equity","0.16","2,657.84","396.00","1,052,505.17","1,052,505.17","Energy","RU0009091573","Standard-Classica-Forts","Russian Federation","RUB"
"NWE","NORTHWESTERN CORP","Equity","0.16","73.39","14,267.00","1,047,055.13","1,047,055.13","Utilities","US6680743050","New York Stock Exchange Inc.","United States","USD"
"ETL","EUTELSAT COMMUNICATIONS SA","Equity","0.16","19.26","53,002.00","1,020,732.34","1,020,732.34","Communication","FR0010221234","Nyse Euronext - Euronext Paris","France","EUR"
"FHZN","FLUGHAFEN ZUERICH AG","Equity","0.15","188.72","5,298.00","999,825.49","999,825.49","Industrials","CH0319416936","SIX Swiss Exchange","Switzerland","CHF"
"9533","TOHO GAS LTD","Equity","0.15","37.84","25,500.00","964,986.32","964,986.32","Utilities","JP3600200004","Tokyo Stock Exchange","Japan","JPY"
"ICSUAGD","BLK ICS USD LIQ AGENCY DIS","Money Market","0.14","1.00","941,431.00","941,431.11","941,431.11","Cash and/or Derivatives","IE00B50QMP13","-","Ireland","USD"
"CU","CANADIAN UTILITIES LTD CLASS A","Equity","0.14","28.10","33,407.00","938,840.21","938,840.21","Utilities","CA1367178326","Toronto Stock Exchange","Canada","CAD"
"IG","ITALGAS","Equity","0.14","6.83","137,331.00","937,987.59","937,987.59","Utilities","IT0005211237","Borsa Italiana","Italy","EUR"
"ASURB","GRUPO AEROPORTUARIO DEL SURESTE B","Equity","0.14","16.20","57,245.00","927,155.88","927,155.88","Industrials","MXP001661018","Bolsa Mexicana De Valores","Mexico","MXN"
"ISAT","INMARSAT PLC","Equity","0.14","6.95","130,357.00","905,443.77","905,443.77","Communication","GB00B09LSH68","London Stock Exchange","United Kingdom","GBP"
"FRA","FRAPORT FRANKFURT AIRPORT SERVICES","Equity","0.14","85.81","10,420.00","894,149.49","894,149.49","Industrials","DE0005773303","Xetra","Germany","EUR"
"ICT","INTERNATIONAL CONTAINER TERMINAL S","Equity","0.13","2.86","300,110.00","856,912.14","856,912.14","Industrials","PHY411571011","Philippine Stock Exchange Inc.","Philippines","PHP"
"AVA","AVISTA CORP","Equity","0.13","44.83","19,112.00","856,790.96","856,790.96","Utilities","US05379B1070","New York Stock Exchange Inc.","United States","USD"
"2633","TAIWAN HIGH SPEED RAIL CORP","Equity","0.13","1.42","596,000.00","847,402.45","847,402.45","Industrials","TW0002633005","Taiwan Stock Exchange","Taiwan","TWD"
"MIC","MACQUARIE INFRASTRUCTURE CORP","Equity","0.13","40.78","20,708.00","844,472.24","844,472.24","Industrials","US55608B1052","New York Stock Exchange Inc.","United States","USD"
"AGR","AVANGRID INC","Equity","0.12","50.90","15,951.00","811,905.90","811,905.90","Utilities","US05351W1036","New York Stock Exchange Inc.","United States","USD"
"BEM.R","BANGKOK EXPRESSWAY AND METRO PCL N","Equity","0.12","0.37","2,201,100.00","810,969.35","810,969.35","Industrials","TH6999010R15","Stock Exchange Of Thailand","Thailand","THB"
"AWR","AMERICAN STATES WATER","Equity","0.12","75.82","10,380.00","787,011.60","787,011.60","Utilities","US0298991011","New York Stock Exchange Inc.","United States","USD"
"IRAO","INTER RAO YEES","Equity","0.12","0.07","10,304,960.00","772,704.52","772,704.52","Utilities","RU000A0JPNM1","Standard-Classica-Forts","Russian Federation","RUB"
"DIF.F","DIGITAL TELECOMMUNICATIONS INFRCTR","Equity","0.12","0.57","1,336,247.00","762,449.38","762,449.38","Other","TH5097010018","-","Thailand","THB"
"MGEE","MGE ENERGY INC","Equity","0.11","73.57","10,149.00","746,661.93","746,661.93","Utilities","US55277P1049","NASDAQ","United States","USD"
"ELI","ELIA SYSTEM OPERATOR SA","Equity","0.11","76.15","9,677.00","736,937.42","736,937.42","Utilities","BE0003822393","Nyse Euronext - Euronext Brussels","Belgium","EUR"
"EE","EL PASO ELECTRIC","Equity","0.11","65.80","11,170.00","734,986.00","734,986.00","Utilities","US2836778546","New York Stock Exchange Inc.","United States","USD"
"ACO.X","ATCO LTD CLASS I","Equity","0.11","34.34","21,225.00","728,824.44","728,824.44","Utilities","CA0467894006","Toronto Stock Exchange","Canada","CAD"
"DPW","DP WORLD PLC","Equity","0.11","15.70","45,957.00","721,524.90","721,524.90","Industrials","AEDFXA0M6V00","Nasdaq Dubai","United Arab Emirates","USD"
"INW","INFRASTRUTTURE WIRELESS ITALIANE","Equity","0.11","10.04","71,789.00","720,426.95","720,426.95","Communication","IT0005090300","Borsa Italiana","Italy","EUR"
"CWT","CALIFORNIA WATER SERVICE GROUP","Equity","0.11","51.37","13,992.00","718,769.04","718,769.04","Utilities","US1307881029","New York Stock Exchange Inc.","United States","USD"
"ISA","INTERCONEXION ELECTRICA SA","Equity","0.11","5.79","123,259.00","713,453.93","713,453.93","Utilities","COE15PA00026","Bolsa De Valores De Colombia","Colombia","COP"
"POWERGRID","POWER GRID CORPORATION OF INDIA LT","Equity","0.11","3.07","229,512.00","704,232.13","704,232.13","Utilities","INE752E01010","National Stock Exchange Of India","India","INR"
"AST","AUSNET SERVICES","Equity","0.10","1.35","497,496.00","673,941.41","673,941.41","Utilities","AU000000AST5","Asx - All Markets","Australia","AUD"
"ENGI11","ENERGISA UNITS SA","Equity","0.10","12.41","52,562.00","652,522.46","652,522.46","Utilities","BRENGICDAM16","XBSP","Brazil","BRL"
"GBP","GBP CASH","Cash","0.10","125.74","509,990.00","641,261.34","641,261.34","Cash and/or Derivatives","-","-","United Kingdom","GBP"
"IRDM","IRIDIUM COMMUNICATIONS INC","Equity","0.10","23.40","27,334.00","639,615.60","639,615.60","Communication","US46269C1027","NASDAQ","United States","USD"
"144","CHINA MERCHANTS PORT HOLDINGS LTD","Equity","0.09","1.74","354,000.00","616,490.29","616,490.29","Industrials","HK0144000764","Hong Kong Exchanges And Clearing Ltd","China","HKD"
"PINFRA*","PROMOTORA Y OPERADORA DE INFRAESTR","Equity","0.09","9.97","60,041.00","598,459.05","598,459.05","Industrials","MX01PI000005","Bolsa Mexicana De Valores","Mexico","MXN"
"IENOVA*","INFRAESTRUCTURA ENERGETICA NOVA","Equity","0.09","4.01","144,805.00","580,401.07","580,401.07","Utilities","MX01IE060002","Bolsa Mexicana De Valores","Mexico","MXN"
"NWN","NORTHWEST NATURAL HOLDING COMPANY","Equity","0.09","69.61","8,068.00","561,613.48","561,613.48","Utilities","US66765N1054","New York Stock Exchange Inc.","United States","USD"
"PETRONET","PETRONET LNG LTD","Equity","0.09","3.69","151,088.00","557,220.40","557,220.40","Energy","INE347G01014","National Stock Exchange Of India","India","INR"
"OMAB","GRUPO AEROPORTUARIO DEL CENTRO NOR","Equity","0.09","6.17","89,951.00","554,982.82","554,982.82","Industrials","MX01OM000018","Bolsa Mexicana De Valores","Mexico","MXN"
"MER","MANILA ELECTRIC","Equity","0.08","7.45","72,090.00","537,159.15","537,159.15","Utilities","PHY5764J1483","Philippine Stock Exchange Inc.","Philippines","PHP"
"USD","USD CASH","Cash","0.08","100.00","528,385.00","528,384.66","528,384.66","Cash and/or Derivatives","-","-","United States","USD"
"EUR","EUR CASH","Cash","0.08","112.82","467,189.00","527,083.11","527,083.11","Cash and/or Derivatives","-","-","European Union","EUR"
"AIRPORT","MALAYSIA AIRPORTS HOLDINGS","Equity","0.08","2.11","237,000.00","498,887.01","498,887.01","Industrials","MYL5014OO005","Bursa Malaysia","Malaysia","MYR"
"CONCOR","CONTAINER CORPORATION OF INDIA LTD","Equity","0.08","8.36","58,605.00","490,192.91","490,192.91","Industrials","INE111A01025","National Stock Exchange Of India","India","INR"
"AGUAS.A","AGUAS ANDINAS SA","Equity","0.07","0.60","816,102.00","487,754.77","487,754.77","Utilities","CL0000000035","Santiago Stock Exchange","Chile","CLP"
"177","JIANGSU EXPRESSWAY LTD H","Equity","0.07","1.42","334,000.00","473,564.16","473,564.16","Industrials","CNE1000003J5","Hong Kong Exchanges And Clearing Ltd","China","HKD"
"152","SHENZHEN INTERNATIONAL HOLDINGS LT","Equity","0.07","2.00","231,467.00","462,553.49","462,553.49","Industrials","BMG8086V1467","Hong Kong Exchanges And Clearing Ltd","China","HKD"
"UNIT","UNITI GROUP INC","Equity","0.07","9.35","48,662.00","454,989.70","454,989.70","Real Estate","US91325V1089","NASDAQ","United States","USD"
"ENBR3","ENERGIAS DO BRASIL SA BRAZIL","Equity","0.07","5.17","86,788.00","448,808.79","448,808.79","Utilities","BRENBRACNOR2","XBSP","Brazil","BRL"
"PGAS","PERUSAHAAN GAS NEGARA","Equity","0.07","0.15","2,926,900.00","440,897.95","440,897.95","Utilities","ID1000111602","Indonesia Stock Exchange","Indonesia","IDR"
"TAEE11","TRANSMISSORA ALIANCA ENERGIA ELETR","Equity","0.07","7.32","59,852.00","438,241.58","438,241.58","Utilities","BRTAEECDAM10","XBSP","Brazil","BRL"
"9507","SHIKOKU ELECTRIC POWER INC","Equity","0.07","9.69","44,700.00","433,256.04","433,256.04","Utilities","JP3350800003","Tokyo Stock Exchange","Japan","JPY"
"694","BEIJING CAPITAL INTERNATIONAL AIRP","Equity","0.07","0.90","484,000.00","433,252.85","433,252.85","Industrials","CNE100000221","Hong Kong Exchanges And Clearing Ltd","China","HKD"
"SJW","SJW GROUP","Equity","0.07","63.60","6,769.00","430,508.40","430,508.40","Utilities","US7843051043","New York Stock Exchange Inc.","United States","USD"
"MPI","METRO PACIFIC INV CORP","Equity","0.06","0.09","4,444,100.00","417,184.37","417,184.37","Financials","PHY603051020","Philippine Stock Exchange Inc.","Philippines","PHP"
"A7RU","KEPPEL INFRA UNIT TRUST","Equity","0.06","0.38","1,007,001.00","378,739.31","378,739.31","Utilities","SG1U48933923","Singapore Exchange","Singapore","SGD"
"VOC","VOCUS GROUP LTD","Equity","0.06","2.20","172,318.00","378,573.51","378,573.51","Communication","AU000000VOC6","Asx - All Markets","Australia","AUD"
"SIS","SIAS","Equity","0.06","18.91","19,264.00","364,255.89","364,255.89","Industrials","IT0003201198","Borsa Italiana","Italy","EUR"
"9505","HOKURIKU ELECTRIC POWER","Equity","0.05","7.53","46,300.00","348,704.73","348,704.73","Utilities","JP3845400005","Tokyo Stock Exchange","Japan","JPY"
"GOG","GO-AHEAD GROUP PLC","Equity","0.05","26.41","13,193.00","348,366.44","348,366.44","Industrials","GB0003753778","London Stock Exchange","United Kingdom","GBP"
"TRPL4","CTEEP COMPANHIA DE TRANSMISSAO DE","Equity","0.05","6.34","52,324.00","331,955.37","331,955.37","Utilities","BRTRPLACNPR1","XBSP","Brazil","BRL"
"AT","ASTM","Equity","0.05","33.53","9,296.00","311,695.85","311,695.85","Industrials","IT0000084027","Borsa Italiana","Italy","EUR"
"NS8U","HUTCHISON PORT HOLDINGS UNITS TRUS","Other","0.05","0.23","1,380,400.00","310,590.00","310,590.00","Industrials","SG2D00968206","-","Singapore","USD"
"FEES","FSK YEES","Equity","0.05","0.00","95,947,341.00","309,856.06","309,856.06","Utilities","RU000A0JPNN9","Standard-Classica-Forts","Russian Federation","RUB"
"CSMG3","COMPANHIA DE SANEAMENTO DE MINAS G","Equity","0.05","17.65","17,256.00","304,640.72","304,640.72","Utilities","BRCSMGACNOR5","XBSP","Brazil","BRL"
"JPY","JPY CASH","Cash","0.05","0.93","32,264,858.00","299,261.31","299,261.31","Cash and/or Derivatives","-","-","Japan","JPY"
"RENE","REN REDES ENERGETICAS NACIONAIS SA","Equity","0.05","2.79","106,197.00","296,533.35","296,533.35","Utilities","PTREL0AM0008","Nyse Euronext - Euronext Lisbon","Portugal","EUR"
"036460","KOREA GAS CORP","Equity","0.04","37.95","7,449.00","282,699.94","282,699.94","Utilities","KR7036460004","Korea Exchange (Stock Market)","Korea (South)","KRW"
"AUD","AUD CASH","Cash","0.04","70.19","397,973.00","279,337.34","279,337.34","Cash and/or Derivatives","-","-","Australia","AUD"
"WPRTS","WESTPORTS HOLDINGSINARY","Equity","0.04","0.97","287,300.00","277,359.55","277,359.55","Industrials","MYL5246OO003","Bursa Malaysia","Malaysia","MYR"
"9509","HOKKAIDO ELECTRIC POWER INC","Equity","0.04","5.79","46,300.00","267,970.13","267,970.13","Utilities","JP3850200001","Tokyo Stock Exchange","Japan","JPY"
"TATAPOWER","TATA POWER LTD","Equity","0.04","1.05","249,904.00","263,200.84","263,200.84","Utilities","INE245A01021","National Stock Exchange Of India","India","INR"
"SEMG","SEMGROUP CORP CLASS A","Equity","0.04","12.01","21,730.00","260,977.30","260,977.30","Energy","US81663A1051","New York Stock Exchange Inc.","United States","USD"
"HKD","HKD CASH","Cash","0.04","12.84","1,996,206.00","256,370.91","256,370.91","Cash and/or Derivatives","-","-","Hong Kong","HKD"
"548","SHENZHEN EXPRESSWAY LTD H","Equity","0.04","1.22","208,000.00","253,241.55","253,241.55","Industrials","CNE100000478","Hong Kong Exchanges And Clearing Ltd","China","HKD"
"6198","QINGDAO PORT INTERNATIONAL LTD H","Equity","0.04","0.75","328,000.00","244,744.68","244,744.68","Industrials","CNE100001SG2","Hong Kong Exchanges And Clearing Ltd","China","HKD"
"JSMR","JASA MARGA","Equity","0.04","0.41","591,500.00","241,577.97","241,577.97","Industrials","ID1000108103","Indonesia Stock Exchange","Indonesia","IDR"
"855","CHINA WATER AFFAIRS GROUP LTD","Equity","0.04","0.91","260,000.00","236,412.21","236,412.21","Utilities","BMG210901242","Hong Kong Exchanges And Clearing Ltd","China","HKD"
"ALUP11","ALUPAR INVESTIMENTO UNITS SA","Equity","0.03","6.75","32,673.00","220,547.06","220,547.06","Utilities","BRALUPCDAM15","XBSP","Brazil","BRL"
"SITESB.1","TELESITES B-1","Equity","0.03","0.63","352,705.00","220,489.92","220,489.92","Communication","MX01SI080038","Bolsa Mexicana De Valores","Mexico","MXN"
"1083","TOWNGAS CHINA LTD","Equity","0.03","0.76","288,000.00","220,076.03","220,076.03","Utilities","KYG8972T1067","Hong Kong Exchanges And Clearing Ltd","China","HKD"
"TAVHL","TAV HAVALIMANLARI HOLDING A","Equity","0.03","4.57","45,719.00","209,131.85","209,131.85","Industrials","TRETAVH00018","Istanbul Stock Exchange","Turkey","TRY"
"TTW.R","TTW PUBLIC COMPANY LIMITED NON-VOT","Equity","0.03","0.46","448,700.00","207,745.03","207,745.03","Utilities","TH0961010R11","Stock Exchange Of Thailand","Thailand","THB"
"CAD","CAD CASH","Cash","0.03","76.60","266,659.00","204,250.09","204,250.09","Cash and/or Derivatives","-","-","Canada","CAD"
"CESC","CESC LTD","Equity","0.03","11.39","17,591.00","200,368.69","200,368.69","Utilities","INE486A01013","National Stock Exchange Of India","India","INR"
"RSTI","ROSSETI","Equity","0.03","0.02","9,072,659.00","200,172.92","200,172.92","Utilities","RU000A0JPVJ0","Standard-Classica-Forts","Russian Federation","RUB"
"9511","OKINAWA ELECTRIC POWER INC","Equity","0.03","16.04","12,000.00","192,440.75","192,440.75","Utilities","JP3194700005","Tokyo Stock Exchange","Japan","JPY"
"IAM","INVERSIONES AGUAS METROPOLITANAS S","Equity","0.03","1.55","119,651.00","185,442.97","185,442.97","Utilities","CL0000001256","Santiago Stock Exchange","Chile","CLP"
"HHFA","HAMBURGER HAFEN UND LOGISTIK AG","Equity","0.03","27.12","6,835.00","185,378.38","185,378.38","Industrials","DE000A0S8488","Xetra","Germany","EUR"
"VCT","VECTOR LTD","Equity","0.03","2.55","71,656.00","183,067.90","183,067.90","Utilities","NZVCTE0001S7","New Zealand Exchange Ltd","New Zealand","NZD"
"3633","ZHONGYU GAS HOLDINGS LTD","Equity","0.03","1.03","174,000.00","179,220.18","179,220.18","Utilities","KYG9891U1334","Hong Kong Exchanges And Clearing Ltd","China","HKD"
"KRW","KRW CASH","Cash","0.03","0.09","205,296,908.00","175,677.66","175,677.66","Cash and/or Derivatives","-","-","Korea (South)","KRW"
"1052","YUEXIU TRANSPORT INFRASTRUCTURE LT","Equity","0.03","0.82","210,000.00","171,260.15","171,260.15","Industrials","BMG9880L1028","Hong Kong Exchanges And Clearing Ltd","China","HKD"
"RLOG3","COSAN LOGISTICA SA","Equity","0.03","4.84","35,084.00","169,964.13","169,964.13","Industrials","BRRLOGACNOR4","XBSP","Brazil","BRL"
"GTT","GTT COMMUNICATIONS INC","Equity","0.03","18.05","9,344.00","168,659.20","168,659.20","Information Technology","US3623931009","New York Stock Exchange Inc.","United States","USD"
"ECOR3","ECORODOVIAS INFRAESTRUTURA E LOGIS","Equity","0.03","2.87","57,700.00","165,769.64","165,769.64","Industrials","BRECORACNOR8","XBSP","Brazil","BRL"
"LORL","LORAL SPACE AND COMMUNICATIONS INC","Equity","0.02","35.16","4,599.00","161,700.84","161,700.84","Communication","US5438811060","NASDAQ","United States","USD"
"RWAY","RAI WAY SPA","Equity","0.02","6.01","26,317.00","158,252.17","158,252.17","Communication","IT0005054967","Borsa Italiana","Italy","EUR"
"9543","SHIZUOKA GAS LTD","Equity","0.02","8.08","19,400.00","156,725.87","156,725.87","Utilities","JP3351150002","Tokyo Stock Exchange","Japan","JPY"
"MWC","MANILA WATER INC","Equity","0.02","0.50","313,600.00","156,700.34","156,700.34","Utilities","PHY569991086","Philippine Stock Exchange Inc.","Philippines","PHP"
"BZFUT","CASH COLLATERAL USD BZFUT","Cash Collateral and Margins","0.02","100.00","156,200.00","156,200.00","156,200.00","Cash and/or Derivatives","-","-","United States","USD"
"FLU","FLUGHAFEN WIEN AG","Equity","0.02","43.77","3,551.00","155,442.04","155,442.04","Industrials","AT00000VIE62","Wiener Boerse Ag","Austria","EUR"
"GMXT*","GMEXICO TRANSPORTES SAB DE CV SA","Equity","0.02","1.21","122,643.00","148,433.28","148,433.28","Industrials","MX01GM1Z0019","Bolsa Mexicana De Valores","Mexico","MXN"
"IGL","INDRAPRASTHA GAS LTD","Equity","0.02","4.42","32,794.00","144,809.65","144,809.65","Utilities","INE203G01027","National Stock Exchange Of India","India","INR"
"EVN","EVN AG","Equity","0.02","15.39","9,278.00","142,775.88","142,775.88","Utilities","AT0000741053","Wiener Boerse Ag","Austria","EUR"
"TORNTPOWER","TORRENT POWER LTD","Equity","0.02","4.43","31,675.00","140,423.29","140,423.29","Utilities","INE813H01021","National Stock Exchange Of India","India","INR"
"MGL","MAHANAGAR GAS LTD","Equity","0.02","12.09","11,375.00","137,536.13","137,536.13","Utilities","INE002S01010","National Stock Exchange Of India","India","INR"
"525","GUANGSHEN RAILWAY LTD H","Equity","0.02","0.34","388,000.00","132,050.76","132,050.76","Industrials","CNE100000379","Hong Kong Exchanges And Clearing Ltd","China","HKD"
"9536","SAIBU GAS LTD","Equity","0.02","20.90","5,899.00","123,270.85","123,270.85","Utilities","JP3311600005","Tokyo Stock Exchange","Japan","JPY"
"GUJGASLTD","GUJARAT GAS LTD","Equity","0.02","2.38","45,581.00","108,554.71","108,554.71","Utilities","INE844O01030","National Stock Exchange Of India","India","INR"
"GSPL","GUJARAT STATE PETRONET LTD","Equity","0.02","2.84","37,857.00","107,622.08","107,622.08","Utilities","INE246F01010","National Stock Exchange Of India","India","INR"
"STBP3","SANTOS BRASIL PARTICIPACOES SA","Equity","0.02","1.24","86,395.00","107,481.39","107,481.39","Industrials","BRSTBPACNOR3","XBSP","Brazil","BRL"
"200429","GUANGDONG PROVINCIAL EXPRESSWAY DE","Equity","0.01","0.81","113,700.00","91,702.97","91,702.97","Industrials","CNE000000LT3","Shenzhen Stock Exchange","China","HKD"
"PKP","PKP CARGO SA","Equity","0.01","11.03","8,285.00","91,422.82","91,422.82","Industrials","PLPKPCR00011","Warsaw Stock Exchange/Equities/Main Market","Poland","PLN"
"107","SICHUAN EXPRESS LTD H","Equity","0.01","0.31","264,000.00","81,033.60","81,033.60","Industrials","CNE100000494","Hong Kong Exchanges And Clearing Ltd","China","HKD"
"SDA","SPEEDCAST INTERNATIONAL LTD","Equity","0.01","1.33","59,911.00","79,477.39","79,477.39","Communication","AU000000SDA9","Asx - All Markets","Australia","AUD"
"GMRINFRA","GMR INFRASTRUCTURE LTD","Equity","0.01","0.22","353,597.00","77,940.51","77,940.51","Industrials","INE776C01039","National Stock Exchange Of India","India","INR"
"GPPL","GUJARAT PIPAVAV PORT LTD","Equity","0.01","1.22","60,874.00","74,420.81","74,420.81","Industrials","INE517F01014","National Stock Exchange Of India","India","INR"
"PPC","PUBLIC POWER CORPORATION SA","Equity","0.01","2.81","26,058.00","73,143.81","73,143.81","Utilities","GRS434003000","Athens Exchange S.A. Cash Market","Greece","EUR"
"995","ANHUI EXPRESSWAY LTD H","Equity","0.01","0.63","116,000.00","72,999.08","72,999.08","Industrials","CNE1000001X0","Hong Kong Exchanges And Clearing Ltd","China","HKD"
"ENJSA","ENERJISA ENERJI","Equity","0.01","1.05","65,186.00","68,488.11","68,488.11","Utilities","TREENSA00014","Istanbul Stock Exchange","Turkey","TRY"
"9534","HOKKAIDO GAS LTD","Equity","0.01","14.13","4,800.00","67,805.04","67,805.04","Utilities","JP3847000001","Tokyo Stock Exchange","Japan","JPY"
"BRL","BRL CASH","Cash","0.01","26.36","252,585.00","66,574.88","66,574.88","Cash and/or Derivatives","-","-","Brazil","BRL"
"ADMIE","ADMIE HOLDING COMPANY SA SHRS","Equity","0.01","2.43","24,717.00","59,954.30","59,954.30","Utilities","GRS518003009","Athens Exchange S.A. Cash Market","Greece","EUR"
"SNGP","SUI NORTHERN GAS PIPELINES LTD","Equity","0.01","0.45","114,100.00","51,747.79","51,747.79","Utilities","PK0008901016","Karachi Stock Exchange (Guarantee) Limited","Pakistan","PKR"
"004690","SAMCHULLY LTD","Equity","0.01","80.35","576.00","46,283.07","46,283.07","Utilities","KR7004690004","Korea Exchange (Stock Market)","Korea (South)","KRW"
"THCOM.R","THAICOM NON-VOTING DR PCL","Equity","0.01","0.19","232,900.00","44,043.69","44,043.69","Communication","TH0380010R14","Stock Exchange Of Thailand","Thailand","THB"
"SLC","SUPERLOOP LTD","Equity","0.01","0.89","43,686.00","38,942.27","38,942.27","Communication","AU000000SLC8","Asx - All Markets","Australia","AUD"
"1129","CHINA WATER INDUSTRY LTD","Equity","0.01","0.10","356,000.00","35,662.18","35,662.18","Utilities","KYG2114E1355","Hong Kong Exchanges And Clearing Ltd","China","HKD"
"RELINFRA","RELIANCE INFRASTRUCTURE LTD","Equity","0.00","0.80","40,650.00","32,428.62","32,428.62","Utilities","INE036A01016","National Stock Exchange Of India","India","INR"
"PHP","PHP CASH","Cash","0.00","1.96","1,617,192.00","31,627.47","31,627.47","Cash and/or Derivatives","-","-","Philippines","PHP"
"ENELAM.OSA","ENEL AM RICAS RIGHTS SA","Equity","0.00","0.01","2,494,971.00","25,866.32","25,866.32","Utilities","CL0002539444","Santiago Stock Exchange","Chile","CLP"
"TRY","TRY CASH","Cash","0.00","17.87","124,972.00","22,330.43","22,330.43","Cash and/or Derivatives","-","-","Turkey","TRY"
"NZD","NZD CASH","Cash","0.00","66.88","31,729.00","21,220.06","21,220.06","Cash and/or Derivatives","-","-","New Zealand","NZD"
"DKK","DKK CASH","Cash","0.00","15.12","121,292.00","18,335.18","18,335.18","Cash and/or Derivatives","-","-","Denmark","DKK"
"MYR","MYR CASH","Cash","0.00","24.20","46,082.00","11,149.76","11,149.76","Cash and/or Derivatives","-","-","Malaysia","MYR"
"PLN","PLN CASH","Cash","0.00","26.59","38,408.00","10,212.48","10,212.48","Cash and/or Derivatives","-","-","Poland","PLN"
"THB","THB CASH","Cash","0.00","3.26","222,316.00","7,248.65","7,248.65","Cash and/or Derivatives","-","-","Thailand","THB"
"TWD","TWD CASH","Cash","0.00","3.22","180,080.00","5,792.78","5,792.78","Cash and/or Derivatives","-","-","Taiwan","TWD"
"MXN","MXN CASH","Cash","0.00","5.26","97,535.00","5,132.39","5,132.39","Cash and/or Derivatives","-","-","Mexico","MXN"
"PKR","PKR CASH","Cash","0.00","0.64","645,392.00","4,142.44","4,142.44","Cash and/or Derivatives","-","-","Pakistan","PKR"
"CHF","CHF CASH","Cash","0.00","101.46","2,572.00","2,609.33","2,609.33","Cash and/or Derivatives","-","-","Switzerland","CHF"
"INR","INR CASH","Cash","0.00","1.46","154,535.00","2,255.82","2,255.82","Cash and/or Derivatives","-","-","India","INR"
"SGD","SGD CASH","Cash","0.00","73.75","1,653.00","1,218.93","1,218.93","Cash and/or Derivatives","-","-","Singapore","SGD"
"RUB","RUB CASH","Cash","0.00","1.58","25,333.00","399.24","399.24","Cash and/or Derivatives","-","-","Russian Federation","RUB"
"KWD","KWD CASH","Cash","0.00","328.95","100.00","330.59","330.59","Cash and/or Derivatives","-","-","Kuwait","KWD"
"CNH","CNH CASH","Cash","0.00","14.55","1,008.00","146.64","146.64","Cash and/or Derivatives","-","-","China","CNH"
"COP","COP/USD","FX","0.00","1.00","17,009,395.00","33.15","33.15","Cash and/or Derivatives","-","-","United States","USD"
"MFSU9","EMINI MSCI EAFE INDEX SEP 19","Futures","0.00","1,953.60","16.00","0.00","1,562,880.00","Cash and/or Derivatives","-","Ice Futures U.S.","-","USD"
"ESU9","S&P500 EMINI SEP 19","Futures","0.00","3,000.30","13.00","0.00","1,950,195.00","Cash and/or Derivatives","-","Index And Options Market","-","USD"
"IDR","IDR CASH","Cash","0.00","0.01","1.00","0.00","0.00","Cash and/or Derivatives","-","-","Indonesia","IDR"
"CLP","CLP CASH","Cash","0.00","0.15","-1,178,795.00","-1,740.64","-1,740.64","Cash and/or Derivatives","-","-","Chile","CLP"
"COP","COP CASH","Cash","0.00","0.03","-17,009,395.00","-5,321.87","-5,321.87","Cash and/or Derivatives","-","-","Colombia","COP"
 