﻿Fund Holdings as of,"Jul 4, 2019"
 
Issuer Ticker,Name,Asset Class,Weight (%),Price,Shares,Market Value,Notional Value,Sector,ISIN,Exchange,Country,Market Currency
"SEDG","SOLAREDGE TECHNOLOGIES INC","Equity","5.66","62.30","222,042.00","13,833,216.60","13,833,216.60","Information Technology","US83417M1045","NASDAQ","United States","USD"
"CEN","CONTACT ENERGY LTD","Equity","5.51","5.35","2,519,516.00","13,480,418.41","13,480,418.41","Utilities","NZCENE0001S6","New Zealand Exchange Ltd","New Zealand","NZD"
"MEL","MERIDIAN ENERGY LTD","Equity","5.44","3.14","4,233,078.00","13,306,088.06","13,306,088.06","Utilities","NZMELE0002S7","New Zealand Exchange Ltd","New Zealand","NZD"
"ORA","ORMAT TECH INC","Equity","5.20","62.73","202,869.00","12,725,972.37","12,725,972.37","Utilities","US6866881021","New York Stock Exchange Inc.","United States","USD"
"FSLR","FIRST SOLAR INC","Equity","5.05","66.19","186,453.00","12,341,324.07","12,341,324.07","Information Technology","US3364331070","NASDAQ","United States","USD"
"VER","VERBUND AG","Equity","4.78","52.46","223,020.00","11,699,919.13","11,699,919.13","Utilities","AT0000746409","Wiener Boerse Ag","Austria","EUR"
"VWS","VESTAS WIND SYSTEMS","Equity","4.64","89.85","126,354.00","11,353,284.85","11,353,284.85","Industrials","DK0010268606","Omx Nordic Exchange Copenhagen A/S","Denmark","DKK"
"SGRE","SIEMENS GAMESA RENEWABLE ENERGY SA","Equity","4.60","16.97","662,483.00","11,241,096.34","11,241,096.34","Industrials","ES0143416115","Bolsa De Madrid","Spain","EUR"
"CIG","COMPANHIA ENERGETICA MINAS GERAIS","Equity","4.56","3.77","2,959,200.00","11,156,184.00","11,156,184.00","Utilities","US2044096012","New York Stock Exchange Inc.","Brazil","USD"
"257","CHINA EVERBRIGHT INTERNATIONAL LTD","Equity","4.41","0.96","11,196,110.00","10,784,293.77","10,784,293.77","Industrials","HK0257001336","Hong Kong Exchanges And Clearing Ltd","China","HKD"
"PEGI","PATTERN ENERGY GROUP INC CLASS A","Equity","4.40","23.56","456,267.00","10,749,650.52","10,749,650.52","Utilities","US70338P1003","NASDAQ","United States","USD"
"CVA","COVANTA HOLDING CORP","Equity","4.32","18.10","583,340.00","10,558,454.00","10,558,454.00","Industrials","US22282E1029","New York Stock Exchange Inc.","United States","USD"
"916","CHINA LONGYUAN POWER GROUP CORP LT","Equity","4.20","0.66","15,545,000.00","10,281,612.81","10,281,612.81","Utilities","CNE100000HD4","Hong Kong Exchanges And Clearing Ltd","China","HKD"
"RUN","SUNRUN INC","Equity","3.10","20.22","375,024.00","7,582,985.28","7,582,985.28","Industrials","US86771W1053","NASDAQ","United States","USD"
"ENPH","ENPHASE ENERGY INC","Equity","2.97","18.97","383,091.00","7,267,236.27","7,267,236.27","Information Technology","US29355A1079","NASDAQ","United States","USD"
"958","HUANENG RENEWABLES CORPORATION COR","Equity","2.81","0.29","23,954,000.00","6,860,348.81","6,860,348.81","Utilities","CNE100000WS1","Hong Kong Exchanges And Clearing Ltd","China","HKD"
"AY","ATLANTICA YIELD PLC","Equity","2.79","23.09","295,872.00","6,831,684.48","6,831,684.48","Utilities","GB00BLP5YB54","NASDAQ","United States","USD"
"968","XINYI SOLAR HOLDINGS LTD","Equity","2.79","0.48","14,147,200.00","6,813,418.27","6,813,418.27","Information Technology","KYG9829N1025","Hong Kong Exchanges And Clearing Ltd","China","HKD"
"ELP","COMPANHIA PARANAENSE DE ENERGIA AD","Equity","2.58","12.43","507,214.00","6,304,670.02","6,304,670.02","Utilities","US20441B4077","New York Stock Exchange Inc.","Brazil","USD"
"INE","INNERGEX RENEWABLE ENERGY INC","Equity","2.48","10.95","552,729.00","6,054,172.34","6,054,172.34","Utilities","CA45790B1040","Toronto Stock Exchange","Canada","CAD"
"TERP","TERRAFORM POWER INC CLASS A","Equity","2.47","14.77","408,244.00","6,029,763.88","6,029,763.88","Utilities","US88104R2094","NASDAQ","United States","USD"
"BLX","BORALEX INC CLASS A","Equity","2.13","15.14","343,793.00","5,203,438.92","5,203,438.92","Utilities","CA09950M3003","Toronto Stock Exchange","Canada","CAD"
"NDX1","NORDEX","Equity","2.08","16.36","310,802.00","5,084,378.84","5,084,378.84","Industrials","DE000A0D6554","Xetra","Germany","EUR"
"CSIQ","CANADIAN SOLAR INC","Equity","2.02","22.12","222,896.00","4,930,459.52","4,930,459.52","Information Technology","CA1366351098","NASDAQ","China","USD"
"2208","XINJIANG GOLDWIND SCIENCE AND TECH","Equity","1.78","1.13","3,858,966.00","4,361,309.57","4,361,309.57","Industrials","CNE100000PP1","Hong Kong Exchanges And Clearing Ltd","China","HKD"
"SSO","SCATEC SOLAR","Equity","1.74","10.54","403,271.00","4,250,902.52","4,250,902.52","Utilities","NO0010715139","Oslo Bors Asa","Norway","NOK"
"3800","GCL-POLY ENERGY HOLDINGS LTD","Equity","1.38","0.06","60,566,000.00","3,383,618.87","3,383,618.87","Information Technology","KYG3774X1088","Hong Kong Exchanges And Clearing Ltd","China","HKD"
"JKS","JINKOSOLAR HOLDING ADR REP LTD","Equity","1.25","22.62","134,963.00","3,052,863.06","3,052,863.06","Information Technology","US47759T1007","New York Stock Exchange Inc.","China","USD"
"REGI","RENEWABLE ENERGY INC","Equity","1.20","15.74","186,917.00","2,942,073.58","2,942,073.58","Energy","US75972A3014","NASDAQ","United States","USD"
"TPIC","TPI COMPOSITES INC","Equity","0.92","24.48","92,389.00","2,261,682.72","2,261,682.72","Industrials","US87266J1043","NASDAQ","United States","USD"
"USD","USD CASH","Cash","0.41","100.00","995,426.00","995,426.48","995,426.48","Cash and/or Derivatives","-","-","United States","USD"
"HKD","HKD CASH","Cash","0.20","12.84","3,739,238.00","480,226.83","480,226.83","Cash and/or Derivatives","-","-","Hong Kong","HKD"
"CAD","CAD CASH","Cash","0.03","76.60","98,067.00","75,115.49","75,115.49","Cash and/or Derivatives","-","-","Canada","CAD"
"BZFUT","CASH COLLATERAL USD BZFUT","Cash Collateral and Margins","0.03","100.00","74,960.00","74,960.00","74,960.00","Cash and/or Derivatives","-","-","United States","USD"
"DKK","DKK CASH","Cash","0.02","15.12","362,133.00","54,742.16","54,742.16","Cash and/or Derivatives","-","-","Denmark","DKK"
"NZD","NZD CASH","Cash","0.02","66.88","75,100.00","50,226.68","50,226.68","Cash and/or Derivatives","-","-","New Zealand","NZD"
"EUR","EUR CASH","Cash","0.02","112.82","44,456.00","50,155.46","50,155.46","Cash and/or Derivatives","-","-","European Union","EUR"
"NOK","NOK CASH","Cash","0.00","11.72","84,088.00","9,854.06","9,854.06","Cash and/or Derivatives","-","-","Norway","NOK"
"KRW","KRW CASH","Cash","0.00","0.09","6,724,454.00","5,754.28","5,754.28","Cash and/or Derivatives","-","-","Korea (South)","KRW"
"JPY","JPY CASH","Cash","0.00","0.93","288,800.00","2,678.66","2,678.66","Cash and/or Derivatives","-","-","Japan","JPY"
"GBP","GBP CASH","Cash","0.00","125.74","1,858.00","2,335.66","2,335.66","Cash and/or Derivatives","-","-","United Kingdom","GBP"
"ESU9","S&P500 EMINI SEP 19","Futures","0.00","3,000.30","3.00","0.00","450,045.00","Cash and/or Derivatives","-","Index And Options Market","-","USD"
"MESU9","MSCI EMER MKT INDEX (ICE) SEP 19","Futures","0.00","1,062.00","21.00","0.00","1,115,100.00","Cash and/or Derivatives","-","Ice Futures U.S.","-","USD"
 