﻿iShares Global 100 ETF
Inception Date,"Dec 5, 2000"
Fund Holdings as of,"Jul 3, 2019"
Total Net Assets,"2,022,422,892.10"
Shares Outstanding,"40,700,000.00"
Stock,"-"
Bond,"-"
Cash,"-"
Other,"-"
 
Issuer Ticker,Name,Asset Class,Weight (%),Price,Shares,Market Value,Notional Value,Sector,SEDOL,ISIN,Exchange,Country,Currency,Market Currency,FX Rate
"MSFT","MICROSOFT CORP","Equity","8.34","137.46","1,227,457.00","168,726,239.22","168,726,239.22","Information Technology","2588173","US5949181045","NASDAQ","United States","USD","USD","1.00"
"AAPL","APPLE INC","Equity","6.93","204.41","685,582.00","140,139,816.62","140,139,816.62","Information Technology","2046251","US0378331005","NASDAQ","United States","USD","USD","1.00"
"AMZN","AMAZON COM INC","Equity","6.25","1,939.00","65,147.00","126,320,033.00","126,320,033.00","Consumer Discretionary","2000019","US0231351067","NASDAQ","United States","USD","USD","1.00"
"JNJ","JOHNSON & JOHNSON","Equity","2.93","142.14","417,128.00","59,290,573.92","59,290,573.92","Health Care","2475833","US4781601046","New York Stock Exchange Inc.","United States","USD","USD","1.00"
"JPM","JPMORGAN CHASE & CO","Equity","2.84","112.82","509,912.00","57,528,271.84","57,528,271.84","Financials","2190385","US46625H1005","New York Stock Exchange Inc.","United States","USD","USD","1.00"
"XOM","EXXON MOBIL CORP","Equity","2.52","76.44","666,127.00","50,918,747.88","50,918,747.88","Energy","2326618","US30231G1022","New York Stock Exchange Inc.","United States","USD","USD","1.00"
"NESN","NESTLE SA","Equity","2.46","103.77","480,269.00","49,836,341.04","49,836,341.04","Consumer Staples","7123870","CH0038863350","Six Swiss Exchange Ag","Switzerland","USD","CHF","0.99"
"GOOGL","ALPHABET INC CLASS A","Equity","2.45","1,122.99","44,030.00","49,445,249.70","49,445,249.70","Communication","BYVY8G0","US02079K3059","NASDAQ","United States","USD","USD","1.00"
"GOOG","ALPHABET INC CLASS C","Equity","2.26","1,121.58","40,701.00","45,649,427.58","45,649,427.58","Communication","BYY88Y7","US02079K1079","NASDAQ","United States","USD","USD","1.00"
"PG","PROCTER & GAMBLE","Equity","2.22","114.08","393,421.00","44,881,467.68","44,881,467.68","Consumer Staples","2704407","US7427181091","New York Stock Exchange Inc.","United States","USD","USD","1.00"
"PFE","PFIZER INC","Equity","1.90","44.40","866,099.00","38,454,795.60","38,454,795.60","Health Care","2684703","US7170811035","New York Stock Exchange Inc.","United States","USD","USD","1.00"
"CVX","CHEVRON CORP","Equity","1.83","123.35","299,653.00","36,962,197.55","36,962,197.55","Energy","2838555","US1667641005","New York Stock Exchange Inc.","United States","USD","USD","1.00"
"NOVN","NOVARTIS AG","Equity","1.81","92.32","396,554.00","36,609,006.26","36,609,006.26","Health Care","7103065","CH0012005267","Six Swiss Exchange Ag","Switzerland","USD","CHF","0.99"
"MRK","MERCK & CO INC","Equity","1.73","86.90","402,279.00","34,958,045.10","34,958,045.10","Health Care","2778844","US58933Y1055","New York Stock Exchange Inc.","United States","USD","USD","1.00"
"INTC","INTEL CORP","Equity","1.70","48.52","707,191.00","34,312,907.32","34,312,907.32","Information Technology","2463247","US4581401001","NASDAQ","United States","USD","USD","1.00"
"SMSN","SAMSUNG ELECTRONICS GDS REPRESENT","Equity","1.60","970.00","33,311.00","32,311,670.00","32,311,670.00","Information Technology","4942818","US7960508882","London Stock Exchange","Korea (South)","USD","USD","1.00"
"ROG","ROCHE HOLDING PAR AG","Equity","1.55","285.43","109,929.00","31,377,229.40","31,377,229.40","Health Care","7110388","CH0012032048","Six Swiss Exchange Ag","Switzerland","USD","CHF","0.99"
"KO","COCA-COLA","Equity","1.54","52.10","597,112.00","31,109,535.20","31,109,535.20","Consumer Staples","2206657","US1912161007","New York Stock Exchange Inc.","United States","USD","USD","1.00"
"PEP","PEPSICO INC","Equity","1.45","133.99","218,215.00","29,238,627.85","29,238,627.85","Consumer Staples","2681511","US7134481081","NASDAQ","United States","USD","USD","1.00"
"HSBA","HSBC HOLDINGS PLC","Equity","1.34","8.44","3,211,226.00","27,090,077.55","27,090,077.55","Financials","0540528","GB0005405286","London Stock Exchange","United Kingdom","USD","GBP","0.80"
"7203","TOYOTA MOTOR CORP","Equity","1.31","63.29","417,200.00","26,405,504.31","26,405,504.31","Consumer Discretionary","6900643","JP3633400001","Tokyo Stock Exchange","Japan","USD","JPY","107.77"
"MCD","MCDONALDS CORP","Equity","1.28","212.81","121,174.00","25,787,038.94","25,787,038.94","Consumer Discretionary","2550707","US5801351017","New York Stock Exchange Inc.","United States","USD","USD","1.00"
"C","CITIGROUP INC","Equity","1.27","70.85","361,554.00","25,616,100.90","25,616,100.90","Financials","2297907","US1729674242","New York Stock Exchange Inc.","United States","USD","USD","1.00"
"WMT","WALMART INC","Equity","1.22","112.32","218,975.00","24,595,272.00","24,595,272.00","Consumer Staples","2936921","US9311421039","New York Stock Exchange Inc.","United States","USD","USD","1.00"
"ABT","ABBOTT LABORATORIES","Equity","1.21","85.64","286,468.00","24,533,119.52","24,533,119.52","Health Care","2002305","US0028241000","New York Stock Exchange Inc.","United States","USD","USD","1.00"
"RDSA","ROYAL DUTCH SHELL PLC","Equity","1.09","32.40","680,622.00","22,052,137.15","22,052,137.15","Energy","B03MLX2","GB00B03MLX29","London Stock Exchange","United Kingdom","USD","GBP","0.80"
"FP","TOTAL SA","Equity","1.08","55.41","393,770.00","21,818,436.29","21,818,436.29","Energy","B15C557","FR0000120271","Nyse Euronext - Euronext Paris","France","USD","EUR","0.89"
"BP.","BP PLC","Equity","1.08","6.86","3,170,153.00","21,757,289.14","21,757,289.14","Energy","0798059","GB0007980591","London Stock Exchange","United Kingdom","USD","GBP","0.80"
"IBM","INTERNATIONAL BUSINESS MACHINES CO","Equity","1.05","141.54","150,559.00","21,310,120.86","21,310,120.86","Information Technology","2005973","US4592001014","New York Stock Exchange Inc.","United States","USD","USD","1.00"
"HON","HONEYWELL INTERNATIONAL INC","Equity","1.04","178.40","117,963.00","21,044,599.20","21,044,599.20","Industrials","2020459","US4385161066","New York Stock Exchange Inc.","United States","USD","USD","1.00"
"PM","PHILIP MORRIS INTERNATIONAL INC","Equity","0.98","80.63","244,930.00","19,748,705.90","19,748,705.90","Consumer Staples","B2PKRQ3","US7181721090","New York Stock Exchange Inc.","United States","USD","USD","1.00"
"RDSB","ROYAL DUTCH SHELL PLC CLASS B","Equity","0.94","32.42","583,258.00","18,908,536.99","18,908,536.99","Energy","B03MM40","GB00B03MM408","London Stock Exchange","United Kingdom","USD","GBP","0.80"
"MC","LVMH","Equity","0.90","428.70","42,392.00","18,173,323.22","18,173,323.22","Consumer Discretionary","4061412","FR0000121014","Nyse Euronext - Euronext Paris","France","USD","EUR","0.89"
"TXN","TEXAS INSTRUMENT INC","Equity","0.90","115.94","156,672.00","18,164,551.68","18,164,551.68","Information Technology","2885409","US8825081040","NASDAQ","United States","USD","USD","1.00"
"NKE","NIKE INC CLASS B","Equity","0.87","86.20","204,473.00","17,625,572.60","17,625,572.60","Consumer Discretionary","2640147","US6541061031","New York Stock Exchange Inc.","United States","USD","USD","1.00"
"UTX","UNITED TECHNOLOGIES CORP","Equity","0.86","133.00","130,162.00","17,311,546.00","17,311,546.00","Industrials","2915500","US9130171096","New York Stock Exchange Inc.","United States","USD","USD","1.00"
"AZN","ASTRAZENECA PLC","Equity","0.84","82.94","203,678.00","16,893,241.93","16,893,241.93","Health Care","0989529","GB0009895292","London Stock Exchange","United Kingdom","USD","GBP","0.80"
"UNA","UNILEVER NV","Equity","0.82","62.16","266,729.00","16,580,158.71","16,580,158.71","Consumer Staples","B1527V7","NL0000388619","Euronext Amsterdam","Netherlands","USD","EUR","0.89"
"DGE","DIAGEO PLC","Equity","0.81","43.75","374,430.00","16,381,554.94","16,381,554.94","Consumer Staples","0237400","GB0002374006","London Stock Exchange","United Kingdom","USD","GBP","0.80"
"SIE","SIEMENS N AG","Equity","0.79","118.88","135,125.00","16,064,260.90","16,064,260.90","Industrials","5727973","DE0007236101","Xetra","Germany","USD","EUR","0.89"
"MMM","3M","Equity","0.79","174.98","91,074.00","15,936,128.52","15,936,128.52","Industrials","2595708","US88579Y1010","New York Stock Exchange Inc.","United States","USD","USD","1.00"
"ALV","ALLIANZ","Equity","0.78","244.58","64,462.00","15,766,304.19","15,766,304.19","Financials","5231485","DE0008404005","Xetra","Germany","USD","EUR","0.89"
"SAN","SANOFI SA","Equity","0.78","88.27","178,582.00","15,762,800.25","15,762,800.25","Health Care","5671735","FR0000120578","Nyse Euronext - Euronext Paris","France","USD","EUR","0.89"
"GSK","GLAXOSMITHKLINE PLC","Equity","0.77","20.62","758,679.00","15,642,743.76","15,642,743.76","Health Care","0925288","GB0009252882","London Stock Exchange","United Kingdom","USD","GBP","0.80"
"AMT","AMERICAN TOWER REIT CORP","Equity","0.73","210.17","69,813.00","14,672,598.21","14,672,598.21","Real Estate","B7FBFL2","US03027X1000","New York Stock Exchange Inc.","United States","USD","USD","1.00"
"GE","GENERAL ELECTRIC","Equity","0.72","10.61","1,371,187.00","14,548,294.07","14,548,294.07","Industrials","2380498","US3696041033","New York Stock Exchange Inc.","United States","USD","USD","1.00"
"BHP","BHP GROUP LTD","Equity","0.67","29.59","460,391.00","13,622,303.04","13,622,303.04","Materials","6144690","AU000000BHP4","Asx - All Markets","Australia","USD","AUD","1.42"
"CAT","CATERPILLAR INC","Equity","0.61","135.59","90,608.00","12,285,538.72","12,285,538.72","Industrials","2180201","US1491231015","New York Stock Exchange Inc.","United States","USD","USD","1.00"
"SAN","BANCO SANTANDER SA","Equity","0.61","4.72","2,602,398.00","12,272,042.37","12,272,042.37","Financials","5705946","ES0113900J37","Bolsa De Madrid","Spain","USD","EUR","0.89"
"BMY","BRISTOL MYERS SQUIBB","Equity","0.60","46.56","260,040.00","12,107,462.40","12,107,462.40","Health Care","2126335","US1101221083","New York Stock Exchange Inc.","United States","USD","USD","1.00"
"OR","LOREAL SA","Equity","0.57","289.82","39,869.00","11,554,902.75","11,554,902.75","Consumer Staples","4057808","FR0000120321","Nyse Euronext - Euronext Paris","France","USD","EUR","0.89"
"GS","GOLDMAN SACHS GROUP INC","Equity","0.56","206.04","54,538.00","11,237,009.52","11,237,009.52","Financials","2407966","US38141G1040","New York Stock Exchange Inc.","United States","USD","USD","1.00"
"6758","SONY CORP","Equity","0.54","54.14","202,200.00","10,947,731.28","10,947,731.28","Consumer Discretionary","6821506","JP3435000009","Tokyo Stock Exchange","Japan","USD","JPY","107.77"
"RIO","RIO TINTO PLC","Equity","0.54","62.39","173,410.00","10,819,767.73","10,819,767.73","Materials","0718875","GB0007188757","London Stock Exchange","United Kingdom","USD","GBP","0.80"
"BAS","BASF N","Equity","0.51","70.60","145,952.00","10,304,156.76","10,304,156.76","Materials","5086577","DE000BASF111","Xetra","Germany","USD","EUR","0.89"
"BAYN","BAYER AG","Equity","0.51","68.83","148,625.00","10,229,625.63","10,229,625.63","Health Care","5069211","DE000BAY0017","Xetra","Germany","USD","EUR","0.89"
"CL","COLGATE-PALMOLIVE","Equity","0.49","74.00","134,629.00","9,962,546.00","9,962,546.00","Consumer Staples","2209106","US1941621039","New York Stock Exchange Inc.","United States","USD","USD","1.00"
"MS","MORGAN STANLEY","Equity","0.47","43.99","215,039.00","9,459,565.61","9,459,565.61","Financials","2262314","US6174464486","New York Stock Exchange Inc.","United States","USD","USD","1.00"
"8306","MITSUBISHI UFJ FINANCIAL GROUP INC","Equity","0.47","4.82","1,953,700.00","9,410,463.67","9,410,463.67","Financials","6335171","JP3902900004","Tokyo Stock Exchange","Japan","USD","JPY","107.77"
"PRU","PRUDENTIAL PLC","Equity","0.45","22.21","412,389.00","9,159,730.44","9,159,730.44","Financials","0709954","GB0007099541","London Stock Exchange","United Kingdom","USD","GBP","0.80"
"DD","DUPONT DE NEMOURS INC","Equity","0.43","74.18","117,936.00","8,748,492.48","8,748,492.48","Materials","BK0VN47","US26614N1028","New York Stock Exchange Inc.","United States","USD","USD","1.00"
"DAI","DAIMLER AG","Equity","0.43","55.30","155,482.00","8,598,452.04","8,598,452.04","Consumer Discretionary","5529027","DE0007100000","Xetra","Germany","USD","EUR","0.89"
"DTE","DEUTSCHE TELEKOM N AG","Equity","0.42","17.34","490,846.00","8,508,890.46","8,508,890.46","Communication","5842359","DE0005557508","Xetra","Germany","USD","EUR","0.89"
"MMC","MARSH & MCLENNAN INC","Equity","0.41","102.92","79,814.00","8,214,456.88","8,214,456.88","Financials","2567741","US5717481023","New York Stock Exchange Inc.","United States","USD","USD","1.00"
"CS","AXA SA","Equity","0.39","26.71","294,236.00","7,860,394.69","7,860,394.69","Financials","7088429","FR0000120628","Nyse Euronext - Euronext Paris","France","USD","EUR","0.89"
"UBSG","UBS GROUP AG","Equity","0.39","12.01","648,254.00","7,787,200.07","7,787,200.07","Financials","BRJL176","CH0244767585","Six Swiss Exchange Ag","Switzerland","USD","CHF","0.99"
"AON","AON PLC CLASS A","Equity","0.38","198.48","39,169.00","7,774,263.12","7,774,263.12","Financials","B5BT0K0","GB00B5BT0K07","New York Stock Exchange Inc.","United States","USD","USD","1.00"
"SU","SCHNEIDER ELECTRIC","Equity","0.38","91.02","83,849.00","7,631,864.04","7,631,864.04","Industrials","4834108","FR0000121972","Nyse Euronext - Euronext Paris","France","USD","EUR","0.89"
"7267","HONDA MOTOR LTD","Equity","0.36","25.89","283,900.00","7,349,735.55","7,349,735.55","Consumer Discretionary","6435145","JP3854600008","Tokyo Stock Exchange","Japan","USD","JPY","107.77"
"KMB","KIMBERLY CLARK CORP","Equity","0.35","138.35","51,770.00","7,162,379.50","7,162,379.50","Consumer Staples","2491839","US4943681035","New York Stock Exchange Inc.","United States","USD","USD","1.00"
"INGA","ING GROEP NV","Equity","0.35","11.62","608,882.00","7,073,801.53","7,073,801.53","Financials","BZ57390","NL0011821202","Euronext Amsterdam","Netherlands","USD","EUR","0.89"
"VOD","VODAFONE GROUP PLC","Equity","0.35","1.65","4,234,146.00","6,990,699.78","6,990,699.78","Communication","BH4HKS3","GB00BH4HKS39","London Stock Exchange","United Kingdom","USD","GBP","0.80"
"PHIA","KONINKLIJKE PHILIPS NV","Equity","0.33","44.58","151,912.00","6,772,918.74","6,772,918.74","Health Care","5986622","NL0000009538","Euronext Amsterdam","Netherlands","USD","EUR","0.89"
"EMR","EMERSON ELECTRIC","Equity","0.33","66.19","102,012.00","6,752,174.28","6,752,174.28","Industrials","2313405","US2910111044","New York Stock Exchange Inc.","United States","USD","USD","1.00"
"ABBN","ABB LTD","Equity","0.31","19.99","315,597.00","6,310,019.63","6,310,019.63","Industrials","7108899","CH0012221716","Six Swiss Exchange Ag","Switzerland","USD","CHF","0.99"
"BBVA","BANCO BILBAO VIZCAYA ARGENTARIA SA","Equity","0.31","5.67","1,105,847.00","6,271,490.62","6,271,490.62","Financials","5501906","ES0113211835","Bolsa De Madrid","Spain","USD","EUR","0.89"
"NG.","NATIONAL GRID PLC","Equity","0.31","10.89","574,129.00","6,253,482.54","6,253,482.54","Utilities","BDR05C0","GB00BDR05C01","London Stock Exchange","United Kingdom","USD","GBP","0.80"
"F","FORD MOTOR CO","Equity","0.31","10.20","608,908.00","6,210,861.60","6,210,861.60","Consumer Discretionary","2615468","US3453708600","New York Stock Exchange Inc.","United States","USD","USD","1.00"
"AAL","ANGLO AMERICAN PLC","Equity","0.30","27.89","217,474.00","6,065,319.41","6,065,319.41","Materials","B1XZS82","GB00B1XZS820","London Stock Exchange","United Kingdom","USD","GBP","0.80"
"MUV2","MUENCHENER RUECKVERSICHERUNGS-GESE","Equity","0.29","257.33","22,611.00","5,818,511.58","5,818,511.58","Financials","5294121","DE0008430026","Xetra","Germany","USD","EUR","0.89"
"TEF","TELEFONICA SA","Equity","0.28","8.26","680,949.00","5,623,316.34","5,623,316.34","Communication","5732524","ES0178430E18","Bolsa De Madrid","Spain","USD","EUR","0.89"
"JCI","JOHNSON CONTROLS INTERNATIONAL PLC","Equity","0.27","41.83","131,239.00","5,489,727.37","5,489,727.37","Industrials","BY7QL61","IE00BY7QL619","New York Stock Exchange Inc.","United States","USD","USD","1.00"
"7751","CANON INC","Equity","0.27","29.54","185,650.00","5,484,917.88","5,484,917.88","Information Technology","6172323","JP3242800005","Tokyo Stock Exchange","Japan","USD","JPY","107.77"
"HPQ","HP INC","Equity","0.26","21.16","249,781.00","5,285,365.96","5,285,365.96","Information Technology","BYX4D52","US40434L1052","New York Stock Exchange Inc.","United States","USD","USD","1.00"
"ORA","ORANGE SA","Equity","0.25","15.61","329,915.00","5,151,159.52","5,151,159.52","Communication","5176177","FR0000133308","Nyse Euronext - Euronext Paris","France","USD","EUR","0.89"
"BARC","BARCLAYS PLC","Equity","0.24","1.95","2,531,522.00","4,928,908.12","4,928,908.12","Financials","3134865","GB0031348658","London Stock Exchange","United Kingdom","USD","GBP","0.80"
"CSGN","CREDIT SUISSE GROUP AG","Equity","0.24","12.12","401,984.00","4,873,706.93","4,873,706.93","Financials","7171589","CH0012138530","Six Swiss Exchange Ag","Switzerland","USD","CHF","0.99"
"ENGI","ENGIE SA","Equity","0.22","15.68","287,903.00","4,513,065.01","4,513,065.01","Utilities","B0C2CQ3","FR0010208488","Nyse Euronext - Euronext Paris","France","USD","EUR","0.89"
"SREN","SWISS RE AG","Equity","0.22","102.94","43,736.00","4,502,007.00","4,502,007.00","Financials","B545MG5","CH0126881561","Six Swiss Exchange Ag","Switzerland","USD","CHF","0.99"
"3382","SEVEN & I HOLDINGS LTD","Equity","0.21","34.24","123,420.00","4,225,849.49","4,225,849.49","Consumer Staples","B0FS5D6","JP3422950000","Tokyo Stock Exchange","Japan","USD","JPY","107.77"
"STAN","STANDARD CHARTERED PLC","Equity","0.20","9.22","446,422.00","4,116,565.30","4,116,565.30","Financials","0408284","GB0004082847","London Stock Exchange","United Kingdom","USD","GBP","0.80"
"5108","BRIDGESTONE CORP","Equity","0.19","39.46","99,100.00","3,910,849.96","3,910,849.96","Consumer Discretionary","6132101","JP3830800003","Tokyo Stock Exchange","Japan","USD","JPY","107.77"
"VIV","VIVENDI SA","Equity","0.19","28.14","133,969.00","3,769,359.96","3,769,359.96","Communication","4834777","FR0000127771","Nyse Euronext - Euronext Paris","France","USD","EUR","0.89"
"EOAN","E.ON N","Equity","0.18","11.12","336,179.00","3,737,989.90","3,737,989.90","Utilities","4942904","DE000ENAG999","Xetra","Germany","USD","EUR","0.89"
"XTSLA","BLK CSH FND TREASURY SL AGENCY","Money Market","0.18","1.00","3,713,745.00","3,713,744.74","3,713,744.74","Cash and/or Derivatives","-","US0669224778","-","United States","USD","USD","1.00"
"6752","PANASONIC CORP","Equity","0.16","8.61","385,100.00","3,315,354.74","3,315,354.74","Consumer Discretionary","6572707","JP3866800000","Tokyo Stock Exchange","Japan","USD","JPY","107.77"
"SGO","COMPAGNIE DE SAINT GOBAIN SA","Equity","0.16","38.99","82,472.00","3,215,489.59","3,215,489.59","Industrials","7380482","FR0000125007","Nyse Euronext - Euronext Paris","France","USD","EUR","0.89"
"REP","REPSOL SA","Equity","0.15","15.54","201,563.00","3,132,342.69","3,132,342.69","Energy","5669354","ES0173516115","Bolsa De Madrid","Spain","USD","EUR","0.89"
"AV.","AVIVA PLC","Equity","0.15","5.44","547,822.00","2,981,407.07","2,981,407.07","Financials","0216238","GB0002162385","London Stock Exchange","United Kingdom","USD","GBP","0.80"
"GLE","SOCIETE GENERALE SA","Equity","0.15","25.20","116,794.00","2,942,885.31","2,942,885.31","Financials","5966516","FR0000130809","Nyse Euronext - Euronext Paris","France","USD","EUR","0.89"
"DBK","DEUTSCHE BANK AG","Equity","0.13","7.82","330,189.00","2,582,188.86","2,582,188.86","Financials","5750355","DE0005140008","Xetra","Germany","USD","EUR","0.89"
"RWE","RWE AG","Equity","0.12","25.55","92,674.00","2,368,061.42","2,368,061.42","Utilities","4768962","DE0007037129","Xetra","Germany","USD","EUR","0.89"
"7201","NISSAN MOTOR LTD","Equity","0.12","7.15","329,000.00","2,352,485.85","2,352,485.85","Consumer Discretionary","6642860","JP3672400003","Tokyo Stock Exchange","Japan","USD","JPY","107.77"
"CHF","CHF CASH","Cash","0.10","101.41","1,935,438.00","1,962,819.39","1,962,819.39","Cash and/or Derivatives","-","-","-","Switzerland","USD","CHF","0.99"
"RO","ROCHE HOLDING AG","Equity","0.06","285.18","4,245.00","1,210,581.61","1,210,581.61","Health Care","7108918","CH0012032113","SIX Swiss Exchange","Switzerland","USD","CHF","0.99"
"GBP","GBP CASH","Cash","0.05","125.63","741,709.00","931,808.73","931,808.73","Cash and/or Derivatives","-","-","-","United Kingdom","USD","GBP","0.80"
"EUR","EUR CASH","Cash","0.03","112.81","491,595.00","554,592.97","554,592.97","Cash and/or Derivatives","-","-","-","European Union","USD","EUR","0.89"
"JPY","JPY CASH","Cash","0.03","0.93","56,418,046.00","523,504.18","523,504.18","Cash and/or Derivatives","-","-","-","Japan","USD","JPY","107.77"
"REP.D","REPSOL RIGHTS SA","Equity","0.01","0.56","211,196.00","117,343.43","117,343.43","Energy","BKDRYM7","ES06735169E5","Bolsa De Madrid","Spain","USD","EUR","0.89"
"AUD","AUD CASH","Cash","0.00","70.32","40,642.00","28,577.20","28,577.20","Cash and/or Derivatives","-","-","-","Australia","USD","AUD","1.42"
"SEK","SEK CASH","Cash","0.00","10.74","0.00","0.00","0.00","Cash and/or Derivatives","-","-","-","Sweden","USD","SEK","9.31"
"USD","USD CASH","Cash","-0.05","100.00","-1,087,458.00","-1,087,458.10","-1,087,458.10","Cash and/or Derivatives","-","-","-","United States","USD","USD","1.00"
 