﻿iShares International Preferred Stock ETF
Inception Date,"Nov 15, 2011"
Fund Holdings as of,"Jul 5, 2019"
Total Net Assets,"44,028,804.99"
Shares Outstanding,"2,850,000.00"
Stock,"-"
Bond,"-"
Cash,"-"
Other,"-"
 
Issuer Ticker,Name,Asset Class,Asset Class,Exchange,Weight (%),Price,Shares,Market Value,Notional Value,Sector,SEDOL,ISIN,Country,Currency
"TRPCN","TC ENERGY CUMULATIVE REDEEMABLE MI","Equity","EQ","XTSE","3.19","19.04","73,680.00","1,402,598.71","1,402,598.71","Energy","BK62TG8","CA87807B8188","Canada","USD"
"KLOV PREF","KLOVERN PREF","Equity","EQ","XSTO","2.51","36.46","30,314.00","1,105,212.98","1,105,212.98","Real Estate","BTJR9T6","SE0006593927","Sweden","USD"
"RY","ROYAL BANK OF CANADA NON CUMULATIV","Equity","EQ","XTSE","2.51","19.98","55,250.00","1,104,030.44","1,104,030.44","Financials","BZ78BH5","CA78013N2749","Canada","USD"
"RY","ROYAL BANK OF CANADA NON CUMULATI","Equity","EQ","XTSE","2.42","19.90","53,405.00","1,062,680.65","1,062,680.65","Financials","BD34MS1","CA78013L2113","Canada","USD"
"CM","CANADIAN IMPERIAL BANK OF COMMERCE","Equity","EQ","-","2.29","17.09","58,926.00","1,007,089.92","1,007,089.92","Financials","BYWDKG0","CA1360702080","Canada","USD"
"TD","TORONTO-DOMINION BANK/THE","Equity","EQ","-","2.23","19.62","49,862.00","978,484.45","978,484.45","Financials","BYT4K99","CA8911606652","Canada","USD"
"BMO","BANK OF MONTREAL","Equity","EQ","-","1.97","19.59","44,188.00","865,452.99","865,452.99","Financials","BDDR826","CA06367X7053","Canada","USD"
"ENBCN","ENBRIDGE INC","Equity","EQ","-","1.71","19.23","39,044.00","750,702.93","750,702.93","Energy","BZCP5V3","CA29250N5358","Canada","USD"
"DNA2","DORIC NIMROD AIR TWO PREF LTD","Alternatives","ALT","XLON","1.68","2.31","318,460.00","736,910.07","736,910.07","Industrials","B3Z6252","GG00B3Z62522","Guernsey","USD"
"TRPCN","TC ENERGY CUMULATIVE REDEEMABLE MI","Equity","EQ","XTSE","1.67","19.90","36,818.00","732,623.84","732,623.84","Energy","BK62TF7","CA87807B8345","Canada","USD"
"BNS","BANK OF NOVA SCOTIA","Equity","EQ","-","1.63","19.47","36,818.00","716,892.66","716,892.66","Financials","BZ6SJY9","CA0641511112","Canada","USD"
"TD","TORONTO DOMINION BANK SERIES NON","Equity","EQ","XTSE","1.58","19.94","34,890.00","695,856.71","695,856.71","Financials","BYVJ2L8","CA8911455753","Canada","USD"
"RY","ROYAL BANK OF CANADA","Equity","EQ","XTSE","1.56","15.53","44,179.00","686,288.82","686,288.82","Financials","BVTZH56","CA78012Q1129","Canada","USD"
"BMO","BANK OF MONTREAL","Equity","EQ","-","1.49","17.82","36,813.00","656,126.11","656,126.11","Financials","BD36NX9","CA06368A2092","Canada","USD"
"MFCCN","MANULIFE FINANCIAL CORP","Equity","EQ","-","1.48","18.56","34,972.00","649,196.02","649,196.02","Financials","BD8FXR5","CA56501R6352","Canada","USD"
"MFCCN","MANULIFE FINANCIAL CORP","Equity","EQ","-","1.43","20.05","31,287.00","627,339.38","627,339.38","Financials","BYPYNN8","CA56501R6501","Canada","USD"
"FTSCN","FORTIS INC","Equity","EQ","-","1.37","13.66","44,173.00","603,285.93","603,285.93","Utilities","BPZ5LK1","CA3495537688","Canada","USD"
"NACN","NATIONAL BANK OF CANADA NVCC NON C","Equity","EQ","XTSE","1.32","19.71","29,442.00","580,236.42","580,236.42","Financials","BD0XQY5","CA6330672693","Canada","USD"
"NACN","NATIONAL BANK OF CANADA","Equity","EQ","-","1.31","19.60","29,442.00","577,091.50","577,091.50","Financials","BD39X72","CA6330672446","Canada","USD"
"TRPCN","TC ENERGY CUMULATIVE REDEEMABLE FI","Equity","EQ","XTSE","1.29","12.86","44,165.00","567,794.80","567,794.80","Energy","BK5XLS8","CA87807B8006","Canada","USD"
"BMO.PR.S","BANK OF MONTREAL YEAR RESET NON C","Equity","EQ","XTSE","1.22","14.60","36,801.00","537,140.45","537,140.45","Financials","BLTNVS1","CA0636794012","Canada","USD"
"RY","ROYAL BANK OF CANADA","Equity","EQ","XTSE","1.18","14.07","36,799.00","517,738.19","517,738.19","Financials","BN60CS6","CA78012H5675","Canada","USD"
"RY","ROYAL BANK OF CANANDA","Equity","EQ","-","1.17","13.99","36,797.00","514,621.76","514,621.76","Financials","BJ36RB7","CA78012G4117","Canada","USD"
"BNS","BANK OF NOVA SCOTIA PFD 5.5 SER 34","Equity","EQ","-","1.16","19.69","25,808.00","508,224.53","508,224.53","Financials","BD59VG5","CA0641495522","Canada","USD"
"BMO","BANK OF MONTREAL","Equity","EQ","-","1.15","17.08","29,495.00","503,641.78","503,641.78","Financials","BF4LSR6","CA06367X8879","Canada","USD"
"CM","CANADIAN IMPERIAL BANK OF COMMERCE","Equity","EQ","-","1.13","14.95","33,180.00","496,187.39","496,187.39","Financials","BFMDCH2","CA1360708772","Canada","USD"
"CITSP","CITY DEVELOPMENTS PREF LTD","Equity","EQ","XSES","1.12","0.81","609,729.00","492,728.40","483,893,162.95","Real Estate","B01CK60","SG1P70918864","Singapore","USD"
"BMO","BANK OF MONTREAL","Equity","EQ","-","1.10","16.37","29,435.00","481,731.01","481,731.01","Financials","BG1VP31","CA06368B2075","Canada","USD"
"AVLN","GENERAL ACCIDENT % CUM IRRD PREF","Equity","EQ","XLON","1.07","1.82","258,087.00","469,696.14","469,696.14","Financials","0369273","GB0003692737","United Kingdom","USD"
"CM","CANADIAN IMPERIAL BANK OF COMMERCE","Equity","EQ","-","1.02","18.77","23,963.00","449,769.05","449,769.05","Financials","BHM9HT1","CA1360707949","Canada","USD"
"BCECN","BCE INC 1ST PFD SER AK","Equity","EQ","XTSE","1.01","10.62","41,932.00","445,346.54","445,346.54","Communication","B3NY8F0","CA05534B6796","Canada","USD"
"ENBCN","ENBRIDGE INC","Equity","EQ","-","1.01","17.07","26,067.00","444,908.09","444,908.09","Energy","BF3D3L2","CA29250N5192","Canada","USD"
"SE","WESTCOAST ENERGY CUMULATIVE FIVE Y","Equity","EQ","XTSE","0.99","19.69","22,120.00","435,598.52","435,598.52","Utilities","BYNWGM4","CA95751D1289","Canada","USD"
"DNA3","DORIC NIMROD AIR THREE PRF LTD","Alternatives","ALT","XLON","0.99","1.07","405,565.00","434,993.20","434,993.20","Industrials","B92LHN5","GG00B92LHN58","Guernsey","USD"
"RY","ROYAL BANK OF CANADA (TORONTO BRAN","Equity","EQ","-","0.97","16.59","25,808.00","428,082.19","428,082.19","Financials","BFLWZQ0","CA78013R3909","Canada","USD"
"EMACN","EMERA INCORPORATED","Equity","EQ","-","0.94","18.70","22,120.00","413,658.26","413,658.26","Utilities","BF2QB74","CA2908768617","Canada","USD"
"BAMACN","BROOKFIELD ASSET MANAGEMENT INC","Equity","EQ","-","0.94","18.84","21,929.00","413,098.09","413,098.09","Financials","BD6NFX1","CA1125854507","Canada","USD"
"TRPCN","TC ENERGY CUMULATIVE REDEEMABLE FI","Equity","EQ","XTSE","0.93","12.36","33,186.00","410,188.23","410,188.23","Energy","BK5XLT9","CA87807B8758","Canada","USD"
"BAMACN","BROOKFIELD ASSET MANAGEMENT INC","Equity","EQ","-","0.92","18.32","22,122.00","405,256.34","405,256.34","Financials","BF3VKY8","CA1125854275","Canada","USD"
"CM","CANADIAN IMPERIAL BANK","Equity","EQ","-","0.91","13.60","29,493.00","401,220.91","401,220.91","Financials","BN8KS20","CA1360694402","Canada","USD"
"BMO","BANK OF MONTREAL","Equity","EQ","XTSE","0.91","13.57","29,499.00","400,177.18","400,177.18","Financials","BN7N5S5","CA0636796090","Canada","USD"
"KMLCN","KINDER MORGAN CANADA LTD","Equity","EQ","-","0.90","17.85","22,122.00","394,791.58","394,791.58","Energy","BF81RF3","CA4945493068","Canada","USD"
"BIP","BROOKFIELD INFRASTRUCTURE SERIES","Equity","EQ","XTSE","0.88","17.40","22,122.00","384,833.17","384,833.17","Utilities","BYYYYB4","BMG162521840","Bermuda","USD"
"ELLA","ECCLESIASTICAL INSURANCE OFFICE .6","Equity","EQ","XLON","0.87","1.96","196,238.00","384,136.28","384,136.28","Financials","0303538","GB0003035382","United Kingdom","USD"
"BNS","BANK NOVA SCOTIA HALIFAX PFD 3.7%","Equity","EQ","XTSE","0.86","18.39","20,573.00","378,292.68","378,292.68","Financials","B3PWHT9","CA0641496108","Canada","USD"
"ENBCN","ENBRIDGE INC","Equity","EQ","XTSE","0.84","11.83","31,280.00","369,923.32","369,923.32","Energy","BBG6C80","CA29250N6836","Canada","USD"
"NACN","NATIONAL BANK OF CANADA","Equity","EQ","-","0.84","16.68","22,120.00","368,933.89","368,933.89","Financials","BF4LBD3","CA63306A2056","Canada","USD"
"RSALN","RSA INSURANCE GROUP % CUM IRRD P","Equity","EQ","XLON","0.82","1.57","230,434.00","361,724.69","361,724.69","Financials","0863139","GB0008631391","United Kingdom","USD"
"NACN","NATIONAL BANK OF CANADA","Equity","EQ","-","0.82","13.98","25,806.00","360,711.04","360,711.04","Financials","BJT1620","CA6330673196","Canada","USD"
"PPLCN","PEMBINA PIPELINE CORP","Equity","EQ","-","0.82","19.52","18,434.00","359,777.00","359,777.00","Energy","BDCTLG8","CA7063278559","Canada","USD"
"BAMACN","BROOKFIELD ASSET MANAGEMENT CUM CL","Equity","EQ","XTSE","0.81","19.57","18,299.00","358,119.52","358,119.52","Financials","BYZFG10","CA1125854846","Canada","USD"
"BNS","BANK OF NOVA SCOTIA RegS","Equity","EQ","-","0.81","16.18","22,125.00","357,875.86","357,875.86","Financials","BGNBYN2","CA06415E3032","Canada","USD"
"SLFCN","SUN LIFE FINANCIAL INC","Equity","EQ","XTSE","0.81","16.15","22,121.00","357,304.83","357,304.83","Financials","B1FSZR7","CA8667965013","Canada","USD"
"BPOCN","BROOKFIELD OFFICE PROPERTIES INC","Equity","EQ","-","0.80","17.36","20,278.00","351,981.46","351,981.46","Real Estate","BD8BY36","CA1129006427","Canada","USD"
"ALACN","ALTAGAS LTD","Equity","EQ","-","0.80","15.87","22,120.00","351,044.14","351,044.14","Utilities","BDZPJQ9","CA0213618378","Canada","USD"
"TD.PF.A","TORONTO DOMINION BANK NON CUM YEA","Equity","EQ","XTSE","0.79","13.99","24,960.00","349,076.26","349,076.26","Financials","BN65TM4","CA8911456900","Canada","USD"
"TD","TORONTO-DOMINION BANK/THE","Equity","EQ","XTSE","0.79","13.96","24,960.00","348,504.94","348,504.94","Financials","BPQDQ32","CA8911456744","Canada","USD"
"TD","TORONTO DOMINION BANK NON CUMULATI","Equity","EQ","XTSE","0.79","13.92","24,961.00","347,566.67","347,566.67","Financials","BTGWJZ0","CA8911456587","Canada","USD"
"ENBCN","ENBRIDGE INC","Equity","EQ","XTSE","0.78","13.21","26,067.00","344,470.64","344,470.64","Energy","B7LRW13","CA29250N8659","Canada","USD"
"MFC.PR.M","MANULIFE FINANCIAL NON CUMULATIVE","Equity","EQ","XTSE","0.78","13.35","25,736.00","343,631.02","343,631.02","Financials","BQ1RGB4","CA56501R6923","Canada","USD"
"NACN","NATIONAL BANK OF CANADA NON CUMULA","Equity","EQ","XTSE","0.78","15.47","22,120.00","342,099.26","342,099.26","Financials","BZ1CRS6","CA6330671943","Canada","USD"
"TD","TORONTO-DOMINION BANK/THE","Equity","EQ","-","0.76","19.11","17,470.00","333,898.07","333,898.07","Financials","BJ0N0K1","CA8911605746","Canada","USD"
"AVLN","AVIVA % CUM IRRD PREF PLC","Equity","EQ","XLON","0.76","1.81","184,348.00","333,768.14","333,768.14","Financials","0212496","GB0002124963","United Kingdom","USD"
"BAMACN","BROOKFIELD ASSET MGMT INC CUM CLA","Equity","EQ","XTSE","0.75","14.98","22,025.00","330,043.11","330,043.11","Financials","B75L8Q8","CA1125856411","Canada","USD"
"ENBCN","ENBRIDGE INC","Equity","EQ","XTSE","0.75","14.05","23,463.00","329,751.24","329,751.24","Energy","B85MGP3","CA29250N7743","Canada","USD"
"GACB","GENERAL ACCIDENT % CUM IRRD PREF","Equity","EQ","XLON","0.75","1.63","202,782.00","329,731.64","329,731.64","Financials","0369251","GB0003692513","United Kingdom","USD"
"ENBCN","ENBRIDGE INC","Equity","EQ","-","0.75","12.61","26,068.00","328,771.25","328,771.25","Energy","BMQXL03","CA29250N5929","Canada","USD"
"AVLN","AVIVA % CUM IRRD PREF PLC","Equity","EQ","XLON","0.74","1.78","184,348.00","327,427.12","327,427.12","Financials","0211415","GB0002114154","United Kingdom","USD"
"TD","TORONTO-DOMINION BANK/THE","Equity","EQ","-","0.73","16.10","19,967.00","321,446.38","321,446.38","Financials","BFNR2N9","CA8911605902","Canada","USD"
"KMLCN","KINDER MORGAN CANADA LTD","Equity","EQ","-","0.73","17.43","18,436.00","321,415.02","321,415.02","Energy","BF4NJC4","CA4945495048","Canada","USD"
"RAVP","RAVEN PROPERTY GROUP PRF LTD","Equity","EQ","XLON","0.70","1.70","182,047.00","309,677.97","309,677.97","Real Estate","B55K7B9","GG00B55K7B92","United Kingdom","USD"
"BPOCN","BROOKFIELD OFFICE PROPERTIES INC","Equity","EQ","-","0.70","15.23","20,278.00","308,738.02","308,738.02","Real Estate","BDG1S36","CA1129006260","Canada","USD"
"TD","TORONTO-DOMINION BANK/THE","Equity","EQ","-","0.68","17.24","17,433.00","300,603.36","300,603.36","Financials","BF42H61","CA8911606405","Canada","USD"
"BMO.PR.W","BANK OF MONTREAL YEAR RATE RESET","Equity","EQ","XTSE","0.68","13.44","22,122.00","297,232.99","297,232.99","Financials","BPNNRB0","CA0636798807","Canada","USD"
"CM","CANADIAN IMPERIAL BANK","Equity","EQ","XTSE","0.67","13.35","22,120.00","295,349.64","295,349.64","Financials","BTK6J47","CA1360694246","Canada","USD"
"ENBCN","ENBRIDGE INC","Equity","EQ","XTSE","0.67","12.54","23,459.00","294,255.49","294,255.49","Energy","B6QDHS1","CA29250N8816","Canada","USD"
"IFCCN","INTACT FINANCIAL CORP","Equity","EQ","-","0.66","15.72","18,435.00","289,750.12","289,750.12","Financials","BFXGBZ1","CA45823T8749","Canada","USD"
"TD","TORONTO DOMINION BANK NON CUM YR","Equity","EQ","XTSE","0.66","16.55","17,476.00","289,211.03","289,211.03","Financials","BG0V3J4","CA8911606249","Canada","USD"
"IAGCN","INDUSTRIAL ALLNCE INS FIN S NON CU","Equity","EQ","XTSE","0.65","15.56","18,435.00","286,796.36","286,796.36","Financials","B83Z0G3","CA4558718066","Canada","USD"
"NACN","NATIONAL BANK OF CANADA","Equity","EQ","XTSE","0.65","12.82","22,120.00","283,535.65","283,535.65","Financials","BRJ6V71","CA6330672859","Canada","USD"
"TD","TORONTO DOMINION BANK NON CUMULATI","Equity","EQ","XTSE","0.63","15.92","17,471.00","278,064.37","278,064.37","Financials","BVW6GQ0","CA8911456330","Canada","USD"
"MFCCN","MANULIFE FINANCIAL NON CUMULATIVE","Equity","EQ","XTSE","0.63","15.07","18,435.00","277,794.41","277,794.41","Financials","BF2FJ11","CA56501R6196","Canada","USD"
"FFHCN","FAIRFAX FINANCIAL HOLDINGS LIMITED","Equity","EQ","-","0.63","16.29","16,960.00","276,272.08","276,272.08","Financials","BW53GF4","CA3039017973","Canada","USD"
"ENBCN","ENBRIDGE CUMULATIVE REDEEMABLE PRE","Equity","EQ","XTSE","0.62","11.53","23,811.00","274,508.23","274,508.23","Energy","B3Z1R85","CA29250N7099","Canada","USD"
"EMACN","EMERA INC","Equity","EQ","-","0.62","14.85","18,435.00","273,715.41","273,715.41","Utilities","B8C11K3","CA2908765076","Canada","USD"
"BBYLN","BALFOUR BEATTY PLC","Equity","EQ","XLON","0.62","1.32","206,469.00","272,455.25","0.00","Industrials","0097820","GB0000978204","United Kingdom","USD"
"HSECN","HUSKY ENERGY CUMULATIVE REDEEMABLE","Equity","EQ","XTSE","0.60","14.41","18,435.00","265,698.05","265,698.05","Energy","BTDFTY1","CA4480554001","Canada","USD"
"BPOCN","BROOKFIELD OFFICE PPTYS INC CL AAA","Equity","EQ","XTSE","0.60","14.31","18,435.00","263,728.87","263,728.87","Real Estate","B7R7358","CA1129007664","Canada","USD"
"ENBCN","ENBRIDGE INC","Equity","EQ","XTSE","0.60","12.60","20,852.00","262,827.64","262,827.64","Energy","B7M93Q0","CA29250N7586","Canada","USD"
"PPLCN","PEMBINA PIPELINE CUMULATIVE REDEEM","Equity","EQ","XTSE","0.59","14.18","18,435.00","261,478.39","261,478.39","Energy","BJ3KJD5","CA7063271117","Canada","USD"
"FFHCN","FAIRFAX FINANCIAL HOLDINGS LTD PRE","Equity","EQ","XTSE","0.59","14.82","17,513.00","259,625.06","259,625.06","Financials","B7KG5L2","CA3039018211","Canada","USD"
"ENBCN","ENBRIDGE INC","Equity","EQ","-","0.59","12.36","20,852.00","257,736.54","257,736.54","Energy","B92W460","CA29250N7339","Canada","USD"
"PPLCN","PEMBINA PIPELINE CUMULATIVE REDEEM","Equity","EQ","XTSE","0.56","13.44","18,435.00","247,834.81","247,834.81","Energy","BCJDWL8","CA7063272024","Canada","USD"
"BEPUCN","BROOKFIELD RENEWABLE PARTNERS LP RegS","Equity","EQ","-","0.56","19.01","12,904.00","245,251.32","245,251.32","Utilities","BJP4292","BMG162582156","Bermuda","USD"
"ENBCN","ENBRIDGE INC","Equity","EQ","-","0.52","12.58","18,246.00","229,562.84","229,562.84","Energy","BP8CZ52","CA29250N5762","Canada","USD"
"TRPCN","TC ENERGY CUMULATIVE REDEEMABLE FI","Equity","EQ","XTSE","0.51","9.61","23,438.00","225,322.40","225,322.40","Energy","BK5XLR7","CA87807B6026","Canada","USD"
"ENBCN","ENBRIDGE INC PREF SHS 4% SR H","Equity","EQ","XTSE","0.50","12.12","18,246.00","221,070.83","221,070.83","Energy","B7JD6M2","CA29250N8402","Canada","USD"
"XTSLA","BLK CSH FND TREASURY SL AGENCY","Money Market","MM","-","0.44","1.00","193,042.00","193,042.18","193,042.18","Cash and/or Derivatives","-","US0669224778","United States","USD"
"TRPCN","TC ENERGY CUMULATIVE REDEEMABLE FI","Equity","EQ","XTSE","0.43","10.71","17,509.00","187,560.65","187,560.65","Energy","BK5XLP5","CA87807B2066","Canada","USD"
"ENBCN","ENBRIDGE INC","Equity","EQ","XTSE","0.41","12.62","14,336.00","180,915.91","180,915.91","Energy","BQXZN48","CA29250N5507","Canada","USD"
"ENBCN","ENBRIDGE INC","Equity","EQ","-","0.41","12.57","14,336.00","180,259.63","180,259.63","Energy","BKRHF86","CA29250N6265","Canada","USD"
"TD","TORONTO DOMINION BANK NON CUMULATI","Equity","EQ","XTSE","0.37","16.08","9,984.00","160,502.71","160,502.71","Financials","BWZWYV3","CA8911456173","Canada","USD"
"SEK","SEK CASH","Cash","CA","-","0.03","10.60","139,758.00","14,812.23","14,812.23","Cash and/or Derivatives","-","-","Sweden","USD"
"GBP","GBP CASH","Cash","CA","-","0.01","125.08","1,818.00","2,274.14","2,274.14","Cash and/or Derivatives","-","-","United Kingdom","USD"
"SGD","SGD CASH","Cash","CA","-","0.00","73.46","1,471.00","1,080.66","1,080.66","Cash and/or Derivatives","-","-","Singapore","USD"
"CAD","CAD CASH","Cash","CA","-","-0.03","76.30","-15,243.00","-11,629.79","-11,629.79","Cash and/or Derivatives","-","-","Canada","USD"
"USD","USD CASH","Cash","CA","-","-0.42","100.00","-185,395.00","-185,395.04","-185,395.04","Cash and/or Derivatives","-","-","United States","USD"
 