﻿Fund Holdings as of,"Jul 4, 2019"
 
Issuer Ticker,Name,Asset Class,Weight (%),Price,Shares,Market Value,Notional Value,Sector,ISIN,Exchange,Country,Market Currency
"IP","INTERPUMP GROUP","Equity","4.67","28.56","15,952.00","455,589.12","455,589.12","Industrials","IT0001078911","Borsa Italiana","Italy","EUR"
"INW","INFRASTRUTTURE WIRELESS ITALIANE","Equity","4.42","8.89","48,529.00","431,665.45","431,665.45","Communication","IT0005090300","Borsa Italiana","Italy","EUR"
"BMED","BANCA MEDIOLANUM","Equity","4.00","6.72","58,150.00","390,768.00","390,768.00","Financials","IT0004776628","Borsa Italiana","Italy","EUR"
"IRE","IREN","Equity","3.27","2.39","133,132.00","318,718.01","318,718.01","Utilities","IT0003027817","Borsa Italiana","Italy","EUR"
"BRE","FRENI BREMBO","Equity","3.23","10.63","29,667.00","315,360.21","315,360.21","Consumer Discretionary","IT0005252728","Borsa Italiana","Italy","EUR"
"BGN","BANCA GENERALI","Equity","3.08","26.34","11,402.00","300,328.68","300,328.68","Financials","IT0001031084","Borsa Italiana","Italy","EUR"
"CERV","CERVED INFORMATION SOLUTIONS","Equity","2.89","7.50","37,563.00","281,722.50","281,722.50","Financials","IT0005010423","Borsa Italiana","Italy","EUR"
"REY","REPLY","Equity","2.66","62.45","4,158.00","259,667.10","259,667.10","Information Technology","IT0005282865","Borsa Italiana","Italy","EUR"
"CASS","CATTOLICA ASS","Equity","2.65","8.20","31,549.00","258,701.80","258,701.80","Financials","IT0000784154","Borsa Italiana","Italy","EUR"
"ENAV","ENAV SPA","Equity","2.61","5.00","50,923.00","254,411.31","254,411.31","Industrials","IT0005176406","Borsa Italiana","Italy","EUR"
"IMA","IMA INDUSTRIA MACCHINE AUTOMATICHE","Equity","2.60","74.60","3,398.00","253,490.80","253,490.80","Industrials","IT0001049623","Borsa Italiana","Italy","EUR"
"AGL","AUTOGRILL","Equity","2.49","9.48","25,640.00","243,067.20","243,067.20","Consumer Discretionary","IT0001137345","Borsa Italiana","Italy","EUR"
"DLG","DELONGHI","Equity","2.40","17.99","13,024.00","234,301.76","234,301.76","Consumer Discretionary","IT0003115950","Borsa Italiana","Italy","EUR"
"TGYM","TECHNOGYM","Equity","2.38","10.33","22,485.00","232,270.05","232,270.05","Consumer Discretionary","IT0005162406","Borsa Italiana","Italy","EUR"
"SIS","SIAS","Equity","2.34","16.76","13,639.00","228,589.64","228,589.64","Industrials","IT0003201198","Borsa Italiana","Italy","EUR"
"BC","BRUNELLO CUCINELLI","Equity","2.14","30.90","6,749.00","208,544.10","208,544.10","Consumer Discretionary","IT0004764699","Borsa Italiana","Italy","EUR"
"ERG","ERG","Equity","2.10","18.47","11,104.00","205,090.88","205,090.88","Utilities","IT0001157020","Borsa Italiana","Italy","EUR"
"AT","ASTM","Equity","2.09","29.72","6,861.00","203,908.92","203,908.92","Industrials","IT0000084027","Borsa Italiana","Italy","EUR"
"BPSO","BANCA POPOLARE DI SONDRIO","Equity","1.95","2.09","91,097.00","190,028.34","190,028.34","Financials","IT0000784196","Borsa Italiana","Italy","EUR"
"ANIM","ANIMA HOLDING","Equity","1.85","3.25","55,535.00","180,488.75","180,488.75","Financials","IT0004998065","Borsa Italiana","Italy","EUR"
"MS","MEDIASET","Equity","1.84","2.87","62,473.00","179,235.04","179,235.04","Communication","IT0001063210","Borsa Italiana","Italy","EUR"
"SRS","SARAS","Equity","1.59","1.39","111,638.00","155,400.10","155,400.10","Energy","IT0000433307","Borsa Italiana","Italy","EUR"
"ACE","ACEA","Equity","1.56","17.22","8,828.00","152,018.16","152,018.16","Utilities","IT0001207098","Borsa Italiana","Italy","EUR"
"MARR","MARR","Equity","1.43","21.00","6,661.00","139,881.00","139,881.00","Consumer Staples","IT0003428445","Borsa Italiana","Italy","EUR"
"TIP","TAMBURI INVESTMENT PARTNERS","Equity","1.21","5.81","20,335.00","118,146.35","118,146.35","Financials","IT0003153621","Borsa Italiana","Italy","EUR"
"BFF","BANCA FARMAFACTORING","Equity","1.15","5.05","22,161.00","111,913.05","111,913.05","Financials","IT0005244402","Borsa Italiana","Italy","EUR"
"ILTY","ILLIMITY BANK","Equity","1.12","9.05","12,037.00","108,934.85","108,934.85","Financials","IT0005359192","Borsa Italiana","Italy","EUR"
"TOD","TODS","Equity","1.11","42.04","2,571.00","108,084.84","108,084.84","Consumer Discretionary","IT0003007728","Borsa Italiana","Italy","EUR"
"RWAY","RAI WAY SPA","Equity","1.05","5.33","19,243.00","102,565.19","102,565.19","Communication","IT0005054967","Borsa Italiana","Italy","EUR"
"DOV","DOVALUE","Equity","1.00","12.12","8,086.00","98,002.32","98,002.32","Financials","IT0001044996","Borsa Italiana","Italy","EUR"
"FCT","FINCANTIERI SPA","Equity","0.99","1.04","93,279.00","96,823.60","96,823.60","Industrials","IT0001415246","Borsa Italiana","Italy","EUR"
"FKR","FALCK RENEWABLES","Equity","0.97","4.09","23,275.00","95,101.65","95,101.65","Utilities","IT0003198790","Borsa Italiana","Italy","EUR"
"CRL","CAREL","Equity","0.92","11.00","8,141.00","89,551.00","89,551.00","Information Technology","IT0005331019","Borsa Italiana","Italy","EUR"
"PIA","PIAGGIO & C","Equity","0.92","2.67","33,475.00","89,378.25","89,378.25","Consumer Discretionary","IT0003073266","Borsa Italiana","Italy","EUR"
"MT","MAIRE TECNIMONT","Equity","0.89","2.92","29,800.00","86,956.40","86,956.40","Industrials","IT0004931058","Borsa Italiana","Italy","EUR"
"CVAL","BANCA PICCOLO CREDITO VALTELLINESE","Equity","0.84","0.06","1,349,871.00","81,667.20","81,667.20","Financials","IT0005319444","Borsa Italiana","Italy","EUR"
"SOL","SOL","Equity","0.82","10.94","7,353.00","80,441.82","80,441.82","Materials","IT0001206769","Borsa Italiana","Italy","EUR"
"MOL","GRUPPO MUTUIONLINE","Equity","0.77","16.06","4,695.00","75,401.70","75,401.70","Financials","IT0004195308","Borsa Italiana","Italy","EUR"
"BMPS","BANCA MONTE DEI PASCHI DI SIENA SP","Equity","0.76","1.40","53,025.00","74,235.00","74,235.00","Financials","IT0005218752","Borsa Italiana","Italy","EUR"
"CE","CREDITO EMILIANO","Equity","0.74","4.76","15,225.00","72,471.00","72,471.00","Financials","IT0003121677","Borsa Italiana","Italy","EUR"
"DAL","DATALOGIC","Equity","0.73","17.62","4,060.00","71,537.20","71,537.20","Information Technology","IT0004053440","Borsa Italiana","Italy","EUR"
"ZV","ZIGNAGO VETRO","Equity","0.67","10.56","6,172.00","65,176.32","65,176.32","Materials","IT0004171440","Borsa Italiana","Italy","EUR"
"SAL","SALINI IMPREGILO","Equity","0.65","1.95","32,393.00","63,036.78","63,036.78","Industrials","IT0003865570","Borsa Italiana","Italy","EUR"
"CEM","CEMENTIR HOLDING","Equity","0.64","6.66","9,375.00","62,437.50","62,437.50","Materials","IT0003126783","Borsa Italiana","Italy","EUR"
"IGD","IMMOBILIARE GRANDE DISTRIBUZIONE S","Equity","0.62","6.18","9,867.00","60,978.06","60,978.06","Real Estate","IT0005322612","Borsa Italiana","Italy","EUR"
"GIMA","GIMA TT","Equity","0.61","8.42","7,026.00","59,158.92","59,158.92","Industrials","IT0005279143","Borsa Italiana","Italy","EUR"
"IF","BANCA IFIS","Equity","0.60","13.38","4,404.00","58,925.52","58,925.52","Financials","IT0003188064","Borsa Italiana","Italy","EUR"
"ASC","ASCOPIAVE","Equity","0.60","3.92","14,845.00","58,118.18","58,118.18","Utilities","IT0004093263","Borsa Italiana","Italy","EUR"
"CIR","CIR SPA COMPAGNIE INDUSTRIALI RIUN","Equity","0.58","1.01","56,097.00","56,657.97","56,657.97","Consumer Discretionary","IT0000080447","Borsa Italiana","Italy","EUR"
"OVS","OVS SPA","Equity","0.58","1.71","33,071.00","56,419.13","56,419.13","Consumer Discretionary","IT0005043507","Borsa Italiana","Italy","EUR"
"AVIO","AVIO","Equity","0.56","14.46","3,812.00","55,121.52","55,121.52","Industrials","IT0005119810","Borsa Italiana","Italy","EUR"
"TNXT","TINEXTA","Equity","0.54","12.80","4,094.00","52,403.20","52,403.20","Industrials","IT0005037210","Borsa Italiana","Italy","EUR"
"ITM","ITALMOBILIARE","Equity","0.48","21.55","2,184.00","47,065.20","47,065.20","Industrials","IT0005253205","Borsa Italiana","Italy","EUR"
"FILA","FILA","Equity","0.48","13.48","3,443.00","46,411.64","46,411.64","Industrials","IT0004967292","Borsa Italiana","Italy","EUR"
"ELN","EL EN","Equity","0.42","19.25","2,121.00","40,829.25","40,829.25","Health Care","IT0005188336","Borsa Italiana","Italy","EUR"
"DAN","DANIELI","Equity","0.40","16.58","2,345.00","38,880.10","38,880.10","Industrials","IT0000076502","Borsa Italiana","Italy","EUR"
"MN","ARNOLDO MONDADORI EDITORE","Equity","0.39","1.56","24,586.00","38,403.33","38,403.33","Communication","IT0001469383","Borsa Italiana","Italy","EUR"
"ECNL","AQUAFIL","Equity","0.39","8.83","4,342.00","38,339.86","38,339.86","Consumer Discretionary","IT0005241192","Borsa Italiana","Italy","EUR"
"SES","SESA","Equity","0.39","29.15","1,295.00","37,749.25","37,749.25","Information Technology","IT0004729759","Borsa Italiana","Italy","EUR"
"UNIR","UNIEURO","Equity","0.38","13.92","2,681.00","37,319.52","37,319.52","Consumer Discretionary","IT0005239881","Borsa Italiana","Italy","EUR"
"CAI","CAIRO COMMUNICATION","Equity","0.37","2.65","13,525.00","35,773.62","35,773.62","Communication","IT0004329733","Borsa Italiana","Italy","EUR"
"CRES","COIMA RES","Equity","0.35","8.00","4,314.00","34,512.00","34,512.00","Real Estate","IT0005136681","Borsa Italiana","Italy","EUR"
"LIT","RETI TELEMATICHE ITALIANE","Equity","0.35","1.43","23,579.00","33,717.97","33,717.97","Communication","IT0004370463","Borsa Italiana","Italy","EUR"
"SG","SAES GETTERS","Equity","0.33","20.70","1,554.00","32,167.80","32,167.80","Information Technology","IT0001029492","Borsa Italiana","Italy","EUR"
"BSS","BIESSE","Equity","0.33","11.77","2,717.00","31,979.09","31,979.09","Industrials","IT0003097257","Borsa Italiana","Italy","EUR"
"COF","COFIDE GRUPPO DE BENEDETTI","Equity","0.33","0.49","64,525.00","31,843.09","31,843.09","Industrials","IT0000070786","Borsa Italiana","Italy","EUR"
"ETH","EUROTECH","Equity","0.31","5.24","5,776.00","30,266.24","30,266.24","Information Technology","IT0003895668","Borsa Italiana","Italy","EUR"
"IVS","IVS GROUP SA","Equity","0.29","10.30","2,780.00","28,634.00","28,634.00","Consumer Discretionary","LU0556041001","Borsa Italiana","Italy","EUR"
"EUR","EUR CASH","Cash","0.29","100.00","28,452.00","28,451.72","28,451.72","Cash and/or Derivatives","-","-","European Union","EUR"
"BAN","BASIC NET","Equity","0.29","4.64","6,026.00","27,990.77","27,990.77","Consumer Discretionary","IT0001033700","Borsa Italiana","Italy","EUR"
"MLM","MOLECULAR MEDICINE","Equity","0.26","0.35","70,557.00","24,906.62","24,906.62","Health Care","IT0001080248","Borsa Italiana","Italy","EUR"
"SAB","SABAF","Equity","0.25","14.72","1,672.00","24,611.84","24,611.84","Consumer Discretionary","IT0001042610","Borsa Italiana","Italy","EUR"
"SFL","SAFILO GROUP","Equity","0.25","0.86","28,218.00","24,267.48","24,267.48","Consumer Discretionary","IT0004604762","Borsa Italiana","Italy","EUR"
"GHC","GAROFALO HEALTH CARE","Equity","0.23","4.29","5,180.00","22,196.30","22,196.30","Health Care","IT0005345233","Borsa Italiana","Italy","EUR"
"EDNR","EDISON SPA SAVING","Equity","0.23","1.00","22,118.00","22,118.00","22,118.00","Utilities","IT0003372205","Borsa Italiana","Italy","EUR"
"RM","RENO DE MEDICI","Equity","0.22","0.68","31,963.00","21,670.91","21,670.91","Materials","IT0001178299","Borsa Italiana","Italy","EUR"
"DEA","DEA CAPITAL","Equity","0.22","1.32","16,283.00","21,558.69","21,558.69","Financials","IT0001431805","Borsa Italiana","Italy","EUR"
"RCS","RIZZOLI CORRIERE DELLA SERA MEDIAG","Equity","0.21","0.93","22,209.00","20,743.21","20,743.21","Communication","IT0004931496","Borsa Italiana","Italy","EUR"
"ADB","AEROPORTO GUGLIELMO MARCONI DI BOL","Equity","0.21","11.56","1,788.00","20,669.28","20,669.28","Industrials","IT0001006128","Borsa Italiana","Italy","EUR"
"GEO","GEOX","Equity","0.21","1.34","15,232.00","20,410.88","20,410.88","Consumer Discretionary","IT0003697080","Borsa Italiana","Italy","EUR"
"CMB","CEMBRE","Equity","0.20","20.50","960.00","19,680.00","19,680.00","Industrials","IT0001128047","Borsa Italiana","Italy","EUR"
"PRI","PRIMA INDUSTRIE","Equity","0.19","15.80","1,194.00","18,865.20","18,865.20","Industrials","IT0003124663","Borsa Italiana","Italy","EUR"
"LD","LA DORIA","Equity","0.18","9.28","1,915.00","17,771.20","17,771.20","Consumer Staples","IT0001055521","Borsa Italiana","Italy","EUR"
"IOL","ITALIAONLINE","Equity","0.18","2.80","6,335.00","17,738.00","17,738.00","Communication","IT0005187940","Borsa Italiana","Italy","EUR"
"IMS","IMMSI","Equity","0.18","0.55","31,847.00","17,515.85","17,515.85","Consumer Discretionary","IT0001413837","Borsa Italiana","Italy","EUR"
"GAME","GAMENET GROUP SPA","Equity","0.17","8.28","2,005.00","16,601.40","16,601.40","Consumer Discretionary","IT0005282725","Borsa Italiana","Italy","EUR"
"FM","FIERA MILANO","Equity","0.17","3.81","4,350.00","16,551.75","16,551.75","Industrials","IT0003365613","Borsa Italiana","Italy","EUR"
"LUVE","LUVE","Equity","0.17","11.35","1,454.00","16,502.90","16,502.90","Industrials","IT0005107492","Borsa Italiana","Italy","EUR"
"OJM","OPENJOBMETIS SPA AGENZIA PER IL LA","Equity","0.16","7.23","2,200.00","15,906.00","15,906.00","Industrials","IT0003683528","Borsa Italiana","Italy","EUR"
"PRT","ESPRINET","Equity","0.16","3.04","5,124.00","15,576.96","15,576.96","Information Technology","IT0003850929","Borsa Italiana","Italy","EUR"
"MZB","MASSIMO ZANETTI BEVERAGE GROUP","Equity","0.14","6.04","2,314.00","13,976.56","13,976.56","Consumer Staples","IT0005042467","Borsa Italiana","Italy","EUR"
"PVN","PIOVAN","Equity","0.14","6.41","2,061.00","13,211.01","13,211.01","Industrials","IT0005337958","Borsa Italiana","Italy","EUR"
"FNM","FNM","Equity","0.13","0.52","23,870.00","12,388.53","12,388.53","Industrials","IT0000060886","Borsa Italiana","Italy","EUR"
"EM","EMAK","Equity","0.12","1.01","11,876.00","11,994.76","11,994.76","Consumer Discretionary","IT0001237053","Borsa Italiana","Italy","EUR"
"BSRP","BANCO DI SARDEGNA SAVING","Equity","0.12","8.86","1,348.00","11,943.28","11,943.28","Financials","IT0001005070","Borsa Italiana","Italy","EUR"
"SO","SOGEFI","Equity","0.12","1.26","9,311.00","11,778.41","11,778.41","Consumer Discretionary","IT0000076536","Borsa Italiana","Italy","EUR"
"GEDI","GEDI GRUPPO EDITORIALE","Equity","0.12","0.29","40,664.00","11,711.23","11,711.23","Communication","IT0001398541","Borsa Italiana","Italy","EUR"
"AEF","AEFFE","Equity","0.12","1.90","6,126.00","11,651.65","11,651.65","Consumer Discretionary","IT0001384590","Borsa Italiana","Italy","EUR"
"BST","BANCA SISTEMA","Equity","0.12","1.27","8,964.00","11,384.28","11,384.28","Financials","IT0003173629","Borsa Italiana","Italy","EUR"
"ASR","A.S. ROMA","Equity","0.11","0.50","22,116.00","11,080.12","11,080.12","Communication","IT0001008876","Borsa Italiana","Italy","EUR"
"BET","BE","Equity","0.11","1.04","10,473.00","10,933.81","10,933.81","Information Technology","IT0001479523","Borsa Italiana","Italy","EUR"
"CARR","CARRARO","Equity","0.11","2.14","5,051.00","10,809.14","10,809.14","Industrials","IT0001046553","Borsa Italiana","Italy","EUR"
"TXT","TXT E-SOLUTIONS","Equity","0.11","8.45","1,274.00","10,765.30","10,765.30","Information Technology","IT0001454435","Borsa Italiana","Italy","EUR"
"LR","LANDI RENZO","Equity","0.11","1.15","9,098.00","10,462.70","10,462.70","Consumer Discretionary","IT0004210289","Borsa Italiana","Italy","EUR"
"BEC","B & C SPEAKERS","Equity","0.11","12.00","864.00","10,368.00","10,368.00","Consumer Discretionary","IT0001268561","Borsa Italiana","Italy","EUR"
"GPI","GPI","Equity","0.10","8.42","1,182.00","9,952.44","9,952.44","Health Care","IT0005221517","Borsa Italiana","Italy","EUR"
"EQUI","EQUITA GROUP","Equity","0.10","2.68","3,700.00","9,916.00","9,916.00","Financials","IT0005312027","Borsa Italiana","Italy","EUR"
"PRO","BANCA PROFILO","Equity","0.10","0.16","59,181.00","9,350.60","9,350.60","Financials","IT0001073045","Borsa Italiana","Italy","EUR"
"IKG","INTEK GROUP SPA AZINARIA POST FRAZ","Equity","0.09","0.31","29,468.00","9,223.48","9,223.48","Materials","IT0004552359","Borsa Italiana","Italy","EUR"
"AUTME","AUTOSTRADE MERIDIONALI","Equity","0.09","32.00","278.00","8,896.00","8,896.00","Industrials","IT0000084043","Borsa Italiana","Italy","EUR"
"INDB","INDEL B","Equity","0.09","23.50","369.00","8,671.50","8,671.50","Consumer Discretionary","IT0005245508","Borsa Italiana","Italy","EUR"
"ELC","ELICA","Equity","0.09","2.03","4,169.00","8,463.07","8,463.07","Consumer Discretionary","IT0003404214","Borsa Italiana","Italy","EUR"
"SRI","SERVIZI ITALIA","Equity","0.08","3.25","2,515.00","8,173.75","8,173.75","Health Care","IT0003814537","Borsa Italiana","Italy","EUR"
"GE","GEFRAN","Equity","0.08","7.16","1,112.00","7,961.92","7,961.92","Information Technology","IT0003203947","Borsa Italiana","Italy","EUR"
"CALT","CALTAGIRONE","Equity","0.08","2.63","2,930.00","7,705.90","7,705.90","Materials","IT0003127930","Borsa Italiana","Italy","EUR"
"IGV","I GRANDI VIAGGI","Equity","0.07","1.51","4,711.00","7,113.61","7,113.61","Consumer Discretionary","IT0005108219","Borsa Italiana","Italy","EUR"
"PQ","PIQUADRO","Equity","0.07","2.50","2,841.00","7,102.50","7,102.50","Consumer Discretionary","IT0004240443","Borsa Italiana","Italy","EUR"
"TIS","TISCALI","Equity","0.07","0.01","558,400.00","6,756.64","6,756.64","Communication","IT0004513666","Borsa Italiana","Italy","EUR"
"AST","ASTALDI","Equity","0.07","0.74","8,811.00","6,520.14","6,520.14","Industrials","IT0003261069","Borsa Italiana","Italy","EUR"
"S24","IL SOLE ORE","Equity","0.06","0.54","11,592.00","6,282.86","6,282.86","Communication","IT0005283111","Borsa Italiana","Italy","EUR"
"SSL","SS LAZIO","Equity","0.06","1.24","4,700.00","5,837.40","5,837.40","Communication","IT0003621783","Borsa Italiana","Italy","EUR"
"BFE","BANCA FINNAT EURAMERICA","Equity","0.06","0.31","18,402.00","5,778.23","5,778.23","Financials","IT0000088853","Borsa Italiana","Italy","EUR"
"DIB","DIGITAL BROS","Equity","0.06","6.78","848.00","5,749.44","5,749.44","Communication","IT0001469995","Borsa Italiana","Italy","EUR"
"PITE","PITECO","Equity","0.06","5.10","1,118.00","5,701.80","5,701.80","Information Technology","IT0004997984","Borsa Italiana","Italy","EUR"
"MTV","MONDO TV","Equity","0.05","1.18","4,116.00","4,873.34","4,873.34","Communication","IT0001447785","Borsa Italiana","Italy","EUR"
"TES","TESMEC","Equity","0.05","0.45","10,657.00","4,827.62","4,827.62","Industrials","IT0004585243","Borsa Italiana","Italy","EUR"
"AED","AEDES","Equity","0.05","1.40","3,228.00","4,503.06","4,503.06","Real Estate","IT0005350449","Borsa Italiana","Italy","EUR"
"BRI","BRIOSCHI SVILUPPO IMMOBILIARE","Equity","0.05","0.07","59,790.00","4,424.46","4,424.46","Real Estate","IT0000066180","Borsa Italiana","Italy","EUR"
"TFI","TREVI FINANZIARIA INDUSTRIALE","Equity","0.04","0.25","16,866.00","4,233.37","4,233.37","Industrials","IT0001351383","Borsa Italiana","Italy","EUR"
"IRC","IRCE","Equity","0.04","1.83","2,259.00","4,133.97","4,133.97","Industrials","IT0001077780","Borsa Italiana","Italy","EUR"
"PINF","PININFARINA","Equity","0.04","1.52","2,698.00","4,095.56","4,095.56","Consumer Discretionary","IT0003056386","Borsa Italiana","Italy","EUR"
"TAS","TAS TECNOLOGIA AVANZATA DEI SISTEM","Equity","0.04","2.04","1,996.00","4,071.84","4,071.84","Information Technology","IT0001424644","Borsa Italiana","Italy","EUR"
"ARN","ALERION CLEAN POWER","Equity","0.04","2.63","1,508.00","3,966.04","3,966.04","Utilities","IT0004720733","Borsa Italiana","Italy","EUR"
"RAT","RATTI","Equity","0.04","4.27","863.00","3,685.01","3,685.01","Consumer Discretionary","IT0004724107","Borsa Italiana","Italy","EUR"
"PAN","PANARIAGROUP INDUSTRIE CERAMICHE","Equity","0.04","1.32","2,765.00","3,649.80","3,649.80","Industrials","IT0001467577","Borsa Italiana","Italy","EUR"
"EPR","EPRICE","Equity","0.04","0.85","4,068.00","3,449.66","3,449.66","Consumer Discretionary","IT0005084717","Borsa Italiana","Italy","EUR"
"GGTV","GIGLIO GROUP","Equity","0.04","2.74","1,256.00","3,441.44","3,441.44","Communication","IT0005122400","Borsa Italiana","Italy","EUR"
"TB","TRIBOO","Equity","0.03","1.67","2,020.00","3,363.30","3,363.30","Communication","IT0005001554","Borsa Italiana","Italy","EUR"
"VLS","VALSOIA","Equity","0.03","11.30","292.00","3,299.60","3,299.60","Consumer Staples","IT0001018362","Borsa Italiana","Italy","EUR"
"HSBFT","CASH COLLATERAL EUR HSBFT","Cash Collateral and Margins","0.03","100.00","3,000.00","3,000.00","3,000.00","Cash and/or Derivatives","-","-","European Union","EUR"
"LVEN","LEVENTURE GROUP","Equity","0.03","0.59","4,817.00","2,842.03","2,842.03","Financials","IT0005013013","Borsa Italiana","Italy","EUR"
"ISG","ISAGRO","Equity","0.03","1.33","2,081.00","2,767.73","2,767.73","Materials","IT0001069902","Borsa Italiana","Italy","EUR"
"CLI","CENTRALE DEL LATTE DITALIA","Equity","0.03","2.59","1,023.00","2,649.57","2,649.57","Consumer Staples","IT0003023980","Borsa Italiana","Italy","EUR"
"XPR","EXPRIVIA","Equity","0.03","1.02","2,564.00","2,610.15","2,610.15","Information Technology","IT0001477402","Borsa Italiana","Italy","EUR"
"B","BASTOGI","Equity","0.03","0.90","2,874.00","2,598.10","2,598.10","Industrials","IT0004412497","Borsa Italiana","Italy","EUR"
"BE","BEGHELLI","Equity","0.03","0.24","10,274.00","2,465.76","2,465.76","Industrials","IT0001223277","Borsa Italiana","Italy","EUR"
"NR","NOVA RE","Equity","0.02","4.00","604.00","2,416.00","2,416.00","Real Estate","IT0005330516","Borsa Italiana","Italy","EUR"
"SERI","SERI INDUSTRIAL","Equity","0.02","1.73","1,365.00","2,361.45","2,361.45","Utilities","IT0005283640","Borsa Italiana","Italy","EUR"
"ENV","ENERVIT","Equity","0.02","3.30","667.00","2,201.10","2,201.10","Consumer Staples","IT0004356751","Borsa Italiana","Italy","EUR"
"BIA","BIALETTI INDUSTRIE","Equity","0.02","0.30","7,180.00","2,125.28","2,125.28","Consumer Discretionary","IT0004222102","Borsa Italiana","Italy","EUR"
"RN","RISANAMENTO","Equity","0.02","0.03","69,676.00","2,104.22","2,104.22","Real Estate","IT0001402269","Borsa Italiana","Italy","EUR"
"PRL","PIERREL","Equity","0.02","0.18","11,374.00","2,098.50","2,098.50","Health Care","IT0004007560","Borsa Italiana","Italy","EUR"
"FDA","FIDIA","Equity","0.02","4.13","461.00","1,906.23","1,906.23","Industrials","IT0001498481","Borsa Italiana","Italy","EUR"
"CSP","CSP INTERNATIONAL FASHION GROUP","Equity","0.02","0.63","2,946.00","1,844.20","1,844.20","Consumer Discretionary","IT0001127874","Borsa Italiana","Italy","EUR"
"BIM","BANCA INTERMOBILIARE DI INVESTIMEN","Equity","0.02","0.12","14,320.00","1,782.84","1,782.84","Financials","IT0000074077","Borsa Italiana","Italy","EUR"
"RST","RESTART","Equity","0.02","0.52","3,119.00","1,612.52","1,612.52","Real Estate","IT0005349052","Borsa Italiana","Italy","EUR"
"GSP","GAS PLUS","Equity","0.02","2.02","764.00","1,543.28","1,543.28","Energy","IT0004098510","Borsa Italiana","Italy","EUR"
"TER","TERNIENERGIA","Equity","0.02","0.39","3,956.00","1,542.84","1,542.84","Information Technology","IT0004359037","Borsa Italiana","Italy","EUR"
"PLC","PLC","Equity","0.02","1.51","992.00","1,502.88","1,502.88","Industrials","IT0005339160","Borsa Italiana","Italy","EUR"
"GAB","GABETTI PROPERTY SOLUTIONS","Equity","0.01","0.31","4,503.00","1,386.92","1,386.92","Real Estate","IT0005023038","Borsa Italiana","Italy","EUR"
"CLE","CLASS EDITORI","Equity","0.01","0.20","6,843.00","1,368.60","1,368.60","Communication","IT0005117848","Borsa Italiana","Italy","EUR"
"ATH","AMBIENTHESIS","Equity","0.01","0.37","3,505.00","1,293.35","1,293.35","Industrials","IT0001042297","Borsa Italiana","Italy","EUR"
"POL","POLIGRAFICI EDITORIALE","Equity","0.01","0.21","5,434.00","1,143.86","1,143.86","Communication","IT0000086923","Borsa Italiana","Italy","EUR"
"ZUC","VINCENZO ZUCCHI","Equity","0.01","0.02","53,167.00","1,042.07","1,042.07","Consumer Discretionary","IT0000080553","Borsa Italiana","Italy","EUR"
"CHL","CENTRO HL DISTRIBUZIONE","Equity","0.01","0.01","202,920.00","1,034.89","1,034.89","Consumer Discretionary","IT0001446613","Borsa Italiana","Italy","EUR"
"ACO","ACOTEL GROUP","Equity","0.01","2.95","348.00","1,026.60","1,026.60","Communication","IT0001469953","Borsa Italiana","Italy","EUR"
"CIA","CIA","Equity","0.01","0.14","6,628.00","904.72","904.72","Real Estate","IT0003389522","Borsa Italiana","Italy","EUR"
"MEC","M&C","Equity","0.01","0.04","23,038.00","875.44","875.44","Financials","IT0003955009","Borsa Italiana","Italy","EUR"
"PSF","POLIGRAFICA S FAUSTINO","Equity","0.01","5.75","134.00","770.50","770.50","Industrials","IT0001352217","Borsa Italiana","Italy","EUR"
"GEQ","GEQUITY","Equity","0.01","0.03","17,887.00","611.74","611.74","Financials","IT0004942915","Borsa Italiana","Italy","EUR"
"MON","MONRIF","Equity","0.01","0.15","3,725.00","569.92","569.92","Communication","IT0000066016","Borsa Italiana","Italy","EUR"
"CNF","CONAFI","Equity","0.01","0.29","1,832.00","540.44","540.44","Financials","IT0004105653","Borsa Italiana","Italy","EUR"
"BCM","BIANCAMANO","Equity","0.01","0.22","2,290.00","512.96","512.96","Industrials","IT0004095888","Borsa Italiana","Italy","EUR"
"NTW","NETWEEK","Equity","0.01","0.20","2,571.00","510.09","510.09","Communication","IT0004819030","Borsa Italiana","Italy","EUR"
"CBI","COSE BELLE D ITALIA","Equity","0.00","0.41","1,146.00","473.30","473.30","Communication","IT0004991490","Borsa Italiana","Italy","EUR"
"ITW","IT WAY","Equity","0.00","0.73","595.00","433.16","433.16","Information Technology","IT0003057624","Borsa Italiana","Italy","EUR"
"BIE","BIOERA","Equity","0.00","0.09","3,196.00","287.64","287.64","Consumer Staples","IT0004711203","Borsa Italiana","Italy","EUR"
"ROS","ROSSS","Equity","0.00","0.64","340.00","217.60","217.60","Industrials","IT0004297575","Borsa Italiana","Italy","EUR"
"CRG","BANCA CARIGE SPA CASSA DI RISPARMI","Equity","0.00","0.00","9,018,114.00","90.18","90.18","Financials","IT0005108763","Borsa Italiana","Italy","EUR"
"STEF","STEFANEL","Equity","0.00","0.01","7,537.00","75.37","75.37","Consumer Discretionary","IT0004607518","Borsa Italiana","Italy","EUR"
"-","COFIDE GRUPPO DE BENEDETTI SPA","Equity","0.00","0.00","67,801.00","0.68","33,459.79","Industrials","IT0005373862","Borsa Italiana","Italy","EUR"
"SWU9","FTSE/MIB MINI INDEX SEP 19","Futures","0.00","22,047.00","1.00","0.00","22,047.00","Cash and/or Derivatives","IT0015394965","Italian Derivatives Market","-","EUR"
"WIG","GRUPPO WASTE ITALIA","Equity","0.00","0.00","353.00","0.00","0.00","Industrials","IT0004441603","Borsa Italiana","Italy","EUR"
"-","M&C SPA DUMMY RIGHTS","Equity","0.00","0.00","23,038.00","0.23","0.23","Financials","IT0005378242","-","Italy","EUR"
 